player_id,match_id,runs_scored,player_out,balls_faced,fours_scored,sixes_scored,catches_taken,run_out_direct,run_out_throw,stumpings_done,dot_balls_as_batsman,order_seenballs_bowled,runs_conceded,wickets_taken,bowled_done,lbw_done,maidens,dot_balls_as_bowler,gender,series_name,match_type,name,out_kind,player_team,opposition_team,start_date,end_date,balls_per_over
1fb04d31,979819,6,1,15,0,0,0,0,0,0,10,0,0,0,0,0,0,0,male,ICC World Cricket League Division Five,ODM,AA Jasani,0,Tanzania,Guernsey,2016-05-22,,6
1fb04d31,979827,4,1,38,0,0,0,0,0,0,34,0,0,0,0,0,0,0,male,ICC World Cricket League Division Five,ODM,AA Jasani,0,Tanzania,Jersey,2016-05-24,,6
1fb04d31,979829,0,1,5,0,0,0,0,0,0,5,0,0,0,0,0,0,0,male,ICC World Cricket League Division Five,ODM,AA Jasani,0,Tanzania,Oman,2016-05-25,,6
1fb04d31,979835,4,1,27,0,0,0,0,0,0,23,0,0,0,0,0,0,0,male,ICC World Cricket League Division Five,ODM,AA Jasani,0,Tanzania,Vanuatu,2016-05-27,,6
1fb04d31,1283049,36,1,27,4,1,0,0,0,0,11,0,0,0,0,0,0,0,male,ICC Men's T20 World Cup Sub Regional Africa Qualifier,T20,AA Jasani,0,Tanzania,Cameroon,2021-11-06,,6
1fb04d31,1289045,90,0,52,7,4,0,0,0,0,16,0,0,0,0,0,0,0,male,ICC Men's T20 World Cup Africa Region Qualifier,T20,AA Jasani,0,Tanzania,Kenya,2021-11-17,,6
1fb04d31,1289046,19,1,27,1,0,0,0,0,0,13,0,0,0,0,0,0,0,male,ICC Men's T20 World Cup Africa Region Qualifier,T20,AA Jasani,stumped,Tanzania,Uganda,2021-11-18,,6
1fb04d31,1289048,1,1,3,0,0,0,0,0,0,2,0,0,0,0,0,0,0,male,ICC Men's T20 World Cup Africa Region Qualifier,T20,AA Jasani,0,Tanzania,Kenya,2021-11-18,,6
1fb04d31,1289050,18,1,24,2,0,0,0,0,0,12,0,0,0,0,0,0,0,male,ICC Men's T20 World Cup Africa Region Qualifier,T20,AA Jasani,0,Tanzania,Uganda,2021-11-20,,6
1fb04d31,1289053,21,1,25,1,1,0,0,0,0,15,0,0,0,0,0,0,0,male,ICC Men's T20 World Cup Africa Region Qualifier,T20,AA Jasani,run out,Tanzania,Nigeria,2021-11-20,,6
