player_id,match_id,runs_scored,player_out,balls_faced,fours_scored,sixes_scored,catches_taken,run_out_direct,run_out_throw,stumpings_done,dot_balls_as_batsman,order_seenballs_bowled,runs_conceded,wickets_taken,bowled_done,lbw_done,maidens,dot_balls_as_bowler,gender,series_name,match_type,name,out_kind,player_team,opposition_team,start_date,end_date,balls_per_over
b692049a,979819,6,1,42,1,0,0,0,0,0,39,0,0,0,0,0,0,0,male,ICC World Cricket League Division Five,ODM,AD Kamania,0,Tanzania,Guernsey,2016-05-22,,6
b692049a,979827,9,1,16,0,0,0,0,0,0,8,0,0,0,0,0,0,0,male,ICC World Cricket League Division Five,ODM,AD Kamania,caught,Tanzania,Jersey,2016-05-24,,6
b692049a,979829,0,1,1,0,0,0,0,0,0,1,0,0,0,0,0,0,0,male,ICC World Cricket League Division Five,ODM,AD Kamania,0,Tanzania,Oman,2016-05-25,,6
b692049a,1089148,1,0,1,0,0,1,0,0,0,0,0,0,0,0,0,0,0,male,ICC World Cricket League Africa Region Qualifiers,ODM,AD Kamania,0,Tanzania,Sierra Leone,2017-04-13,,6
b692049a,1151244,11,1,15,0,0,0,0,0,0,5,0,0,0,0,0,0,0,male,ICC World Twenty20 Africa Region Qualifier B,IT20,AD Kamania,0,Tanzania,Rwanda,2018-07-07,,6
b692049a,1151253,21,0,11,1,2,0,0,0,0,4,0,2,0,0,0,0,1,male,ICC World Twenty20 Africa Region Qualifier B,IT20,AD Kamania,0,Tanzania,Rwanda,2018-07-14,,6
