player_id,match_id,runs_scored,player_out,balls_faced,fours_scored,sixes_scored,catches_taken,run_out_direct,run_out_throw,stumpings_done,dot_balls_as_batsman,order_seenballs_bowled,runs_conceded,wickets_taken,bowled_done,lbw_done,maidens,dot_balls_as_bowler,gender,series_name,match_type,name,out_kind,player_team,opposition_team,start_date,end_date,balls_per_over
63d6f031,1332497,8,1,12,1,0,0,0,0,0,7,0,0,0,0,0,0,0,male,Africa Cricket Association Cup,T20,AP Rajeevan,stumped,Tanzania,Kenya,2022-09-17,,6
63d6f031,1332505,70,1,53,10,0,0,0,0,1,19,0,0,0,0,0,0,0,male,Africa Cricket Association Cup,T20,AP Rajeevan,caught,Tanzania,Malawi,2022-09-20,,6
63d6f031,1332509,24,0,19,3,0,2,1,0,0,8,0,0,0,0,0,0,0,male,Africa Cricket Association Cup,T20,AP Rajeevan,0,Tanzania,Botswana,2022-09-21,,6
63d6f031,1332510,14,1,14,1,0,0,0,0,0,4,0,0,0,0,0,0,0,male,Africa Cricket Association Cup,T20,AP Rajeevan,bowled,Tanzania,Uganda,2022-09-22,,6
63d6f031,1343768,26,0,24,2,1,1,0,0,1,12,0,0,0,0,0,0,0,male,ICC Men's T20 World Cup Sub Regional Africa Qualifier,T20,AP Rajeevan,0,Tanzania,Sierra Leone,2022-12-01,,6
63d6f031,1343778,9,1,12,1,0,0,0,2,0,6,0,0,0,0,0,0,0,male,ICC Men's T20 World Cup Sub Regional Africa Qualifier,T20,AP Rajeevan,0,Tanzania,Ghana,2022-12-04,,6
63d6f031,1343780,5,1,9,0,0,0,0,0,1,5,0,0,0,0,0,0,0,male,ICC Men's T20 World Cup Sub Regional Africa Qualifier,T20,AP Rajeevan,caught,Tanzania,Mozambique,2022-12-05,,6
63d6f031,1343786,0,0,0,0,0,0,0,0,0,0,0,0,0,0,0,0,0,male,ICC Men's T20 World Cup Sub Regional Africa Qualifier,T20,AP Rajeevan,0,Tanzania,Gambia,2022-12-06,,6
63d6f031,1343784,8,1,14,0,0,0,0,0,0,8,0,0,0,0,0,0,0,male,ICC Men's T20 World Cup Sub Regional Africa Qualifier,T20,AP Rajeevan,bowled,Tanzania,Eswatini,2022-12-06,,6
63d6f031,1343790,10,0,11,2,0,2,0,2,0,8,0,0,0,0,0,0,0,male,ICC Men's T20 World Cup Sub Regional Africa Qualifier,T20,AP Rajeevan,0,Tanzania,Nigeria,2022-12-08,,6
63d6f031,1343795,30,1,29,2,0,0,0,0,0,10,0,0,0,0,0,0,0,male,ICC Men's T20 World Cup Sub Regional Africa Qualifier,T20,AP Rajeevan,caught,Tanzania,Cameroon,2022-12-09,,6
63d6f031,1349124,61,0,29,6,3,0,0,0,0,4,0,0,0,0,0,0,0,male,Tri-Nation T20 Cup (Rwanda),T20,AP Rajeevan,0,Tanzania,Rwanda,2022-12-13,,6
63d6f031,1349127,3,1,7,0,0,0,0,0,0,4,0,0,0,0,0,0,0,male,Tri-Nation T20 Cup (Rwanda),T20,AP Rajeevan,bowled,Tanzania,Uganda,2022-12-14,,6
63d6f031,1349129,2,1,3,0,0,1,0,0,0,2,0,0,0,0,0,0,0,male,Tri-Nation T20 Cup (Rwanda),T20,AP Rajeevan,caught,Tanzania,Uganda,2022-12-15,,6
63d6f031,1349131,25,1,17,4,0,0,0,0,0,5,0,0,0,0,0,0,0,male,Tri-Nation T20 Cup (Rwanda),T20,AP Rajeevan,caught,Tanzania,Rwanda,2022-12-16,,6
63d6f031,1349133,21,1,17,3,0,1,0,0,0,6,0,0,0,0,0,0,0,male,Tri-Nation T20 Cup (Rwanda),T20,AP Rajeevan,bowled,Tanzania,Rwanda,2022-12-18,,6
63d6f031,1349132,50,1,29,4,3,1,1,0,0,9,0,0,0,0,0,0,0,male,Tri-Nation T20 Cup (Rwanda),T20,AP Rajeevan,caught and bowled,Tanzania,Uganda,2022-12-18,,6
63d6f031,1349134,7,1,14,0,0,1,0,0,0,7,0,0,0,0,0,0,0,male,Tri-Nation T20 Cup (Rwanda),T20,AP Rajeevan,bowled,Tanzania,Uganda,2022-12-19,,6
63d6f031,1349136,29,1,17,0,3,1,0,1,0,5,0,0,0,0,0,0,0,male,Tri-Nation T20 Cup (Rwanda),T20,AP Rajeevan,0,Tanzania,Rwanda,2022-12-20,,6
63d6f031,1349139,11,1,12,2,0,1,0,0,0,7,0,0,0,0,0,0,0,male,Tri-Nation T20 Cup (Rwanda),T20,AP Rajeevan,0,Tanzania,Uganda,2022-12-22,,6
63d6f031,1349138,28,1,34,0,0,1,0,0,0,10,0,0,0,0,0,0,0,male,Tri-Nation T20 Cup (Rwanda),T20,AP Rajeevan,0,Tanzania,Rwanda,2022-12-22,,6
63d6f031,1393310,24,1,24,3,0,0,0,0,0,11,0,0,0,0,0,0,0,male,East Africa Cup,T20,AP Rajeevan,0,Tanzania,Uganda,2023-08-20,,6
63d6f031,1393311,28,1,27,1,1,0,0,0,0,8,0,0,0,0,0,0,0,male,East Africa Cup,T20,AP Rajeevan,0,Tanzania,Uganda,2023-08-21,,6
63d6f031,1393328,26,0,17,3,1,0,0,0,0,7,0,0,0,0,0,0,0,male,East Africa Cup,T20,AP Rajeevan,0,Tanzania,Rwanda,2023-08-22,,6
63d6f031,1393314,37,1,29,5,0,0,0,0,0,10,0,0,0,0,0,0,0,male,East Africa Cup,T20,AP Rajeevan,caught,Tanzania,Uganda,2023-08-24,,6
63d6f031,1393329,50,1,39,7,1,1,0,1,0,18,0,0,0,0,0,0,0,male,East Africa Cup,T20,AP Rajeevan,0,Tanzania,Uganda,2023-08-25,,6
63d6f031,1393315,12,1,9,1,0,1,0,1,1,4,0,0,0,0,0,0,0,male,East Africa Cup,T20,AP Rajeevan,0,Tanzania,Rwanda,2023-08-25,,6
63d6f031,1393330,28,1,32,1,1,2,0,0,0,15,0,0,0,0,0,0,0,male,East Africa Cup,T20,AP Rajeevan,caught,Tanzania,Rwanda,2023-08-27,,6
63d6f031,1393317,20,1,20,2,0,0,0,0,0,7,0,0,0,0,0,0,0,male,East Africa Cup,T20,AP Rajeevan,stumped,Tanzania,Uganda,2023-08-28,,6
63d6f031,1393319,8,1,7,1,0,0,0,0,0,3,0,0,0,0,0,0,0,male,East Africa Cup,T20,AP Rajeevan,bowled,Tanzania,Uganda,2023-08-30,,6
63d6f031,1393331,10,1,13,2,0,0,0,1,0,9,0,0,0,0,0,0,0,male,East Africa Cup,T20,AP Rajeevan,caught,Tanzania,Rwanda,2023-08-30,,6
63d6f031,1393332,63,1,50,7,2,0,0,0,0,22,0,0,0,0,0,0,0,male,East Africa Cup,T20,AP Rajeevan,caught,Tanzania,Rwanda,2023-08-31,,6
63d6f031,1407090,7,1,14,0,0,1,0,0,0,8,0,0,0,0,0,0,0,male,ICC Men's T20 World Cup Africa Region Qualifier,T20,AP Rajeevan,0,Tanzania,Uganda,2023-11-22,,6
63d6f031,1407093,2,1,6,0,0,1,0,0,0,4,0,0,0,0,0,0,0,male,ICC Men's T20 World Cup Africa Region Qualifier,T20,AP Rajeevan,caught,Tanzania,Zimbabwe,2023-11-23,,6
63d6f031,1407096,15,1,14,1,0,0,0,0,0,5,0,0,0,0,0,0,0,male,ICC Men's T20 World Cup Africa Region Qualifier,T20,AP Rajeevan,stumped,Tanzania,Kenya,2023-11-25,,6
63d6f031,1407098,10,1,12,1,0,1,0,0,0,5,0,0,0,0,0,0,0,male,ICC Men's T20 World Cup Africa Region Qualifier,T20,AP Rajeevan,0,Tanzania,Nigeria,2023-11-26,,6
63d6f031,1407103,41,1,47,2,0,1,0,0,0,16,0,0,0,0,0,0,0,male,ICC Men's T20 World Cup Africa Region Qualifier,T20,AP Rajeevan,0,Tanzania,Namibia,2023-11-28,,6
63d6f031,1407105,7,1,10,1,0,1,0,0,1,7,0,0,0,0,0,0,0,male,ICC Men's T20 World Cup Africa Region Qualifier,T20,AP Rajeevan,0,Tanzania,Rwanda,2023-11-29,,6
63d6f031,1450753,0,0,0,0,0,1,0,0,0,0,0,0,0,0,0,0,0,male,ICC Men's T20 World Cup Sub Regional Africa Qualifier,T20,AP Rajeevan,0,Tanzania,Mali,2024-09-21,,6
63d6f031,1450758,0,0,0,0,0,1,0,0,0,0,0,0,0,0,0,0,0,male,ICC Men's T20 World Cup Sub Regional Africa Qualifier,T20,AP Rajeevan,0,Tanzania,Cameroon,2024-09-24,,6
63d6f031,1450760,19,0,17,3,0,1,1,1,0,9,0,0,0,0,0,0,0,male,ICC Men's T20 World Cup Sub Regional Africa Qualifier,T20,AP Rajeevan,0,Tanzania,Ghana,2024-09-25,,6
63d6f031,1450765,0,1,1,0,0,0,0,0,1,1,0,0,0,0,0,0,0,male,ICC Men's T20 World Cup Sub Regional Africa Qualifier,T20,AP Rajeevan,run out,Tanzania,Malawi,2024-09-26,,6
63d6f031,1451895,6,1,19,0,0,0,0,0,0,13,0,0,0,0,0,0,0,male,CWC Challenge League,ODM,AP Rajeevan,0,Tanzania,Italy,2024-11-07,,6
63d6f031,1451896,4,1,24,0,0,1,0,0,2,21,0,0,0,0,0,0,0,male,CWC Challenge League,ODM,AP Rajeevan,lbw,Tanzania,Uganda,2024-11-09,,6
