player_id,match_id,runs_scored,player_out,balls_faced,fours_scored,sixes_scored,catches_taken,run_out_direct,run_out_throw,stumpings_done,dot_balls_as_batsman,order_seenballs_bowled,runs_conceded,wickets_taken,bowled_done,lbw_done,maidens,dot_balls_as_bowler,gender,series_name,match_type,name,out_kind,player_team,opposition_team,start_date,end_date,balls_per_over
5e7b9318,467080,0,0,0,0,0,0,0,0,0,0,0,13,0,0,0,0,33,male,ICC World Cricket League Division Four,ODM,B Mwita,0,Tanzania,Argentina,2010-08-14,,6
5e7b9318,467092,19,1,15,3,0,0,0,0,0,6,0,44,1,1,0,1,37,male,ICC World Cricket League Division Four,ODM,B Mwita,run out,Tanzania,Italy,2010-08-20,,6
5e7b9318,576402,0,1,6,0,0,1,0,0,0,6,0,26,1,0,0,1,29,male,ICC World Cricket League Division Four,ODM,B Mwita,caught,Tanzania,Denmark,2012-09-03,,6
5e7b9318,576407,16,1,32,2,0,0,0,0,0,25,0,17,0,0,0,0,24,male,ICC World Cricket League Division Four,ODM,B Mwita,0,Tanzania,Nepal,2012-09-04,,6
5e7b9318,576408,4,1,7,1,0,0,0,0,0,6,0,23,1,0,0,0,11,male,ICC World Cricket League Division Four,ODM,B Mwita,caught and bowled,Tanzania,United States of America,2012-09-06,,6
5e7b9318,576412,0,1,2,0,0,0,0,0,0,2,0,8,0,0,0,0,4,male,ICC World Cricket League Division Four,ODM,B Mwita,0,Tanzania,Singapore,2012-09-07,,6
5e7b9318,722687,60,1,45,4,3,0,0,0,0,19,0,34,1,1,0,0,18,male,ICC World Cricket League Division Five,ODM,B Mwita,0,Tanzania,Nigeria,2014-03-13,,6
