player_id,match_id,runs_scored,player_out,balls_faced,fours_scored,sixes_scored,catches_taken,run_out_direct,run_out_throw,stumpings_done,dot_balls_as_batsman,order_seenballs_bowled,runs_conceded,wickets_taken,bowled_done,lbw_done,maidens,dot_balls_as_bowler,gender,series_name,match_type,name,out_kind,player_team,opposition_team,start_date,end_date,balls_per_over
1c726c76,1118917,48,0,66,5,0,0,0,0,0,37,0,16,2,0,0,0,16,female,ICC Women's World Twenty20 Qualifying Series Africa Region,IT20,FO Kibasu,0,Tanzania,Kenya,2017-09-08,,6
1c726c76,1118918,25,1,38,2,0,0,0,0,0,22,0,23,1,0,0,0,11,female,ICC Women's World Twenty20 Qualifying Series Africa Region,IT20,FO Kibasu,caught,Tanzania,Uganda,2017-09-09,,6
1c726c76,1118923,27,1,18,6,0,0,0,0,0,9,0,19,0,0,0,0,10,female,ICC Women's World Twenty20 Qualifying Series Africa Region,IT20,FO Kibasu,caught,Tanzania,Namibia,2017-09-12,,6
1c726c76,1120537,39,1,60,2,0,0,0,0,0,33,0,10,1,0,0,0,16,female,ICC Women's World Twenty20 Qualifying Series Africa Region,IT20,FO Kibasu,bowled,Tanzania,Namibia,2017-09-15,,6
1c726c76,1182649,1,1,6,0,0,0,0,0,0,5,0,30,0,0,0,0,8,female,ICC Women's T20 World Cup Africa Region Qualifier,T20,FO Kibasu,caught and bowled,Tanzania,Zimbabwe,2019-05-06,,6
1c726c76,1182657,48,1,56,6,0,0,0,0,0,30,0,17,1,0,0,0,8,female,ICC Women's T20 World Cup Africa Region Qualifier,T20,FO Kibasu,0,Tanzania,Rwanda,2019-05-11,,6
1c726c76,1188786,6,1,9,1,0,0,0,0,0,6,0,20,1,1,0,0,10,female,Kwibuka Women's Twenty20 Tournament,T20,FO Kibasu,0,Tanzania,Uganda,2019-06-18,,6
1c726c76,1275108,5,1,7,0,0,0,0,0,0,3,0,14,0,0,0,0,0,female,ICC Women's T20 World Cup Africa Region Qualifier,T20,FO Kibasu,caught,Tanzania,Zimbabwe,2021-09-10,,6
1c726c76,1275114,62,1,38,10,0,0,0,0,0,13,0,0,0,0,0,0,0,female,ICC Women's T20 World Cup Africa Region Qualifier,T20,FO Kibasu,bowled,Tanzania,Mozambique,2021-09-11,,6
1c726c76,1275118,15,1,23,0,0,0,0,0,0,10,0,13,4,1,0,0,12,female,ICC Women's T20 World Cup Africa Region Qualifier,T20,FO Kibasu,caught and bowled,Tanzania,Rwanda,2021-09-13,,6
1c726c76,1275122,127,0,80,19,0,0,0,0,0,25,0,0,0,0,0,0,0,female,ICC Women's T20 World Cup Africa Region Qualifier,T20,FO Kibasu,0,Tanzania,Eswatini,2021-09-14,,6
1c726c76,1275128,30,1,23,5,0,0,0,0,0,12,0,27,0,0,0,0,8,female,ICC Women's T20 World Cup Africa Region Qualifier,T20,FO Kibasu,0,Tanzania,Botswana,2021-09-16,,6
1c726c76,1275131,34,0,44,5,0,1,1,1,0,26,0,3,2,1,0,0,7,female,ICC Women's T20 World Cup Africa Region Qualifier,T20,FO Kibasu,0,Tanzania,Uganda,2021-09-19,,6
1c726c76,1313201,0,0,0,0,0,0,0,0,0,0,0,11,0,0,0,0,5,female,FairBreak Invitational Tournament,T20,FO Kibasu,0,Spirit,Sapphires,2022-05-08,,6
1c726c76,1313203,0,0,0,0,0,0,0,0,0,0,0,18,1,0,0,0,11,female,FairBreak Invitational Tournament,T20,FO Kibasu,0,Spirit,Warriors (FairBreak),2022-05-10,,6
1c726c76,1313211,0,1,2,0,0,0,0,0,0,2,0,44,0,0,0,0,2,female,FairBreak Invitational Tournament,T20,FO Kibasu,bowled,Spirit,Barmy Army,2022-05-15,,6
1c726c76,1318377,44,1,53,5,0,0,0,0,0,30,0,4,0,0,0,0,4,female,Kwibuka Women's Twenty20 Tournament,T20,FO Kibasu,bowled,Tanzania,Botswana,2022-06-10,,6
1c726c76,1318381,13,1,17,1,0,0,0,1,0,9,0,0,0,0,0,0,0,female,Kwibuka Women's Twenty20 Tournament,T20,FO Kibasu,0,Tanzania,Uganda,2022-06-11,,6
1c726c76,1318395,33,1,34,4,0,0,0,0,0,15,0,0,0,0,0,0,0,female,Kwibuka Women's Twenty20 Tournament,T20,FO Kibasu,0,Tanzania,Nigeria,2022-06-15,,6
1c726c76,1318404,17,1,23,3,0,0,0,0,0,16,0,12,0,0,0,0,3,female,Kwibuka Women's Twenty20 Tournament,T20,FO Kibasu,0,Tanzania,Kenya,2022-06-18,,6
1c726c76,1349150,101,0,69,13,0,0,0,0,0,20,0,18,1,0,0,0,7,female,Kenya Quadrangular Women's T20 Series,T20,FO Kibasu,0,Tanzania,Qatar,2022-12-18,,6
1c726c76,1346545,0,1,1,0,0,0,0,0,0,1,0,34,2,1,0,0,9,female,Kenya Quadrangular Women's T20 Series,T20,FO Kibasu,0,Tanzania,Kenya,2022-12-19,,6
1c726c76,1349151,30,1,30,3,0,0,0,0,0,13,0,0,0,0,0,0,0,female,Kenya Quadrangular Women's T20 Series,T20,FO Kibasu,0,Tanzania,Qatar,2022-12-21,,6
1c726c76,1407868,11,1,16,1,0,0,0,0,0,10,0,0,0,0,0,0,0,female,Women's T20 Quadrangular Series (in Hong Kong),T20,FO Kibasu,0,Tanzania,Nepal,2023-11-15,,6
1c726c76,1407866,6,1,5,1,0,1,0,0,0,2,0,0,0,0,0,0,0,female,Women's T20 Quadrangular Series (in Hong Kong),T20,FO Kibasu,0,Tanzania,Japan,2023-11-16,,6
1c726c76,1407865,9,1,9,1,0,0,0,0,0,4,0,25,0,0,0,0,3,female,Women's T20 Quadrangular Series (in Hong Kong),T20,FO Kibasu,0,Tanzania,Hong Kong,2023-11-18,,6
1c726c76,1407871,0,1,1,0,0,0,0,0,0,1,0,0,0,0,0,0,0,female,Women's T20 Quadrangular Series (in Hong Kong),T20,FO Kibasu,caught,Tanzania,Hong Kong,2023-11-19,,6
1c726c76,1411262,25,0,26,2,0,0,0,0,0,9,0,0,0,0,0,0,0,female,ICC Women's T20 World Cup Africa Region Qualifier,T20,FO Kibasu,0,Tanzania,Botswana,2023-12-09,,6
1c726c76,1411265,0,1,2,0,0,0,0,0,0,2,0,0,0,0,0,0,0,female,ICC Women's T20 World Cup Africa Region Qualifier,T20,FO Kibasu,caught,Tanzania,Kenya,2023-12-11,,6
1c726c76,1411270,22,1,40,2,0,0,0,0,0,26,0,4,0,0,0,0,5,female,ICC Women's T20 World Cup Africa Region Qualifier,T20,FO Kibasu,0,Tanzania,Zimbabwe,2023-12-13,,6
1c726c76,1411274,12,1,21,0,0,1,0,0,0,11,0,0,0,0,0,0,0,female,ICC Women's T20 World Cup Africa Region Qualifier,T20,FO Kibasu,bowled,Tanzania,Uganda,2023-12-16,,6
