player_id,match_id,runs_scored,player_out,balls_faced,fours_scored,sixes_scored,catches_taken,run_out_direct,run_out_throw,stumpings_done,dot_balls_as_batsman,order_seenballs_bowled,runs_conceded,wickets_taken,bowled_done,lbw_done,maidens,dot_balls_as_bowler,gender,series_name,match_type,name,out_kind,player_team,opposition_team,start_date,end_date,balls_per_over
895faea3,467080,0,0,0,0,0,0,0,0,0,0,0,3,0,0,0,0,5,male,ICC World Cricket League Division Four,ODM,H Ramaiya,0,Tanzania,Argentina,2010-08-14,,6
895faea3,467092,3,1,15,0,0,0,0,0,0,12,0,38,0,0,0,0,27,male,ICC World Cricket League Division Four,ODM,H Ramaiya,caught,Tanzania,Italy,2010-08-20,,6
895faea3,1151244,0,0,0,0,0,0,0,0,0,0,0,24,0,0,0,0,6,male,ICC World Twenty20 Africa Region Qualifier B,IT20,H Ramaiya,0,Tanzania,Rwanda,2018-07-07,,6
895faea3,1151247,8,0,9,1,0,0,0,0,0,4,0,16,1,0,0,0,3,male,ICC World Twenty20 Africa Region Qualifier B,IT20,H Ramaiya,0,Tanzania,Kenya,2018-07-10,,6
895faea3,1151249,0,0,0,0,0,1,0,0,0,0,0,24,0,0,0,0,8,male,ICC World Twenty20 Africa Region Qualifier B,IT20,H Ramaiya,0,Tanzania,Uganda,2018-07-11,,6
895faea3,1151251,1,0,6,0,0,0,0,0,0,5,0,15,0,0,0,0,0,male,ICC World Twenty20 Africa Region Qualifier B,IT20,H Ramaiya,0,Tanzania,Kenya,2018-07-13,,6
