player_id,match_id,runs_scored,player_out,balls_faced,fours_scored,sixes_scored,catches_taken,run_out_direct,run_out_throw,stumpings_done,dot_balls_as_batsman,order_seenballs_bowled,runs_conceded,wickets_taken,bowled_done,lbw_done,maidens,dot_balls_as_bowler,gender,series_name,match_type,name,out_kind,player_team,opposition_team,start_date,end_date,balls_per_over
847b4bdd,1089136,11,0,9,0,0,0,0,0,0,1,0,20,1,0,0,1,36,male,ICC World Cricket League Africa Region Qualifiers,ODM,HA Chohan,0,Tanzania,Nigeria,2017-04-07,,6
847b4bdd,1089141,11,1,12,2,0,1,0,0,0,8,0,13,0,0,0,0,23,male,ICC World Cricket League Africa Region Qualifiers,ODM,HA Chohan,0,Tanzania,Botswana,2017-04-08,,6
847b4bdd,1089143,8,1,8,0,0,0,0,0,0,2,0,32,1,1,0,0,49,male,ICC World Cricket League Africa Region Qualifiers,ODM,HA Chohan,stumped,Tanzania,Zambia,2017-04-10,,6
847b4bdd,1089147,13,1,16,0,2,1,0,0,0,13,0,18,0,0,0,0,10,male,ICC World Cricket League Africa Region Qualifiers,ODM,HA Chohan,caught,Tanzania,Ghana,2017-04-11,,6
847b4bdd,1089148,1,0,1,0,0,0,0,0,0,0,0,0,0,0,0,0,0,male,ICC World Cricket League Africa Region Qualifiers,ODM,HA Chohan,0,Tanzania,Sierra Leone,2017-04-13,,6
847b4bdd,1283043,7,1,4,1,0,0,0,0,0,1,0,19,2,1,0,0,13,male,ICC Men's T20 World Cup Sub Regional Africa Qualifier,T20,HA Chohan,0,Tanzania,Mozambique,2021-11-02,,6
847b4bdd,1283045,0,0,0,0,0,0,0,0,0,0,0,27,1,0,1,0,13,male,ICC Men's T20 World Cup Sub Regional Africa Qualifier,T20,HA Chohan,0,Tanzania,Sierra Leone,2021-11-03,,6
847b4bdd,1283051,25,1,10,1,3,0,0,0,0,4,0,21,0,0,0,0,6,male,ICC Men's T20 World Cup Sub Regional Africa Qualifier,T20,HA Chohan,0,Tanzania,Botswana,2021-11-07,,6
847b4bdd,1289042,13,0,8,1,1,0,0,1,0,3,0,18,2,0,0,0,14,male,ICC Men's T20 World Cup Africa Region Qualifier,T20,HA Chohan,0,Tanzania,Nigeria,2021-11-17,,6
847b4bdd,1289045,2,1,4,0,0,1,0,0,0,2,0,28,0,0,0,0,3,male,ICC Men's T20 World Cup Africa Region Qualifier,T20,HA Chohan,0,Tanzania,Kenya,2021-11-17,,6
847b4bdd,1289046,4,1,2,1,0,0,0,0,0,1,0,17,0,0,0,0,15,male,ICC Men's T20 World Cup Africa Region Qualifier,T20,HA Chohan,caught and bowled,Tanzania,Uganda,2021-11-18,,6
847b4bdd,1289048,3,0,4,0,0,0,0,0,0,2,0,14,1,1,0,0,5,male,ICC Men's T20 World Cup Africa Region Qualifier,T20,HA Chohan,0,Tanzania,Kenya,2021-11-18,,6
847b4bdd,1289053,2,1,3,0,0,0,0,0,0,1,0,0,0,0,0,0,0,male,ICC Men's T20 World Cup Africa Region Qualifier,T20,HA Chohan,lbw,Tanzania,Nigeria,2021-11-20,,6
847b4bdd,1289050,0,0,2,0,0,0,0,0,0,2,0,0,0,0,0,0,0,male,ICC Men's T20 World Cup Africa Region Qualifier,T20,HA Chohan,0,Tanzania,Uganda,2021-11-20,,6
847b4bdd,1332497,1,0,1,0,0,0,0,0,0,0,0,37,1,0,0,0,10,male,Africa Cricket Association Cup,T20,HA Chohan,0,Tanzania,Kenya,2022-09-17,,6
847b4bdd,1332505,7,1,4,0,1,0,0,0,0,2,0,12,1,0,0,0,10,male,Africa Cricket Association Cup,T20,HA Chohan,bowled,Tanzania,Malawi,2022-09-20,,6
847b4bdd,1332509,8,0,2,2,0,0,0,0,0,0,0,34,1,0,0,0,10,male,Africa Cricket Association Cup,T20,HA Chohan,0,Tanzania,Botswana,2022-09-21,,6
847b4bdd,1332510,0,1,1,0,0,0,0,0,0,1,0,21,1,0,1,0,10,male,Africa Cricket Association Cup,T20,HA Chohan,bowled,Tanzania,Uganda,2022-09-22,,6
847b4bdd,1343768,0,0,0,0,0,0,0,0,0,0,0,15,4,0,2,0,21,male,ICC Men's T20 World Cup Sub Regional Africa Qualifier,T20,HA Chohan,0,Tanzania,Sierra Leone,2022-12-01,,6
847b4bdd,1343778,0,0,0,0,0,1,0,0,0,0,0,9,0,0,0,0,10,male,ICC Men's T20 World Cup Sub Regional Africa Qualifier,T20,HA Chohan,0,Tanzania,Ghana,2022-12-04,,6
847b4bdd,1343780,0,0,0,0,0,0,0,0,0,0,0,23,0,0,0,0,5,male,ICC Men's T20 World Cup Sub Regional Africa Qualifier,T20,HA Chohan,0,Tanzania,Mozambique,2022-12-05,,6
847b4bdd,1343784,6,0,4,1,0,0,0,0,0,1,0,10,1,0,0,0,9,male,ICC Men's T20 World Cup Sub Regional Africa Qualifier,T20,HA Chohan,0,Tanzania,Eswatini,2022-12-06,,6
847b4bdd,1343790,0,0,0,0,0,0,0,0,0,0,0,18,0,0,0,0,10,male,ICC Men's T20 World Cup Sub Regional Africa Qualifier,T20,HA Chohan,0,Tanzania,Nigeria,2022-12-08,,6
847b4bdd,1407090,5,0,10,0,0,0,0,0,0,6,0,17,1,0,0,0,10,male,ICC Men's T20 World Cup Africa Region Qualifier,T20,HA Chohan,0,Tanzania,Uganda,2023-11-22,,6
847b4bdd,1407093,2,0,1,0,0,0,0,0,0,0,0,13,0,0,0,0,6,male,ICC Men's T20 World Cup Africa Region Qualifier,T20,HA Chohan,0,Tanzania,Zimbabwe,2023-11-23,,6
847b4bdd,1407096,2,1,4,0,0,0,0,0,0,2,0,52,1,0,0,0,14,male,ICC Men's T20 World Cup Africa Region Qualifier,T20,HA Chohan,lbw,Tanzania,Kenya,2023-11-25,,6
847b4bdd,1407098,0,0,0,0,0,0,0,0,0,0,0,15,1,0,0,0,11,male,ICC Men's T20 World Cup Africa Region Qualifier,T20,HA Chohan,0,Tanzania,Nigeria,2023-11-26,,6
847b4bdd,1450753,0,0,0,0,0,0,0,0,0,0,0,4,2,1,1,1,17,male,ICC Men's T20 World Cup Sub Regional Africa Qualifier,T20,HA Chohan,0,Tanzania,Mali,2024-09-21,,6
847b4bdd,1450758,0,0,0,0,0,0,0,0,0,0,0,4,2,1,0,1,11,male,ICC Men's T20 World Cup Sub Regional Africa Qualifier,T20,HA Chohan,0,Tanzania,Cameroon,2024-09-24,,6
847b4bdd,1450760,0,0,0,0,0,0,0,0,0,0,0,18,2,2,0,0,12,male,ICC Men's T20 World Cup Sub Regional Africa Qualifier,T20,HA Chohan,0,Tanzania,Ghana,2024-09-25,,6
847b4bdd,1450765,26,1,11,1,2,0,0,0,0,2,0,30,1,0,0,0,9,male,ICC Men's T20 World Cup Sub Regional Africa Qualifier,T20,HA Chohan,bowled,Tanzania,Malawi,2024-09-26,,6
847b4bdd,1451896,0,1,1,0,0,0,0,0,0,1,0,74,1,0,0,0,31,male,CWC Challenge League,ODM,HA Chohan,caught,Tanzania,Uganda,2024-11-09,,6
