player_id,match_id,runs_scored,player_out,balls_faced,fours_scored,sixes_scored,catches_taken,run_out_direct,run_out_throw,stumpings_done,dot_balls_as_batsman,order_seenballs_bowled,runs_conceded,wickets_taken,bowled_done,lbw_done,maidens,dot_balls_as_bowler,gender,series_name,match_type,name,out_kind,player_team,opposition_team,start_date,end_date,balls_per_over
8086069d,467080,0,0,0,0,0,2,0,0,0,0,0,0,0,0,0,0,0,male,ICC World Cricket League Division Four,ODM,IJ Kikasi,0,Tanzania,Argentina,2010-08-14,,6
8086069d,467092,2,1,15,0,0,1,0,1,0,13,0,0,0,0,0,0,0,male,ICC World Cricket League Division Four,ODM,IJ Kikasi,stumped,Tanzania,Italy,2010-08-20,,6
8086069d,576402,20,1,36,0,1,0,0,1,1,25,0,0,0,0,0,0,0,male,ICC World Cricket League Division Four,ODM,IJ Kikasi,0,Tanzania,Denmark,2012-09-03,,6
8086069d,576407,33,1,49,5,0,0,0,0,0,33,0,0,0,0,0,0,0,male,ICC World Cricket League Division Four,ODM,IJ Kikasi,0,Tanzania,Nepal,2012-09-04,,6
8086069d,576408,3,1,15,0,0,1,0,0,0,12,0,0,0,0,0,0,0,male,ICC World Cricket League Division Four,ODM,IJ Kikasi,lbw,Tanzania,United States of America,2012-09-06,,6
8086069d,576412,4,1,11,1,0,0,0,0,0,10,0,0,0,0,0,0,0,male,ICC World Cricket League Division Four,ODM,IJ Kikasi,lbw,Tanzania,Singapore,2012-09-07,,6
