player_id,match_id,runs_scored,player_out,balls_faced,fours_scored,sixes_scored,catches_taken,run_out_direct,run_out_throw,stumpings_done,dot_balls_as_batsman,order_seenballs_bowled,runs_conceded,wickets_taken,bowled_done,lbw_done,maidens,dot_balls_as_bowler,gender,series_name,match_type,name,out_kind,player_team,opposition_team,start_date,end_date,balls_per_over
f6d3cab2,1422807,29,1,20,3,2,0,0,0,0,12,0,0,0,0,0,0,0,male,Malaysia Open T20 Championship,T20,J Masquater,caught,Tanzania,Vanuatu,2024-03-05,,6
f6d3cab2,1422809,2,1,9,0,0,0,0,0,0,8,0,4,0,0,0,0,3,male,Malaysia Open T20 Championship,T20,J Masquater,0,Tanzania,Kuwait,2024-03-06,,6
f6d3cab2,1422814,0,1,2,0,0,0,0,0,0,2,0,0,0,0,0,0,0,male,Malaysia Open T20 Championship,T20,J Masquater,caught,Tanzania,Bahrain,2024-03-09,,6
f6d3cab2,1422816,9,1,16,1,0,0,0,0,0,10,0,8,0,0,0,0,1,male,Malaysia Open T20 Championship,T20,J Masquater,0,Tanzania,Malaysia,2024-03-10,,6
f6d3cab2,1424753,32,1,52,5,0,0,0,0,0,35,0,0,0,0,0,0,0,male,African Games,T20,J Masquater,stumped,Tanzania,Nigeria,2024-03-17,,6
f6d3cab2,1424756,0,1,1,0,0,0,0,0,0,1,0,0,0,0,0,0,0,male,African Games,T20,J Masquater,bowled,Tanzania,Zimbabwe,2024-03-18,,6
f6d3cab2,1424763,2,1,11,0,0,0,0,0,0,9,0,0,0,0,0,0,0,male,African Games,T20,J Masquater,0,Tanzania,Namibia,2024-03-20,,6
