player_id,match_id,runs_scored,player_out,balls_faced,fours_scored,sixes_scored,catches_taken,run_out_direct,run_out_throw,stumpings_done,dot_balls_as_batsman,order_seenballs_bowled,runs_conceded,wickets_taken,bowled_done,lbw_done,maidens,dot_balls_as_bowler,gender,series_name,match_type,name,out_kind,player_team,opposition_team,start_date,end_date,balls_per_over
ffb3b559,1343786,0,0,0,0,0,0,0,0,0,0,0,3,2,1,1,0,5,male,ICC Men's T20 World Cup Sub Regional Africa Qualifier,T20,JJ Nyambo,0,Tanzania,Gambia,2022-12-06,,6
ffb3b559,1343795,0,0,0,0,0,2,0,0,0,0,0,0,0,0,0,0,0,male,ICC Men's T20 World Cup Sub Regional Africa Qualifier,T20,JJ Nyambo,0,Tanzania,Cameroon,2022-12-09,,6
ffb3b559,1349133,0,0,0,0,0,0,0,0,0,0,0,22,0,0,0,0,12,male,Tri-Nation T20 Cup (Rwanda),T20,JJ Nyambo,0,Tanzania,Rwanda,2022-12-18,,6
ffb3b559,1349132,2,0,6,0,0,0,1,0,0,4,0,30,0,0,0,0,5,male,Tri-Nation T20 Cup (Rwanda),T20,JJ Nyambo,0,Tanzania,Uganda,2022-12-18,,6
ffb3b559,1349134,0,0,0,0,0,1,0,0,0,0,0,13,1,0,0,0,17,male,Tri-Nation T20 Cup (Rwanda),T20,JJ Nyambo,0,Tanzania,Uganda,2022-12-19,,6
ffb3b559,1349136,4,0,7,0,0,0,0,0,0,3,0,27,0,0,0,0,8,male,Tri-Nation T20 Cup (Rwanda),T20,JJ Nyambo,0,Tanzania,Rwanda,2022-12-20,,6
ffb3b559,1393329,0,0,0,0,0,0,0,0,0,0,0,30,1,0,0,0,12,male,East Africa Cup,T20,JJ Nyambo,0,Tanzania,Uganda,2023-08-25,,6
ffb3b559,1393330,0,0,0,0,0,0,0,0,0,0,0,37,2,0,0,0,10,male,East Africa Cup,T20,JJ Nyambo,0,Tanzania,Rwanda,2023-08-27,,6
ffb3b559,1393317,2,0,3,0,0,0,0,0,0,1,0,37,1,0,0,0,14,male,East Africa Cup,T20,JJ Nyambo,0,Tanzania,Uganda,2023-08-28,,6
ffb3b559,1407103,0,0,0,0,0,0,0,0,0,0,0,4,1,0,0,0,3,male,ICC Men's T20 World Cup Africa Region Qualifier,T20,JJ Nyambo,0,Tanzania,Namibia,2023-11-28,,6
ffb3b559,1422807,0,1,2,0,0,0,0,0,0,2,0,16,0,0,0,0,6,male,Malaysia Open T20 Championship,T20,JJ Nyambo,lbw,Tanzania,Vanuatu,2024-03-05,,6
ffb3b559,1422814,2,1,5,0,0,0,0,0,0,3,0,0,0,0,0,0,0,male,Malaysia Open T20 Championship,T20,JJ Nyambo,bowled,Tanzania,Bahrain,2024-03-09,,6
ffb3b559,1424763,1,1,6,0,0,0,0,0,0,5,0,0,0,0,0,0,0,male,African Games,T20,JJ Nyambo,caught,Tanzania,Namibia,2024-03-20,,6
