player_id,match_id,runs_scored,player_out,balls_faced,fours_scored,sixes_scored,catches_taken,run_out_direct,run_out_throw,stumpings_done,dot_balls_as_batsman,order_seenballs_bowled,runs_conceded,wickets_taken,bowled_done,lbw_done,maidens,dot_balls_as_bowler,gender,series_name,match_type,name,out_kind,player_team,opposition_team,start_date,end_date,balls_per_over
073126d6,1450753,0,0,0,0,0,0,0,0,0,0,0,4,2,2,0,0,9,male,ICC Men's T20 World Cup Sub Regional Africa Qualifier,T20,LS Barkania,0,Tanzania,Mali,2024-09-21,,6
073126d6,1450758,0,0,0,0,0,0,0,0,0,0,0,6,4,4,0,1,14,male,ICC Men's T20 World Cup Sub Regional Africa Qualifier,T20,LS Barkania,0,Tanzania,Cameroon,2024-09-24,,6
073126d6,1450760,0,0,0,0,0,0,0,0,0,0,0,7,1,0,0,0,9,male,ICC Men's T20 World Cup Sub Regional Africa Qualifier,T20,LS Barkania,0,Tanzania,Ghana,2024-09-25,,6
073126d6,1450765,9,0,16,0,0,1,0,0,0,7,0,16,0,0,0,0,10,male,ICC Men's T20 World Cup Sub Regional Africa Qualifier,T20,LS Barkania,0,Tanzania,Malawi,2024-09-26,,6
073126d6,1451895,2,1,14,0,0,0,0,0,0,12,0,46,1,0,0,0,19,male,CWC Challenge League,ODM,LS Barkania,0,Tanzania,Italy,2024-11-07,,6
