player_id,match_id,runs_scored,player_out,balls_faced,fours_scored,sixes_scored,catches_taken,run_out_direct,run_out_throw,stumpings_done,dot_balls_as_batsman,order_seenballs_bowled,runs_conceded,wickets_taken,bowled_done,lbw_done,maidens,dot_balls_as_bowler,gender,series_name,match_type,name,out_kind,player_team,opposition_team,start_date,end_date,balls_per_over
bbab35a3,1332505,1,0,1,0,0,0,0,0,0,0,0,10,0,0,0,0,2,male,Africa Cricket Association Cup,T20,M Yunusu Issa,0,Tanzania,Malawi,2022-09-20,,6
bbab35a3,1343786,0,0,0,0,0,0,0,0,0,0,0,9,0,0,0,0,15,male,ICC Men's T20 World Cup Sub Regional Africa Qualifier,T20,M Yunusu Issa,0,Tanzania,Gambia,2022-12-06,,6
bbab35a3,1343795,11,0,3,1,1,0,0,0,0,0,0,0,0,0,0,0,0,male,ICC Men's T20 World Cup Sub Regional Africa Qualifier,T20,M Yunusu Issa,0,Tanzania,Cameroon,2022-12-09,,6
bbab35a3,1349124,0,0,0,0,0,0,0,0,0,0,0,23,1,0,0,0,3,male,Tri-Nation T20 Cup (Rwanda),T20,M Yunusu Issa,0,Tanzania,Rwanda,2022-12-13,,6
bbab35a3,1349127,6,0,13,0,0,0,0,0,0,9,0,0,0,0,0,0,0,male,Tri-Nation T20 Cup (Rwanda),T20,M Yunusu Issa,0,Tanzania,Uganda,2022-12-14,,6
bbab35a3,1349129,6,1,4,0,1,1,0,0,0,3,0,0,0,0,0,0,0,male,Tri-Nation T20 Cup (Rwanda),T20,M Yunusu Issa,0,Tanzania,Uganda,2022-12-15,,6
bbab35a3,1349131,5,1,5,1,0,0,0,0,0,3,0,0,0,0,0,0,0,male,Tri-Nation T20 Cup (Rwanda),T20,M Yunusu Issa,run out,Tanzania,Rwanda,2022-12-16,,6
bbab35a3,1349132,22,1,10,3,1,0,0,0,0,2,0,0,0,0,0,0,0,male,Tri-Nation T20 Cup (Rwanda),T20,M Yunusu Issa,run out,Tanzania,Uganda,2022-12-18,,6
bbab35a3,1349133,0,0,0,0,0,1,0,0,0,0,0,0,0,0,0,0,0,male,Tri-Nation T20 Cup (Rwanda),T20,M Yunusu Issa,0,Tanzania,Rwanda,2022-12-18,,6
bbab35a3,1349134,0,0,0,0,0,0,0,0,0,0,0,2,2,0,0,0,4,male,Tri-Nation T20 Cup (Rwanda),T20,M Yunusu Issa,0,Tanzania,Uganda,2022-12-19,,6
bbab35a3,1349136,0,1,1,0,0,1,0,1,0,1,0,0,0,0,0,0,0,male,Tri-Nation T20 Cup (Rwanda),T20,M Yunusu Issa,0,Tanzania,Rwanda,2022-12-20,,6
bbab35a3,1349139,11,0,10,1,0,1,0,0,0,3,0,21,0,0,0,0,7,male,Tri-Nation T20 Cup (Rwanda),T20,M Yunusu Issa,0,Tanzania,Uganda,2022-12-22,,6
bbab35a3,1349138,3,1,3,0,0,0,0,0,0,1,0,0,0,0,0,0,0,male,Tri-Nation T20 Cup (Rwanda),T20,M Yunusu Issa,0,Tanzania,Rwanda,2022-12-22,,6
bbab35a3,1393310,3,1,4,0,0,0,0,0,0,1,0,0,0,0,0,0,0,male,East Africa Cup,T20,M Yunusu Issa,0,Tanzania,Uganda,2023-08-20,,6
bbab35a3,1393311,0,0,0,0,0,0,0,0,0,0,0,25,3,0,1,0,14,male,East Africa Cup,T20,M Yunusu Issa,0,Tanzania,Uganda,2023-08-21,,6
bbab35a3,1393328,0,0,0,0,0,0,0,0,0,0,0,40,0,0,0,0,5,male,East Africa Cup,T20,M Yunusu Issa,0,Tanzania,Rwanda,2023-08-22,,6
bbab35a3,1393314,2,1,2,0,0,0,0,0,0,1,0,47,1,0,0,0,4,male,East Africa Cup,T20,M Yunusu Issa,0,Tanzania,Uganda,2023-08-24,,6
bbab35a3,1393329,0,0,0,0,0,1,0,0,0,0,0,30,2,0,0,0,11,male,East Africa Cup,T20,M Yunusu Issa,0,Tanzania,Uganda,2023-08-25,,6
bbab35a3,1393315,3,0,6,0,0,0,0,1,0,4,0,24,3,0,0,0,13,male,East Africa Cup,T20,M Yunusu Issa,0,Tanzania,Rwanda,2023-08-25,,6
bbab35a3,1393330,1,1,1,0,0,0,0,0,0,0,0,7,1,0,0,0,8,male,East Africa Cup,T20,M Yunusu Issa,run out,Tanzania,Rwanda,2023-08-27,,6
bbab35a3,1393317,2,1,4,0,0,0,0,0,0,3,0,17,2,0,0,0,10,male,East Africa Cup,T20,M Yunusu Issa,caught,Tanzania,Uganda,2023-08-28,,6
bbab35a3,1393319,33,1,21,1,3,0,0,0,0,9,0,13,1,0,1,0,8,male,East Africa Cup,T20,M Yunusu Issa,0,Tanzania,Uganda,2023-08-30,,6
bbab35a3,1393331,31,1,12,2,2,0,0,1,0,1,0,17,1,1,0,0,6,male,East Africa Cup,T20,M Yunusu Issa,run out,Tanzania,Rwanda,2023-08-30,,6
bbab35a3,1393332,6,1,9,1,0,2,0,0,0,6,0,15,0,0,0,0,1,male,East Africa Cup,T20,M Yunusu Issa,bowled,Tanzania,Rwanda,2023-08-31,,6
bbab35a3,1407103,2,1,6,0,0,0,0,0,0,4,0,18,0,0,0,0,5,male,ICC Men's T20 World Cup Africa Region Qualifier,T20,M Yunusu Issa,0,Tanzania,Namibia,2023-11-28,,6
bbab35a3,1407105,7,0,4,1,0,1,0,0,0,0,0,9,2,0,0,0,11,male,ICC Men's T20 World Cup Africa Region Qualifier,T20,M Yunusu Issa,0,Tanzania,Rwanda,2023-11-29,,6
bbab35a3,1422807,2,1,4,0,0,0,0,0,0,2,0,19,1,0,0,0,7,male,Malaysia Open T20 Championship,T20,M Yunusu Issa,lbw,Tanzania,Vanuatu,2024-03-05,,6
bbab35a3,1422809,6,0,1,0,1,0,0,0,0,0,0,13,0,0,0,0,13,male,Malaysia Open T20 Championship,T20,M Yunusu Issa,0,Tanzania,Kuwait,2024-03-06,,6
bbab35a3,1422814,0,1,3,0,0,0,0,0,0,3,0,20,0,0,0,0,5,male,Malaysia Open T20 Championship,T20,M Yunusu Issa,caught,Tanzania,Bahrain,2024-03-09,,6
bbab35a3,1422816,28,0,27,3,0,0,0,0,0,10,0,0,0,0,0,0,0,male,Malaysia Open T20 Championship,T20,M Yunusu Issa,0,Tanzania,Malaysia,2024-03-10,,6
bbab35a3,1424753,7,0,5,0,0,1,0,0,0,1,0,12,0,0,0,0,6,male,African Games,T20,M Yunusu Issa,0,Tanzania,Nigeria,2024-03-17,,6
bbab35a3,1424756,0,1,6,0,0,1,0,0,0,6,0,0,0,0,0,0,0,male,African Games,T20,M Yunusu Issa,0,Tanzania,Zimbabwe,2024-03-18,,6
bbab35a3,1424763,5,1,8,0,0,1,0,0,0,4,0,0,0,0,0,0,0,male,African Games,T20,M Yunusu Issa,0,Tanzania,Namibia,2024-03-20,,6
bbab35a3,1450758,0,0,0,0,0,0,0,0,0,0,0,2,0,0,0,0,8,male,ICC Men's T20 World Cup Sub Regional Africa Qualifier,T20,M Yunusu Issa,0,Tanzania,Cameroon,2024-09-24,,6
