player_id,match_id,runs_scored,player_out,balls_faced,fours_scored,sixes_scored,catches_taken,run_out_direct,run_out_throw,stumpings_done,dot_balls_as_batsman,order_seenballs_bowled,runs_conceded,wickets_taken,bowled_done,lbw_done,maidens,dot_balls_as_bowler,gender,series_name,match_type,name,out_kind,player_team,opposition_team,start_date,end_date,balls_per_over
202ce08c,1275114,87,0,54,11,0,0,0,0,0,13,0,0,0,0,0,0,0,female,ICC Women's T20 World Cup Africa Region Qualifier,T20,MA Swedy,0,Tanzania,Mozambique,2021-09-11,,6
202ce08c,1275118,8,1,11,1,0,2,0,0,0,7,0,0,0,0,0,0,0,female,ICC Women's T20 World Cup Africa Region Qualifier,T20,MA Swedy,caught,Tanzania,Rwanda,2021-09-13,,6
202ce08c,1275122,0,0,0,0,0,0,0,0,0,0,0,0,0,0,0,0,0,female,ICC Women's T20 World Cup Africa Region Qualifier,T20,MA Swedy,0,Tanzania,Eswatini,2021-09-14,,6
202ce08c,1275128,0,0,0,0,0,0,0,0,0,0,0,0,0,0,0,0,0,female,ICC Women's T20 World Cup Africa Region Qualifier,T20,MA Swedy,0,Tanzania,Botswana,2021-09-16,,6
202ce08c,1275131,0,0,0,0,0,1,0,1,0,0,0,0,0,0,0,0,0,female,ICC Women's T20 World Cup Africa Region Qualifier,T20,MA Swedy,0,Tanzania,Uganda,2021-09-19,,6
202ce08c,1318377,4,0,2,0,0,0,0,0,0,0,0,0,0,0,0,0,0,female,Kwibuka Women's Twenty20 Tournament,T20,MA Swedy,0,Tanzania,Botswana,2022-06-10,,6
202ce08c,1318381,4,1,3,1,0,1,0,0,0,2,0,0,0,0,0,0,0,female,Kwibuka Women's Twenty20 Tournament,T20,MA Swedy,0,Tanzania,Uganda,2022-06-11,,6
202ce08c,1318395,0,0,0,0,0,3,0,1,0,0,0,0,0,0,0,0,0,female,Kwibuka Women's Twenty20 Tournament,T20,MA Swedy,0,Tanzania,Nigeria,2022-06-15,,6
202ce08c,1318404,7,1,7,1,0,0,0,0,0,3,0,0,0,0,0,0,0,female,Kwibuka Women's Twenty20 Tournament,T20,MA Swedy,0,Tanzania,Kenya,2022-06-18,,6
202ce08c,1423460,0,0,0,0,0,0,0,0,0,0,0,0,0,0,0,0,0,female,Women's African Games,T20,MA Swedy,0,Tanzania,Nigeria,2024-03-07,,6
202ce08c,1423463,9,1,18,0,0,0,0,0,0,12,0,0,0,0,0,0,0,female,Women's African Games,T20,MA Swedy,0,Tanzania,South Africa,2024-03-08,,6
202ce08c,1423467,1,1,3,0,0,0,0,0,0,2,0,0,0,0,0,0,0,female,Women's African Games,T20,MA Swedy,caught,Tanzania,Namibia,2024-03-10,,6
