player_id,match_id,runs_scored,player_out,balls_faced,fours_scored,sixes_scored,catches_taken,run_out_direct,run_out_throw,stumpings_done,dot_balls_as_batsman,order_seenballs_bowled,runs_conceded,wickets_taken,bowled_done,lbw_done,maidens,dot_balls_as_bowler,gender,series_name,match_type,name,out_kind,player_team,opposition_team,start_date,end_date,balls_per_over
0286eabe,1275114,0,0,0,0,0,0,0,0,0,0,0,0,0,0,0,1,5,female,ICC Women's T20 World Cup Africa Region Qualifier,T20,MH Ushanga,0,Tanzania,Mozambique,2021-09-11,,6
0286eabe,1275122,0,0,0,0,0,0,0,0,0,0,0,1,3,1,1,3,24,female,ICC Women's T20 World Cup Africa Region Qualifier,T20,MH Ushanga,0,Tanzania,Eswatini,2021-09-14,,6
0286eabe,1275131,0,0,0,0,0,1,0,0,0,0,0,19,0,0,0,0,12,female,ICC Women's T20 World Cup Africa Region Qualifier,T20,MH Ushanga,0,Tanzania,Uganda,2021-09-19,,6
0286eabe,1346545,12,1,21,1,0,0,0,0,0,12,0,24,0,0,0,0,11,female,Kenya Quadrangular Women's T20 Series,T20,MH Ushanga,0,Tanzania,Kenya,2022-12-19,,6
0286eabe,1349151,1,0,2,0,0,0,0,0,0,1,0,22,1,0,1,0,16,female,Kenya Quadrangular Women's T20 Series,T20,MH Ushanga,0,Tanzania,Qatar,2022-12-21,,6
0286eabe,1407868,0,0,0,0,0,0,0,0,0,0,0,20,0,0,0,0,10,female,Women's T20 Quadrangular Series (in Hong Kong),T20,MH Ushanga,0,Tanzania,Nepal,2023-11-15,,6
0286eabe,1407866,5,0,6,0,0,1,0,0,0,3,0,0,0,0,0,0,0,female,Women's T20 Quadrangular Series (in Hong Kong),T20,MH Ushanga,0,Tanzania,Japan,2023-11-16,,6
0286eabe,1407865,0,1,1,0,0,0,0,0,0,1,0,17,0,0,0,0,4,female,Women's T20 Quadrangular Series (in Hong Kong),T20,MH Ushanga,0,Tanzania,Hong Kong,2023-11-18,,6
0286eabe,1407871,0,0,0,0,0,0,0,0,0,0,0,7,0,0,0,0,8,female,Women's T20 Quadrangular Series (in Hong Kong),T20,MH Ushanga,0,Tanzania,Hong Kong,2023-11-19,,6
0286eabe,1411262,0,0,0,0,0,0,0,0,0,0,0,12,2,0,0,0,16,female,ICC Women's T20 World Cup Africa Region Qualifier,T20,MH Ushanga,0,Tanzania,Botswana,2023-12-09,,6
0286eabe,1411265,0,0,0,0,0,0,0,0,0,0,0,6,0,0,0,0,2,female,ICC Women's T20 World Cup Africa Region Qualifier,T20,MH Ushanga,0,Tanzania,Kenya,2023-12-11,,6
0286eabe,1411270,0,1,2,0,0,0,0,0,0,2,0,11,0,0,0,0,4,female,ICC Women's T20 World Cup Africa Region Qualifier,T20,MH Ushanga,0,Tanzania,Zimbabwe,2023-12-13,,6
0286eabe,1411274,2,1,3,0,0,0,0,0,0,2,0,17,0,0,0,0,7,female,ICC Women's T20 World Cup Africa Region Qualifier,T20,MH Ushanga,0,Tanzania,Uganda,2023-12-16,,6
0286eabe,1423460,0,0,0,0,0,0,0,0,0,0,0,0,0,0,0,0,0,female,Women's African Games,T20,MH Ushanga,0,Tanzania,Nigeria,2024-03-07,,6
0286eabe,1423463,5,1,10,0,0,0,0,0,0,7,0,0,0,0,0,0,0,female,Women's African Games,T20,MH Ushanga,0,Tanzania,South Africa,2024-03-08,,6
0286eabe,1423467,4,0,1,1,0,1,0,0,0,0,0,17,0,0,0,0,14,female,Women's African Games,T20,MH Ushanga,0,Tanzania,Namibia,2024-03-10,,6
