player_id,match_id,runs_scored,player_out,balls_faced,fours_scored,sixes_scored,catches_taken,run_out_direct,run_out_throw,stumpings_done,dot_balls_as_batsman,order_seenballs_bowled,runs_conceded,wickets_taken,bowled_done,lbw_done,maidens,dot_balls_as_bowler,gender,series_name,match_type,name,out_kind,player_team,opposition_team,start_date,end_date,balls_per_over
5ffee881,1275108,0,1,1,0,0,0,0,0,0,1,0,26,1,0,0,0,10,female,ICC Women's T20 World Cup Africa Region Qualifier,T20,MI Shakim,0,Tanzania,Zimbabwe,2021-09-10,,6
5ffee881,1275114,6,1,3,1,0,0,0,0,0,1,0,10,1,1,0,0,8,female,ICC Women's T20 World Cup Africa Region Qualifier,T20,MI Shakim,bowled,Tanzania,Mozambique,2021-09-11,,6
5ffee881,1275122,4,0,2,1,0,0,0,1,0,1,0,5,0,0,0,1,13,female,ICC Women's T20 World Cup Africa Region Qualifier,T20,MI Shakim,0,Tanzania,Eswatini,2021-09-14,,6
5ffee881,1275128,0,0,0,0,0,0,0,0,0,0,0,0,0,0,0,0,0,female,ICC Women's T20 World Cup Africa Region Qualifier,T20,MI Shakim,0,Tanzania,Botswana,2021-09-16,,6
