player_id,match_id,runs_scored,player_out,balls_faced,fours_scored,sixes_scored,catches_taken,run_out_direct,run_out_throw,stumpings_done,dot_balls_as_batsman,order_seenballs_bowled,runs_conceded,wickets_taken,bowled_done,lbw_done,maidens,dot_balls_as_bowler,gender,series_name,match_type,name,out_kind,player_team,opposition_team,start_date,end_date,balls_per_over
a94c2947,576402,32,1,69,4,0,1,0,0,0,51,0,0,0,0,0,0,0,male,ICC World Cricket League Division Four,ODM,N Mapunda,0,Tanzania,Denmark,2012-09-03,,6
a94c2947,576407,5,1,34,0,0,0,0,0,0,31,0,0,0,0,0,0,0,male,ICC World Cricket League Division Four,ODM,N Mapunda,0,Tanzania,Nepal,2012-09-04,,6
a94c2947,576408,5,1,21,1,0,0,0,0,0,19,0,9,1,0,0,0,3,male,ICC World Cricket League Division Four,ODM,N Mapunda,bowled,Tanzania,United States of America,2012-09-06,,6
a94c2947,576412,4,1,9,0,0,0,0,0,0,7,0,0,0,0,0,0,0,male,ICC World Cricket League Division Four,ODM,N Mapunda,lbw,Tanzania,Singapore,2012-09-07,,6
a94c2947,722687,0,0,0,0,0,2,0,0,0,0,0,0,0,0,0,0,0,male,ICC World Cricket League Division Five,ODM,N Mapunda,0,Tanzania,Nigeria,2014-03-13,,6
a94c2947,979819,5,1,31,1,0,1,0,0,0,29,0,0,0,0,0,0,0,male,ICC World Cricket League Division Five,ODM,N Mapunda,caught,Tanzania,Guernsey,2016-05-22,,6
a94c2947,979827,0,0,0,0,0,1,0,0,1,0,0,0,0,0,0,0,0,male,ICC World Cricket League Division Five,ODM,N Mapunda,0,Tanzania,Jersey,2016-05-24,,6
a94c2947,979829,1,0,1,0,0,0,0,0,1,0,0,0,0,0,0,0,0,male,ICC World Cricket League Division Five,ODM,N Mapunda,0,Tanzania,Oman,2016-05-25,,6
a94c2947,979835,0,0,0,0,0,2,0,0,0,0,0,0,0,0,0,0,0,male,ICC World Cricket League Division Five,ODM,N Mapunda,0,Tanzania,Vanuatu,2016-05-27,,6
a94c2947,1089136,1,1,2,0,0,0,0,1,0,1,0,0,0,0,0,0,0,male,ICC World Cricket League Africa Region Qualifiers,ODM,N Mapunda,bowled,Tanzania,Nigeria,2017-04-07,,6
a94c2947,1089141,17,1,62,1,0,0,0,0,1,50,0,0,0,0,0,0,0,male,ICC World Cricket League Africa Region Qualifiers,ODM,N Mapunda,0,Tanzania,Botswana,2017-04-08,,6
a94c2947,1089143,0,0,0,0,0,2,0,0,0,0,0,0,0,0,0,0,0,male,ICC World Cricket League Africa Region Qualifiers,ODM,N Mapunda,0,Tanzania,Zambia,2017-04-10,,6
a94c2947,1089147,5,0,14,0,0,0,0,1,0,9,0,0,0,0,0,0,0,male,ICC World Cricket League Africa Region Qualifiers,ODM,N Mapunda,0,Tanzania,Ghana,2017-04-11,,6
a94c2947,1089148,0,0,0,0,0,2,0,0,0,0,0,0,0,0,0,0,0,male,ICC World Cricket League Africa Region Qualifiers,ODM,N Mapunda,0,Tanzania,Sierra Leone,2017-04-13,,6
a94c2947,1151244,0,0,0,0,0,0,0,0,0,0,0,0,0,0,0,0,0,male,ICC World Twenty20 Africa Region Qualifier B,IT20,N Mapunda,0,Tanzania,Rwanda,2018-07-07,,6
a94c2947,1151247,11,1,16,2,0,1,0,0,0,11,0,0,0,0,0,0,0,male,ICC World Twenty20 Africa Region Qualifier B,IT20,N Mapunda,0,Tanzania,Kenya,2018-07-10,,6
a94c2947,1151249,0,0,0,0,0,2,0,0,0,0,0,0,0,0,0,0,0,male,ICC World Twenty20 Africa Region Qualifier B,IT20,N Mapunda,0,Tanzania,Uganda,2018-07-11,,6
a94c2947,1151251,2,0,4,0,0,0,0,0,0,2,0,0,0,0,0,0,0,male,ICC World Twenty20 Africa Region Qualifier B,IT20,N Mapunda,0,Tanzania,Kenya,2018-07-13,,6
a94c2947,1151253,0,0,0,0,0,1,0,0,0,0,0,0,0,0,0,0,0,male,ICC World Twenty20 Africa Region Qualifier B,IT20,N Mapunda,0,Tanzania,Rwanda,2018-07-14,,6
a94c2947,1283043,0,0,0,0,0,0,0,0,1,0,0,0,0,0,0,0,0,male,ICC Men's T20 World Cup Sub Regional Africa Qualifier,T20,N Mapunda,0,Tanzania,Mozambique,2021-11-02,,6
a94c2947,1283045,0,0,0,0,0,0,0,0,0,0,0,0,0,0,0,0,0,male,ICC Men's T20 World Cup Sub Regional Africa Qualifier,T20,N Mapunda,0,Tanzania,Sierra Leone,2021-11-03,,6
a94c2947,1283051,0,0,0,0,0,1,0,0,0,0,0,0,0,0,0,0,0,male,ICC Men's T20 World Cup Sub Regional Africa Qualifier,T20,N Mapunda,0,Tanzania,Botswana,2021-11-07,,6
a94c2947,1289045,0,0,0,0,0,0,0,0,0,0,0,0,0,0,0,0,0,male,ICC Men's T20 World Cup Africa Region Qualifier,T20,N Mapunda,0,Tanzania,Kenya,2021-11-17,,6
a94c2947,1289042,0,0,0,0,0,2,0,0,0,0,0,0,0,0,0,0,0,male,ICC Men's T20 World Cup Africa Region Qualifier,T20,N Mapunda,0,Tanzania,Nigeria,2021-11-17,,6
a94c2947,1289048,15,1,21,2,0,0,0,0,1,14,0,0,0,0,0,0,0,male,ICC Men's T20 World Cup Africa Region Qualifier,T20,N Mapunda,0,Tanzania,Kenya,2021-11-18,,6
a94c2947,1289046,0,0,0,0,0,0,0,0,1,0,0,0,0,0,0,0,0,male,ICC Men's T20 World Cup Africa Region Qualifier,T20,N Mapunda,0,Tanzania,Uganda,2021-11-18,,6
