player_id,match_id,runs_scored,player_out,balls_faced,fours_scored,sixes_scored,catches_taken,run_out_direct,run_out_throw,stumpings_done,dot_balls_as_batsman,order_seenballs_bowled,runs_conceded,wickets_taken,bowled_done,lbw_done,maidens,dot_balls_as_bowler,gender,series_name,match_type,name,out_kind,player_team,opposition_team,start_date,end_date,balls_per_over
f4270fc7,1118917,14,1,46,0,0,1,0,0,0,32,0,0,0,0,0,0,0,female,ICC Women's World Twenty20 Qualifying Series Africa Region,IT20,NJ Pius,0,Tanzania,Kenya,2017-09-08,,6
f4270fc7,1118918,1,1,3,0,0,0,0,0,0,2,0,0,0,0,0,0,0,female,ICC Women's World Twenty20 Qualifying Series Africa Region,IT20,NJ Pius,lbw,Tanzania,Uganda,2017-09-09,,6
f4270fc7,1118923,15,1,44,0,0,0,0,0,0,30,0,11,1,0,0,0,5,female,ICC Women's World Twenty20 Qualifying Series Africa Region,IT20,NJ Pius,caught,Tanzania,Namibia,2017-09-12,,6
f4270fc7,1120537,2,0,5,0,0,0,0,0,0,3,0,0,0,0,0,0,0,female,ICC Women's World Twenty20 Qualifying Series Africa Region,IT20,NJ Pius,0,Tanzania,Namibia,2017-09-15,,6
f4270fc7,1182649,0,1,6,0,0,0,0,0,0,6,0,0,0,0,0,0,0,female,ICC Women's T20 World Cup Africa Region Qualifier,T20,NJ Pius,bowled,Tanzania,Zimbabwe,2019-05-06,,6
f4270fc7,1182657,11,1,10,2,0,0,0,0,0,5,0,0,0,0,0,0,0,female,ICC Women's T20 World Cup Africa Region Qualifier,T20,NJ Pius,run out,Tanzania,Rwanda,2019-05-11,,6
f4270fc7,1188786,0,1,1,0,0,1,0,0,0,1,0,0,0,0,0,0,0,female,Kwibuka Women's Twenty20 Tournament,T20,NJ Pius,0,Tanzania,Uganda,2019-06-18,,6
f4270fc7,1275108,2,1,8,0,0,1,0,0,0,6,0,0,0,0,0,0,0,female,ICC Women's T20 World Cup Africa Region Qualifier,T20,NJ Pius,lbw,Tanzania,Zimbabwe,2021-09-10,,6
f4270fc7,1275114,23,0,22,1,0,0,0,1,0,8,0,0,0,0,0,0,0,female,ICC Women's T20 World Cup Africa Region Qualifier,T20,NJ Pius,0,Tanzania,Mozambique,2021-09-11,,6
f4270fc7,1275118,0,1,1,0,0,0,0,0,0,1,0,0,0,0,0,0,0,female,ICC Women's T20 World Cup Africa Region Qualifier,T20,NJ Pius,bowled,Tanzania,Rwanda,2021-09-13,,6
f4270fc7,1318395,12,1,22,0,0,0,1,0,0,14,0,0,0,0,0,0,0,female,Kwibuka Women's Twenty20 Tournament,T20,NJ Pius,0,Tanzania,Nigeria,2022-06-15,,6
f4270fc7,1318404,14,1,12,0,0,0,1,0,0,2,0,0,0,0,0,0,0,female,Kwibuka Women's Twenty20 Tournament,T20,NJ Pius,0,Tanzania,Kenya,2022-06-18,,6
f4270fc7,1407868,6,0,3,1,0,0,1,0,0,0,0,10,2,1,0,0,12,female,Women's T20 Quadrangular Series (in Hong Kong),T20,NJ Pius,0,Tanzania,Nepal,2023-11-15,,6
f4270fc7,1407866,17,1,16,2,0,0,2,0,0,5,0,6,2,1,0,0,19,female,Women's T20 Quadrangular Series (in Hong Kong),T20,NJ Pius,0,Tanzania,Japan,2023-11-16,,6
f4270fc7,1407865,34,0,48,2,0,0,0,0,0,23,0,13,0,0,0,0,2,female,Women's T20 Quadrangular Series (in Hong Kong),T20,NJ Pius,0,Tanzania,Hong Kong,2023-11-18,,6
f4270fc7,1407871,0,1,2,0,0,0,0,0,0,2,0,7,1,0,0,0,10,female,Women's T20 Quadrangular Series (in Hong Kong),T20,NJ Pius,caught,Tanzania,Hong Kong,2023-11-19,,6
f4270fc7,1411262,0,0,0,0,0,1,0,0,0,0,0,9,0,0,0,0,8,female,ICC Women's T20 World Cup Africa Region Qualifier,T20,NJ Pius,0,Tanzania,Botswana,2023-12-09,,6
f4270fc7,1411265,13,0,12,1,0,0,0,1,0,4,0,9,0,0,0,0,3,female,ICC Women's T20 World Cup Africa Region Qualifier,T20,NJ Pius,0,Tanzania,Kenya,2023-12-11,,6
f4270fc7,1411270,21,1,29,2,0,0,0,0,0,16,0,0,0,0,0,0,0,female,ICC Women's T20 World Cup Africa Region Qualifier,T20,NJ Pius,0,Tanzania,Zimbabwe,2023-12-13,,6
f4270fc7,1411274,0,1,2,0,0,0,0,0,0,2,0,10,0,0,0,0,5,female,ICC Women's T20 World Cup Africa Region Qualifier,T20,NJ Pius,run out,Tanzania,Uganda,2023-12-16,,6
f4270fc7,1423460,16,1,23,2,0,0,0,0,0,14,0,0,0,0,0,0,0,female,Women's African Games,T20,NJ Pius,bowled,Tanzania,Nigeria,2024-03-07,,6
f4270fc7,1423463,7,1,10,0,0,0,0,0,0,7,0,0,0,0,0,0,0,female,Women's African Games,T20,NJ Pius,0,Tanzania,South Africa,2024-03-08,,6
f4270fc7,1423467,10,1,10,0,0,2,1,0,0,3,0,0,0,0,0,0,0,female,Women's African Games,T20,NJ Pius,bowled,Tanzania,Namibia,2024-03-10,,6
