player_id,match_id,runs_scored,player_out,balls_faced,fours_scored,sixes_scored,catches_taken,run_out_direct,run_out_throw,stumpings_done,dot_balls_as_batsman,order_seenballs_bowled,runs_conceded,wickets_taken,bowled_done,lbw_done,maidens,dot_balls_as_bowler,gender,series_name,match_type,name,out_kind,player_team,opposition_team,start_date,end_date,balls_per_over
16610c7b,1118917,0,0,0,0,0,0,0,0,0,0,0,0,0,0,0,0,0,female,ICC Women's World Twenty20 Qualifying Series Africa Region,IT20,NN Saidi,0,Tanzania,Kenya,2017-09-08,,6
16610c7b,1118918,3,1,6,0,0,2,0,0,0,5,0,0,0,0,0,0,0,female,ICC Women's World Twenty20 Qualifying Series Africa Region,IT20,NN Saidi,0,Tanzania,Uganda,2017-09-09,,6
16610c7b,1118923,0,1,1,0,0,0,0,0,0,1,0,0,0,0,0,0,0,female,ICC Women's World Twenty20 Qualifying Series Africa Region,IT20,NN Saidi,bowled,Tanzania,Namibia,2017-09-12,,6
16610c7b,1120537,1,1,8,0,0,0,0,0,0,7,0,0,0,0,0,0,0,female,ICC Women's World Twenty20 Qualifying Series Africa Region,IT20,NN Saidi,run out,Tanzania,Namibia,2017-09-15,,6
16610c7b,1182649,0,0,5,0,0,0,0,0,0,5,0,24,0,0,0,0,7,female,ICC Women's T20 World Cup Africa Region Qualifier,T20,NN Saidi,0,Tanzania,Zimbabwe,2019-05-06,,6
16610c7b,1182657,16,0,8,3,0,0,0,0,0,2,0,10,1,1,0,0,20,female,ICC Women's T20 World Cup Africa Region Qualifier,T20,NN Saidi,0,Tanzania,Rwanda,2019-05-11,,6
16610c7b,1188786,19,1,39,0,0,1,0,0,0,22,0,23,1,0,0,0,10,female,Kwibuka Women's Twenty20 Tournament,T20,NN Saidi,run out,Tanzania,Uganda,2019-06-18,,6
16610c7b,1275108,6,1,6,0,0,0,0,0,0,2,0,9,2,1,1,0,12,female,ICC Women's T20 World Cup Africa Region Qualifier,T20,NN Saidi,0,Tanzania,Zimbabwe,2021-09-10,,6
16610c7b,1275114,0,0,0,0,0,0,0,0,0,0,0,9,2,1,1,1,21,female,ICC Women's T20 World Cup Africa Region Qualifier,T20,NN Saidi,0,Tanzania,Mozambique,2021-09-11,,6
16610c7b,1275118,4,1,9,0,0,0,0,0,0,6,0,10,0,0,0,0,8,female,ICC Women's T20 World Cup Africa Region Qualifier,T20,NN Saidi,0,Tanzania,Rwanda,2021-09-13,,6
16610c7b,1275128,0,0,0,0,0,0,0,0,0,0,0,8,1,0,1,1,20,female,ICC Women's T20 World Cup Africa Region Qualifier,T20,NN Saidi,0,Tanzania,Botswana,2021-09-16,,6
16610c7b,1275131,0,0,0,0,0,0,0,0,0,0,0,13,1,0,1,0,13,female,ICC Women's T20 World Cup Africa Region Qualifier,T20,NN Saidi,0,Tanzania,Uganda,2021-09-19,,6
16610c7b,1318377,11,0,12,0,0,2,0,0,0,4,0,13,0,0,0,0,7,female,Kwibuka Women's Twenty20 Tournament,T20,NN Saidi,0,Tanzania,Botswana,2022-06-10,,6
16610c7b,1318381,4,1,8,0,0,0,0,0,0,5,0,14,2,0,0,1,19,female,Kwibuka Women's Twenty20 Tournament,T20,NN Saidi,0,Tanzania,Uganda,2022-06-11,,6
16610c7b,1318395,1,0,4,0,0,0,1,0,0,3,0,14,1,0,1,0,15,female,Kwibuka Women's Twenty20 Tournament,T20,NN Saidi,0,Tanzania,Nigeria,2022-06-15,,6
16610c7b,1318404,8,1,11,0,0,0,0,0,0,4,0,14,3,2,0,0,17,female,Kwibuka Women's Twenty20 Tournament,T20,NN Saidi,0,Tanzania,Kenya,2022-06-18,,6
