player_id,match_id,runs_scored,player_out,balls_faced,fours_scored,sixes_scored,catches_taken,run_out_direct,run_out_throw,stumpings_done,dot_balls_as_batsman,order_seenballs_bowled,runs_conceded,wickets_taken,bowled_done,lbw_done,maidens,dot_balls_as_bowler,gender,series_name,match_type,name,out_kind,player_team,opposition_team,start_date,end_date,balls_per_over
6e60bbe2,1118917,0,0,0,0,0,0,0,0,0,0,0,18,0,0,0,0,11,female,ICC Women's World Twenty20 Qualifying Series Africa Region,IT20,PZ Kamunya,0,Tanzania,Kenya,2017-09-08,,6
6e60bbe2,1118918,2,0,4,0,0,0,0,0,0,2,0,7,0,0,0,0,4,female,ICC Women's World Twenty20 Qualifying Series Africa Region,IT20,PZ Kamunya,0,Tanzania,Uganda,2017-09-09,,6
6e60bbe2,1118923,0,0,0,0,0,0,0,0,0,0,0,6,0,0,0,0,4,female,ICC Women's World Twenty20 Qualifying Series Africa Region,IT20,PZ Kamunya,0,Tanzania,Namibia,2017-09-12,,6
6e60bbe2,1120537,0,0,1,0,0,0,0,0,0,1,0,12,0,0,0,0,2,female,ICC Women's World Twenty20 Qualifying Series Africa Region,IT20,PZ Kamunya,0,Tanzania,Namibia,2017-09-15,,6
6e60bbe2,1182649,6,1,7,1,0,0,0,0,0,5,0,14,1,0,0,0,14,female,ICC Women's T20 World Cup Africa Region Qualifier,T20,PZ Kamunya,bowled,Tanzania,Zimbabwe,2019-05-06,,6
6e60bbe2,1182657,6,1,13,1,0,1,0,0,0,10,0,8,1,1,0,1,19,female,ICC Women's T20 World Cup Africa Region Qualifier,T20,PZ Kamunya,bowled,Tanzania,Rwanda,2019-05-11,,6
6e60bbe2,1188786,4,1,5,1,0,1,0,0,0,4,0,14,3,0,1,0,20,female,Kwibuka Women's Twenty20 Tournament,T20,PZ Kamunya,0,Tanzania,Uganda,2019-06-18,,6
6e60bbe2,1275108,2,1,6,0,0,0,0,0,0,4,0,7,0,0,0,0,19,female,ICC Women's T20 World Cup Africa Region Qualifier,T20,PZ Kamunya,caught,Tanzania,Zimbabwe,2021-09-10,,6
6e60bbe2,1275114,0,0,0,0,0,0,0,0,0,0,0,6,3,0,0,1,22,female,ICC Women's T20 World Cup Africa Region Qualifier,T20,PZ Kamunya,0,Tanzania,Mozambique,2021-09-11,,6
6e60bbe2,1275118,3,1,5,0,0,1,0,0,0,3,0,9,2,0,0,0,19,female,ICC Women's T20 World Cup Africa Region Qualifier,T20,PZ Kamunya,caught,Tanzania,Rwanda,2021-09-13,,6
6e60bbe2,1275122,0,0,0,0,0,0,0,0,0,0,0,10,2,1,0,0,12,female,ICC Women's T20 World Cup Africa Region Qualifier,T20,PZ Kamunya,0,Tanzania,Eswatini,2021-09-14,,6
6e60bbe2,1275128,4,0,3,0,0,0,0,0,0,0,0,6,3,0,1,1,21,female,ICC Women's T20 World Cup Africa Region Qualifier,T20,PZ Kamunya,0,Tanzania,Botswana,2021-09-16,,6
6e60bbe2,1275131,0,0,0,0,0,0,0,0,0,0,0,19,1,0,0,0,10,female,ICC Women's T20 World Cup Africa Region Qualifier,T20,PZ Kamunya,0,Tanzania,Uganda,2021-09-19,,6
6e60bbe2,1318377,0,0,0,0,0,0,0,0,0,0,0,10,2,1,1,1,19,female,Kwibuka Women's Twenty20 Tournament,T20,PZ Kamunya,0,Tanzania,Botswana,2022-06-10,,6
6e60bbe2,1318381,9,0,8,1,0,0,0,2,0,2,0,28,1,0,0,0,13,female,Kwibuka Women's Twenty20 Tournament,T20,PZ Kamunya,0,Tanzania,Uganda,2022-06-11,,6
6e60bbe2,1318395,0,0,0,0,0,0,0,2,0,0,0,18,0,0,0,0,12,female,Kwibuka Women's Twenty20 Tournament,T20,PZ Kamunya,0,Tanzania,Nigeria,2022-06-15,,6
6e60bbe2,1318404,29,1,25,3,0,0,0,1,0,9,0,13,1,0,1,1,18,female,Kwibuka Women's Twenty20 Tournament,T20,PZ Kamunya,0,Tanzania,Kenya,2022-06-18,,6
6e60bbe2,1349150,0,0,0,0,0,0,0,0,0,0,0,9,1,0,0,0,17,female,Kenya Quadrangular Women's T20 Series,T20,PZ Kamunya,0,Tanzania,Qatar,2022-12-18,,6
6e60bbe2,1346545,4,1,5,0,0,0,0,0,0,2,0,16,2,1,0,0,14,female,Kenya Quadrangular Women's T20 Series,T20,PZ Kamunya,run out,Tanzania,Kenya,2022-12-19,,6
6e60bbe2,1349151,22,1,22,2,0,0,0,0,0,8,0,22,1,1,0,1,15,female,Kenya Quadrangular Women's T20 Series,T20,PZ Kamunya,run out,Tanzania,Qatar,2022-12-21,,6
6e60bbe2,1407868,9,1,6,1,0,1,0,0,0,1,0,19,1,0,1,0,17,female,Women's T20 Quadrangular Series (in Hong Kong),T20,PZ Kamunya,0,Tanzania,Nepal,2023-11-15,,6
6e60bbe2,1407866,0,1,1,0,0,0,0,0,0,1,0,10,0,0,0,0,19,female,Women's T20 Quadrangular Series (in Hong Kong),T20,PZ Kamunya,0,Tanzania,Japan,2023-11-16,,6
6e60bbe2,1407865,19,1,23,2,0,0,0,0,0,13,0,13,0,0,0,0,5,female,Women's T20 Quadrangular Series (in Hong Kong),T20,PZ Kamunya,0,Tanzania,Hong Kong,2023-11-18,,6
6e60bbe2,1407871,10,1,18,1,0,0,0,0,0,11,0,8,0,0,0,0,7,female,Women's T20 Quadrangular Series (in Hong Kong),T20,PZ Kamunya,caught,Tanzania,Hong Kong,2023-11-19,,6
6e60bbe2,1411262,0,0,0,0,0,0,0,0,0,0,0,10,2,0,0,0,17,female,ICC Women's T20 World Cup Africa Region Qualifier,T20,PZ Kamunya,0,Tanzania,Botswana,2023-12-09,,6
6e60bbe2,1411265,0,0,0,0,0,0,0,1,0,0,0,8,1,0,0,0,15,female,ICC Women's T20 World Cup Africa Region Qualifier,T20,PZ Kamunya,0,Tanzania,Kenya,2023-12-11,,6
6e60bbe2,1411270,4,1,6,0,0,0,0,0,0,2,0,11,0,0,0,0,12,female,ICC Women's T20 World Cup Africa Region Qualifier,T20,PZ Kamunya,0,Tanzania,Zimbabwe,2023-12-13,,6
6e60bbe2,1411274,2,1,3,0,0,0,0,0,0,2,0,10,2,0,1,1,19,female,ICC Women's T20 World Cup Africa Region Qualifier,T20,PZ Kamunya,caught,Tanzania,Uganda,2023-12-16,,6
6e60bbe2,1423460,7,0,6,0,0,0,0,0,0,2,0,0,0,0,0,0,0,female,Women's African Games,T20,PZ Kamunya,0,Tanzania,Nigeria,2024-03-07,,6
6e60bbe2,1423463,2,1,9,0,0,0,0,0,0,8,0,19,0,0,0,0,5,female,Women's African Games,T20,PZ Kamunya,0,Tanzania,South Africa,2024-03-08,,6
6e60bbe2,1423467,13,1,20,2,0,1,0,0,0,14,0,14,1,0,1,0,16,female,Women's African Games,T20,PZ Kamunya,lbw,Tanzania,Namibia,2024-03-10,,6
