player_id,match_id,runs_scored,player_out,balls_faced,fours_scored,sixes_scored,catches_taken,run_out_direct,run_out_throw,stumpings_done,dot_balls_as_batsman,order_seenballs_bowled,runs_conceded,wickets_taken,bowled_done,lbw_done,maidens,dot_balls_as_bowler,gender,series_name,match_type,name,out_kind,player_team,opposition_team,start_date,end_date,balls_per_over
b4a310c6,467080,0,0,0,0,0,0,0,0,0,0,0,0,0,0,0,0,0,male,ICC World Cricket League Division Four,ODM,S Khalifa,0,Tanzania,Argentina,2010-08-14,,6
b4a310c6,467092,2,1,9,0,0,2,0,0,0,7,0,0,0,0,0,0,0,male,ICC World Cricket League Division Four,ODM,S Khalifa,bowled,Tanzania,Italy,2010-08-20,,6
b4a310c6,576402,15,1,27,3,0,1,0,0,0,21,0,0,0,0,0,0,0,male,ICC World Cricket League Division Four,ODM,S Khalifa,0,Tanzania,Denmark,2012-09-03,,6
b4a310c6,576407,0,1,2,0,0,0,0,0,0,2,0,0,0,0,0,0,0,male,ICC World Cricket League Division Four,ODM,S Khalifa,0,Tanzania,Nepal,2012-09-04,,6
b4a310c6,576408,11,1,21,2,0,0,0,0,0,17,0,0,0,0,0,0,0,male,ICC World Cricket League Division Four,ODM,S Khalifa,bowled,Tanzania,United States of America,2012-09-06,,6
b4a310c6,576412,14,1,34,0,1,0,0,0,0,26,0,0,0,0,0,0,0,male,ICC World Cricket League Division Four,ODM,S Khalifa,0,Tanzania,Singapore,2012-09-07,,6
b4a310c6,722687,13,1,16,3,0,0,0,0,0,12,0,22,1,0,0,1,52,male,ICC World Cricket League Division Five,ODM,S Khalifa,caught,Tanzania,Nigeria,2014-03-13,,6
b4a310c6,1089136,6,1,12,1,0,0,0,0,0,9,0,0,0,0,0,0,0,male,ICC World Cricket League Africa Region Qualifiers,ODM,S Khalifa,caught,Tanzania,Nigeria,2017-04-07,,6
b4a310c6,1089141,0,1,4,0,0,0,0,0,0,4,0,0,0,0,0,0,0,male,ICC World Cricket League Africa Region Qualifiers,ODM,S Khalifa,0,Tanzania,Botswana,2017-04-08,,6
