player_id,match_id,runs_scored,player_out,balls_faced,fours_scored,sixes_scored,catches_taken,run_out_direct,run_out_throw,stumpings_done,dot_balls_as_batsman,order_seenballs_bowled,runs_conceded,wickets_taken,bowled_done,lbw_done,maidens,dot_balls_as_bowler,gender,series_name,match_type,name,out_kind,player_team,opposition_team,start_date,end_date,balls_per_over
91056862,1283043,11,0,6,0,1,0,0,0,0,2,0,26,3,2,0,0,8,male,ICC Men's T20 World Cup Sub Regional Africa Qualifier,T20,SA Jumbe,0,Tanzania,Mozambique,2021-11-02,,6
91056862,1283045,0,0,0,0,0,0,0,0,0,0,0,13,0,0,0,0,5,male,ICC Men's T20 World Cup Sub Regional Africa Qualifier,T20,SA Jumbe,0,Tanzania,Sierra Leone,2021-11-03,,6
91056862,1283051,23,1,17,0,2,0,0,0,0,6,0,5,0,0,0,0,2,male,ICC Men's T20 World Cup Sub Regional Africa Qualifier,T20,SA Jumbe,caught and bowled,Tanzania,Botswana,2021-11-07,,6
91056862,1289042,0,0,0,0,0,0,0,0,0,0,0,23,2,0,1,0,12,male,ICC Men's T20 World Cup Africa Region Qualifier,T20,SA Jumbe,0,Tanzania,Nigeria,2021-11-17,,6
91056862,1289045,20,0,14,0,1,0,0,0,0,4,0,36,1,0,0,0,3,male,ICC Men's T20 World Cup Africa Region Qualifier,T20,SA Jumbe,0,Tanzania,Kenya,2021-11-17,,6
91056862,1289046,0,1,1,0,0,0,0,0,0,1,0,16,0,0,0,0,9,male,ICC Men's T20 World Cup Africa Region Qualifier,T20,SA Jumbe,0,Tanzania,Uganda,2021-11-18,,6
91056862,1289048,7,1,10,1,0,0,0,0,0,6,0,19,0,0,0,0,3,male,ICC Men's T20 World Cup Africa Region Qualifier,T20,SA Jumbe,0,Tanzania,Kenya,2021-11-18,,6
91056862,1332497,5,1,4,1,0,0,0,0,0,2,0,17,0,0,0,0,5,male,Africa Cricket Association Cup,T20,SA Jumbe,caught,Tanzania,Kenya,2022-09-17,,6
91056862,1332509,28,1,18,4,1,2,0,0,0,8,0,19,0,0,0,0,11,male,Africa Cricket Association Cup,T20,SA Jumbe,0,Tanzania,Botswana,2022-09-21,,6
91056862,1332510,0,0,2,0,0,0,0,0,0,2,0,35,1,0,0,0,10,male,Africa Cricket Association Cup,T20,SA Jumbe,0,Tanzania,Uganda,2022-09-22,,6
91056862,1343768,0,0,0,0,0,1,0,0,0,0,0,21,0,0,0,0,4,male,ICC Men's T20 World Cup Sub Regional Africa Qualifier,T20,SA Jumbe,0,Tanzania,Sierra Leone,2022-12-01,,6
91056862,1343778,7,0,8,1,0,0,0,1,0,4,0,24,0,0,0,0,9,male,ICC Men's T20 World Cup Sub Regional Africa Qualifier,T20,SA Jumbe,0,Tanzania,Ghana,2022-12-04,,6
91056862,1343780,0,0,0,0,0,0,0,0,0,0,0,1,0,0,0,0,5,male,ICC Men's T20 World Cup Sub Regional Africa Qualifier,T20,SA Jumbe,0,Tanzania,Mozambique,2022-12-05,,6
91056862,1343784,8,1,7,2,0,0,0,0,0,5,0,13,0,0,0,0,5,male,ICC Men's T20 World Cup Sub Regional Africa Qualifier,T20,SA Jumbe,0,Tanzania,Eswatini,2022-12-06,,6
91056862,1343790,0,0,0,0,0,0,0,1,0,0,0,29,1,0,1,0,7,male,ICC Men's T20 World Cup Sub Regional Africa Qualifier,T20,SA Jumbe,0,Tanzania,Nigeria,2022-12-08,,6
91056862,1349124,0,0,0,0,0,1,0,0,0,0,0,11,0,0,0,0,6,male,Tri-Nation T20 Cup (Rwanda),T20,SA Jumbe,0,Tanzania,Rwanda,2022-12-13,,6
91056862,1349127,7,1,20,1,0,0,0,0,0,16,0,0,0,0,0,0,0,male,Tri-Nation T20 Cup (Rwanda),T20,SA Jumbe,caught,Tanzania,Uganda,2022-12-14,,6
91056862,1349129,9,1,9,0,1,0,0,0,0,6,0,33,2,1,0,0,8,male,Tri-Nation T20 Cup (Rwanda),T20,SA Jumbe,0,Tanzania,Uganda,2022-12-15,,6
91056862,1349131,18,1,14,1,1,0,0,0,0,6,0,33,4,3,0,0,6,male,Tri-Nation T20 Cup (Rwanda),T20,SA Jumbe,caught,Tanzania,Rwanda,2022-12-16,,6
91056862,1349133,1,0,1,0,0,0,0,0,0,0,0,16,3,0,0,0,5,male,Tri-Nation T20 Cup (Rwanda),T20,SA Jumbe,0,Tanzania,Rwanda,2022-12-18,,6
91056862,1349132,1,1,8,0,0,0,0,0,0,7,0,32,0,0,0,0,6,male,Tri-Nation T20 Cup (Rwanda),T20,SA Jumbe,caught,Tanzania,Uganda,2022-12-18,,6
91056862,1349134,12,0,6,0,1,0,0,0,0,2,0,24,4,2,0,0,15,male,Tri-Nation T20 Cup (Rwanda),T20,SA Jumbe,0,Tanzania,Uganda,2022-12-19,,6
91056862,1349136,0,1,2,0,0,0,0,0,0,2,0,18,0,0,0,0,4,male,Tri-Nation T20 Cup (Rwanda),T20,SA Jumbe,caught,Tanzania,Rwanda,2022-12-20,,6
91056862,1349138,34,1,36,3,1,0,0,0,0,18,0,29,0,0,0,0,13,male,Tri-Nation T20 Cup (Rwanda),T20,SA Jumbe,0,Tanzania,Rwanda,2022-12-22,,6
91056862,1349139,12,1,17,1,0,0,0,0,0,10,0,35,2,1,0,0,8,male,Tri-Nation T20 Cup (Rwanda),T20,SA Jumbe,0,Tanzania,Uganda,2022-12-22,,6
91056862,1393310,8,1,8,1,0,0,0,0,0,4,0,40,0,0,0,0,12,male,East Africa Cup,T20,SA Jumbe,0,Tanzania,Uganda,2023-08-20,,6
91056862,1393311,1,1,3,0,0,0,0,0,0,2,0,31,0,0,0,0,8,male,East Africa Cup,T20,SA Jumbe,0,Tanzania,Uganda,2023-08-21,,6
91056862,1393328,0,0,0,0,0,0,0,0,0,0,0,13,1,0,0,0,10,male,East Africa Cup,T20,SA Jumbe,0,Tanzania,Rwanda,2023-08-22,,6
91056862,1393314,1,1,3,0,0,0,0,0,0,2,0,33,2,2,0,0,10,male,East Africa Cup,T20,SA Jumbe,caught,Tanzania,Uganda,2023-08-24,,6
91056862,1393315,1,1,9,0,0,1,0,0,0,8,0,24,1,0,0,0,10,male,East Africa Cup,T20,SA Jumbe,0,Tanzania,Rwanda,2023-08-25,,6
91056862,1393329,8,0,7,1,0,0,0,0,0,3,0,25,4,1,0,0,18,male,East Africa Cup,T20,SA Jumbe,0,Tanzania,Uganda,2023-08-25,,6
91056862,1393330,12,0,5,3,0,0,0,0,0,2,0,23,3,1,0,0,14,male,East Africa Cup,T20,SA Jumbe,0,Tanzania,Rwanda,2023-08-27,,6
91056862,1393317,0,1,2,0,0,1,0,0,0,2,0,45,1,0,0,0,6,male,East Africa Cup,T20,SA Jumbe,caught,Tanzania,Uganda,2023-08-28,,6
91056862,1393331,0,0,0,0,0,0,0,0,0,0,0,15,2,1,0,0,12,male,East Africa Cup,T20,SA Jumbe,0,Tanzania,Rwanda,2023-08-30,,6
91056862,1393319,2,1,8,0,0,0,0,0,0,6,0,25,1,0,1,0,11,male,East Africa Cup,T20,SA Jumbe,lbw,Tanzania,Uganda,2023-08-30,,6
91056862,1393332,0,0,0,0,0,0,0,0,0,0,0,18,1,1,0,0,14,male,East Africa Cup,T20,SA Jumbe,0,Tanzania,Rwanda,2023-08-31,,6
91056862,1407090,1,1,7,0,0,0,0,0,0,6,0,10,0,0,0,0,11,male,ICC Men's T20 World Cup Africa Region Qualifier,T20,SA Jumbe,0,Tanzania,Uganda,2023-11-22,,6
91056862,1407093,24,0,15,1,2,0,0,0,0,6,0,23,0,0,0,0,2,male,ICC Men's T20 World Cup Africa Region Qualifier,T20,SA Jumbe,0,Tanzania,Zimbabwe,2023-11-23,,6
91056862,1407096,10,1,8,1,0,0,0,0,0,2,0,39,0,0,0,0,10,male,ICC Men's T20 World Cup Africa Region Qualifier,T20,SA Jumbe,lbw,Tanzania,Kenya,2023-11-25,,6
91056862,1407098,13,0,8,2,0,1,0,0,0,2,0,26,2,0,0,0,9,male,ICC Men's T20 World Cup Africa Region Qualifier,T20,SA Jumbe,0,Tanzania,Nigeria,2023-11-26,,6
91056862,1407103,0,0,0,0,0,2,0,0,0,0,0,43,1,0,0,0,12,male,ICC Men's T20 World Cup Africa Region Qualifier,T20,SA Jumbe,0,Tanzania,Namibia,2023-11-28,,6
91056862,1407105,76,1,49,6,4,0,0,0,0,17,0,26,1,0,0,0,10,male,ICC Men's T20 World Cup Africa Region Qualifier,T20,SA Jumbe,0,Tanzania,Rwanda,2023-11-29,,6
91056862,1422807,25,1,21,1,2,0,0,0,0,10,0,29,1,0,0,0,11,male,Malaysia Open T20 Championship,T20,SA Jumbe,caught,Tanzania,Vanuatu,2024-03-05,,6
91056862,1422809,19,1,30,1,1,0,0,0,0,19,0,13,2,0,1,0,5,male,Malaysia Open T20 Championship,T20,SA Jumbe,0,Tanzania,Kuwait,2024-03-06,,6
91056862,1422814,2,1,8,0,0,1,0,0,0,6,0,39,1,1,0,0,8,male,Malaysia Open T20 Championship,T20,SA Jumbe,caught,Tanzania,Bahrain,2024-03-09,,6
91056862,1422816,3,1,3,0,0,1,0,0,0,1,0,12,0,0,0,0,8,male,Malaysia Open T20 Championship,T20,SA Jumbe,caught,Tanzania,Malaysia,2024-03-10,,6
91056862,1424753,14,1,11,0,1,0,0,0,0,4,0,11,5,5,0,1,15,male,African Games,T20,SA Jumbe,0,Tanzania,Nigeria,2024-03-17,,6
91056862,1424756,3,1,15,0,0,0,0,0,0,12,0,14,0,0,0,0,4,male,African Games,T20,SA Jumbe,bowled,Tanzania,Zimbabwe,2024-03-18,,6
91056862,1424763,0,1,2,0,0,0,0,0,0,2,0,8,0,0,0,0,3,male,African Games,T20,SA Jumbe,0,Tanzania,Namibia,2024-03-20,,6
