player_id,match_id,runs_scored,player_out,balls_faced,fours_scored,sixes_scored,catches_taken,run_out_direct,run_out_throw,stumpings_done,dot_balls_as_batsman,order_seenballs_bowled,runs_conceded,wickets_taken,bowled_done,lbw_done,maidens,dot_balls_as_bowler,gender,series_name,match_type,name,out_kind,player_team,opposition_team,start_date,end_date,balls_per_over
5f36cd39,1407866,0,1,2,0,0,0,0,0,1,2,0,0,0,0,0,0,0,female,Women's T20 Quadrangular Series (in Hong Kong),T20,SD Hussein,0,Tanzania,Japan,2023-11-16,,6
5f36cd39,1423460,0,0,0,0,0,0,0,0,0,0,0,0,0,0,0,0,0,female,Women's African Games,T20,SD Hussein,0,Tanzania,Nigeria,2024-03-07,,6
5f36cd39,1423463,0,1,2,0,0,0,0,0,0,2,0,0,0,0,0,0,0,female,Women's African Games,T20,SD Hussein,0,Tanzania,South Africa,2024-03-08,,6
5f36cd39,1423467,1,0,2,0,0,1,0,0,0,1,0,0,0,0,0,0,0,female,Women's African Games,T20,SD Hussein,0,Tanzania,Namibia,2024-03-10,,6
