player_id,match_id,runs_scored,player_out,balls_faced,fours_scored,sixes_scored,catches_taken,run_out_direct,run_out_throw,stumpings_done,dot_balls_as_batsman,order_seenballs_bowled,runs_conceded,wickets_taken,bowled_done,lbw_done,maidens,dot_balls_as_bowler,gender,series_name,match_type,name,out_kind,player_team,opposition_team,start_date,end_date,balls_per_over
e393c6c1,1275108,3,1,7,0,0,0,0,0,0,4,0,23,0,0,0,0,10,female,ICC Women's T20 World Cup Africa Region Qualifier,T20,SF Jerome,0,Tanzania,Zimbabwe,2021-09-10,,6
e393c6c1,1275114,0,0,0,0,0,0,0,0,0,0,0,3,2,2,0,0,11,female,ICC Women's T20 World Cup Africa Region Qualifier,T20,SF Jerome,0,Tanzania,Mozambique,2021-09-11,,6
e393c6c1,1275118,11,0,21,0,0,0,0,0,0,12,0,18,1,0,0,0,15,female,ICC Women's T20 World Cup Africa Region Qualifier,T20,SF Jerome,0,Tanzania,Rwanda,2021-09-13,,6
e393c6c1,1275122,0,0,0,0,0,0,0,0,0,0,0,7,3,1,0,0,19,female,ICC Women's T20 World Cup Africa Region Qualifier,T20,SF Jerome,0,Tanzania,Eswatini,2021-09-14,,6
e393c6c1,1275128,0,0,0,0,0,0,0,0,0,0,0,18,3,2,0,1,12,female,ICC Women's T20 World Cup Africa Region Qualifier,T20,SF Jerome,0,Tanzania,Botswana,2021-09-16,,6
e393c6c1,1275131,0,0,0,0,0,0,0,1,0,0,0,11,1,0,0,0,17,female,ICC Women's T20 World Cup Africa Region Qualifier,T20,SF Jerome,0,Tanzania,Uganda,2021-09-19,,6
e393c6c1,1318377,0,0,0,0,0,0,0,0,0,0,0,8,1,1,0,1,14,female,Kwibuka Women's Twenty20 Tournament,T20,SF Jerome,0,Tanzania,Botswana,2022-06-10,,6
e393c6c1,1318381,0,0,0,0,0,0,0,0,0,0,0,19,0,0,0,0,13,female,Kwibuka Women's Twenty20 Tournament,T20,SF Jerome,0,Tanzania,Uganda,2022-06-11,,6
e393c6c1,1407868,6,1,6,1,0,1,0,0,0,3,0,6,3,0,0,0,14,female,Women's T20 Quadrangular Series (in Hong Kong),T20,SF Jerome,0,Tanzania,Nepal,2023-11-15,,6
e393c6c1,1407866,25,1,15,3,0,0,0,0,0,3,0,1,0,0,0,0,5,female,Women's T20 Quadrangular Series (in Hong Kong),T20,SF Jerome,0,Tanzania,Japan,2023-11-16,,6
e393c6c1,1407865,7,1,15,0,0,0,0,0,0,9,0,14,0,0,0,0,15,female,Women's T20 Quadrangular Series (in Hong Kong),T20,SF Jerome,0,Tanzania,Hong Kong,2023-11-18,,6
e393c6c1,1407871,0,1,1,0,0,0,0,0,0,1,0,21,1,0,0,0,7,female,Women's T20 Quadrangular Series (in Hong Kong),T20,SF Jerome,caught,Tanzania,Hong Kong,2023-11-19,,6
e393c6c1,1411262,0,0,0,0,0,1,0,0,0,0,0,11,1,0,0,0,22,female,ICC Women's T20 World Cup Africa Region Qualifier,T20,SF Jerome,0,Tanzania,Botswana,2023-12-09,,6
e393c6c1,1411265,0,0,0,0,0,0,0,2,0,0,0,4,0,0,0,0,3,female,ICC Women's T20 World Cup Africa Region Qualifier,T20,SF Jerome,0,Tanzania,Kenya,2023-12-11,,6
e393c6c1,1411274,7,0,6,1,0,0,0,0,0,2,0,21,0,0,0,0,12,female,ICC Women's T20 World Cup Africa Region Qualifier,T20,SF Jerome,0,Tanzania,Uganda,2023-12-16,,6
e393c6c1,1423460,0,0,0,0,0,0,0,0,0,0,0,0,0,0,0,0,0,female,Women's African Games,T20,SF Jerome,0,Tanzania,Nigeria,2024-03-07,,6
e393c6c1,1423463,3,0,9,0,0,0,0,0,0,6,0,17,0,0,0,0,6,female,Women's African Games,T20,SF Jerome,0,Tanzania,South Africa,2024-03-08,,6
e393c6c1,1423467,6,1,9,1,0,0,0,0,0,7,0,18,1,0,0,0,6,female,Women's African Games,T20,SF Jerome,0,Tanzania,Namibia,2024-03-10,,6
