player_id,match_id,runs_scored,player_out,balls_faced,fours_scored,sixes_scored,catches_taken,run_out_direct,run_out_throw,stumpings_done,dot_balls_as_batsman,order_seenballs_bowled,runs_conceded,wickets_taken,bowled_done,lbw_done,maidens,dot_balls_as_bowler,gender,series_name,match_type,name,out_kind,player_team,opposition_team,start_date,end_date,balls_per_over
10ab6a37,1118917,0,0,0,0,0,1,0,0,0,0,0,0,0,0,0,0,0,female,ICC Women's World Twenty20 Qualifying Series Africa Region,IT20,SH Mohamedi,0,Tanzania,Kenya,2017-09-08,,6
10ab6a37,1118918,0,0,0,0,0,0,0,0,0,0,0,0,0,0,0,0,0,female,ICC Women's World Twenty20 Qualifying Series Africa Region,IT20,SH Mohamedi,0,Tanzania,Uganda,2017-09-09,,6
10ab6a37,1118923,0,0,0,0,0,0,0,0,0,0,0,0,0,0,0,0,0,female,ICC Women's World Twenty20 Qualifying Series Africa Region,IT20,SH Mohamedi,0,Tanzania,Namibia,2017-09-12,,6
10ab6a37,1120537,0,0,0,0,0,0,0,0,0,0,0,0,0,0,0,0,0,female,ICC Women's World Twenty20 Qualifying Series Africa Region,IT20,SH Mohamedi,0,Tanzania,Namibia,2017-09-15,,6
10ab6a37,1182649,0,1,5,0,0,0,0,0,0,5,0,0,0,0,0,0,0,female,ICC Women's T20 World Cup Africa Region Qualifier,T20,SH Mohamedi,bowled,Tanzania,Zimbabwe,2019-05-06,,6
10ab6a37,1182657,0,0,0,0,0,0,0,0,1,0,0,0,0,0,0,0,0,female,ICC Women's T20 World Cup Africa Region Qualifier,T20,SH Mohamedi,0,Tanzania,Rwanda,2019-05-11,,6
10ab6a37,1188786,0,0,2,0,0,0,0,0,1,2,0,0,0,0,0,0,0,female,Kwibuka Women's Twenty20 Tournament,T20,SH Mohamedi,0,Tanzania,Uganda,2019-06-18,,6
10ab6a37,1275114,0,0,0,0,0,0,0,1,0,0,0,0,0,0,0,0,0,female,ICC Women's T20 World Cup Africa Region Qualifier,T20,SH Mohamedi,0,Tanzania,Mozambique,2021-09-11,,6
10ab6a37,1275118,5,0,8,0,0,1,0,0,1,4,0,0,0,0,0,0,0,female,ICC Women's T20 World Cup Africa Region Qualifier,T20,SH Mohamedi,0,Tanzania,Rwanda,2021-09-13,,6
10ab6a37,1275128,0,0,0,0,0,0,0,0,1,0,0,0,0,0,0,0,0,female,ICC Women's T20 World Cup Africa Region Qualifier,T20,SH Mohamedi,0,Tanzania,Botswana,2021-09-16,,6
10ab6a37,1318377,28,1,27,4,0,2,0,0,0,15,0,0,0,0,0,0,0,female,Kwibuka Women's Twenty20 Tournament,T20,SH Mohamedi,bowled,Tanzania,Botswana,2022-06-10,,6
10ab6a37,1318381,23,1,27,2,0,0,0,1,1,13,0,0,0,0,0,0,0,female,Kwibuka Women's Twenty20 Tournament,T20,SH Mohamedi,0,Tanzania,Uganda,2022-06-11,,6
10ab6a37,1318404,19,1,27,1,0,0,0,1,0,15,0,0,0,0,0,0,0,female,Kwibuka Women's Twenty20 Tournament,T20,SH Mohamedi,0,Tanzania,Kenya,2022-06-18,,6
10ab6a37,1349150,9,1,9,1,0,0,0,0,1,4,0,0,0,0,0,0,0,female,Kenya Quadrangular Women's T20 Series,T20,SH Mohamedi,0,Tanzania,Qatar,2022-12-18,,6
10ab6a37,1346545,36,1,39,5,0,0,0,0,2,23,0,0,0,0,0,0,0,female,Kenya Quadrangular Women's T20 Series,T20,SH Mohamedi,0,Tanzania,Kenya,2022-12-19,,6
10ab6a37,1349151,5,1,6,1,0,0,0,0,0,4,0,0,0,0,0,0,0,female,Kenya Quadrangular Women's T20 Series,T20,SH Mohamedi,0,Tanzania,Qatar,2022-12-21,,6
10ab6a37,1407868,1,0,2,0,0,0,1,0,1,1,0,0,0,0,0,0,0,female,Women's T20 Quadrangular Series (in Hong Kong),T20,SH Mohamedi,0,Tanzania,Nepal,2023-11-15,,6
10ab6a37,1407865,0,1,5,0,0,0,0,0,0,5,0,0,0,0,0,0,0,female,Women's T20 Quadrangular Series (in Hong Kong),T20,SH Mohamedi,0,Tanzania,Hong Kong,2023-11-18,,6
10ab6a37,1407871,1,1,3,0,0,0,0,0,0,2,0,0,0,0,0,0,0,female,Women's T20 Quadrangular Series (in Hong Kong),T20,SH Mohamedi,run out,Tanzania,Hong Kong,2023-11-19,,6
10ab6a37,1411262,0,0,0,0,0,0,0,0,0,0,0,0,0,0,0,0,0,female,ICC Women's T20 World Cup Africa Region Qualifier,T20,SH Mohamedi,0,Tanzania,Botswana,2023-12-09,,6
10ab6a37,1411265,0,0,0,0,0,0,0,0,0,0,0,0,0,0,0,0,0,female,ICC Women's T20 World Cup Africa Region Qualifier,T20,SH Mohamedi,0,Tanzania,Kenya,2023-12-11,,6
10ab6a37,1411270,0,0,0,0,0,0,0,0,1,0,0,0,0,0,0,0,0,female,ICC Women's T20 World Cup Africa Region Qualifier,T20,SH Mohamedi,0,Tanzania,Zimbabwe,2023-12-13,,6
10ab6a37,1411274,0,1,1,0,0,1,0,0,0,1,0,0,0,0,0,0,0,female,ICC Women's T20 World Cup Africa Region Qualifier,T20,SH Mohamedi,0,Tanzania,Uganda,2023-12-16,,6
