player_id,match_id,runs_scored,player_out,balls_faced,fours_scored,sixes_scored,catches_taken,run_out_direct,run_out_throw,stumpings_done,dot_balls_as_batsman,order_seenballs_bowled,runs_conceded,wickets_taken,bowled_done,lbw_done,maidens,dot_balls_as_bowler,gender,series_name,match_type,name,out_kind,player_team,opposition_team,start_date,end_date,balls_per_over
1b77c4c6,1393311,9,1,8,0,0,0,0,0,0,2,0,16,1,0,0,0,2,male,East Africa Cup,T20,Shaik Basha,0,Tanzania,Uganda,2023-08-21,,6
1b77c4c6,1393328,0,0,0,0,0,0,0,0,0,0,0,22,1,1,0,0,5,male,East Africa Cup,T20,Shaik Basha,0,Tanzania,Rwanda,2023-08-22,,6
1b77c4c6,1393314,1,1,3,0,0,0,0,0,0,2,0,0,0,0,0,0,0,male,East Africa Cup,T20,Shaik Basha,bowled,Tanzania,Uganda,2023-08-24,,6
1b77c4c6,1393315,9,1,14,0,0,0,0,0,0,7,0,32,2,1,0,0,9,male,East Africa Cup,T20,Shaik Basha,0,Tanzania,Rwanda,2023-08-25,,6
1b77c4c6,1393317,43,1,24,1,4,1,0,0,0,5,0,0,0,0,0,0,0,male,East Africa Cup,T20,Shaik Basha,bowled,Tanzania,Uganda,2023-08-28,,6
1b77c4c6,1393319,5,1,11,0,0,0,0,0,0,7,0,29,2,0,0,0,6,male,East Africa Cup,T20,Shaik Basha,caught,Tanzania,Uganda,2023-08-30,,6
1b77c4c6,1393331,0,0,0,0,0,1,0,0,0,0,0,3,1,1,0,0,4,male,East Africa Cup,T20,Shaik Basha,0,Tanzania,Rwanda,2023-08-30,,6
1b77c4c6,1393332,2,0,3,0,0,0,0,0,0,1,0,15,1,0,0,0,3,male,East Africa Cup,T20,Shaik Basha,0,Tanzania,Rwanda,2023-08-31,,6
