player_id,match_id,runs_scored,player_out,balls_faced,fours_scored,sixes_scored,catches_taken,run_out_direct,run_out_throw,stumpings_done,dot_balls_as_batsman,order_seenballs_bowled,runs_conceded,wickets_taken,bowled_done,lbw_done,maidens,dot_balls_as_bowler,gender,series_name,match_type,name,out_kind,player_team,opposition_team,start_date,end_date,balls_per_over
88e90658,1118918,0,0,0,0,0,0,0,0,0,0,0,10,0,0,0,0,6,female,ICC Women's World Twenty20 Qualifying Series Africa Region,IT20,TS Omary,0,Tanzania,Uganda,2017-09-09,,6
88e90658,1118923,6,1,9,0,0,0,0,0,0,5,0,13,0,0,0,0,5,female,ICC Women's World Twenty20 Qualifying Series Africa Region,IT20,TS Omary,bowled,Tanzania,Namibia,2017-09-12,,6
88e90658,1120537,23,0,33,2,0,0,0,0,0,17,0,14,1,0,0,0,12,female,ICC Women's World Twenty20 Qualifying Series Africa Region,IT20,TS Omary,0,Tanzania,Namibia,2017-09-15,,6
88e90658,1182649,10,1,26,1,0,3,0,0,0,21,0,20,0,0,0,0,11,female,ICC Women's T20 World Cup Africa Region Qualifier,T20,TS Omary,caught,Tanzania,Zimbabwe,2019-05-06,,6
88e90658,1182657,6,1,10,1,0,0,0,0,0,7,0,15,0,0,0,0,13,female,ICC Women's T20 World Cup Africa Region Qualifier,T20,TS Omary,caught and bowled,Tanzania,Rwanda,2019-05-11,,6
88e90658,1188786,1,1,4,0,0,0,0,0,0,3,0,15,1,1,0,0,15,female,Kwibuka Women's Twenty20 Tournament,T20,TS Omary,0,Tanzania,Uganda,2019-06-18,,6
88e90658,1318395,0,0,0,0,0,0,0,0,0,0,0,11,2,0,0,0,20,female,Kwibuka Women's Twenty20 Tournament,T20,TS Omary,0,Tanzania,Nigeria,2022-06-15,,6
88e90658,1318404,2,1,3,0,0,0,0,0,0,1,0,11,0,0,0,0,15,female,Kwibuka Women's Twenty20 Tournament,T20,TS Omary,run out,Tanzania,Kenya,2022-06-18,,6
88e90658,1349150,0,0,0,0,0,0,0,0,0,0,0,16,0,0,0,0,2,female,Kenya Quadrangular Women's T20 Series,T20,TS Omary,0,Tanzania,Qatar,2022-12-18,,6
88e90658,1423463,9,1,10,0,0,0,0,0,0,4,0,0,0,0,0,0,0,female,Women's African Games,T20,TS Omary,0,Tanzania,South Africa,2024-03-08,,6
88e90658,1423467,6,1,14,0,0,0,0,0,0,11,0,12,2,0,0,0,4,female,Women's African Games,T20,TS Omary,0,Tanzania,Namibia,2024-03-10,,6
