player_id,match_id,runs_scored,player_out,balls_faced,fours_scored,sixes_scored,catches_taken,run_out_direct,run_out_throw,stumpings_done,dot_balls_as_batsman,order_seenballs_bowled,runs_conceded,wickets_taken,bowled_done,lbw_done,maidens,dot_balls_as_bowler,gender,series_name,match_type,name,out_kind,player_team,opposition_team,start_date,end_date,balls_per_over
438aef39,576402,0,0,0,0,0,0,0,0,0,0,0,18,1,0,1,0,27,male,ICC World Cricket League Division Four,ODM,ZR Jaboneke,0,Tanzania,Denmark,2012-09-03,,6
438aef39,576407,5,0,5,1,0,0,0,0,0,3,0,15,0,0,0,0,13,male,ICC World Cricket League Division Four,ODM,ZR Jaboneke,0,Tanzania,Nepal,2012-09-04,,6
438aef39,576408,0,1,1,0,0,0,0,0,0,1,0,17,0,0,0,0,7,male,ICC World Cricket League Division Four,ODM,ZR Jaboneke,bowled,Tanzania,United States of America,2012-09-06,,6
438aef39,576412,7,0,4,1,0,0,0,0,0,1,0,0,0,0,0,0,0,male,ICC World Cricket League Division Four,ODM,ZR Jaboneke,0,Tanzania,Singapore,2012-09-07,,6
438aef39,1151244,43,1,27,3,3,0,0,0,0,9,0,13,0,0,0,0,2,male,ICC World Twenty20 Africa Region Qualifier B,IT20,ZR Jaboneke,caught,Tanzania,Rwanda,2018-07-07,,6
438aef39,1151247,1,1,2,0,0,0,0,0,0,1,0,0,0,0,0,0,0,male,ICC World Twenty20 Africa Region Qualifier B,IT20,ZR Jaboneke,0,Tanzania,Kenya,2018-07-10,,6
438aef39,1151249,32,0,12,2,3,0,0,0,0,1,0,28,3,0,0,0,5,male,ICC World Twenty20 Africa Region Qualifier B,IT20,ZR Jaboneke,0,Tanzania,Uganda,2018-07-11,,6
438aef39,1151251,0,1,3,0,0,1,0,0,0,3,0,36,0,0,0,0,7,male,ICC World Twenty20 Africa Region Qualifier B,IT20,ZR Jaboneke,0,Tanzania,Kenya,2018-07-13,,6
438aef39,1151253,6,1,2,0,1,0,0,0,0,1,0,13,0,0,0,0,1,male,ICC World Twenty20 Africa Region Qualifier B,IT20,ZR Jaboneke,0,Tanzania,Rwanda,2018-07-14,,6
438aef39,1283049,0,0,0,0,0,0,0,1,0,0,0,9,0,0,0,0,2,male,ICC Men's T20 World Cup Sub Regional Africa Qualifier,T20,ZR Jaboneke,0,Tanzania,Cameroon,2021-11-06,,6
438aef39,1289050,6,1,14,0,0,0,0,0,0,8,0,0,0,0,0,0,0,male,ICC Men's T20 World Cup Africa Region Qualifier,T20,ZR Jaboneke,0,Tanzania,Uganda,2021-11-20,,6
438aef39,1289053,0,0,0,0,0,2,0,0,0,0,0,0,0,0,0,0,0,male,ICC Men's T20 World Cup Africa Region Qualifier,T20,ZR Jaboneke,0,Tanzania,Nigeria,2021-11-20,,6
438aef39,1422807,7,1,10,0,0,0,0,0,0,3,0,0,0,0,0,0,0,male,Malaysia Open T20 Championship,T20,ZR Jaboneke,caught,Tanzania,Vanuatu,2024-03-05,,6
438aef39,1422814,12,0,12,0,1,0,0,0,0,5,0,0,0,0,0,0,0,male,Malaysia Open T20 Championship,T20,ZR Jaboneke,0,Tanzania,Bahrain,2024-03-09,,6
438aef39,1422816,6,1,7,0,0,0,0,0,0,4,0,17,1,0,0,0,15,male,Malaysia Open T20 Championship,T20,ZR Jaboneke,caught,Tanzania,Malaysia,2024-03-10,,6
438aef39,1424753,0,0,0,0,0,0,0,0,0,0,0,2,0,0,0,0,5,male,African Games,T20,ZR Jaboneke,0,Tanzania,Nigeria,2024-03-17,,6
438aef39,1424756,1,0,2,0,0,0,0,0,0,1,0,0,0,0,0,0,0,male,African Games,T20,ZR Jaboneke,0,Tanzania,Zimbabwe,2024-03-18,,6
