player_id,match_id,runs_scored,player_out,balls_faced,fours_scored,sixes_scored,catches_taken,run_out_direct,run_out_throw,stumpings_done,dot_balls_as_batsman,order_seenballs_bowled,runs_conceded,wickets_taken,bowled_done,lbw_done,maidens,dot_balls_as_bowler,gender,series_name,match_type,name,out_kind,player_team,opposition_team,start_date,end_date,balls_per_over
bf573bfd,580784,33,1,32,3,1,1,0,0,0,15,0,0,0,0,0,0,0,male,HRV Cup,T20,DC de Boorder,bowled,Otago,Wellington,2013-01-20,,6
bf573bfd,665677,29,1,24,1,1,2,0,0,1,5,0,0,0,0,0,0,0,male,HRV Twenty20,T20,DC de Boorder,0,Otago,Auckland,2014-01-03,,6
bf573bfd,665703,10,0,12,1,0,0,0,0,0,5,0,0,0,0,0,0,0,male,HRV Twenty20,T20,DC de Boorder,0,Otago,Northern Districts,2014-01-18,,6
bf573bfd,770763,10,2,20,1,0,2,0,0,0,15,0,0,0,0,0,0,0,male,Plunket Shield,MDM,DC de Boorder,caught,Otago Volts,Central Stags,2014-10-26,2014-10-27,6
bf573bfd,770769,25,2,82,4,0,3,0,0,0,72,0,0,0,0,0,0,0,male,Plunket Shield,MDM,DC de Boorder,lbw,Otago Volts,Northern Districts,2014-12-11,2014-12-12,6
bf573bfd,770771,44,1,151,5,0,5,0,0,0,129,0,0,0,0,0,0,0,male,Plunket Shield,MDM,DC de Boorder,0,Otago Volts,Canterbury,2014-12-18,2014-12-19,6
bf573bfd,770777,0,0,0,0,0,2,0,0,0,0,0,0,0,0,0,0,0,male,Plunket Shield,MDM,DC de Boorder,0,Otago Volts,Central Stags,2015-02-06,2015-02-07,6
bf573bfd,770783,204,1,337,34,1,3,0,0,0,255,0,0,0,0,0,0,0,male,Plunket Shield,MDM,DC de Boorder,0,Otago Volts,Wellington Firebirds,2015-02-16,2015-02-17,6
bf573bfd,770791,0,1,14,0,0,6,0,0,0,14,0,8,0,0,0,0,4,male,Plunket Shield,MDM,DC de Boorder,0,Otago Volts,Wellington Firebirds,2015-02-28,2015-03-01,6
bf573bfd,770799,78,1,124,7,2,6,0,1,0,83,0,0,0,0,0,0,0,male,Plunket Shield,MDM,DC de Boorder,0,Otago Volts,Auckland Aces,2015-03-09,2015-03-10,6
bf573bfd,770805,56,2,81,10,0,1,0,0,0,62,0,0,0,0,0,0,0,male,Plunket Shield,MDM,DC de Boorder,caught,Otago Volts,Northern Districts,2015-03-18,2015-03-19,6
bf573bfd,770807,80,0,172,9,1,6,0,0,0,131,0,0,0,0,0,0,0,male,Plunket Shield,MDM,DC de Boorder,0,Otago Volts,Canterbury,2015-03-25,2015-03-26,6
bf573bfd,770817,107,2,247,14,1,2,0,0,1,191,0,0,0,0,0,0,0,male,Plunket Shield,MDM,DC de Boorder,caught,Otago Volts,Auckland Aces,2015-04-01,2015-04-02,6
bf573bfd,917529,74,2,178,12,0,3,0,0,0,148,0,0,0,0,0,0,0,male,Plunket Shield,MDM,DC de Boorder,caught,Otago Volts,Wellington Firebirds,2015-12-17,2015-12-18,6
bf573bfd,917539,50,1,137,4,0,6,0,1,0,113,0,0,0,0,0,0,0,male,Plunket Shield,MDM,DC de Boorder,caught,Otago Volts,Wellington Firebirds,2016-02-05,2016-02-06,6
bf573bfd,917543,28,2,55,5,0,8,0,0,0,45,0,0,0,0,0,0,0,male,Plunket Shield,MDM,DC de Boorder,0,Otago Volts,Northern Districts,2016-02-13,2016-02-14,6
bf573bfd,917547,55,2,89,5,1,0,0,0,1,59,0,0,0,0,0,0,0,male,Plunket Shield,MDM,DC de Boorder,caught,Otago Volts,Auckland Aces,2016-02-20,2016-02-21,6
bf573bfd,917555,69,1,128,11,2,1,0,2,0,103,0,0,0,0,0,0,0,male,Plunket Shield,MDM,DC de Boorder,0,Otago Volts,Canterbury,2016-03-08,2016-03-09,6
bf573bfd,917563,86,2,91,7,4,5,0,0,0,51,0,0,0,0,0,0,0,male,Plunket Shield,MDM,DC de Boorder,0,Otago Volts,Auckland Aces,2016-03-15,2016-03-16,6
bf573bfd,917569,42,2,84,5,0,5,0,1,0,62,0,0,0,0,0,0,0,male,Plunket Shield,MDM,DC de Boorder,0,Otago Volts,Central Stags,2016-03-23,2016-03-24,6
bf573bfd,917573,11,1,61,1,0,1,0,0,0,55,0,0,0,0,0,0,0,male,Plunket Shield,MDM,DC de Boorder,lbw,Otago Volts,Northern Districts,2016-03-30,2016-03-31,6
bf573bfd,1051813,29,0,55,2,0,2,0,0,0,35,0,0,0,0,0,0,0,male,Plunket Shield,MDM,DC de Boorder,0,Otago Volts,Central Stags,2016-10-22,2016-10-23,6
bf573bfd,1051823,21,2,88,3,0,2,0,0,0,76,0,0,0,0,0,0,0,male,Plunket Shield,MDM,DC de Boorder,0,Otago Volts,Auckland Aces,2016-10-29,2016-10-30,6
bf573bfd,1051829,66,0,99,8,0,5,0,0,1,62,0,0,0,0,0,0,0,male,Plunket Shield,MDM,DC de Boorder,0,Otago Volts,Central Stags,2016-11-05,2016-11-06,6
bf573bfd,1051837,9,1,29,1,0,2,0,0,0,25,0,0,0,0,0,0,0,male,Plunket Shield,MDM,DC de Boorder,caught,Otago Volts,Wellington Firebirds,2016-11-22,2016-11-23,6
bf573bfd,1051845,92,2,217,9,0,2,0,0,0,169,0,0,0,0,0,0,0,male,Plunket Shield,MDM,DC de Boorder,caught,Otago Volts,Northern Districts,2017-02-25,2017-02-26,6
bf573bfd,1051853,2,2,30,0,0,3,0,0,0,29,0,0,0,0,0,0,0,male,Plunket Shield,MDM,DC de Boorder,0,Otago Volts,Wellington Firebirds,2017-03-06,2017-03-07,6
bf573bfd,1051859,70,2,181,8,0,1,0,0,0,148,0,0,0,0,0,0,0,male,Plunket Shield,MDM,DC de Boorder,caught,Otago Volts,Canterbury,2017-03-14,2017-03-15,6
bf573bfd,1051861,50,2,140,5,0,4,0,0,0,111,0,0,0,0,0,0,0,male,Plunket Shield,MDM,DC de Boorder,lbw,Otago Volts,Auckland Aces,2017-03-21,2017-03-22,6
bf573bfd,1051871,68,2,176,10,0,6,0,0,1,140,0,0,0,0,0,0,0,male,Plunket Shield,MDM,DC de Boorder,0,Otago Volts,Northern Districts,2017-03-29,2017-03-30,6
bf573bfd,1120110,2,1,6,0,0,5,0,0,0,5,0,0,0,0,0,0,0,male,Plunket Shield,MDM,DC de Boorder,0,Otago Volts,Canterbury,2017-10-23,2017-10-24,6
bf573bfd,1120113,21,2,84,2,0,0,0,0,0,74,0,0,0,0,0,0,0,male,Plunket Shield,MDM,DC de Boorder,0,Otago Volts,Wellington Firebirds,2017-10-30,2017-10-31,6
bf573bfd,1120116,53,2,161,5,0,9,0,0,0,130,0,0,0,0,0,0,0,male,Plunket Shield,MDM,DC de Boorder,bowled,Otago Volts,Auckland Aces,2017-11-07,2017-11-08,6
bf573bfd,1120118,147,1,242,18,3,4,0,0,1,169,0,0,0,0,0,0,0,male,Plunket Shield,MDM,DC de Boorder,0,Otago Volts,Central Stags,2017-11-15,2017-11-16,6
bf573bfd,1120122,55,2,159,6,0,3,0,0,0,131,0,0,0,0,0,0,0,male,Plunket Shield,MDM,DC de Boorder,0,Otago Volts,Northern Districts,2017-11-24,2017-11-25,6
bf573bfd,1118535,11,1,16,1,0,1,0,0,0,8,0,0,0,0,0,0,0,male,Super Smash,T20,DC de Boorder,0,Otago,Canterbury,2017-12-14,,6
bf573bfd,1118542,1,1,3,0,0,0,0,0,0,2,0,0,0,0,0,0,0,male,Super Smash,T20,DC de Boorder,caught,Otago,Northern Districts,2017-12-23,,6
bf573bfd,1118545,15,1,7,1,1,0,0,0,0,1,0,0,0,0,0,0,0,male,Super Smash,T20,DC de Boorder,0,Otago,Canterbury,2017-12-26,,6
bf573bfd,1118550,2,0,5,0,0,0,0,0,0,3,0,0,0,0,0,0,0,male,Super Smash,T20,DC de Boorder,0,Otago,Wellington,2017-12-31,,6
bf573bfd,1118552,15,1,20,1,0,0,0,0,0,8,0,0,0,0,0,0,0,male,Super Smash,T20,DC de Boorder,0,Otago,Northern Districts,2018-01-02,,6
bf573bfd,1118555,20,1,13,2,1,1,0,0,1,6,0,0,0,0,0,0,0,male,Super Smash,T20,DC de Boorder,bowled,Otago,Central Districts,2018-01-06,,6
bf573bfd,1118558,3,1,6,0,0,2,0,0,0,3,0,0,0,0,0,0,0,male,Super Smash,T20,DC de Boorder,caught,Otago,Central Districts,2018-01-09,,6
bf573bfd,1118563,50,0,40,2,2,1,0,0,0,9,0,0,0,0,0,0,0,male,Super Smash,T20,DC de Boorder,0,Otago,Auckland,2018-01-14,,6
bf573bfd,1120125,95,2,236,10,0,2,0,0,1,185,0,0,0,0,0,0,0,male,Plunket Shield,MDM,DC de Boorder,bowled,Otago Volts,Central Stags,2018-03-01,2018-03-02,6
bf573bfd,1120128,20,2,42,3,0,2,0,0,0,34,0,0,0,0,0,0,0,male,Plunket Shield,MDM,DC de Boorder,caught and bowled,Otago Volts,Wellington Firebirds,2018-03-10,2018-03-11,6
bf573bfd,1120130,89,1,186,11,0,0,0,0,0,139,0,0,0,0,0,0,0,male,Plunket Shield,MDM,DC de Boorder,lbw,Otago Volts,Northern Districts,2018-03-17,2018-03-18,6
bf573bfd,1120134,46,1,74,9,0,5,0,0,0,57,0,0,0,0,0,0,0,male,Plunket Shield,MDM,DC de Boorder,0,Otago Volts,Auckland Aces,2018-03-25,2018-03-26,6
bf573bfd,1120136,47,2,85,9,0,4,0,0,0,68,0,0,0,0,0,0,0,male,Plunket Shield,MDM,DC de Boorder,caught,Otago Volts,Canterbury,2018-04-02,2018-04-03,6
