player_id,match_id,runs_scored,player_out,balls_faced,fours_scored,sixes_scored,catches_taken,run_out_direct,run_out_throw,stumpings_done,dot_balls_as_batsman,order_seenballs_bowled,runs_conceded,wickets_taken,bowled_done,lbw_done,maidens,dot_balls_as_bowler,gender,series_name,match_type,name,out_kind,player_team,opposition_team,start_date,end_date,balls_per_over
2817e17a,1197793,0,0,0,0,0,0,0,0,0,0,0,28,0,0,0,0,6,female,New Zealand Cricket Women's Twenty20,T20,EJ Black,0,Otago,Central Districts,2020-01-02,,6
2817e17a,1197799,0,0,0,0,0,1,0,0,0,0,0,24,2,0,0,0,14,female,New Zealand Cricket Women's Twenty20,T20,EJ Black,0,Otago,Central Districts,2020-01-11,,6
2817e17a,1197802,13,0,7,1,0,1,0,0,0,1,0,14,1,0,0,0,8,female,New Zealand Cricket Women's Twenty20,T20,EJ Black,0,Otago,Canterbury,2020-01-14,,6
2817e17a,1197803,0,0,0,0,0,0,0,0,0,0,0,19,0,0,0,0,5,female,New Zealand Cricket Women's Twenty20,T20,EJ Black,0,Otago,Auckland,2020-01-16,,6
2817e17a,1234031,10,1,12,1,0,0,0,0,0,6,0,44,0,0,0,0,15,female,New Zealand Cricket Women's Twenty20,T20,EJ Black,run out,Otago,Auckland,2020-12-28,,6
2817e17a,1234032,3,1,4,0,0,0,0,0,0,2,0,18,0,0,0,0,8,female,New Zealand Cricket Women's Twenty20,T20,EJ Black,0,Otago,Canterbury,2020-12-29,,6
2817e17a,1234036,0,0,0,0,0,0,0,0,0,0,0,9,1,1,0,0,6,female,New Zealand Cricket Women's Twenty20,T20,EJ Black,0,Otago,Northern Districts,2021-01-02,,6
2817e17a,1234039,0,0,0,0,0,0,0,0,0,0,0,28,1,1,0,0,14,female,New Zealand Cricket Women's Twenty20,T20,EJ Black,0,Otago,Central Districts,2021-01-08,,6
2817e17a,1234043,0,1,3,0,0,0,0,0,0,3,0,36,0,0,0,0,5,female,New Zealand Cricket Women's Twenty20,T20,EJ Black,0,Otago,Wellington,2021-01-14,,6
2817e17a,1234047,0,0,0,0,0,0,0,0,0,0,0,27,1,0,0,1,13,female,New Zealand Cricket Women's Twenty20,T20,EJ Black,0,Otago,Central Districts,2021-01-18,,6
2817e17a,1234050,0,1,4,0,0,1,0,0,0,4,0,32,0,0,0,0,10,female,New Zealand Cricket Women's Twenty20,T20,EJ Black,caught,Otago,Wellington,2021-01-24,,6
2817e17a,1234053,0,0,0,0,0,0,0,0,0,0,0,37,1,0,1,0,11,female,New Zealand Cricket Women's Twenty20,T20,EJ Black,0,Otago,Canterbury,2021-01-30,,6
2817e17a,1234055,7,1,11,0,0,0,0,0,0,5,0,15,4,2,1,1,15,female,New Zealand Cricket Women's Twenty20,T20,EJ Black,bowled,Otago,Auckland,2021-02-01,,6
2817e17a,1234057,0,0,0,0,0,0,0,0,0,0,0,10,2,0,0,0,18,female,New Zealand Cricket Women's Twenty20,T20,EJ Black,0,Otago,Northern Districts,2021-02-06,,6
2817e17a,1290632,0,0,0,0,0,0,0,0,0,0,0,30,0,0,0,0,13,female,New Zealand Cricket Women's Twenty20,T20,EJ Black,0,Otago,Central Districts,2021-11-28,,6
2817e17a,1290633,0,0,0,0,0,0,0,0,0,0,0,17,2,1,0,0,19,female,New Zealand Cricket Women's Twenty20,T20,EJ Black,0,Otago,Northern Districts,2021-12-03,,6
2817e17a,1290638,0,0,0,0,0,0,0,0,0,0,0,26,1,0,0,0,14,female,Women's Super Smash,T20,EJ Black,0,Otago,Northern Districts,2021-12-12,,6
2817e17a,1290640,0,0,0,0,0,1,0,0,0,0,0,27,1,0,1,0,13,female,Women's Super Smash,T20,EJ Black,0,Otago,Central Districts,2021-12-18,,6
2817e17a,1290644,0,0,0,0,0,1,0,0,0,0,0,31,2,0,0,0,13,female,Women's Super Smash,T20,EJ Black,0,Otago,Canterbury,2021-12-26,,6
2817e17a,1290646,0,1,1,0,0,0,0,0,0,1,0,33,1,0,0,0,14,female,Women's Super Smash,T20,EJ Black,lbw,Otago,Wellington,2021-12-28,,6
2817e17a,1290647,0,0,0,0,0,0,0,0,0,0,0,25,2,1,0,1,12,female,Women's Super Smash,T20,EJ Black,0,Otago,Auckland,2021-12-29,,6
2817e17a,1290650,1,0,2,0,0,0,0,0,0,1,0,30,2,1,0,0,3,female,Women's Super Smash,T20,EJ Black,0,Otago,Wellington,2022-01-06,,6
2817e17a,1290654,0,0,0,0,0,0,0,0,0,0,0,17,1,0,0,0,11,female,Women's Super Smash,T20,EJ Black,0,Otago,Auckland,2022-01-15,,6
2817e17a,1290658,0,0,0,0,0,1,0,0,0,0,0,23,1,0,0,1,14,female,Women's Super Smash,T20,EJ Black,0,Otago,Canterbury,2022-01-23,,6
2817e17a,1290660,0,0,0,0,0,0,0,0,0,0,0,27,1,0,0,0,11,female,Women's Super Smash,T20,EJ Black,0,Otago,Auckland,2022-01-27,,6
2817e17a,1290661,16,0,9,1,1,0,0,0,0,2,0,37,2,0,0,0,14,female,Women's Super Smash,T20,EJ Black,0,Otago,Wellington,2022-01-29,,6
2817e17a,1341227,5,0,3,1,0,0,0,0,0,1,0,28,2,0,0,0,13,female,Women's Super Smash,T20,EJ Black,0,Otago,Wellington,2022-12-24,,6
2817e17a,1341230,0,0,0,0,0,1,0,0,0,0,0,31,2,0,0,0,11,female,Women's Super Smash,T20,EJ Black,0,Otago,Northern Districts,2022-12-28,,6
2817e17a,1341231,5,0,3,1,0,0,0,0,0,1,0,24,0,0,0,0,14,female,Women's Super Smash,T20,EJ Black,0,Otago,Auckland,2022-12-29,,6
2817e17a,1341235,0,0,0,0,0,0,0,0,0,0,0,35,0,0,0,0,9,female,Women's Super Smash,T20,EJ Black,0,Otago,Auckland,2023-01-02,,6
2817e17a,1341243,0,1,2,0,0,0,0,0,0,2,0,24,1,1,0,0,10,female,Women's Super Smash,T20,EJ Black,0,Otago,Wellington,2023-01-15,,6
2817e17a,1341245,0,0,0,0,0,0,0,0,0,0,0,15,4,1,0,0,17,female,Women's Super Smash,T20,EJ Black,0,Otago,Central Districts,2023-01-21,,6
2817e17a,1341250,0,0,0,0,0,0,0,1,0,0,0,14,1,0,0,0,16,female,Women's Super Smash,T20,EJ Black,0,Otago,Central Districts,2023-01-29,,6
2817e17a,1341253,0,0,0,0,0,0,0,0,0,0,0,21,0,0,0,0,11,female,Women's Super Smash,T20,EJ Black,0,Otago,Canterbury,2023-02-04,,6
2817e17a,1341255,0,0,0,0,0,0,0,1,0,0,0,30,1,1,0,0,10,female,Women's Super Smash,T20,EJ Black,0,Otago,Canterbury,2023-02-06,,6
2817e17a,1341256,0,1,1,0,0,0,0,0,0,1,0,18,1,0,0,0,6,female,Women's Super Smash,T20,EJ Black,0,Otago,Canterbury,2023-02-09,,6
2817e17a,1409507,9,1,5,1,0,0,0,0,0,1,0,21,1,0,1,0,10,female,Women's Super Smash,T20,EJ Black,caught,Otago,Wellington,2023-12-21,,6
2817e17a,1409510,0,0,0,0,0,0,0,0,0,0,0,19,1,0,0,0,14,female,Women's Super Smash,T20,EJ Black,0,Otago,Canterbury,2023-12-26,,6
2817e17a,1409512,0,0,0,0,0,0,0,0,0,0,0,19,1,0,0,0,13,female,Women's Super Smash,T20,EJ Black,0,Otago,Wellington,2023-12-28,,6
2817e17a,1409515,0,0,0,0,0,0,0,0,0,0,0,28,1,0,0,0,9,female,Women's Super Smash,T20,EJ Black,0,Otago,Auckland,2024-01-01,,6
2817e17a,1409517,3,1,10,0,0,0,0,1,0,8,0,28,1,0,0,0,10,female,Women's Super Smash,T20,EJ Black,run out,Otago,Canterbury,2024-01-03,,6
2817e17a,1409520,0,0,0,0,0,0,0,0,0,0,0,20,1,0,0,0,13,female,Women's Super Smash,T20,EJ Black,0,Otago,Northern Districts,2024-01-06,,6
2817e17a,1409524,0,0,0,0,0,0,0,0,0,0,0,19,2,0,1,0,8,female,Women's Super Smash,T20,EJ Black,0,Otago,Central Districts,2024-01-10,,6
2817e17a,1409528,0,0,1,0,0,1,0,0,0,1,0,22,1,0,0,0,17,female,Women's Super Smash,T20,EJ Black,0,Otago,Auckland,2024-01-14,,6
2817e17a,1409532,0,0,0,0,0,0,0,0,0,0,0,17,4,1,0,0,20,female,Women's Super Smash,T20,EJ Black,0,Otago,Central Districts,2024-01-19,,6
2817e17a,1409535,0,0,0,0,0,0,0,0,0,0,0,24,0,0,0,0,11,female,Women's Super Smash,T20,EJ Black,0,Otago,Northern Districts,2024-01-23,,6
