player_id,match_id,runs_scored,player_out,balls_faced,fours_scored,sixes_scored,catches_taken,run_out_direct,run_out_throw,stumpings_done,dot_balls_as_batsman,order_seenballs_bowled,runs_conceded,wickets_taken,bowled_done,lbw_done,maidens,dot_balls_as_bowler,gender,series_name,match_type,name,out_kind,player_team,opposition_team,start_date,end_date,balls_per_over
e3aa97a2,1279989,42,2,92,6,0,0,0,1,0,75,0,95,2,0,0,4,119,male,Plunket Shield,MDM,JM Gibson,0,Otago Volts,Wellington Firebirds,2021-10-23,2021-10-24,6
e3aa97a2,1279992,0,0,0,0,0,0,0,0,0,0,0,115,5,1,0,5,130,male,Plunket Shield,MDM,JM Gibson,0,Otago Volts,Central Stags,2021-10-31,2021-11-01,6
e3aa97a2,1279995,50,2,99,6,0,0,0,0,0,73,0,84,0,0,0,2,82,male,Plunket Shield,MDM,JM Gibson,0,Otago Volts,Northern Districts,2021-11-22,2021-11-23,6
e3aa97a2,1289605,0,0,0,0,0,2,0,0,0,0,0,22,0,0,0,0,2,male,Super Smash,T20,JM Gibson,0,Otago,Central Districts,2021-11-28,,6
e3aa97a2,1289606,0,0,0,0,0,0,0,0,0,0,0,20,1,0,0,0,3,male,Super Smash,T20,JM Gibson,0,Otago,Northern Districts,2021-12-03,,6
e3aa97a2,1289613,0,1,1,0,0,0,0,0,0,1,0,32,1,0,0,0,8,male,Super Smash,T20,JM Gibson,0,Otago,Central Districts,2021-12-18,,6
e3aa97a2,1289627,2,1,3,0,0,1,0,0,0,1,0,31,0,0,0,0,7,male,Super Smash,T20,JM Gibson,lbw,Otago,Auckland,2022-01-15,,6
e3aa97a2,1280010,0,1,11,0,0,1,0,1,0,11,0,71,3,0,2,3,99,male,Plunket Shield,MDM,JM Gibson,0,Otago Volts,Canterbury,2022-03-29,2022-03-30,6
e3aa97a2,1328678,22,2,30,3,0,2,0,0,0,20,0,37,0,0,0,1,44,male,Plunket Shield,MDM,JM Gibson,0,Otago Volts,Auckland Aces,2022-10-18,2022-10-19,6
e3aa97a2,1328685,36,2,108,3,1,0,0,0,0,90,0,89,0,0,0,0,68,male,Plunket Shield,MDM,JM Gibson,caught,Otago Volts,Canterbury,2022-11-05,2022-11-06,6
e3aa97a2,1328688,113,0,100,15,2,0,1,0,0,49,0,58,1,0,0,1,35,male,Plunket Shield,MDM,JM Gibson,0,Otago Volts,Northern Districts,2022-11-14,2022-11-15,6
e3aa97a2,1341195,1,0,2,0,0,2,0,1,0,1,0,0,0,0,0,0,0,male,Super Smash,T20,JM Gibson,0,Otago,Wellington,2022-12-24,,6
e3aa97a2,1341198,25,1,18,3,0,0,0,0,0,5,0,0,0,0,0,0,0,male,Super Smash,T20,JM Gibson,caught,Otago,Northern Districts,2022-12-28,,6
e3aa97a2,1341199,17,0,11,1,1,2,0,0,0,3,0,0,0,0,0,0,0,male,Super Smash,T20,JM Gibson,0,Otago,Auckland,2022-12-29,,6
e3aa97a2,1341203,9,1,5,0,1,1,0,0,0,1,0,20,0,0,0,0,7,male,Super Smash,T20,JM Gibson,0,Otago,Auckland,2023-01-02,,6
e3aa97a2,1341211,0,0,0,0,0,0,0,0,0,0,0,27,1,0,0,0,13,male,Super Smash,T20,JM Gibson,0,Otago,Wellington,2023-01-15,,6
e3aa97a2,1341213,12,1,11,1,0,1,0,0,0,3,0,0,0,0,0,0,0,male,Super Smash,T20,JM Gibson,caught,Otago,Central Districts,2023-01-21,,6
e3aa97a2,1341218,30,1,22,3,1,0,0,0,0,10,0,0,0,0,0,0,0,male,Super Smash,T20,JM Gibson,caught,Otago,Central Districts,2023-01-29,,6
e3aa97a2,1341221,96,1,63,9,4,0,0,0,0,23,0,0,0,0,0,0,0,male,Super Smash,T20,JM Gibson,0,Otago,Canterbury,2023-02-04,,6
e3aa97a2,1341223,75,0,48,3,3,0,0,0,0,10,0,0,0,0,0,0,0,male,Super Smash,T20,JM Gibson,0,Otago,Canterbury,2023-02-06,,6
e3aa97a2,1341224,1,1,2,0,0,0,0,0,0,1,0,0,0,0,0,0,0,male,Super Smash,T20,JM Gibson,caught,Otago,Northern Districts,2023-02-09,,6
e3aa97a2,1328691,42,2,79,5,0,2,0,0,0,56,0,68,1,0,0,7,100,male,Plunket Shield,MDM,JM Gibson,caught,Otago Volts,Wellington Firebirds,2023-02-25,2023-02-26,6
e3aa97a2,1328694,4,2,16,0,0,1,0,0,0,12,0,85,3,0,0,2,92,male,Plunket Shield,MDM,JM Gibson,0,Otago Volts,Canterbury,2023-03-06,2023-03-07,6
e3aa97a2,1328697,8,1,23,1,0,0,0,0,0,19,0,57,2,1,0,11,130,male,Plunket Shield,MDM,JM Gibson,caught,Otago Volts,Auckland Aces,2023-03-13,2023-03-14,6
e3aa97a2,1328699,69,2,103,9,0,1,0,1,0,69,0,51,0,0,0,2,57,male,Plunket Shield,MDM,JM Gibson,0,Otago Volts,Central Stags,2023-03-21,2023-03-22,6
e3aa97a2,1391908,23,2,62,4,0,0,0,0,0,53,0,107,4,2,0,4,139,male,Plunket Shield,MDM,JM Gibson,caught,Otago Volts,Canterbury,2023-10-28,2023-10-29,6
e3aa97a2,1391911,32,2,55,2,0,2,0,1,0,37,0,67,1,0,0,5,97,male,Plunket Shield,MDM,JM Gibson,caught,Otago Volts,Central Stags,2023-11-06,2023-11-07,6
e3aa97a2,1409475,56,1,33,6,3,1,0,0,0,13,0,23,0,0,0,0,2,male,Super Smash,T20,JM Gibson,0,Otago,Wellington,2023-12-21,,6
e3aa97a2,1409478,0,0,0,0,0,0,0,0,0,0,0,0,0,0,0,0,0,male,Super Smash,T20,JM Gibson,0,Otago,Canterbury,2023-12-26,,6
e3aa97a2,1409480,2,1,3,0,0,1,0,0,0,2,0,0,0,0,0,0,0,male,Super Smash,T20,JM Gibson,caught,Otago,Wellington,2023-12-28,,6
e3aa97a2,1409483,0,1,2,0,0,0,0,0,0,2,0,26,3,0,0,0,11,male,Super Smash,T20,JM Gibson,caught,Otago,Auckland,2024-01-01,,6
e3aa97a2,1409485,0,1,2,0,0,0,0,0,0,2,0,26,1,0,0,0,9,male,Super Smash,T20,JM Gibson,0,Otago,Canterbury,2024-01-03,,6
e3aa97a2,1409488,21,1,16,1,1,1,0,0,0,6,0,19,3,0,0,0,9,male,Super Smash,T20,JM Gibson,caught,Otago,Northern Districts,2024-01-06,,6
e3aa97a2,1409492,8,1,9,1,0,3,0,1,0,5,0,40,1,0,0,0,3,male,Super Smash,T20,JM Gibson,0,Otago,Central Districts,2024-01-10,,6
e3aa97a2,1409496,0,1,2,0,0,1,0,0,0,2,0,19,0,0,0,0,5,male,Super Smash,T20,JM Gibson,caught,Otago,Auckland,2024-01-14,,6
e3aa97a2,1409500,3,1,3,0,0,1,0,0,0,1,0,41,2,1,0,0,8,male,Super Smash,T20,JM Gibson,bowled,Otago,Central Districts,2024-01-19,,6
e3aa97a2,1409503,0,0,0,0,0,0,0,0,0,0,0,0,0,0,0,0,0,male,Super Smash,T20,JM Gibson,0,Otago,Northern Districts,2024-01-23,,6
e3aa97a2,1391926,35,1,49,4,1,1,0,0,0,34,0,0,0,0,0,0,0,male,Plunket Shield,MDM,JM Gibson,0,Otago Volts,Central Stags,2024-03-24,2024-03-25,6
