player_id,match_id,runs_scored,player_out,balls_faced,fours_scored,sixes_scored,catches_taken,run_out_direct,run_out_throw,stumpings_done,dot_balls_as_batsman,order_seenballs_bowled,runs_conceded,wickets_taken,bowled_done,lbw_done,maidens,dot_balls_as_bowler,gender,series_name,match_type,name,out_kind,player_team,opposition_team,start_date,end_date,balls_per_over
a573ad7a,1118552,7,1,8,1,0,0,0,0,0,4,0,0,0,0,0,0,0,male,Super Smash,T20,LC Johnson,0,Otago,Northern Districts,2018-01-02,,6
a573ad7a,1118555,6,1,10,1,0,1,0,0,0,8,0,0,0,0,0,0,0,male,Super Smash,T20,LC Johnson,caught,Otago,Central Districts,2018-01-06,,6
a573ad7a,1118558,5,1,10,1,0,1,0,0,0,8,0,0,0,0,0,0,0,male,Super Smash,T20,LC Johnson,0,Otago,Central Districts,2018-01-09,,6
a573ad7a,1233999,72,1,45,2,7,0,0,0,0,18,0,0,0,0,0,0,0,male,Super Smash,T20,LC Johnson,caught,Otago,Auckland,2020-12-28,,6
a573ad7a,1234000,6,1,9,0,0,1,0,0,0,4,0,0,0,0,0,0,0,male,Super Smash,T20,LC Johnson,0,Otago,Canterbury,2020-12-29,,6
a573ad7a,1234004,17,1,18,3,0,0,0,0,0,10,0,0,0,0,0,0,0,male,Super Smash,T20,LC Johnson,0,Otago,Northern Districts,2021-01-02,,6
a573ad7a,1234007,17,1,17,3,0,0,0,0,0,9,0,0,0,0,0,0,0,male,Super Smash,T20,LC Johnson,0,Otago,Central Districts,2021-01-08,,6
a573ad7a,1234011,6,1,3,1,0,0,0,0,0,0,0,0,0,0,0,0,0,male,Super Smash,T20,LC Johnson,run out,Otago,Wellington,2021-01-14,,6
a573ad7a,1234015,0,1,2,0,0,1,0,0,0,2,0,0,0,0,0,0,0,male,Super Smash,T20,LC Johnson,caught,Otago,Central Districts,2021-01-18,,6
a573ad7a,1289606,0,0,0,0,0,2,0,0,0,0,0,0,0,0,0,0,0,male,Super Smash,T20,LC Johnson,0,Otago,Northern Districts,2021-12-03,,6
a573ad7a,1289611,25,1,13,3,1,0,0,1,0,2,0,0,0,0,0,0,0,male,Super Smash,T20,LC Johnson,0,Otago,Northern Districts,2021-12-12,,6
a573ad7a,1289613,38,1,23,2,2,2,0,0,0,5,0,0,0,0,0,0,0,male,Super Smash,T20,LC Johnson,bowled,Otago,Central Districts,2021-12-18,,6
a573ad7a,1289617,4,1,5,0,0,0,0,0,0,2,0,0,0,0,0,0,0,male,Super Smash,T20,LC Johnson,0,Otago,Canterbury,2021-12-26,,6
a573ad7a,1289619,0,1,1,0,0,0,0,0,0,1,0,0,0,0,0,0,0,male,Super Smash,T20,LC Johnson,0,Otago,Wellington,2021-12-28,,6
a573ad7a,1289620,3,1,5,0,0,0,0,0,0,2,0,0,0,0,0,0,0,male,Super Smash,T20,LC Johnson,0,Otago,Auckland,2021-12-29,,6
a573ad7a,1289623,8,1,4,1,0,0,0,0,0,1,0,0,0,0,0,0,0,male,Super Smash,T20,LC Johnson,caught,Otago,Wellington,2022-01-06,,6
a573ad7a,1289627,14,1,17,1,0,0,0,0,0,6,0,0,0,0,0,0,0,male,Super Smash,T20,LC Johnson,caught,Otago,Auckland,2022-01-15,,6
a573ad7a,1341195,24,1,12,0,3,1,0,0,0,4,0,0,0,0,0,0,0,male,Super Smash,T20,LC Johnson,0,Otago,Wellington,2022-12-24,,6
a573ad7a,1341198,13,1,12,0,1,1,0,0,0,4,0,0,0,0,0,0,0,male,Super Smash,T20,LC Johnson,caught,Otago,Northern Districts,2022-12-28,,6
a573ad7a,1341199,7,1,5,0,1,0,0,0,0,3,0,0,0,0,0,0,0,male,Super Smash,T20,LC Johnson,0,Otago,Auckland,2022-12-29,,6
a573ad7a,1341203,46,1,28,0,5,1,0,1,0,8,0,0,0,0,0,0,0,male,Super Smash,T20,LC Johnson,caught,Otago,Auckland,2023-01-02,,6
a573ad7a,1341211,22,0,21,3,0,0,0,0,0,10,0,0,0,0,0,0,0,male,Super Smash,T20,LC Johnson,0,Otago,Wellington,2023-01-15,,6
a573ad7a,1341213,6,1,8,0,0,0,0,0,0,4,0,0,0,0,0,0,0,male,Super Smash,T20,LC Johnson,caught,Otago,Central Districts,2023-01-21,,6
a573ad7a,1341218,9,1,6,0,1,0,0,0,0,3,0,0,0,0,0,0,0,male,Super Smash,T20,LC Johnson,caught and bowled,Otago,Central Districts,2023-01-29,,6
a573ad7a,1341221,7,1,13,0,0,1,0,0,0,8,0,0,0,0,0,0,0,male,Super Smash,T20,LC Johnson,0,Otago,Canterbury,2023-02-04,,6
a573ad7a,1341223,2,1,7,0,0,0,0,0,0,5,0,0,0,0,0,0,0,male,Super Smash,T20,LC Johnson,caught,Otago,Canterbury,2023-02-06,,6
a573ad7a,1341224,20,1,13,1,1,0,0,0,0,3,0,0,0,0,0,0,0,male,Super Smash,T20,LC Johnson,0,Otago,Northern Districts,2023-02-09,,6
a573ad7a,1391914,52,2,117,4,0,2,0,0,0,83,0,0,0,0,0,0,0,male,Plunket Shield,MDM,LC Johnson,0,Otago Volts,Northern Districts,2023-11-15,2023-11-16,6
a573ad7a,1409475,9,1,11,1,0,0,0,0,0,5,0,0,0,0,0,0,0,male,Super Smash,T20,LC Johnson,0,Otago,Wellington,2023-12-21,,6
a573ad7a,1409478,0,0,0,0,0,0,0,0,0,0,0,0,0,0,0,0,0,male,Super Smash,T20,LC Johnson,0,Otago,Canterbury,2023-12-26,,6
a573ad7a,1409480,7,1,17,0,0,0,0,0,0,12,0,0,0,0,0,0,0,male,Super Smash,T20,LC Johnson,bowled,Otago,Wellington,2023-12-28,,6
a573ad7a,1409483,21,1,22,1,0,2,0,0,0,6,0,0,0,0,0,0,0,male,Super Smash,T20,LC Johnson,0,Otago,Auckland,2024-01-01,,6
a573ad7a,1409485,7,1,8,0,0,0,0,0,0,2,0,0,0,0,0,0,0,male,Super Smash,T20,LC Johnson,0,Otago,Canterbury,2024-01-03,,6
a573ad7a,1409488,0,0,0,0,0,1,0,0,0,0,0,0,0,0,0,0,0,male,Super Smash,T20,LC Johnson,0,Otago,Northern Districts,2024-01-06,,6
a573ad7a,1409492,22,1,17,2,1,0,0,0,0,6,0,0,0,0,0,0,0,male,Super Smash,T20,LC Johnson,0,Otago,Central Districts,2024-01-10,,6
a573ad7a,1409496,9,1,7,1,0,0,0,0,0,2,0,0,0,0,0,0,0,male,Super Smash,T20,LC Johnson,caught,Otago,Auckland,2024-01-14,,6
a573ad7a,1391920,5,1,20,0,0,2,0,0,0,17,0,0,0,0,0,0,0,male,Plunket Shield,MDM,LC Johnson,0,Otago Volts,Canterbury,2024-03-08,2024-03-09,6
