player_id,match_id,runs_scored,player_out,balls_faced,fours_scored,sixes_scored,catches_taken,run_out_direct,run_out_throw,stumpings_done,dot_balls_as_batsman,order_seenballs_bowled,runs_conceded,wickets_taken,bowled_done,lbw_done,maidens,dot_balls_as_bowler,gender,series_name,match_type,name,out_kind,player_team,opposition_team,start_date,end_date,balls_per_over
6be7b49d,1234919,37,2,130,3,0,0,0,0,0,107,0,60,5,0,0,5,92,male,Plunket Shield,MDM,LI Georgeson,0,Wellington Firebirds,Central Stags,2021-03-11,2021-03-12,6
6be7b49d,1234922,30,2,71,4,0,1,0,0,0,58,0,14,0,0,0,0,12,male,Plunket Shield,MDM,LI Georgeson,caught,Wellington Firebirds,Northern Districts,2021-03-18,2021-03-19,6
6be7b49d,1234925,70,1,262,7,0,0,0,0,0,220,0,11,0,0,0,0,16,male,Plunket Shield,MDM,LI Georgeson,caught,Wellington Firebirds,Northern Districts,2021-03-27,2021-03-28,6
6be7b49d,1234928,56,2,154,6,1,1,0,1,0,128,0,0,0,0,0,0,0,male,Plunket Shield,MDM,LI Georgeson,0,Wellington Firebirds,Auckland Aces,2021-04-03,2021-04-04,6
6be7b49d,1259524,46,1,79,3,0,1,0,0,0,45,0,43,0,0,0,0,19,male,Cricket Ireland Inter-Provincial Limited Over Cup,ODM,LI Georgeson,caught,Northern Knights,Leinster Lightning,2021-05-04,,6
6be7b49d,1259526,58,1,88,8,0,0,0,0,0,57,0,45,3,0,0,0,25,male,Cricket Ireland Inter-Provincial Limited Over Cup,ODM,LI Georgeson,0,Northern Knights,Leinster Lightning,2021-05-16,,6
6be7b49d,1259527,22,1,33,0,1,0,0,0,0,19,0,73,1,1,0,0,29,male,Cricket Ireland Inter-Provincial Limited Over Cup,ODM,LI Georgeson,0,Northern Knights,North-West Warriors,2021-05-18,,6
6be7b49d,1259532,63,1,92,4,3,0,0,0,0,57,0,17,0,0,0,0,5,male,Cricket Ireland Inter-Provincial Limited Over Cup,ODM,LI Georgeson,0,Northern Knights,Munster Reds,2021-05-27,,6
6be7b49d,1259536,10,1,14,1,0,2,0,0,0,8,0,0,0,0,0,0,0,male,Cricket Ireland Inter-Provincial Twenty20 Trophy,T20,LI Georgeson,caught,Northern Knights,North-West Warriors,2021-06-18,,6
6be7b49d,1259537,31,1,18,3,1,0,0,0,0,4,0,24,0,0,0,0,5,male,Cricket Ireland Inter-Provincial Twenty20 Trophy,T20,LI Georgeson,caught,Northern Knights,Leinster Lightning,2021-06-19,,6
6be7b49d,1259540,51,1,43,4,3,0,0,0,0,20,0,8,2,1,0,0,9,male,Cricket Ireland Inter-Provincial Twenty20 Trophy,T20,LI Georgeson,caught,Northern Knights,Munster Reds,2021-06-20,,6
6be7b49d,1259541,1,0,1,0,0,1,0,0,0,0,0,31,2,1,0,0,3,male,Cricket Ireland Inter-Provincial Twenty20 Trophy,T20,LI Georgeson,0,Northern Knights,North-West Warriors,2021-06-25,,6
6be7b49d,1259533,128,1,120,11,3,0,0,0,0,48,0,66,1,1,0,0,8,male,Cricket Ireland Inter-Provincial Limited Over Cup,ODM,LI Georgeson,caught,Northern Knights,Munster Reds,2021-06-30,,6
6be7b49d,1279989,74,2,200,11,0,2,0,0,0,168,0,0,0,0,0,0,0,male,Plunket Shield,MDM,LI Georgeson,0,Wellington Firebirds,Otago Volts,2021-10-23,2021-10-24,6
6be7b49d,1279994,16,2,66,3,0,1,0,0,0,59,0,0,0,0,0,0,0,male,Plunket Shield,MDM,LI Georgeson,caught,Wellington Firebirds,Canterbury,2021-10-31,2021-11-01,6
6be7b49d,1280003,5,2,36,0,0,0,0,0,0,32,0,0,0,0,0,0,0,male,Plunket Shield,MDM,LI Georgeson,0,Wellington Firebirds,Canterbury,2021-11-07,2021-11-08,6
6be7b49d,1279998,29,2,86,5,0,1,0,0,0,75,0,15,0,0,0,0,6,male,Plunket Shield,MDM,LI Georgeson,caught,Wellington Firebirds,Central Stags,2021-11-15,2021-11-16,6
6be7b49d,1289603,30,1,22,3,1,2,0,0,0,7,0,0,0,0,0,0,0,male,Super Smash,T20,LI Georgeson,0,Wellington,Canterbury,2021-11-26,,6
6be7b49d,1289608,0,1,2,0,0,0,0,0,0,2,0,0,0,0,0,0,0,male,Super Smash,T20,LI Georgeson,caught,Wellington,Central Districts,2021-12-05,,6
6be7b49d,1289614,1,1,3,0,0,1,0,0,0,2,0,0,0,0,0,0,0,male,Super Smash,T20,LI Georgeson,0,Wellington,Canterbury,2021-12-19,,6
6be7b49d,1280000,21,2,48,3,0,1,0,0,0,39,0,8,0,0,0,0,9,male,Plunket Shield,MDM,LI Georgeson,0,Wellington Firebirds,Northern Districts,2022-03-03,2022-03-04,6
6be7b49d,1328679,48,2,110,4,1,0,0,0,0,89,0,103,3,0,1,3,126,male,Plunket Shield,MDM,LI Georgeson,0,Wellington Firebirds,Northern Districts,2022-10-18,2022-10-19,6
6be7b49d,1328682,8,2,39,2,0,1,0,0,0,37,0,93,0,0,0,3,105,male,Plunket Shield,MDM,LI Georgeson,caught,Wellington Firebirds,Canterbury,2022-10-26,2022-10-27,6
6be7b49d,1328684,35,2,104,4,0,0,0,0,0,89,0,36,0,0,0,1,70,male,Plunket Shield,MDM,LI Georgeson,0,Wellington Firebirds,Auckland Aces,2022-11-05,2022-11-06,6
6be7b49d,1328686,12,2,35,2,0,1,0,0,0,29,0,43,1,0,0,0,26,male,Plunket Shield,MDM,LI Georgeson,0,Wellington Firebirds,Central Stags,2022-11-14,2022-11-15,6
6be7b49d,1328691,74,2,241,13,1,0,0,0,0,215,0,63,3,1,1,3,85,male,Plunket Shield,MDM,LI Georgeson,caught,Wellington Firebirds,Otago Volts,2023-02-25,2023-02-26,6
6be7b49d,1328692,1,2,17,0,0,0,0,0,0,16,0,55,0,0,0,6,75,male,Plunket Shield,MDM,LI Georgeson,0,Wellington Firebirds,Auckland Aces,2023-03-05,2023-03-06,6
6be7b49d,1328700,35,2,100,2,0,2,0,0,0,84,0,61,2,0,0,1,66,male,Plunket Shield,MDM,LI Georgeson,0,Wellington Firebirds,Canterbury,2023-03-21,2023-03-22,6
6be7b49d,1391904,23,1,77,3,0,2,0,0,0,65,0,51,0,0,0,0,29,male,Plunket Shield,MDM,LI Georgeson,lbw,Otago Volts,Northern Districts,2023-10-20,2023-10-21,6
6be7b49d,1391908,20,2,107,2,0,0,0,0,0,95,0,51,0,0,0,0,47,male,Plunket Shield,MDM,LI Georgeson,0,Otago Volts,Canterbury,2023-10-28,2023-10-29,6
6be7b49d,1391911,38,2,102,3,0,1,0,0,0,81,0,61,3,1,1,9,166,male,Plunket Shield,MDM,LI Georgeson,bowled,Otago Volts,Central Stags,2023-11-06,2023-11-07,6
6be7b49d,1391914,83,1,178,9,1,0,0,0,0,133,0,109,4,0,0,6,139,male,Plunket Shield,MDM,LI Georgeson,0,Otago Volts,Northern Districts,2023-11-15,2023-11-16,6
6be7b49d,1409500,22,1,24,1,2,1,1,0,0,15,0,32,1,0,0,0,7,male,Super Smash,T20,LI Georgeson,caught and bowled,Otago,Central Districts,2024-01-19,,6
6be7b49d,1409503,0,0,0,0,0,0,0,0,0,0,0,0,0,0,0,0,0,male,Super Smash,T20,LI Georgeson,0,Otago,Northern Districts,2024-01-23,,6
6be7b49d,1391917,83,2,176,6,2,0,0,0,0,133,0,107,0,0,0,3,115,male,Plunket Shield,MDM,LI Georgeson,0,Otago Volts,Auckland Aces,2024-02-29,2024-03-01,6
6be7b49d,1391920,45,1,80,6,0,1,0,0,0,61,0,83,7,2,1,2,99,male,Plunket Shield,MDM,LI Georgeson,0,Otago Volts,Canterbury,2024-03-08,2024-03-09,6
6be7b49d,1391922,4,2,10,0,0,0,0,0,0,7,0,63,2,1,0,2,105,male,Plunket Shield,MDM,LI Georgeson,0,Otago Volts,Wellington Firebirds,2024-03-16,2024-03-17,6
6be7b49d,1391926,8,2,41,1,0,0,0,0,0,36,0,56,1,0,0,4,120,male,Plunket Shield,MDM,LI Georgeson,caught,Otago Volts,Central Stags,2024-03-24,2024-03-25,6
