player_id,match_id,runs_scored,player_out,balls_faced,fours_scored,sixes_scored,catches_taken,run_out_direct,run_out_throw,stumpings_done,dot_balls_as_batsman,order_seenballs_bowled,runs_conceded,wickets_taken,bowled_done,lbw_done,maidens,dot_balls_as_bowler,gender,series_name,match_type,name,out_kind,player_team,opposition_team,start_date,end_date,balls_per_over
90701232,917539,23,1,50,2,0,1,0,0,0,39,0,60,4,0,0,1,66,male,Plunket Shield,MDM,MB Bacon,0,Wellington Firebirds,Otago Volts,2016-02-05,2016-02-06,6
90701232,917551,8,1,38,0,0,1,0,0,0,34,0,93,0,0,0,1,77,male,Plunket Shield,MDM,MB Bacon,caught,Wellington Firebirds,Central Stags,2016-02-20,2016-02-21,6
90701232,1118552,0,0,0,0,0,0,0,0,0,0,0,19,0,0,0,0,6,male,Super Smash,T20,MB Bacon,0,Otago,Northern Districts,2018-01-02,,6
90701232,1118555,0,0,0,0,0,0,0,0,0,0,0,29,1,0,0,0,13,male,Super Smash,T20,MB Bacon,0,Otago,Central Districts,2018-01-06,,6
90701232,1118558,0,0,1,0,0,1,0,0,0,1,0,35,4,0,0,0,12,male,Super Smash,T20,MB Bacon,0,Otago,Central Districts,2018-01-09,,6
90701232,1118563,0,1,1,0,0,1,0,0,0,1,0,31,4,1,0,1,11,male,Super Smash,T20,MB Bacon,0,Otago,Auckland,2018-01-14,,6
90701232,1120134,22,0,44,2,0,2,0,0,0,34,0,46,5,1,2,1,86,male,Plunket Shield,MDM,MB Bacon,0,Otago Volts,Auckland Aces,2018-03-25,2018-03-26,6
90701232,1120136,4,2,19,1,0,0,0,0,0,18,0,107,5,0,1,9,182,male,Plunket Shield,MDM,MB Bacon,caught,Otago Volts,Canterbury,2018-04-02,2018-04-03,6
90701232,1160281,6,0,15,1,0,0,0,0,0,13,0,101,4,0,0,5,124,male,Plunket Shield,MDM,MB Bacon,0,Otago Volts,Northern Districts,2018-10-10,2018-10-11,6
90701232,1160285,21,1,40,4,0,0,0,0,0,31,0,101,1,1,0,2,125,male,Plunket Shield,MDM,MB Bacon,0,Otago Volts,Wellington Firebirds,2018-10-17,2018-10-18,6
90701232,1160291,4,1,30,1,0,1,0,0,0,29,0,97,4,0,0,6,107,male,Plunket Shield,MDM,MB Bacon,0,Otago Volts,Canterbury,2018-12-14,2018-12-15,6
90701232,1160503,0,0,0,0,0,0,0,0,0,0,0,22,0,0,0,0,7,male,Super Smash,T20,MB Bacon,0,Otago,Northern Districts,2018-12-30,,6
90701232,1160292,2,1,34,0,0,0,0,0,0,32,0,78,4,1,1,3,99,male,Plunket Shield,MDM,MB Bacon,caught,Otago Volts,Auckland Aces,2019-02-21,2019-02-22,6
90701232,1160296,43,2,87,8,0,1,0,0,0,71,0,113,2,0,0,1,119,male,Plunket Shield,MDM,MB Bacon,0,Otago Volts,Central Stags,2019-03-01,2019-03-02,6
90701232,1160300,1,1,10,0,0,0,0,0,0,9,0,149,10,1,0,3,133,male,Plunket Shield,MDM,MB Bacon,0,Otago Volts,Wellington Firebirds,2019-03-09,2019-03-10,6
90701232,1160302,2,1,10,0,0,1,0,0,0,8,0,136,6,1,0,10,183,male,Plunket Shield,MDM,MB Bacon,0,Otago Volts,Auckland Aces,2019-03-17,2019-03-18,6
90701232,1197585,10,1,34,1,0,0,0,0,0,30,0,40,0,0,0,1,49,male,Plunket Shield,MDM,MB Bacon,0,Otago Volts,Northern Districts,2019-11-08,2019-11-09,6
90701232,1197767,0,0,0,0,0,0,0,0,0,0,0,29,1,1,0,0,7,male,Super Smash,T20,MB Bacon,0,Otago,Central Districts,2020-01-11,,6
90701232,1197770,0,0,0,0,0,0,0,0,0,0,0,32,1,0,0,0,5,male,Super Smash,T20,MB Bacon,0,Otago,Canterbury,2020-01-14,,6
90701232,1197588,15,2,90,2,0,1,0,0,0,83,0,110,1,1,0,2,98,male,Plunket Shield,MDM,MB Bacon,lbw,Otago Volts,Auckland Aces,2020-02-22,2020-02-23,6
90701232,1197592,9,2,24,1,0,0,0,0,0,19,0,22,1,0,0,1,33,male,Plunket Shield,MDM,MB Bacon,caught,Otago Volts,Canterbury,2020-03-01,2020-03-02,6
90701232,1197595,0,0,0,0,0,0,1,0,0,0,0,127,3,1,0,4,108,male,Plunket Shield,MDM,MB Bacon,0,Otago Volts,Central Stags,2020-03-10,2020-03-11,6
90701232,1234910,0,1,2,0,0,0,0,0,0,2,0,0,0,0,0,0,0,male,Plunket Shield,MDM,MB Bacon,0,Otago Volts,Northern Districts,2020-10-28,2020-10-29,6
90701232,1233999,0,0,0,0,0,0,0,0,0,0,0,20,3,0,0,0,12,male,Super Smash,T20,MB Bacon,0,Otago,Auckland,2020-12-28,,6
90701232,1234000,1,1,3,0,0,0,0,0,0,2,0,48,1,0,0,0,8,male,Super Smash,T20,MB Bacon,run out,Otago,Canterbury,2020-12-29,,6
90701232,1234004,0,0,0,0,0,1,0,0,0,0,0,35,3,0,0,0,13,male,Super Smash,T20,MB Bacon,0,Otago,Northern Districts,2021-01-02,,6
90701232,1234007,0,0,0,0,0,0,0,0,0,0,0,42,1,0,0,0,3,male,Super Smash,T20,MB Bacon,0,Otago,Central Districts,2021-01-08,,6
90701232,1234011,0,0,0,0,0,0,0,0,0,0,0,32,1,0,0,0,9,male,Super Smash,T20,MB Bacon,0,Otago,Wellington,2021-01-14,,6
90701232,1234923,0,0,0,0,0,0,0,0,0,0,0,76,0,0,0,1,66,male,Plunket Shield,MDM,MB Bacon,0,Otago Volts,Auckland Aces,2021-03-18,2021-03-19,6
90701232,1234926,27,1,39,3,0,1,0,0,0,25,0,117,1,0,0,5,117,male,Plunket Shield,MDM,MB Bacon,0,Otago Volts,Central Stags,2021-03-26,2021-03-27,6
90701232,1280001,3,1,10,0,0,0,0,0,0,8,0,94,3,2,0,5,140,male,Plunket Shield,MDM,MB Bacon,0,Otago Volts,Central Stags,2021-11-07,2021-11-08,6
90701232,1289605,0,0,0,0,0,0,0,0,0,0,0,28,2,0,0,0,11,male,Super Smash,T20,MB Bacon,0,Otago,Central Districts,2021-11-28,,6
90701232,1289606,0,0,0,0,0,0,0,0,0,0,0,22,1,0,0,0,4,male,Super Smash,T20,MB Bacon,0,Otago,Northern Districts,2021-12-03,,6
90701232,1289613,2,0,3,0,0,0,0,0,0,1,0,39,0,0,0,0,11,male,Super Smash,T20,MB Bacon,0,Otago,Central Districts,2021-12-18,,6
90701232,1289617,0,0,0,0,0,1,0,0,0,0,0,38,1,0,0,0,12,male,Super Smash,T20,MB Bacon,0,Otago,Canterbury,2021-12-26,,6
90701232,1289619,0,0,0,0,0,0,0,0,0,0,0,41,1,0,0,0,13,male,Super Smash,T20,MB Bacon,0,Otago,Wellington,2021-12-28,,6
90701232,1289620,3,0,2,0,0,0,0,0,0,0,0,25,1,0,0,0,10,male,Super Smash,T20,MB Bacon,0,Otago,Auckland,2021-12-29,,6
90701232,1289623,0,0,0,0,0,0,0,0,0,0,0,24,0,0,0,0,3,male,Super Smash,T20,MB Bacon,0,Otago,Wellington,2022-01-06,,6
90701232,1289631,0,0,0,0,0,1,0,0,0,0,0,30,0,0,0,0,4,male,Super Smash,T20,MB Bacon,0,Otago,Canterbury,2022-01-23,,6
90701232,1341195,0,0,0,0,0,1,0,0,0,0,0,35,0,0,0,0,8,male,Super Smash,T20,MB Bacon,0,Otago,Wellington,2022-12-24,,6
90701232,1341198,0,0,0,0,0,1,0,0,0,0,0,7,0,0,0,0,8,male,Super Smash,T20,MB Bacon,0,Otago,Northern Districts,2022-12-28,,6
90701232,1341199,0,0,0,0,0,1,0,0,0,0,0,26,0,0,0,0,5,male,Super Smash,T20,MB Bacon,0,Otago,Auckland,2022-12-29,,6
90701232,1341203,0,0,0,0,0,0,0,0,0,0,0,47,2,0,1,0,11,male,Super Smash,T20,MB Bacon,0,Otago,Auckland,2023-01-02,,6
90701232,1341211,0,0,0,0,0,0,0,0,0,0,0,18,1,0,0,0,11,male,Super Smash,T20,MB Bacon,0,Otago,Wellington,2023-01-15,,6
90701232,1341213,0,0,0,0,0,0,0,1,0,0,0,29,5,0,0,0,14,male,Super Smash,T20,MB Bacon,0,Otago,Central Districts,2023-01-21,,6
90701232,1341218,0,0,0,0,0,1,0,0,0,0,0,56,0,0,0,0,8,male,Super Smash,T20,MB Bacon,0,Otago,Central Districts,2023-01-29,,6
90701232,1341221,0,0,0,0,0,0,1,0,0,0,0,19,2,0,0,0,15,male,Super Smash,T20,MB Bacon,0,Otago,Canterbury,2023-02-04,,6
90701232,1341223,9,1,7,0,1,0,0,0,0,4,0,29,1,0,0,0,9,male,Super Smash,T20,MB Bacon,caught,Otago,Canterbury,2023-02-06,,6
90701232,1341224,0,0,0,0,0,0,0,0,0,0,0,47,2,0,1,0,8,male,Super Smash,T20,MB Bacon,0,Otago,Northern Districts,2023-02-09,,6
90701232,1391904,26,1,43,4,0,1,0,0,0,32,0,88,3,0,0,1,74,male,Plunket Shield,MDM,MB Bacon,0,Otago Volts,Northern Districts,2023-10-20,2023-10-21,6
90701232,1391908,31,2,57,5,0,0,0,0,0,44,0,107,1,0,0,4,134,male,Plunket Shield,MDM,MB Bacon,lbw,Otago Volts,Canterbury,2023-10-28,2023-10-29,6
90701232,1391911,1,2,12,0,0,0,0,0,0,11,0,114,2,1,0,6,141,male,Plunket Shield,MDM,MB Bacon,caught,Otago Volts,Central Stags,2023-11-06,2023-11-07,6
90701232,1391914,11,1,19,1,0,1,0,0,0,12,0,100,3,0,1,5,146,male,Plunket Shield,MDM,MB Bacon,0,Otago Volts,Northern Districts,2023-11-15,2023-11-16,6
90701232,1409475,15,0,8,1,1,0,0,0,0,2,0,64,1,0,0,0,3,male,Super Smash,T20,MB Bacon,0,Otago,Wellington,2023-12-21,,6
90701232,1409478,0,0,0,0,0,0,0,0,0,0,0,2,0,0,0,0,1,male,Super Smash,T20,MB Bacon,0,Otago,Canterbury,2023-12-26,,6
90701232,1409480,9,0,15,0,0,0,0,0,0,8,0,1,1,0,0,0,3,male,Super Smash,T20,MB Bacon,0,Otago,Wellington,2023-12-28,,6
