player_id,match_id,runs_scored,player_out,balls_faced,fours_scored,sixes_scored,catches_taken,run_out_direct,run_out_throw,stumpings_done,dot_balls_as_batsman,order_seenballs_bowled,runs_conceded,wickets_taken,bowled_done,lbw_done,maidens,dot_balls_as_bowler,gender,series_name,match_type,name,out_kind,player_team,opposition_team,start_date,end_date,balls_per_over
845c87d3,1197793,50,0,50,6,0,1,0,0,0,21,0,0,0,0,0,0,0,female,New Zealand Cricket Women's Twenty20,T20,MR Cowan,0,Otago,Central Districts,2020-01-02,,6
845c87d3,1197799,55,1,52,6,0,0,0,0,0,20,0,0,0,0,0,0,0,female,New Zealand Cricket Women's Twenty20,T20,MR Cowan,0,Otago,Central Districts,2020-01-11,,6
845c87d3,1197802,1,1,4,0,0,0,0,0,0,3,0,0,0,0,0,0,0,female,New Zealand Cricket Women's Twenty20,T20,MR Cowan,caught,Otago,Canterbury,2020-01-14,,6
845c87d3,1197803,15,1,15,2,0,0,0,0,0,9,0,0,0,0,0,0,0,female,New Zealand Cricket Women's Twenty20,T20,MR Cowan,caught,Otago,Auckland,2020-01-16,,6
845c87d3,1234031,5,1,4,1,0,0,0,0,0,2,0,0,0,0,0,0,0,female,New Zealand Cricket Women's Twenty20,T20,MR Cowan,0,Otago,Auckland,2020-12-28,,6
845c87d3,1234032,9,1,12,2,0,1,0,0,0,9,0,0,0,0,0,0,0,female,New Zealand Cricket Women's Twenty20,T20,MR Cowan,bowled,Otago,Canterbury,2020-12-29,,6
845c87d3,1234036,5,1,9,1,0,0,0,0,0,7,0,0,0,0,0,0,0,female,New Zealand Cricket Women's Twenty20,T20,MR Cowan,0,Otago,Northern Districts,2021-01-02,,6
845c87d3,1234039,20,1,19,4,0,1,0,0,0,11,0,0,0,0,0,0,0,female,New Zealand Cricket Women's Twenty20,T20,MR Cowan,0,Otago,Central Districts,2021-01-08,,6
845c87d3,1234043,29,1,29,4,0,0,0,0,0,14,0,0,0,0,0,0,0,female,New Zealand Cricket Women's Twenty20,T20,MR Cowan,0,Otago,Wellington,2021-01-14,,6
845c87d3,1234047,6,1,8,1,0,1,0,0,0,5,0,0,0,0,0,0,0,female,New Zealand Cricket Women's Twenty20,T20,MR Cowan,0,Otago,Central Districts,2021-01-18,,6
845c87d3,1234050,8,1,6,2,0,0,0,0,0,4,0,0,0,0,0,0,0,female,New Zealand Cricket Women's Twenty20,T20,MR Cowan,caught,Otago,Wellington,2021-01-24,,6
845c87d3,1234053,50,1,37,5,2,0,0,0,0,15,0,0,0,0,0,0,0,female,New Zealand Cricket Women's Twenty20,T20,MR Cowan,0,Otago,Canterbury,2021-01-30,,6
845c87d3,1234055,10,0,13,0,0,1,0,0,0,5,0,0,0,0,0,0,0,female,New Zealand Cricket Women's Twenty20,T20,MR Cowan,0,Otago,Auckland,2021-02-01,,6
845c87d3,1234057,0,1,1,0,0,0,0,0,0,1,0,0,0,0,0,0,0,female,New Zealand Cricket Women's Twenty20,T20,MR Cowan,0,Otago,Northern Districts,2021-02-06,,6
