player_id,match_id,runs_scored,player_out,balls_faced,fours_scored,sixes_scored,catches_taken,run_out_direct,run_out_throw,stumpings_done,dot_balls_as_batsman,order_seenballs_bowled,runs_conceded,wickets_taken,bowled_done,lbw_done,maidens,dot_balls_as_bowler,gender,series_name,match_type,name,out_kind,player_team,opposition_team,start_date,end_date,balls_per_over
ef9f75f8,1160296,18,2,52,3,0,3,0,0,0,45,0,0,0,0,0,0,0,male,Plunket Shield,MDM,MW Chu,0,Otago Volts,Central Stags,2019-03-01,2019-03-02,6
ef9f75f8,1160300,12,2,14,1,0,4,0,0,0,8,0,0,0,0,0,0,0,male,Plunket Shield,MDM,MW Chu,caught,Otago Volts,Wellington Firebirds,2019-03-09,2019-03-10,6
ef9f75f8,1160302,41,1,118,7,0,4,0,0,0,98,0,0,0,0,0,0,0,male,Plunket Shield,MDM,MW Chu,0,Otago Volts,Auckland Aces,2019-03-17,2019-03-18,6
ef9f75f8,1197742,0,0,0,0,0,0,0,0,0,0,0,0,0,0,0,0,0,male,Super Smash,T20,MW Chu,0,Otago,Auckland,2019-12-14,,6
ef9f75f8,1197744,1,0,2,0,0,0,0,0,0,1,0,0,0,0,0,0,0,male,Super Smash,T20,MW Chu,0,Otago,Northern Districts,2019-12-16,,6
ef9f75f8,1197747,0,0,0,0,0,0,0,0,0,0,0,0,0,0,0,0,0,male,Super Smash,T20,MW Chu,0,Otago,Auckland,2019-12-19,,6
ef9f75f8,1197749,0,0,0,0,0,0,0,0,0,0,0,0,0,0,0,0,0,male,Super Smash,T20,MW Chu,0,Otago,Wellington,2019-12-21,,6
ef9f75f8,1197754,0,0,0,0,0,1,0,0,0,0,0,0,0,0,0,0,0,male,Super Smash,T20,MW Chu,0,Otago,Northern Districts,2019-12-29,,6
ef9f75f8,1197756,0,0,0,0,0,0,0,0,0,0,0,0,0,0,0,0,0,male,Super Smash,T20,MW Chu,0,Otago,Canterbury,2019-12-30,,6
ef9f75f8,1197759,0,0,0,0,0,1,0,0,0,0,0,0,0,0,0,0,0,male,Super Smash,T20,MW Chu,0,Otago,Central Districts,2020-01-02,,6
ef9f75f8,1197763,0,0,0,0,0,0,0,0,0,0,0,0,0,0,0,0,0,male,Super Smash,T20,MW Chu,0,Otago,Wellington,2020-01-06,,6
ef9f75f8,1197771,0,0,0,0,0,0,0,0,0,0,0,0,0,0,0,0,0,male,Super Smash,T20,MW Chu,0,Otago,Auckland,2020-01-17,,6
ef9f75f8,1234909,46,1,106,9,0,2,0,0,0,91,0,0,0,0,0,0,0,male,Plunket Shield,MDM,MW Chu,0,Otago Volts,Auckland Aces,2020-10-20,2020-10-21,6
ef9f75f8,1234910,28,1,68,4,0,7,0,0,0,53,0,0,0,0,0,0,0,male,Plunket Shield,MDM,MW Chu,0,Otago Volts,Northern Districts,2020-10-28,2020-10-29,6
ef9f75f8,1234918,43,1,258,6,0,0,0,0,0,237,0,0,0,0,0,0,0,male,Plunket Shield,MDM,MW Chu,0,Otago Volts,Canterbury,2020-11-14,2020-11-15,6
ef9f75f8,1234018,21,0,13,3,0,0,0,0,0,4,0,0,0,0,0,0,0,male,Super Smash,T20,MW Chu,0,Otago,Wellington,2021-01-24,,6
ef9f75f8,1234021,0,0,0,0,0,0,0,0,1,0,0,0,0,0,0,0,0,male,Super Smash,T20,MW Chu,0,Otago,Canterbury,2021-01-30,,6
ef9f75f8,1234023,8,0,12,1,0,0,0,0,0,7,0,0,0,0,0,0,0,male,Super Smash,T20,MW Chu,0,Otago,Auckland,2021-02-01,,6
ef9f75f8,1234025,1,1,2,0,0,0,0,0,0,1,0,0,0,0,0,0,0,male,Super Smash,T20,MW Chu,stumped,Otago,Northern Districts,2021-02-06,,6
ef9f75f8,1234921,26,2,79,5,0,3,0,1,0,69,0,0,0,0,0,0,0,male,Plunket Shield,MDM,MW Chu,0,Otago Volts,Canterbury,2021-03-11,2021-03-12,6
ef9f75f8,1234923,29,0,58,3,0,0,0,1,0,43,0,0,0,0,0,0,0,male,Plunket Shield,MDM,MW Chu,0,Otago Volts,Auckland Aces,2021-03-18,2021-03-19,6
ef9f75f8,1234926,53,2,86,8,0,3,0,0,0,63,0,0,0,0,0,0,0,male,Plunket Shield,MDM,MW Chu,0,Otago Volts,Central Stags,2021-03-26,2021-03-27,6
ef9f75f8,1234930,51,2,145,4,0,2,0,0,1,116,0,0,0,0,0,0,0,male,Plunket Shield,MDM,MW Chu,0,Otago Volts,Northern Districts,2021-04-03,2021-04-04,6
ef9f75f8,1279989,33,2,64,5,0,3,0,0,0,51,0,0,0,0,0,0,0,male,Plunket Shield,MDM,MW Chu,0,Otago Volts,Wellington Firebirds,2021-10-23,2021-10-24,6
ef9f75f8,1279992,94,1,171,11,1,3,0,0,0,123,0,0,0,0,0,0,0,male,Plunket Shield,MDM,MW Chu,caught,Otago Volts,Central Stags,2021-10-31,2021-11-01,6
ef9f75f8,1280001,43,2,78,8,0,2,0,0,0,63,0,0,0,0,0,0,0,male,Plunket Shield,MDM,MW Chu,0,Otago Volts,Central Stags,2021-11-07,2021-11-08,6
ef9f75f8,1279995,113,1,285,15,0,3,0,0,0,232,0,0,0,0,0,0,0,male,Plunket Shield,MDM,MW Chu,caught,Otago Volts,Northern Districts,2021-11-22,2021-11-23,6
ef9f75f8,1289605,0,0,0,0,0,0,0,0,0,0,0,0,0,0,0,0,0,male,Super Smash,T20,MW Chu,0,Otago,Central Districts,2021-11-28,,6
ef9f75f8,1289606,0,0,0,0,0,0,0,0,1,0,0,0,0,0,0,0,0,male,Super Smash,T20,MW Chu,0,Otago,Northern Districts,2021-12-03,,6
ef9f75f8,1289611,10,0,5,0,1,0,1,1,1,1,0,0,0,0,0,0,0,male,Super Smash,T20,MW Chu,0,Otago,Northern Districts,2021-12-12,,6
ef9f75f8,1289613,12,1,12,2,0,0,0,0,0,6,0,0,0,0,0,0,0,male,Super Smash,T20,MW Chu,0,Otago,Central Districts,2021-12-18,,6
ef9f75f8,1289617,11,1,7,2,0,1,0,0,1,2,0,0,0,0,0,0,0,male,Super Smash,T20,MW Chu,0,Otago,Canterbury,2021-12-26,,6
ef9f75f8,1289619,9,1,9,1,0,1,0,0,0,5,0,0,0,0,0,0,0,male,Super Smash,T20,MW Chu,0,Otago,Wellington,2021-12-28,,6
ef9f75f8,1289620,6,1,5,1,0,0,0,0,0,2,0,0,0,0,0,0,0,male,Super Smash,T20,MW Chu,0,Otago,Auckland,2021-12-29,,6
ef9f75f8,1289623,0,0,0,0,0,0,0,0,0,0,0,0,0,0,0,0,0,male,Super Smash,T20,MW Chu,0,Otago,Wellington,2022-01-06,,6
ef9f75f8,1289627,9,1,10,0,0,0,0,0,0,2,0,0,0,0,0,0,0,male,Super Smash,T20,MW Chu,caught,Otago,Auckland,2022-01-15,,6
ef9f75f8,1289631,6,1,8,0,0,0,0,0,1,4,0,0,0,0,0,0,0,male,Super Smash,T20,MW Chu,0,Otago,Canterbury,2022-01-23,,6
ef9f75f8,1280004,2,1,15,0,0,4,0,0,0,14,0,0,0,0,0,0,0,male,Plunket Shield,MDM,MW Chu,0,Otago Volts,Auckland Aces,2022-02-11,2022-02-12,6
ef9f75f8,1280007,2,0,11,0,0,2,0,0,0,10,0,0,0,0,0,0,0,male,Plunket Shield,MDM,MW Chu,0,Otago Volts,Wellington Firebirds,2022-03-20,2022-03-21,6
ef9f75f8,1280010,20,2,90,3,0,3,0,0,1,83,0,0,0,0,0,0,0,male,Plunket Shield,MDM,MW Chu,bowled,Otago Volts,Canterbury,2022-03-29,2022-03-30,6
ef9f75f8,1328678,41,1,153,4,0,1,0,0,0,128,0,0,0,0,0,0,0,male,Plunket Shield,MDM,MW Chu,0,Otago Volts,Auckland Aces,2022-10-18,2022-10-19,6
ef9f75f8,1328681,0,1,2,0,0,4,0,0,0,2,0,0,0,0,0,0,0,male,Plunket Shield,MDM,MW Chu,0,Otago Volts,Northern Districts,2022-10-26,2022-10-27,6
ef9f75f8,1328685,47,2,119,7,0,2,0,0,0,99,0,0,0,0,0,0,0,male,Plunket Shield,MDM,MW Chu,caught,Otago Volts,Canterbury,2022-11-05,2022-11-06,6
ef9f75f8,1328688,110,2,230,15,0,2,0,0,0,177,0,0,0,0,0,0,0,male,Plunket Shield,MDM,MW Chu,0,Otago Volts,Northern Districts,2022-11-14,2022-11-15,6
ef9f75f8,1341218,1,1,2,0,0,1,0,0,0,1,0,0,0,0,0,0,0,male,Super Smash,T20,MW Chu,caught,Otago,Central Districts,2023-01-29,,6
ef9f75f8,1341223,2,1,2,0,0,0,0,0,0,1,0,0,0,0,0,0,0,male,Super Smash,T20,MW Chu,caught,Otago,Canterbury,2023-02-06,,6
ef9f75f8,1341224,16,1,11,2,0,0,0,0,0,3,0,0,0,0,0,0,0,male,Super Smash,T20,MW Chu,0,Otago,Northern Districts,2023-02-09,,6
ef9f75f8,1328691,50,1,108,8,0,1,0,0,0,85,0,0,0,0,0,0,0,male,Plunket Shield,MDM,MW Chu,bowled,Otago Volts,Wellington Firebirds,2023-02-25,2023-02-26,6
ef9f75f8,1328694,83,2,168,11,2,1,0,0,0,134,0,0,0,0,0,0,0,male,Plunket Shield,MDM,MW Chu,0,Otago Volts,Canterbury,2023-03-06,2023-03-07,6
ef9f75f8,1328697,52,1,115,5,1,4,0,0,0,87,0,0,0,0,0,0,0,male,Plunket Shield,MDM,MW Chu,bowled,Otago Volts,Auckland Aces,2023-03-13,2023-03-14,6
ef9f75f8,1328699,18,2,28,2,0,6,0,1,0,21,0,0,0,0,0,0,0,male,Plunket Shield,MDM,MW Chu,0,Otago Volts,Central Stags,2023-03-21,2023-03-22,6
ef9f75f8,1391904,80,2,193,8,1,0,0,1,1,154,0,0,0,0,0,0,0,male,Plunket Shield,MDM,MW Chu,caught and bowled,Otago Volts,Northern Districts,2023-10-20,2023-10-21,6
ef9f75f8,1391908,44,2,128,6,0,5,0,0,0,110,0,0,0,0,0,0,0,male,Plunket Shield,MDM,MW Chu,0,Otago Volts,Canterbury,2023-10-28,2023-10-29,6
ef9f75f8,1391911,65,2,78,8,1,4,0,1,0,48,0,0,0,0,0,0,0,male,Plunket Shield,MDM,MW Chu,caught,Otago Volts,Central Stags,2023-11-06,2023-11-07,6
ef9f75f8,1391914,66,2,130,7,0,5,0,0,0,99,0,0,0,0,0,0,0,male,Plunket Shield,MDM,MW Chu,0,Otago Volts,Northern Districts,2023-11-15,2023-11-16,6
ef9f75f8,1409475,17,1,6,2,1,0,0,1,0,1,0,0,0,0,0,0,0,male,Super Smash,T20,MW Chu,0,Otago,Wellington,2023-12-21,,6
ef9f75f8,1409478,0,0,0,0,0,0,0,0,0,0,0,0,0,0,0,0,0,male,Super Smash,T20,MW Chu,0,Otago,Canterbury,2023-12-26,,6
ef9f75f8,1409480,0,1,3,0,0,0,0,0,0,3,0,0,0,0,0,0,0,male,Super Smash,T20,MW Chu,bowled,Otago,Wellington,2023-12-28,,6
ef9f75f8,1409483,1,1,3,0,0,1,0,0,0,2,0,0,0,0,0,0,0,male,Super Smash,T20,MW Chu,caught,Otago,Auckland,2024-01-01,,6
ef9f75f8,1409485,34,0,18,0,3,2,0,0,0,2,0,0,0,0,0,0,0,male,Super Smash,T20,MW Chu,0,Otago,Canterbury,2024-01-03,,6
ef9f75f8,1409488,0,0,0,0,0,1,0,0,0,0,0,0,0,0,0,0,0,male,Super Smash,T20,MW Chu,0,Otago,Northern Districts,2024-01-06,,6
ef9f75f8,1409492,34,1,20,7,0,0,0,0,0,7,0,0,0,0,0,0,0,male,Super Smash,T20,MW Chu,caught,Otago,Central Districts,2024-01-10,,6
ef9f75f8,1409496,30,1,17,4,1,0,0,0,0,6,0,0,0,0,0,0,0,male,Super Smash,T20,MW Chu,caught and bowled,Otago,Auckland,2024-01-14,,6
ef9f75f8,1409500,9,1,10,0,0,1,0,0,0,4,0,0,0,0,0,0,0,male,Super Smash,T20,MW Chu,run out,Otago,Central Districts,2024-01-19,,6
ef9f75f8,1409503,0,0,0,0,0,0,0,0,0,0,0,0,0,0,0,0,0,male,Super Smash,T20,MW Chu,0,Otago,Northern Districts,2024-01-23,,6
ef9f75f8,1391917,76,2,128,10,0,3,0,0,0,90,0,0,0,0,0,0,0,male,Plunket Shield,MDM,MW Chu,0,Otago Volts,Auckland Aces,2024-02-29,2024-03-01,6
ef9f75f8,1391920,40,1,69,6,0,3,0,1,0,51,0,0,0,0,0,0,0,male,Plunket Shield,MDM,MW Chu,0,Otago Volts,Canterbury,2024-03-08,2024-03-09,6
ef9f75f8,1391922,52,2,95,7,0,1,0,0,0,71,0,0,0,0,0,0,0,male,Plunket Shield,MDM,MW Chu,0,Otago Volts,Wellington Firebirds,2024-03-16,2024-03-17,6
ef9f75f8,1391926,50,1,93,8,0,3,0,1,0,73,0,0,0,0,0,0,0,male,Plunket Shield,MDM,MW Chu,0,Otago Volts,Central Stags,2024-03-24,2024-03-25,6
