player_id,match_id,runs_scored,player_out,balls_faced,fours_scored,sixes_scored,catches_taken,run_out_direct,run_out_throw,stumpings_done,dot_balls_as_batsman,order_seenballs_bowled,runs_conceded,wickets_taken,bowled_done,lbw_done,maidens,dot_balls_as_bowler,gender,series_name,match_type,name,out_kind,player_team,opposition_team,start_date,end_date,balls_per_over
324a6ee1,692869,8,1,24,1,0,1,0,0,0,21,0,0,0,0,0,0,0,male,LV= County Championship,MDM,OB Cox,0,Worcestershire,Hampshire,2014-04-06,2014-04-07,6
324a6ee1,692871,89,2,125,14,1,1,0,0,0,89,0,0,0,0,0,0,0,male,LV= County Championship,MDM,OB Cox,bowled,Worcestershire,Kent,2014-04-13,2014-04-14,6
324a6ee1,692885,41,1,46,4,1,0,0,0,0,26,0,0,0,0,0,0,0,male,LV= County Championship,MDM,OB Cox,0,Worcestershire,Derbyshire,2014-04-27,2014-04-28,6
324a6ee1,692893,23,1,46,3,0,3,0,0,0,34,0,0,0,0,0,0,0,male,LV= County Championship,MDM,OB Cox,0,Worcestershire,Glamorgan,2014-05-04,2014-05-05,6
324a6ee1,693017,26,1,19,2,1,0,0,0,0,5,0,0,0,0,0,0,0,male,NatWest T20 Blast,T20,OB Cox,0,Worcestershire,Durham,2014-05-16,,6
324a6ee1,693027,0,0,0,0,0,2,0,0,1,0,0,0,0,0,0,0,0,male,NatWest T20 Blast,T20,OB Cox,0,Worcestershire,Lancashire,2014-05-17,,6
324a6ee1,692905,45,2,67,7,0,1,0,0,2,47,0,0,0,0,0,0,0,male,LV= County Championship,MDM,OB Cox,0,Worcestershire,Essex,2014-05-18,2014-05-19,6
324a6ee1,693031,5,0,4,1,0,0,0,0,0,2,0,0,0,0,0,0,0,male,NatWest T20 Blast,T20,OB Cox,0,Worcestershire,Nottinghamshire,2014-05-23,,6
324a6ee1,692911,0,0,0,0,0,2,0,0,0,0,0,0,0,0,0,0,0,male,LV= County Championship,MDM,OB Cox,0,Worcestershire,Kent,2014-05-25,2014-05-26,6
324a6ee1,693059,0,0,0,0,0,0,0,0,1,0,0,0,0,0,0,0,0,male,NatWest T20 Blast,T20,OB Cox,0,Worcestershire,Northamptonshire,2014-05-30,,6
324a6ee1,692919,64,1,80,8,1,5,0,0,0,52,0,0,0,0,0,0,0,male,LV= County Championship,MDM,OB Cox,caught,Worcestershire,Surrey,2014-06-01,2014-06-02,6
324a6ee1,693079,0,0,1,0,0,0,0,0,0,1,0,0,0,0,0,0,0,male,NatWest T20 Blast,T20,OB Cox,0,Worcestershire,Leicestershire,2014-06-06,,6
324a6ee1,693089,0,0,0,0,0,1,0,0,0,0,0,0,0,0,0,0,0,male,NatWest T20 Blast,T20,OB Cox,0,Worcestershire,Durham,2014-06-07,,6
324a6ee1,692929,104,1,186,13,1,1,0,0,0,134,0,0,0,0,0,0,0,male,LV= County Championship,MDM,OB Cox,0,Worcestershire,Hampshire,2014-06-08,2014-06-09,6
324a6ee1,693107,6,0,3,1,0,0,0,0,1,0,0,0,0,0,0,0,0,male,NatWest T20 Blast,T20,OB Cox,0,Worcestershire,Derbyshire,2014-06-13,,6
324a6ee1,692935,20,2,35,2,0,5,0,0,0,26,0,0,0,0,0,0,0,male,LV= County Championship,MDM,OB Cox,caught,Worcestershire,Leicestershire,2014-06-15,2014-06-16,6
324a6ee1,693123,0,0,0,0,0,0,0,0,0,0,0,0,0,0,0,0,0,male,NatWest T20 Blast,T20,OB Cox,0,Worcestershire,Warwickshire,2014-06-20,,6
324a6ee1,692949,57,1,82,8,0,1,0,0,0,52,0,0,0,0,0,0,0,male,LV= County Championship,MDM,OB Cox,0,Worcestershire,Glamorgan,2014-06-29,2014-06-30,6
324a6ee1,693187,6,1,6,1,0,0,0,0,1,3,0,0,0,0,0,0,0,male,NatWest T20 Blast,T20,OB Cox,0,Worcestershire,Lancashire,2014-07-06,,6
324a6ee1,693205,34,0,26,4,1,0,0,0,1,11,0,0,0,0,0,0,0,male,NatWest T20 Blast,T20,OB Cox,0,Worcestershire,Warwickshire,2014-07-11,,6
324a6ee1,692961,1,2,8,0,0,1,0,0,0,7,0,0,0,0,0,0,0,male,LV= County Championship,MDM,OB Cox,0,Worcestershire,Leicestershire,2014-07-13,2014-07-14,6
324a6ee1,693219,46,1,31,5,1,1,0,0,0,7,0,0,0,0,0,0,0,male,NatWest T20 Blast,T20,OB Cox,lbw,Worcestershire,Northamptonshire,2014-07-18,,6
324a6ee1,692971,56,1,95,8,1,4,0,0,1,72,0,0,0,0,0,0,0,male,LV= County Championship,MDM,OB Cox,0,Worcestershire,Gloucestershire,2014-07-21,2014-07-22,6
324a6ee1,693249,29,0,23,2,1,0,0,0,0,5,0,0,0,0,0,0,0,male,NatWest T20 Blast,T20,OB Cox,0,Worcestershire,Derbyshire,2014-07-25,,6
324a6ee1,693283,20,1,36,1,0,1,0,0,0,21,0,0,0,0,0,0,0,male,Royal London One-Day Cup,ODM,OB Cox,caught,Worcestershire,Essex,2014-07-27,,6
324a6ee1,693299,18,1,11,2,1,1,0,0,1,5,0,0,0,0,0,0,0,male,Royal London One-Day Cup,ODM,OB Cox,caught,Worcestershire,Northamptonshire,2014-07-29,,6
324a6ee1,693311,39,1,24,5,0,0,0,0,0,5,0,0,0,0,0,0,0,male,Royal London One-Day Cup,ODM,OB Cox,0,Worcestershire,Derbyshire,2014-07-31,,6
324a6ee1,693263,5,1,3,1,0,1,0,0,0,1,0,0,0,0,0,0,0,male,NatWest T20 Blast,T20,OB Cox,0,Worcestershire,Surrey,2014-08-02,,6
324a6ee1,693341,10,1,24,1,0,1,0,0,0,19,0,0,0,0,0,0,0,male,Royal London One-Day Cup,ODM,OB Cox,0,Worcestershire,Yorkshire,2014-08-07,,6
324a6ee1,693357,0,0,0,0,0,2,0,0,0,0,0,0,0,0,0,0,0,male,Royal London One-Day Cup,ODM,OB Cox,0,Worcestershire,Lancashire,2014-08-09,,6
324a6ee1,693375,0,0,0,0,0,0,0,0,0,0,0,0,0,0,0,0,0,male,Royal London One-Day Cup,ODM,OB Cox,0,Worcestershire,Hampshire,2014-08-11,,6
324a6ee1,693387,9,1,5,0,1,2,0,0,0,1,0,0,0,0,0,0,0,male,Royal London One-Day Cup,ODM,OB Cox,bowled,Worcestershire,Gloucestershire,2014-08-13,,6
324a6ee1,693397,6,1,6,1,0,0,0,0,0,3,0,0,0,0,0,0,0,male,Royal London One-Day Cup,ODM,OB Cox,0,Worcestershire,Leicestershire,2014-08-14,,6
324a6ee1,692975,44,2,92,5,1,2,0,0,0,70,0,0,0,0,0,0,0,male,LV= County Championship,MDM,OB Cox,caught,Worcestershire,Gloucestershire,2014-08-15,2014-08-16,6
324a6ee1,692981,28,2,46,6,0,2,0,0,0,37,0,0,0,0,0,0,0,male,LV= County Championship,MDM,OB Cox,bowled,Worcestershire,Derbyshire,2014-08-31,2014-09-01,6
324a6ee1,692989,11,2,71,1,0,3,0,0,0,63,0,0,0,0,0,0,0,male,LV= County Championship,MDM,OB Cox,0,Worcestershire,Surrey,2014-09-09,2014-09-10,6
324a6ee1,693005,13,2,28,2,0,0,0,0,0,22,0,0,0,0,0,0,0,male,LV= County Championship,MDM,OB Cox,0,Worcestershire,Essex,2014-09-23,2014-09-24,6
324a6ee1,804169,48,1,77,7,0,0,0,0,0,55,0,0,0,0,0,0,0,male,LV= County Championship,MDM,OB Cox,0,Worcestershire,Sussex,2015-04-19,2015-04-20,6
324a6ee1,804183,109,1,162,14,2,7,0,0,0,112,0,0,0,0,0,0,0,male,LV= County Championship,MDM,OB Cox,caught and bowled,Worcestershire,Somerset,2015-05-03,2015-05-04,6
324a6ee1,804185,89,2,119,13,0,6,0,0,1,80,0,0,0,0,0,0,0,male,LV= County Championship,MDM,OB Cox,caught,Worcestershire,Warwickshire,2015-05-09,2015-05-10,6
324a6ee1,804467,1,0,2,0,0,0,0,0,1,1,0,0,0,0,0,0,0,male,NatWest T20 Blast,T20,OB Cox,0,Worcestershire,Warwickshire,2015-05-22,,6
324a6ee1,804501,30,0,27,3,0,0,0,0,0,8,0,0,0,0,0,0,0,male,NatWest T20 Blast,T20,OB Cox,0,Worcestershire,Leicestershire,2015-05-29,,6
324a6ee1,804205,69,0,65,8,0,5,0,0,0,32,0,0,0,0,0,0,0,male,LV= County Championship,MDM,OB Cox,0,Worcestershire,Hampshire,2015-05-31,2015-06-03,6
324a6ee1,804515,0,0,0,0,0,0,0,0,0,0,0,0,0,0,0,0,0,male,NatWest T20 Blast,T20,OB Cox,0,Worcestershire,Northamptonshire,2015-06-05,,6
324a6ee1,804527,3,1,5,0,0,1,0,0,0,2,0,0,0,0,0,0,0,male,NatWest T20 Blast,T20,OB Cox,lbw,Worcestershire,Nottinghamshire,2015-06-07,,6
324a6ee1,804535,2,0,2,0,0,0,0,0,1,0,0,0,0,0,0,0,0,male,NatWest T20 Blast,T20,OB Cox,0,Worcestershire,Durham,2015-06-12,,6
324a6ee1,804219,17,2,45,1,0,1,0,0,0,35,0,0,0,0,0,0,0,male,LV= County Championship,MDM,OB Cox,0,Worcestershire,Warwickshire,2015-06-14,2015-06-15,6
324a6ee1,804561,22,0,13,1,2,0,0,0,0,6,0,0,0,0,0,0,0,male,NatWest T20 Blast,T20,OB Cox,0,Worcestershire,Lancashire,2015-06-18,,6
324a6ee1,804577,0,0,0,0,0,1,0,0,1,0,0,0,0,0,0,0,0,male,NatWest T20 Blast,T20,OB Cox,0,Worcestershire,Derbyshire,2015-06-19,,6
324a6ee1,804225,6,1,33,0,0,1,0,0,0,29,0,0,0,0,0,0,0,male,LV= County Championship,MDM,OB Cox,0,Worcestershire,Middlesex,2015-06-21,2015-06-22,6
324a6ee1,804601,24,1,16,2,1,0,0,0,0,3,0,0,0,0,0,0,0,male,NatWest T20 Blast,T20,OB Cox,0,Worcestershire,Northamptonshire,2015-06-26,,6
324a6ee1,804235,28,2,73,4,0,2,0,0,0,62,0,0,0,0,0,0,0,male,LV= County Championship,MDM,OB Cox,0,Worcestershire,Nottinghamshire,2015-06-29,2015-06-30,6
324a6ee1,804619,11,1,9,1,0,0,0,0,0,1,0,0,0,0,0,0,0,male,NatWest T20 Blast,T20,OB Cox,caught,Worcestershire,Nottinghamshire,2015-07-03,,6
324a6ee1,804631,10,0,6,2,0,0,0,0,0,2,0,0,0,0,0,0,0,male,NatWest T20 Blast,T20,OB Cox,0,Worcestershire,Durham,2015-07-05,,6
324a6ee1,804243,23,1,61,3,0,4,0,0,0,50,0,0,0,0,0,0,0,male,LV= County Championship,MDM,OB Cox,0,Worcestershire,Hampshire,2015-07-06,2015-07-07,6
324a6ee1,804645,11,0,8,1,0,0,0,0,1,2,0,0,0,0,0,0,0,male,NatWest T20 Blast,T20,OB Cox,0,Worcestershire,Warwickshire,2015-07-10,,6
324a6ee1,804657,10,1,8,2,0,1,0,0,0,4,0,0,0,0,0,0,0,male,NatWest T20 Blast,T20,OB Cox,0,Worcestershire,Yorkshire,2015-07-14,,6
324a6ee1,804663,6,0,11,0,0,0,0,0,0,5,0,0,0,0,0,0,0,male,NatWest T20 Blast,T20,OB Cox,0,Worcestershire,Derbyshire,2015-07-17,,6
324a6ee1,804255,19,2,49,2,0,1,0,0,0,41,0,0,0,0,0,0,0,male,LV= County Championship,MDM,OB Cox,0,Worcestershire,Yorkshire,2015-07-19,2015-07-20,6
324a6ee1,804759,6,1,9,0,0,3,0,0,1,5,0,0,0,0,0,0,0,male,Royal London One-Day Cup,ODM,OB Cox,caught,Worcestershire,Yorkshire,2015-07-30,,6
324a6ee1,804771,38,1,35,3,2,0,0,0,0,19,0,0,0,0,0,0,0,male,Royal London One-Day Cup,ODM,OB Cox,caught,Worcestershire,Somerset,2015-07-31,,6
324a6ee1,804789,36,1,32,5,0,4,0,0,0,17,0,0,0,0,0,0,0,male,Royal London One-Day Cup,ODM,OB Cox,caught,Worcestershire,Northamptonshire,2015-08-02,,6
324a6ee1,804807,21,1,19,2,1,1,0,0,1,10,0,0,0,0,0,0,0,male,Royal London One-Day Cup,ODM,OB Cox,bowled,Worcestershire,Surrey,2015-08-04,,6
324a6ee1,804815,9,1,8,1,0,1,0,0,0,2,0,0,0,0,0,0,0,male,Royal London One-Day Cup,ODM,OB Cox,caught,Worcestershire,Gloucestershire,2015-08-05,,6
324a6ee1,804261,90,2,122,15,0,1,0,0,0,83,0,0,0,0,0,0,0,male,LV= County Championship,MDM,OB Cox,caught,Worcestershire,Nottinghamshire,2015-08-07,2015-08-08,6
324a6ee1,804703,0,0,0,0,0,1,0,0,0,0,0,0,0,0,0,0,0,male,NatWest T20 Blast,T20,OB Cox,0,Worcestershire,Hampshire,2015-08-14,,6
324a6ee1,804839,0,0,0,0,0,0,0,0,0,0,0,0,0,0,0,0,0,male,Royal London One-Day Cup,ODM,OB Cox,0,Worcestershire,Leicestershire,2015-08-17,,6
324a6ee1,804269,52,0,73,9,1,1,0,0,0,54,0,0,0,0,0,0,0,male,LV= County Championship,MDM,OB Cox,0,Worcestershire,Somerset,2015-08-21,2015-08-22,6
324a6ee1,804277,35,2,52,6,0,1,0,0,0,37,0,0,0,0,0,0,0,male,LV= County Championship,MDM,OB Cox,0,Worcestershire,Sussex,2015-09-01,2015-09-02,6
324a6ee1,804287,32,1,31,4,1,2,0,0,1,17,0,0,0,0,0,0,0,male,LV= County Championship,MDM,OB Cox,0,Worcestershire,Durham,2015-09-14,2015-09-15,6
324a6ee1,804299,53,0,43,6,2,6,0,0,0,20,0,0,0,0,0,0,0,male,LV= County Championship,MDM,OB Cox,0,Worcestershire,Middlesex,2015-09-22,2015-09-23,6
324a6ee1,946965,69,1,133,11,0,2,0,0,0,99,0,0,0,0,0,0,0,male,Specsavers County Championship,MDM,OB Cox,caught,Worcestershire,Gloucestershire,2016-04-24,2016-04-25,6
324a6ee1,946969,24,1,65,2,0,1,0,0,0,54,0,0,0,0,0,0,0,male,Specsavers County Championship,MDM,OB Cox,caught,Worcestershire,Essex,2016-05-01,2016-05-02,6
324a6ee1,946981,1,1,2,0,0,0,0,0,0,1,0,0,0,0,0,0,0,male,Specsavers County Championship,MDM,OB Cox,0,Worcestershire,Glamorgan,2016-05-08,2016-05-09,6
324a6ee1,946989,30,1,38,6,0,2,0,0,0,27,0,0,0,0,0,0,0,male,Specsavers County Championship,MDM,OB Cox,caught,Worcestershire,Sussex,2016-05-15,2016-05-16,6
324a6ee1,947093,2,1,3,0,0,2,0,0,0,1,0,0,0,0,0,0,0,male,NatWest T20 Blast,T20,OB Cox,0,Worcestershire,Durham,2016-05-20,,6
324a6ee1,946997,49,1,63,6,1,3,0,0,0,43,0,0,0,0,0,0,0,male,Specsavers County Championship,MDM,OB Cox,0,Worcestershire,Leicestershire,2016-05-22,2016-05-23,6
324a6ee1,947115,0,0,0,0,0,0,0,0,0,0,0,0,0,0,0,0,0,male,NatWest T20 Blast,T20,OB Cox,0,Worcestershire,Warwickshire,2016-05-27,,6
324a6ee1,947003,93,2,140,16,0,2,0,0,0,101,0,0,0,0,0,0,0,male,Specsavers County Championship,MDM,OB Cox,0,Worcestershire,Gloucestershire,2016-05-29,2016-05-30,6
324a6ee1,947127,0,0,0,0,0,1,0,0,0,0,0,0,0,0,0,0,0,male,NatWest T20 Blast,T20,OB Cox,0,Worcestershire,Yorkshire,2016-06-02,,6
324a6ee1,947141,10,0,4,2,0,0,0,0,0,1,0,0,0,0,0,0,0,male,NatWest T20 Blast,T20,OB Cox,0,Worcestershire,Northamptonshire,2016-06-03,,6
324a6ee1,947357,27,1,44,1,0,0,0,0,0,22,0,0,0,0,0,0,0,male,Royal London One-Day Cup,ODM,OB Cox,caught,Worcestershire,Derbyshire,2016-06-05,,6
324a6ee1,947381,0,0,0,0,0,2,0,0,0,0,0,0,0,0,0,0,0,male,Royal London One-Day Cup,ODM,OB Cox,0,Worcestershire,Yorkshire,2016-06-07,,6
324a6ee1,947161,42,0,25,6,1,3,0,0,0,7,0,0,0,0,0,0,0,male,NatWest T20 Blast,T20,OB Cox,0,Worcestershire,Northamptonshire,2016-06-10,,6
324a6ee1,947403,0,0,0,0,0,2,0,0,0,0,0,0,0,0,0,0,0,male,Royal London One-Day Cup,ODM,OB Cox,0,Worcestershire,Durham,2016-06-12,,6
324a6ee1,947191,1,0,2,0,0,0,0,0,0,1,0,0,0,0,0,0,0,male,NatWest T20 Blast,T20,OB Cox,0,Worcestershire,Nottinghamshire,2016-06-18,,6
324a6ee1,947011,55,1,70,8,1,1,0,0,0,51,0,0,0,0,0,0,0,male,Specsavers County Championship,MDM,OB Cox,lbw,Worcestershire,Derbyshire,2016-06-20,2016-06-21,6
324a6ee1,947211,6,1,12,0,0,0,0,0,0,6,0,0,0,0,0,0,0,male,NatWest T20 Blast,T20,OB Cox,0,Worcestershire,Lancashire,2016-06-24,,6
324a6ee1,947223,1,0,2,0,0,0,0,0,0,1,0,0,0,0,0,0,0,male,NatWest T20 Blast,T20,OB Cox,0,Worcestershire,Durham,2016-06-30,,6
324a6ee1,947227,59,0,29,7,2,0,0,0,0,3,0,0,0,0,0,0,0,male,NatWest T20 Blast,T20,OB Cox,0,Worcestershire,Derbyshire,2016-07-01,,6
324a6ee1,947023,11,2,25,1,0,3,0,0,1,20,0,0,0,0,0,0,0,male,Specsavers County Championship,MDM,OB Cox,bowled,Worcestershire,Leicestershire,2016-07-03,2016-07-04,6
324a6ee1,947261,44,1,24,7,1,0,0,0,0,6,0,0,0,0,0,0,0,male,NatWest T20 Blast,T20,OB Cox,0,Worcestershire,Lancashire,2016-07-08,,6
324a6ee1,947267,37,1,30,4,0,0,0,0,0,9,0,0,0,0,0,0,0,male,NatWest T20 Blast,T20,OB Cox,run out,Worcestershire,Nottinghamshire,2016-07-09,,6
324a6ee1,947027,94,1,134,13,0,6,0,0,0,90,0,0,0,0,0,0,0,male,Specsavers County Championship,MDM,OB Cox,0,Worcestershire,Northamptonshire,2016-07-10,2016-07-11,6
324a6ee1,947281,15,0,14,2,0,0,0,0,0,5,0,0,0,0,0,0,0,male,NatWest T20 Blast,T20,OB Cox,0,Worcestershire,Warwickshire,2016-07-15,,6
324a6ee1,947321,17,1,9,0,2,0,0,0,0,3,0,0,0,0,0,0,0,male,NatWest T20 Blast,T20,OB Cox,0,Worcestershire,Derbyshire,2016-07-22,,6
324a6ee1,947441,10,1,34,1,0,1,0,0,0,28,0,0,0,0,0,0,0,male,Royal London One-Day Cup,ODM,OB Cox,0,Worcestershire,Warwickshire,2016-07-24,,6
324a6ee1,947461,16,1,13,3,0,0,0,0,0,6,0,0,0,0,0,0,0,male,Royal London One-Day Cup,ODM,OB Cox,caught,Worcestershire,Northamptonshire,2016-07-27,,6
324a6ee1,947477,31,1,25,3,1,3,0,0,0,9,0,0,0,0,0,0,0,male,Royal London One-Day Cup,ODM,OB Cox,caught,Worcestershire,Lancashire,2016-07-31,,6
324a6ee1,947491,0,0,0,0,0,0,0,0,0,0,0,0,0,0,0,0,0,male,Royal London One-Day Cup,ODM,OB Cox,0,Worcestershire,Nottinghamshire,2016-08-01,,6
324a6ee1,947037,44,2,76,6,2,2,0,0,0,61,0,0,0,0,0,0,0,male,Specsavers County Championship,MDM,OB Cox,caught,Worcestershire,Kent,2016-08-03,2016-08-04,6
324a6ee1,947047,25,2,67,4,0,2,0,0,1,55,0,0,0,0,0,0,0,male,Specsavers County Championship,MDM,OB Cox,0,Worcestershire,Glamorgan,2016-08-13,2016-08-14,6
324a6ee1,947501,0,1,2,0,0,0,0,0,0,2,0,0,0,0,0,0,0,male,Royal London One-Day Cup,ODM,OB Cox,caught,Worcestershire,Somerset,2016-08-17,,6
324a6ee1,947057,34,1,30,3,1,1,0,0,0,13,0,0,0,0,0,0,0,male,Specsavers County Championship,MDM,OB Cox,0,Worcestershire,Northamptonshire,2016-08-23,2016-08-24,6
324a6ee1,947067,98,2,120,17,0,0,0,0,0,82,0,0,0,0,0,0,0,male,Specsavers County Championship,MDM,OB Cox,caught,Worcestershire,Essex,2016-08-31,2016-09-01,6
324a6ee1,947081,125,2,174,15,5,4,0,0,0,122,0,0,0,0,0,0,0,male,Specsavers County Championship,MDM,OB Cox,0,Worcestershire,Sussex,2016-09-12,2016-09-13,6
324a6ee1,1068589,42,1,48,7,0,6,0,0,0,28,0,0,0,0,0,0,0,male,Specsavers County Championship,MDM,OB Cox,0,Worcestershire,Glamorgan,2017-04-14,2017-04-15,6
324a6ee1,1068592,15,2,29,2,0,1,0,0,0,23,0,0,0,0,0,0,0,male,Specsavers County Championship,MDM,OB Cox,0,Worcestershire,Northamptonshire,2017-04-21,2017-04-22,6
324a6ee1,1068432,18,1,14,3,0,1,0,0,1,6,0,0,0,0,0,0,0,male,Royal London One-Day Cup,ODM,OB Cox,0,Worcestershire,Nottinghamshire,2017-04-27,,6
324a6ee1,1068442,44,1,38,6,0,1,0,0,1,17,0,0,0,0,0,0,0,male,Royal London One-Day Cup,ODM,OB Cox,bowled,Worcestershire,Leicestershire,2017-04-30,,6
324a6ee1,1068453,82,1,76,7,2,2,0,0,0,29,0,0,0,0,0,0,0,male,Royal London One-Day Cup,ODM,OB Cox,0,Worcestershire,Northamptonshire,2017-05-03,,6
324a6ee1,1068459,4,1,7,1,0,1,0,0,0,6,0,0,0,0,0,0,0,male,Royal London One-Day Cup,ODM,OB Cox,caught,Worcestershire,Yorkshire,2017-05-05,,6
324a6ee1,1068475,24,1,49,1,0,1,0,0,0,31,0,0,0,0,0,0,0,male,Royal London One-Day Cup,ODM,OB Cox,bowled,Worcestershire,Lancashire,2017-05-10,,6
324a6ee1,1068482,49,1,43,5,1,1,0,0,0,18,0,0,0,0,0,0,0,male,Royal London One-Day Cup,ODM,OB Cox,0,Worcestershire,Warwickshire,2017-05-12,,6
324a6ee1,1068487,32,1,36,2,1,1,0,0,0,16,0,0,0,0,0,0,0,male,Royal London One-Day Cup,ODM,OB Cox,0,Worcestershire,Durham,2017-05-14,,6
324a6ee1,1068495,11,1,15,2,0,0,0,0,0,10,0,0,0,0,0,0,0,male,Royal London One-Day Cup,ODM,OB Cox,0,Worcestershire,Derbyshire,2017-05-16,,6
324a6ee1,1068608,15,2,80,2,0,0,0,0,0,71,0,0,0,0,0,0,0,male,Specsavers County Championship,MDM,OB Cox,0,Worcestershire,Sussex,2017-06-02,2017-06-03,6
324a6ee1,1068611,96,2,113,15,0,1,0,0,0,69,0,0,0,0,0,0,0,male,Specsavers County Championship,MDM,OB Cox,0,Worcestershire,Glamorgan,2017-06-09,2017-06-10,6
324a6ee1,1068505,13,1,15,1,0,1,0,0,0,6,0,0,0,0,0,0,0,male,Royal London One-Day Cup,ODM,OB Cox,caught,Worcestershire,Surrey,2017-06-17,,6
324a6ee1,1068616,21,2,54,3,0,5,0,0,0,42,0,0,0,0,0,0,0,male,Specsavers County Championship,MDM,OB Cox,0,Worcestershire,Kent,2017-06-19,2017-06-20,6
324a6ee1,1068617,32,0,54,3,0,2,0,0,0,37,0,0,0,0,0,0,0,male,Specsavers County Championship,MDM,OB Cox,0,Worcestershire,Durham,2017-06-26,2017-06-27,6
324a6ee1,1068303,43,1,27,6,0,0,0,0,1,5,0,0,0,0,0,0,0,male,NatWest T20 Blast,T20,OB Cox,caught,Worcestershire,Warwickshire,2017-07-07,,6
324a6ee1,1068626,145,2,202,23,2,4,0,0,0,145,0,0,0,0,0,0,0,male,Specsavers County Championship,MDM,OB Cox,caught,Worcestershire,Gloucestershire,2017-07-09,2017-07-10,6
324a6ee1,1068321,51,1,36,5,1,0,0,0,1,9,0,0,0,0,0,0,0,male,NatWest T20 Blast,T20,OB Cox,caught,Worcestershire,Leicestershire,2017-07-14,,6
324a6ee1,1068329,40,0,35,2,1,0,0,0,1,9,0,0,0,0,0,0,0,male,NatWest T20 Blast,T20,OB Cox,0,Worcestershire,Derbyshire,2017-07-19,,6
324a6ee1,1068343,5,1,8,0,0,1,0,0,0,4,0,0,0,0,0,0,0,male,NatWest T20 Blast,T20,OB Cox,caught,Worcestershire,Yorkshire,2017-07-23,,6
324a6ee1,1068356,9,1,7,1,0,0,0,0,0,1,0,0,0,0,0,0,0,male,NatWest T20 Blast,T20,OB Cox,bowled,Worcestershire,Nottinghamshire,2017-07-26,,6
324a6ee1,1068359,2,1,6,0,0,0,0,0,0,4,0,0,0,0,0,0,0,male,NatWest T20 Blast,T20,OB Cox,bowled,Worcestershire,Northamptonshire,2017-07-27,,6
324a6ee1,1068369,43,1,32,5,1,0,0,0,0,12,0,0,0,0,0,0,0,male,NatWest T20 Blast,T20,OB Cox,0,Worcestershire,Durham,2017-07-30,,6
324a6ee1,1068388,22,1,20,3,0,0,0,0,1,8,0,0,0,0,0,0,0,male,NatWest T20 Blast,T20,OB Cox,caught,Worcestershire,Warwickshire,2017-08-04,,6
324a6ee1,1068391,10,1,10,2,0,0,0,0,0,6,0,0,0,0,0,0,0,male,NatWest T20 Blast,T20,OB Cox,caught,Worcestershire,Northamptonshire,2017-08-05,,6
324a6ee1,1068630,28,2,57,6,0,4,0,0,0,48,0,0,0,0,0,0,0,male,Specsavers County Championship,MDM,OB Cox,0,Worcestershire,Sussex,2017-08-06,2017-08-07,6
324a6ee1,1068397,34,1,27,3,1,1,0,0,1,10,0,0,0,0,0,0,0,male,NatWest T20 Blast,T20,OB Cox,caught,Worcestershire,Durham,2017-08-11,,6
324a6ee1,1068404,17,1,21,1,0,2,0,0,0,9,0,0,0,0,0,0,0,male,NatWest T20 Blast,T20,OB Cox,caught,Worcestershire,Nottinghamshire,2017-08-13,,6
324a6ee1,1068411,19,1,25,1,0,0,0,0,0,10,0,0,0,0,0,0,0,male,NatWest T20 Blast,T20,OB Cox,caught,Worcestershire,Lancashire,2017-08-16,,6
324a6ee1,1068419,2,1,4,0,0,0,0,0,2,3,0,0,0,0,0,0,0,male,NatWest T20 Blast,T20,OB Cox,lbw,Worcestershire,Derbyshire,2017-08-18,,6
324a6ee1,1068634,76,2,103,10,2,1,0,0,0,74,0,0,0,0,0,0,0,male,Specsavers County Championship,MDM,OB Cox,bowled,Worcestershire,Gloucestershire,2017-08-28,2017-08-29,6
324a6ee1,1068637,47,1,43,9,1,5,0,0,0,29,0,0,0,0,0,0,0,male,Specsavers County Championship,MDM,OB Cox,0,Worcestershire,Nottinghamshire,2017-09-05,2017-09-06,6
324a6ee1,1068641,77,1,107,6,1,3,0,0,0,57,0,0,0,0,0,0,0,male,Specsavers County Championship,MDM,OB Cox,0,Worcestershire,Leicestershire,2017-09-12,2017-09-13,6
324a6ee1,1068649,30,1,56,3,0,3,0,0,0,39,0,0,0,0,0,0,0,male,Specsavers County Championship,MDM,OB Cox,0,Worcestershire,Durham,2017-09-25,2017-09-26,6
324a6ee1,1127616,65,2,79,12,0,3,0,0,0,53,0,0,0,0,0,0,0,male,Specsavers County Championship,MDM,OB Cox,caught,Worcestershire,Hampshire,2018-04-13,2018-04-14,6
324a6ee1,1127622,44,2,51,8,0,6,0,0,0,34,0,0,0,0,0,0,0,male,Specsavers County Championship,MDM,OB Cox,caught,Worcestershire,Somerset,2018-04-20,2018-04-21,6
324a6ee1,1127625,14,2,33,2,0,2,0,0,0,26,0,0,0,0,0,0,0,male,Specsavers County Championship,MDM,OB Cox,caught,Worcestershire,Nottinghamshire,2018-04-27,2018-04-28,6
324a6ee1,1127629,0,1,1,0,0,3,0,0,0,1,0,0,0,0,0,0,0,male,Specsavers County Championship,MDM,OB Cox,0,Worcestershire,Surrey,2018-05-04,2018-05-05,6
324a6ee1,1127632,9,2,18,1,0,3,0,0,0,13,0,0,0,0,0,0,0,male,Specsavers County Championship,MDM,OB Cox,0,Worcestershire,Essex,2018-05-11,2018-05-12,6
324a6ee1,1127769,56,0,51,4,1,2,0,0,0,15,0,0,0,0,0,0,0,male,Royal London One-Day Cup,ODM,OB Cox,0,Worcestershire,Derbyshire,2018-05-19,,6
324a6ee1,1127780,50,1,33,6,2,4,0,0,0,11,0,0,0,0,0,0,0,male,Royal London One-Day Cup,ODM,OB Cox,0,Worcestershire,Yorkshire,2018-05-23,,6
324a6ee1,1127790,25,0,18,3,1,4,0,0,0,8,0,0,0,0,0,0,0,male,Royal London One-Day Cup,ODM,OB Cox,0,Worcestershire,Durham,2018-05-25,,6
324a6ee1,1127796,7,1,15,1,0,3,0,0,0,11,0,0,0,0,0,0,0,male,Royal London One-Day Cup,ODM,OB Cox,caught,Worcestershire,Lancashire,2018-05-27,,6
324a6ee1,1127804,0,0,0,0,0,1,0,0,0,0,0,0,0,0,0,0,0,male,Royal London One-Day Cup,ODM,OB Cox,0,Worcestershire,Leicestershire,2018-05-29,,6
324a6ee1,1127815,17,1,33,2,0,1,0,0,0,24,0,0,0,0,0,0,0,male,Royal London One-Day Cup,ODM,OB Cox,caught,Worcestershire,Nottinghamshire,2018-06-01,,6
324a6ee1,1127820,39,1,31,4,1,1,0,0,0,10,0,0,0,0,0,0,0,male,Royal London One-Day Cup,ODM,OB Cox,caught,Worcestershire,Northamptonshire,2018-06-03,,6
324a6ee1,1127829,80,1,85,9,0,1,0,0,0,36,0,0,0,0,0,0,0,male,Royal London One-Day Cup,ODM,OB Cox,0,Worcestershire,Warwickshire,2018-06-07,,6
324a6ee1,1127835,122,0,107,14,2,1,0,0,0,45,0,0,0,0,0,0,0,male,Royal London One-Day Cup,ODM,OB Cox,0,Worcestershire,Kent,2018-06-17,,6
324a6ee1,1127645,52,2,94,8,0,1,0,0,0,74,0,0,0,0,0,0,0,male,Specsavers County Championship,MDM,OB Cox,caught,Worcestershire,Nottinghamshire,2018-06-25,2018-06-26,6
324a6ee1,1127452,19,1,18,1,1,0,0,0,0,8,0,0,0,0,0,0,0,male,Vitality Blast,T20,OB Cox,0,Worcestershire,Lancashire,2018-07-05,,6
324a6ee1,1127457,7,1,5,1,0,1,0,0,0,1,0,0,0,0,0,0,0,male,Vitality Blast,T20,OB Cox,caught,Worcestershire,Birmingham Bears,2018-07-06,,6
324a6ee1,1127466,13,0,15,2,0,1,0,0,2,8,0,0,0,0,0,0,0,male,Vitality Blast,T20,OB Cox,0,Worcestershire,Derbyshire,2018-07-08,,6
324a6ee1,1127477,9,0,7,1,0,2,0,0,0,2,0,0,0,0,0,0,0,male,Vitality Blast,T20,OB Cox,0,Worcestershire,Northamptonshire,2018-07-13,,6
324a6ee1,1127483,12,1,13,0,1,0,0,0,0,6,0,0,0,0,0,0,0,male,Vitality Blast,T20,OB Cox,0,Worcestershire,Yorkshire,2018-07-15,,6
324a6ee1,1127493,17,1,13,1,0,0,0,0,0,3,0,0,0,0,0,0,0,male,Vitality Blast,T20,OB Cox,0,Worcestershire,Durham,2018-07-20,,6
324a6ee1,1127502,0,0,0,0,0,1,0,0,0,0,0,0,0,0,0,0,0,male,Vitality Blast,T20,OB Cox,0,Worcestershire,Northamptonshire,2018-07-27,,6
324a6ee1,1127524,16,1,15,1,0,0,0,0,0,3,0,0,0,0,0,0,0,male,Vitality Blast,T20,OB Cox,caught,Worcestershire,Durham,2018-08-03,,6
324a6ee1,1127528,0,0,0,0,0,1,0,0,1,0,0,0,0,0,0,0,0,male,Vitality Blast,T20,OB Cox,0,Worcestershire,Nottinghamshire,2018-08-04,,6
324a6ee1,1127542,8,1,11,1,0,0,0,0,1,6,0,0,0,0,0,0,0,male,Vitality Blast,T20,OB Cox,caught,Worcestershire,Derbyshire,2018-08-09,,6
324a6ee1,1127550,18,1,24,2,0,2,0,0,1,12,0,0,0,0,0,0,0,male,Vitality Blast,T20,OB Cox,stumped,Worcestershire,Leicestershire,2018-08-10,,6
324a6ee1,1127556,16,1,14,2,0,0,0,0,0,4,0,0,0,0,0,0,0,male,Vitality Blast,T20,OB Cox,0,Worcestershire,Nottinghamshire,2018-08-12,,6
324a6ee1,1127568,27,0,17,2,1,1,0,0,0,3,0,0,0,0,0,0,0,male,Vitality Blast,T20,OB Cox,0,Worcestershire,Birmingham Bears,2018-08-17,,6
324a6ee1,1127651,18,1,24,1,1,2,0,0,0,14,0,0,0,0,0,0,0,male,Specsavers County Championship,MDM,OB Cox,0,Worcestershire,Yorkshire,2018-08-19,2018-08-20,6
324a6ee1,1127576,11,1,17,1,0,0,0,0,0,10,0,0,0,0,0,0,0,male,Vitality Blast,T20,OB Cox,0,Worcestershire,Gloucestershire,2018-08-25,,6
324a6ee1,1127656,54,2,88,10,0,5,0,0,0,66,0,0,0,0,0,0,0,male,Specsavers County Championship,MDM,OB Cox,lbw,Worcestershire,Lancashire,2018-08-29,2018-08-30,6
324a6ee1,1127658,10,2,45,0,0,5,0,0,0,35,0,0,0,0,0,0,0,male,Specsavers County Championship,MDM,OB Cox,caught,Worcestershire,Hampshire,2018-09-04,2018-09-05,6
324a6ee1,1127579,55,0,35,3,3,0,0,0,0,6,0,0,0,0,0,0,0,male,Vitality Blast,T20,OB Cox,0,Worcestershire,Lancashire,2018-09-15,,6
324a6ee1,1127580,46,0,27,5,2,0,0,0,0,7,0,0,0,0,0,0,0,male,Vitality Blast,T20,OB Cox,0,Worcestershire,Sussex,2018-09-15,,6
324a6ee1,1127665,21,2,43,2,0,1,0,0,0,32,0,0,0,0,0,0,0,male,Specsavers County Championship,MDM,OB Cox,bowled,Worcestershire,Essex,2018-09-18,2018-09-19,6
324a6ee1,1127670,27,2,50,4,1,1,0,0,0,40,0,0,0,0,0,0,0,male,Specsavers County Championship,MDM,OB Cox,0,Worcestershire,Yorkshire,2018-09-24,2018-09-25,6
324a6ee1,1160501,13,0,14,0,0,4,0,0,0,4,0,0,0,0,0,0,0,male,Super Smash,T20,OB Cox,0,Otago,Wellington,2018-12-28,,6
324a6ee1,1160503,11,1,15,0,0,0,0,0,0,5,0,0,0,0,0,0,0,male,Super Smash,T20,OB Cox,0,Otago,Northern Districts,2018-12-30,,6
324a6ee1,1160510,19,1,12,1,1,1,0,0,0,3,0,0,0,0,0,0,0,male,Super Smash,T20,OB Cox,0,Otago,Central Districts,2019-01-10,,6
324a6ee1,1160512,0,0,0,0,0,0,0,0,0,0,0,0,0,0,0,0,0,male,Super Smash,T20,OB Cox,0,Otago,Auckland,2019-01-13,,6
324a6ee1,1160517,22,1,16,2,1,0,0,0,0,5,0,0,0,0,0,0,0,male,Super Smash,T20,OB Cox,caught,Otago,Auckland,2019-01-20,,6
324a6ee1,1160520,5,1,7,0,0,0,0,0,0,3,0,0,0,0,0,0,0,male,Super Smash,T20,OB Cox,caught,Otago,Wellington,2019-01-27,,6
324a6ee1,1160522,49,1,42,3,2,0,0,0,0,14,0,0,0,0,0,0,0,male,Super Smash,T20,OB Cox,caught,Otago,Canterbury,2019-02-02,,6
324a6ee1,1160524,32,0,25,4,0,1,0,0,0,6,0,0,0,0,0,0,0,male,Super Smash,T20,OB Cox,0,Otago,Northern Districts,2019-02-09,,6
324a6ee1,1166975,100,0,134,13,1,3,0,0,0,87,0,0,0,0,0,0,0,male,Specsavers County Championship,MDM,OB Cox,0,Worcestershire,Leicestershire,2019-04-11,2019-04-12,6
324a6ee1,1167050,24,1,22,2,0,1,0,0,0,7,0,0,0,0,0,0,0,male,Royal London One-Day Cup,ODM,OB Cox,0,Worcestershire,Lancashire,2019-04-17,,6
324a6ee1,1167066,22,1,35,2,0,0,0,0,0,21,0,0,0,0,0,0,0,male,Royal London One-Day Cup,ODM,OB Cox,0,Worcestershire,Leicestershire,2019-04-21,,6
324a6ee1,1167077,31,0,28,2,1,0,0,0,1,11,0,0,0,0,0,0,0,male,Royal London One-Day Cup,ODM,OB Cox,0,Worcestershire,Durham,2019-04-24,,6
324a6ee1,1167081,29,1,27,4,0,2,0,0,0,12,0,0,0,0,0,0,0,male,Royal London One-Day Cup,ODM,OB Cox,lbw,Worcestershire,Northamptonshire,2019-04-26,,6
324a6ee1,1167087,0,1,5,0,0,2,0,0,0,5,0,0,0,0,0,0,0,male,Royal London One-Day Cup,ODM,OB Cox,0,Worcestershire,Warwickshire,2019-04-28,,6
324a6ee1,1167108,87,1,91,12,0,3,0,0,0,46,0,0,0,0,0,0,0,male,Royal London One-Day Cup,ODM,OB Cox,0,Worcestershire,Yorkshire,2019-05-04,,6
324a6ee1,1167113,20,1,26,1,0,1,1,0,0,13,0,0,0,0,0,0,0,male,Royal London One-Day Cup,ODM,OB Cox,0,Worcestershire,Derbyshire,2019-05-06,,6
324a6ee1,1167121,25,1,33,2,0,2,0,0,0,18,0,0,0,0,0,0,0,male,Royal London One-Day Cup,ODM,OB Cox,0,Worcestershire,Somerset,2019-05-10,,6
324a6ee1,1166980,53,1,108,6,0,4,0,0,1,80,0,0,0,0,0,0,0,male,Specsavers County Championship,MDM,OB Cox,caught,Worcestershire,Durham,2019-05-14,2019-05-15,6
324a6ee1,1166983,51,2,83,5,0,0,0,0,0,56,0,0,0,0,0,0,0,male,Specsavers County Championship,MDM,OB Cox,0,Worcestershire,Lancashire,2019-05-20,2019-05-21,6
324a6ee1,1166988,30,2,62,0,1,4,0,0,0,44,0,0,0,0,0,0,0,male,Specsavers County Championship,MDM,OB Cox,0,Worcestershire,Middlesex,2019-05-27,2019-05-28,6
324a6ee1,1166996,2,1,22,0,0,1,0,0,0,21,0,0,0,0,0,0,0,male,Specsavers County Championship,MDM,OB Cox,caught,Worcestershire,Lancashire,2019-06-10,2019-06-11,6
324a6ee1,1167001,61,1,105,6,0,3,0,0,0,71,0,0,0,0,0,0,0,male,Specsavers County Championship,MDM,OB Cox,0,Worcestershire,Sussex,2019-06-18,2019-06-19,6
324a6ee1,1167012,66,2,184,10,0,3,0,0,0,153,0,0,0,0,0,0,0,male,Specsavers County Championship,MDM,OB Cox,lbw,Worcestershire,Derbyshire,2019-07-07,2019-07-08,6
324a6ee1,1167013,86,2,152,12,0,3,0,0,0,115,0,0,0,0,0,0,0,male,Specsavers County Championship,MDM,OB Cox,0,Worcestershire,Durham,2019-07-13,2019-07-14,6
324a6ee1,1167128,21,0,19,0,0,1,0,0,0,2,0,0,0,0,0,0,0,male,Vitality Blast,T20,OB Cox,0,Worcestershire,Nottinghamshire,2019-07-18,,6
324a6ee1,1167018,55,2,150,5,0,7,0,0,0,121,0,0,0,0,0,0,0,male,Specsavers County Championship,MDM,OB Cox,caught,Worcestershire,Gloucestershire,2019-07-21,2019-07-22,6
324a6ee1,1167153,18,1,19,0,0,0,0,0,0,4,0,0,0,0,0,0,0,male,Vitality Blast,T20,OB Cox,0,Worcestershire,Lancashire,2019-07-26,,6
324a6ee1,1167160,0,0,0,0,0,1,0,0,0,0,0,0,0,0,0,0,0,male,Vitality Blast,T20,OB Cox,0,Worcestershire,Durham,2019-07-28,,6
324a6ee1,1167165,20,1,19,2,0,1,0,0,0,6,0,0,0,0,0,0,0,male,Vitality Blast,T20,OB Cox,0,Worcestershire,Derbyshire,2019-07-31,,6
324a6ee1,1167170,9,0,8,1,0,0,0,0,0,2,0,0,0,0,0,0,0,male,Vitality Blast,T20,OB Cox,0,Worcestershire,Yorkshire,2019-08-02,,6
324a6ee1,1167183,30,1,29,2,1,0,0,0,0,11,0,0,0,0,0,0,0,male,Vitality Blast,T20,OB Cox,bowled,Worcestershire,Leicestershire,2019-08-04,,6
324a6ee1,1167206,15,1,14,0,1,0,0,0,0,6,0,0,0,0,0,0,0,male,Vitality Blast,T20,OB Cox,0,Worcestershire,Derbyshire,2019-08-13,,6
324a6ee1,1167210,17,1,21,0,0,0,0,0,0,7,0,0,0,0,0,0,0,male,Vitality Blast,T20,OB Cox,caught,Worcestershire,Durham,2019-08-15,,6
324a6ee1,1167022,5,2,13,0,0,0,0,0,0,10,0,0,0,0,0,0,0,male,Specsavers County Championship,MDM,OB Cox,0,Worcestershire,Northamptonshire,2019-08-18,2019-08-19,6
324a6ee1,1167225,0,0,0,0,0,1,0,0,1,0,0,0,0,0,0,0,0,male,Vitality Blast,T20,OB Cox,0,Worcestershire,Birmingham Bears,2019-08-23,,6
324a6ee1,1167233,28,1,22,1,2,1,0,0,1,8,0,0,0,0,0,0,0,male,Vitality Blast,T20,OB Cox,caught,Worcestershire,Lancashire,2019-08-25,,6
324a6ee1,1167252,44,0,28,5,1,0,0,0,1,6,0,0,0,0,0,0,0,male,Vitality Blast,T20,OB Cox,0,Worcestershire,Northamptonshire,2019-08-30,,6
324a6ee1,1167255,0,0,0,0,0,2,0,0,0,0,0,0,0,0,0,0,0,male,Vitality Blast,T20,OB Cox,0,Worcestershire,Sussex,2019-09-06,,6
324a6ee1,1167028,7,2,21,0,0,2,0,0,0,15,0,0,0,0,0,0,0,male,Specsavers County Championship,MDM,OB Cox,caught,Worcestershire,Glamorgan,2019-09-10,2019-09-11,6
324a6ee1,1167033,3,2,22,0,0,4,0,0,0,19,0,0,0,0,0,0,0,male,Specsavers County Championship,MDM,OB Cox,0,Worcestershire,Gloucestershire,2019-09-16,2019-09-17,6
324a6ee1,1167257,1,1,2,0,0,1,0,0,0,1,0,0,0,0,0,0,0,male,Vitality Blast,T20,OB Cox,0,Worcestershire,Nottinghamshire,2019-09-21,,6
324a6ee1,1167259,0,1,1,0,0,0,0,0,0,1,0,0,0,0,0,0,0,male,Vitality Blast,T20,OB Cox,0,Worcestershire,Essex,2019-09-21,,6
324a6ee1,1167038,0,0,0,0,0,2,0,0,0,0,0,0,0,0,0,0,0,male,Specsavers County Championship,MDM,OB Cox,0,Worcestershire,Sussex,2019-09-23,2019-09-24,6
324a6ee1,1227584,45,0,32,6,1,5,0,0,0,13,0,0,0,0,0,0,0,male,Bob Willis Trophy,MDM,OB Cox,0,Worcestershire,Gloucestershire,2020-08-01,2020-08-02,6
324a6ee1,1227595,56,0,51,6,1,6,0,0,0,23,0,0,0,0,0,0,0,male,Bob Willis Trophy,MDM,OB Cox,0,Worcestershire,Glamorgan,2020-08-08,2020-08-09,6
324a6ee1,1227603,41,2,126,4,0,6,0,0,0,105,0,0,0,0,0,0,0,male,Bob Willis Trophy,MDM,OB Cox,caught,Worcestershire,Northamptonshire,2020-08-15,2020-08-16,6
324a6ee1,1227613,43,1,51,5,0,5,0,0,0,29,0,0,0,0,0,0,0,male,Bob Willis Trophy,MDM,OB Cox,0,Worcestershire,Warwickshire,2020-08-22,2020-08-23,6
324a6ee1,1207710,19,1,20,1,0,0,0,0,0,5,0,0,0,0,0,0,0,male,Vitality Blast,T20,OB Cox,caught,Worcestershire,Northamptonshire,2020-08-29,,6
324a6ee1,1207720,4,1,4,0,0,0,0,0,0,1,0,0,0,0,0,0,0,male,Vitality Blast,T20,OB Cox,caught,Worcestershire,Gloucestershire,2020-08-31,,6
324a6ee1,1207731,7,1,8,1,0,0,0,0,0,4,0,0,0,0,0,0,0,male,Vitality Blast,T20,OB Cox,caught and bowled,Worcestershire,Somerset,2020-09-03,,6
324a6ee1,1207735,14,1,15,1,0,0,0,0,0,7,0,0,0,0,0,0,0,male,Vitality Blast,T20,OB Cox,caught,Worcestershire,Gloucestershire,2020-09-04,,6
324a6ee1,1227622,40,2,86,6,0,3,0,0,0,67,0,0,0,0,0,0,0,male,Bob Willis Trophy,MDM,OB Cox,0,Worcestershire,Somerset,2020-09-06,2020-09-07,6
324a6ee1,1207743,56,0,35,5,3,2,0,0,0,10,0,0,0,0,0,0,0,male,Vitality Blast,T20,OB Cox,0,Worcestershire,Somerset,2020-09-11,,6
324a6ee1,1207754,46,0,28,6,2,1,0,0,0,11,0,0,0,0,0,0,0,male,Vitality Blast,T20,OB Cox,0,Worcestershire,Birmingham Bears,2020-09-13,,6
324a6ee1,1207763,21,1,18,2,0,0,0,0,0,5,0,0,0,0,0,0,0,male,Vitality Blast,T20,OB Cox,0,Worcestershire,Northamptonshire,2020-09-15,,6
324a6ee1,1207773,3,1,7,0,0,1,0,0,0,4,0,0,0,0,0,0,0,male,Vitality Blast,T20,OB Cox,run out,Worcestershire,Birmingham Bears,2020-09-18,,6
324a6ee1,1207782,6,0,4,1,0,0,0,0,0,1,0,0,0,0,0,0,0,male,Vitality Blast,T20,OB Cox,0,Worcestershire,Glamorgan,2020-09-20,,6
324a6ee1,1244216,7,1,16,1,0,0,0,0,0,13,0,0,0,0,0,0,0,male,County Championship,MDM,OB Cox,lbw,Worcestershire,Essex,2021-04-08,2021-04-09,6
324a6ee1,1244229,84,1,255,12,0,4,0,0,0,215,0,0,0,0,0,0,0,male,County Championship,MDM,OB Cox,0,Worcestershire,Derbyshire,2021-04-15,2021-04-16,6
324a6ee1,1244236,0,1,11,0,0,1,0,0,0,11,0,0,0,0,0,0,0,male,County Championship,MDM,OB Cox,lbw,Worcestershire,Nottinghamshire,2021-04-22,2021-04-23,6
324a6ee1,1244244,37,1,80,6,0,1,0,0,0,64,0,0,0,0,0,0,0,male,County Championship,MDM,OB Cox,bowled,Worcestershire,Essex,2021-04-29,2021-04-30,6
324a6ee1,1244253,23,1,33,4,0,5,0,0,0,25,0,0,0,0,0,0,0,male,County Championship,MDM,OB Cox,0,Worcestershire,Warwickshire,2021-05-06,2021-05-07,6
324a6ee1,1244263,13,2,45,1,0,3,0,0,0,36,0,0,0,0,0,0,0,male,County Championship,MDM,OB Cox,caught,Worcestershire,Durham,2021-05-13,2021-05-14,6
324a6ee1,1244265,19,2,79,3,0,4,0,0,0,70,0,0,0,0,0,0,0,male,County Championship,MDM,OB Cox,caught,Worcestershire,Nottinghamshire,2021-05-20,2021-05-21,6
324a6ee1,1244275,49,1,79,5,0,4,0,0,0,51,0,0,0,0,0,0,0,male,County Championship,MDM,OB Cox,0,Worcestershire,Derbyshire,2021-05-27,2021-05-28,6
324a6ee1,1244281,37,2,84,7,0,5,0,0,0,70,0,0,0,0,0,0,0,male,County Championship,MDM,OB Cox,caught,Worcestershire,Durham,2021-06-03,2021-06-04,6
324a6ee1,1250238,14,1,15,0,0,0,0,0,0,2,0,0,0,0,0,0,0,male,Vitality Blast,T20,OB Cox,caught and bowled,Worcestershire,Nottinghamshire,2021-06-09,,6
324a6ee1,1250249,26,1,10,4,1,0,0,0,1,1,0,0,0,0,0,0,0,male,Vitality Blast,T20,OB Cox,caught,Worcestershire,Northamptonshire,2021-06-11,,6
324a6ee1,1250254,0,0,0,0,0,0,0,0,0,0,0,0,0,0,0,0,0,male,Vitality Blast,T20,OB Cox,0,Worcestershire,Lancashire,2021-06-13,,6
324a6ee1,1250267,6,1,6,0,0,0,0,0,0,1,0,0,0,0,0,0,0,male,Vitality Blast,T20,OB Cox,0,Worcestershire,Yorkshire,2021-06-16,,6
324a6ee1,1250293,3,1,6,0,0,0,0,0,0,4,0,0,0,0,0,0,0,male,Vitality Blast,T20,OB Cox,0,Worcestershire,Nottinghamshire,2021-06-22,,6
324a6ee1,1250294,61,0,37,8,1,0,0,0,0,9,0,0,0,0,0,0,0,male,Vitality Blast,T20,OB Cox,0,Worcestershire,Yorkshire,2021-06-23,,6
324a6ee1,1250301,17,0,9,1,1,1,0,0,0,2,0,0,0,0,0,0,0,male,Vitality Blast,T20,OB Cox,0,Worcestershire,Durham,2021-06-25,,6
324a6ee1,1250311,11,0,12,1,0,1,0,0,0,7,0,0,0,0,0,0,0,male,Vitality Blast,T20,OB Cox,0,Worcestershire,Leicestershire,2021-06-27,,6
324a6ee1,1250324,36,1,30,2,1,1,0,0,0,6,0,0,0,0,0,0,0,male,Vitality Blast,T20,OB Cox,bowled,Worcestershire,Lancashire,2021-07-01,,6
324a6ee1,1250335,30,1,27,3,0,1,1,0,0,7,0,0,0,0,0,0,0,male,Vitality Blast,T20,OB Cox,0,Worcestershire,Derbyshire,2021-07-02,,6
324a6ee1,1250341,43,1,30,2,2,1,0,0,2,6,0,0,0,0,0,0,0,male,Vitality Blast,T20,OB Cox,0,Worcestershire,Birmingham Bears,2021-07-09,,6
324a6ee1,1244298,1,1,10,0,0,4,0,0,0,9,0,0,0,0,0,0,0,male,County Championship,MDM,OB Cox,0,Worcestershire,Warwickshire,2021-07-11,2021-07-12,6
324a6ee1,1250347,16,1,16,1,0,0,0,0,0,5,0,0,0,0,0,0,0,male,Vitality Blast,T20,OB Cox,0,Worcestershire,Birmingham Bears,2021-07-16,,6
324a6ee1,1250361,12,0,12,1,0,0,0,0,0,3,0,0,0,0,0,0,0,male,Vitality Blast,T20,OB Cox,0,Worcestershire,Leicestershire,2021-07-18,,6
324a6ee1,1271389,37,2,59,5,0,4,0,0,1,37,0,0,0,0,0,0,0,male,County Championship,MDM,OB Cox,0,Worcestershire,Sussex,2021-08-30,2021-08-31,6
324a6ee1,1271397,43,1,80,4,1,3,0,0,1,62,0,0,0,0,0,0,0,male,County Championship,MDM,OB Cox,lbw,Worcestershire,Kent,2021-09-05,2021-09-06,6
324a6ee1,1271407,4,2,10,1,0,2,0,0,0,9,0,0,0,0,0,0,0,male,County Championship,MDM,OB Cox,lbw,Worcestershire,Middlesex,2021-09-12,2021-09-13,6
324a6ee1,1271416,59,1,103,7,0,2,0,0,0,68,0,0,0,0,0,0,0,male,County Championship,MDM,OB Cox,0,Worcestershire,Leicestershire,2021-09-21,2021-09-22,6
324a6ee1,1297672,6,1,18,0,0,3,0,0,0,14,0,0,0,0,0,0,0,male,County Championship,MDM,OB Cox,caught,Worcestershire,Leicestershire,2022-04-07,2022-04-08,6
324a6ee1,1297685,29,1,58,2,0,4,0,0,0,40,0,0,0,0,0,0,0,male,County Championship,MDM,OB Cox,0,Worcestershire,Sussex,2022-04-21,2022-04-22,6
324a6ee1,1297692,57,2,181,8,0,4,0,0,0,149,0,0,0,0,0,0,0,male,County Championship,MDM,OB Cox,0,Worcestershire,Nottinghamshire,2022-04-28,2022-04-29,6
324a6ee1,1297706,21,1,38,3,0,2,0,0,0,28,0,0,0,0,0,0,0,male,County Championship,MDM,OB Cox,caught,Worcestershire,Durham,2022-05-05,2022-05-06,6
324a6ee1,1297711,2,1,3,0,0,2,0,0,1,2,0,0,0,0,0,0,0,male,County Championship,MDM,OB Cox,0,Worcestershire,Derbyshire,2022-05-12,2022-05-13,6
324a6ee1,1297721,52,0,42,4,3,4,0,0,0,19,0,0,0,0,0,0,0,male,County Championship,MDM,OB Cox,0,Worcestershire,Leicestershire,2022-05-19,2022-05-20,6
324a6ee1,1297795,11,1,13,1,0,0,0,0,0,6,0,0,0,0,0,0,0,male,Vitality Blast,T20,OB Cox,0,Worcestershire,Yorkshire,2022-05-25,,6
324a6ee1,1297807,20,1,15,1,1,1,0,0,0,3,0,0,0,0,0,0,0,male,Vitality Blast,T20,OB Cox,0,Worcestershire,Nottinghamshire,2022-05-27,,6
324a6ee1,1297810,3,0,3,0,0,0,0,0,0,1,0,0,0,0,0,0,0,male,Vitality Blast,T20,OB Cox,0,Worcestershire,Lancashire,2022-05-29,,6
324a6ee1,1297823,27,1,31,2,0,0,0,0,1,13,0,0,0,0,0,0,0,male,Vitality Blast,T20,OB Cox,0,Worcestershire,Durham,2022-06-01,,6
324a6ee1,1297833,3,1,4,0,0,2,0,0,0,1,0,0,0,0,0,0,0,male,Vitality Blast,T20,OB Cox,caught,Worcestershire,Birmingham Bears,2022-06-03,,6
324a6ee1,1297840,25,1,24,2,0,0,0,0,0,8,0,0,0,0,0,0,0,male,Vitality Blast,T20,OB Cox,caught,Worcestershire,Leicestershire,2022-06-05,,6
324a6ee1,1297855,10,1,5,2,0,0,0,0,0,1,0,0,0,0,0,0,0,male,Vitality Blast,T20,OB Cox,lbw,Worcestershire,Northamptonshire,2022-06-09,,6
324a6ee1,1297858,5,1,3,1,0,3,0,0,0,1,0,0,0,0,0,0,0,male,Vitality Blast,T20,OB Cox,0,Worcestershire,Derbyshire,2022-06-10,,6
324a6ee1,1297962,59,0,39,6,2,1,0,0,0,11,0,0,0,0,0,0,0,male,Royal London One-Day Cup,ODM,OB Cox,0,Worcestershire,Kent,2022-08-02,,6
324a6ee1,1297979,70,1,49,7,3,2,0,0,0,17,0,0,0,0,0,0,0,male,Royal London One-Day Cup,ODM,OB Cox,0,Worcestershire,Yorkshire,2022-08-07,,6
324a6ee1,1297983,24,1,26,2,0,1,0,0,0,13,0,0,0,0,0,0,0,male,Royal London One-Day Cup,ODM,OB Cox,0,Worcestershire,Lancashire,2022-08-10,,6
324a6ee1,1298000,12,1,16,1,0,3,0,0,0,10,0,0,0,0,0,0,0,male,Royal London One-Day Cup,ODM,OB Cox,bowled,Worcestershire,Derbyshire,2022-08-14,,6
324a6ee1,1298006,4,0,1,1,0,0,0,0,0,0,0,0,0,0,0,0,0,male,Royal London One-Day Cup,ODM,OB Cox,0,Worcestershire,Northamptonshire,2022-08-17,,6
324a6ee1,1298015,0,0,0,0,0,2,0,0,0,0,0,0,0,0,0,0,0,male,Royal London One-Day Cup,ODM,OB Cox,0,Worcestershire,Essex,2022-08-19,,6
324a6ee1,1298027,84,0,78,7,1,2,0,0,0,25,0,0,0,0,0,0,0,male,Royal London One-Day Cup,ODM,OB Cox,0,Worcestershire,Glamorgan,2022-08-23,,6
324a6ee1,1297764,0,1,2,0,0,3,0,0,0,2,0,0,0,0,0,0,0,male,County Championship,MDM,OB Cox,bowled,Worcestershire,Glamorgan,2022-09-05,2022-09-06,6
324a6ee1,1347157,17,1,37,1,0,6,0,0,0,27,0,0,0,0,0,0,0,male,County Championship,MDM,OB Cox,lbw,Worcestershire,Gloucestershire,2023-04-20,2023-04-21,6
324a6ee1,1347571,17,1,15,1,0,0,0,0,0,3,0,0,0,0,0,0,0,male,Vitality Blast,T20,OB Cox,bowled,Worcestershire,Northamptonshire,2023-05-24,,6
324a6ee1,1347582,26,1,15,1,2,1,0,0,0,5,0,0,0,0,0,0,0,male,Vitality Blast,T20,OB Cox,0,Worcestershire,Yorkshire,2023-05-26,,6
324a6ee1,1347587,28,1,24,2,1,1,0,0,1,8,0,0,0,0,0,0,0,male,Vitality Blast,T20,OB Cox,0,Worcestershire,Leicestershire,2023-05-29,,6
324a6ee1,1347608,0,0,0,0,0,2,0,0,0,0,0,0,0,0,0,0,0,male,Vitality Blast,T20,OB Cox,0,Worcestershire,Nottinghamshire,2023-06-02,,6
324a6ee1,1347618,46,0,30,5,2,0,0,0,0,10,0,0,0,0,0,0,0,male,Vitality Blast,T20,OB Cox,0,Worcestershire,Northamptonshire,2023-06-04,,6
324a6ee1,1347624,2,1,5,0,0,1,0,0,0,3,0,0,0,0,0,0,0,male,Vitality Blast,T20,OB Cox,caught,Worcestershire,Lancashire,2023-06-07,,6
324a6ee1,1347631,35,1,22,4,1,0,1,0,0,7,0,0,0,0,0,0,0,male,Vitality Blast,T20,OB Cox,caught,Worcestershire,Yorkshire,2023-06-09,,6
324a6ee1,1347640,15,0,10,2,0,0,0,0,1,2,0,0,0,0,0,0,0,male,Vitality Blast,T20,OB Cox,0,Worcestershire,Birmingham Bears,2023-06-16,,6
324a6ee1,1347653,6,0,7,1,0,1,0,0,0,4,0,0,0,0,0,0,0,male,Vitality Blast,T20,OB Cox,0,Worcestershire,Leicestershire,2023-06-18,,6
324a6ee1,1347657,0,0,0,0,0,1,0,0,0,0,0,0,0,0,0,0,0,male,Vitality Blast,T20,OB Cox,0,Worcestershire,Lancashire,2023-06-20,,6
324a6ee1,1347666,0,1,1,0,0,1,0,0,0,1,0,0,0,0,0,0,0,male,Vitality Blast,T20,OB Cox,0,Worcestershire,Nottinghamshire,2023-06-22,,6
324a6ee1,1347670,7,1,7,1,0,1,0,0,0,3,0,0,0,0,0,0,0,male,Vitality Blast,T20,OB Cox,bowled,Worcestershire,Birmingham Bears,2023-06-23,,6
324a6ee1,1347680,0,0,0,0,0,0,0,0,0,0,0,0,0,0,0,0,0,male,Vitality Blast,T20,OB Cox,0,Worcestershire,Durham,2023-06-30,,6
324a6ee1,1347691,5,1,5,1,0,0,0,0,1,3,0,0,0,0,0,0,0,male,Vitality Blast,T20,OB Cox,0,Worcestershire,Derbyshire,2023-07-02,,6
324a6ee1,1347697,8,1,14,1,0,1,0,0,0,10,0,0,0,0,0,0,0,male,Vitality Blast,T20,OB Cox,caught,Worcestershire,Hampshire,2023-07-07,,6
324a6ee1,1347494,57,0,49,4,1,1,0,0,1,15,0,0,0,0,0,0,0,male,One-Day Cup,ODM,OB Cox,0,Worcestershire,Durham,2023-08-01,,6
324a6ee1,1347500,4,1,6,1,0,1,0,0,0,5,0,0,0,0,0,0,0,male,One-Day Cup,ODM,OB Cox,0,Worcestershire,Glamorgan,2023-08-04,,6
324a6ee1,1347505,58,1,66,5,0,3,0,0,0,30,0,0,0,0,0,0,0,male,One-Day Cup,ODM,OB Cox,caught,Worcestershire,Somerset,2023-08-06,,6
324a6ee1,1347517,2,1,4,0,0,1,0,0,0,2,0,0,0,0,0,0,0,male,One-Day Cup,ODM,OB Cox,caught and bowled,Worcestershire,Gloucestershire,2023-08-10,,6
324a6ee1,1347525,10,1,24,1,0,0,0,0,0,17,0,0,0,0,0,0,0,male,One-Day Cup,ODM,OB Cox,0,Worcestershire,Warwickshire,2023-08-13,,6
324a6ee1,1347538,0,0,0,0,0,0,0,0,0,0,0,0,0,0,0,0,0,male,One-Day Cup,ODM,OB Cox,0,Worcestershire,Northamptonshire,2023-08-16,,6
324a6ee1,1347545,22,0,11,4,0,0,0,0,0,3,0,0,0,0,0,0,0,male,One-Day Cup,ODM,OB Cox,0,Worcestershire,Derbyshire,2023-08-18,,6
324a6ee1,1347548,0,0,0,0,0,0,0,0,0,0,0,0,0,0,0,0,0,male,One-Day Cup,ODM,OB Cox,0,Worcestershire,Sussex,2023-08-20,,6
324a6ee1,1347564,26,1,28,2,0,1,0,0,0,11,0,0,0,0,0,0,0,male,One-Day Cup,ODM,OB Cox,caught,Worcestershire,Hampshire,2023-08-25,,6
324a6ee1,1347195,4,1,12,1,0,3,0,0,0,11,0,0,0,0,0,0,0,male,County Championship,MDM,OB Cox,0,Leicestershire,Gloucestershire,2023-09-03,2023-09-04,6
324a6ee1,1347197,58,2,127,9,0,1,0,0,1,98,0,0,0,0,0,0,0,male,County Championship,MDM,OB Cox,0,Leicestershire,Sussex,2023-09-10,2023-09-11,6
324a6ee1,1347201,13,1,25,1,0,4,0,0,0,18,0,0,0,0,0,0,0,male,County Championship,MDM,OB Cox,lbw,Leicestershire,Yorkshire,2023-09-19,2023-09-20,6
324a6ee1,1347202,63,0,107,6,0,1,0,0,0,73,0,0,0,0,0,0,0,male,County Championship,MDM,OB Cox,0,Leicestershire,Durham,2023-09-26,2023-09-27,6
324a6ee1,1410266,32,1,49,5,0,1,0,0,0,34,0,0,0,0,0,0,0,male,County Championship,MDM,OB Cox,0,Leicestershire,Yorkshire,2024-04-05,2024-04-06,6
324a6ee1,1410269,28,1,56,5,0,0,0,0,0,44,0,0,0,0,0,0,0,male,County Championship,MDM,OB Cox,bowled,Leicestershire,Sussex,2024-04-12,2024-04-13,6
324a6ee1,1410271,69,1,76,6,2,1,0,0,0,38,0,0,0,0,0,0,0,male,County Championship,MDM,OB Cox,0,Leicestershire,Derbyshire,2024-04-19,2024-04-20,6
324a6ee1,1410276,0,1,2,0,0,1,0,0,0,2,0,0,0,0,0,0,0,male,County Championship,MDM,OB Cox,0,Leicestershire,Northamptonshire,2024-04-26,2024-04-27,6
324a6ee1,1410279,18,1,39,2,0,1,0,0,0,32,0,0,0,0,0,0,0,male,County Championship,MDM,OB Cox,bowled,Leicestershire,Middlesex,2024-05-03,2024-05-04,6
324a6ee1,1410285,66,2,74,11,0,1,0,0,0,47,0,0,0,0,0,0,0,male,County Championship,MDM,OB Cox,caught,Leicestershire,Gloucestershire,2024-05-17,2024-05-18,6
324a6ee1,1410288,24,1,74,4,0,2,0,0,0,63,0,0,0,0,0,0,0,male,County Championship,MDM,OB Cox,0,Leicestershire,Glamorgan,2024-05-24,2024-05-25,6
324a6ee1,1423080,0,0,0,0,0,1,0,0,0,0,0,0,0,0,0,0,0,male,Vitality Blast,T20,OB Cox,0,Leicestershire,Yorkshire,2024-05-31,,6
324a6ee1,1410384,10,1,10,1,0,0,0,0,1,3,0,0,0,0,0,0,0,male,Vitality Blast,T20,OB Cox,caught,Leicestershire,Derbyshire,2024-06-01,,6
324a6ee1,1410398,50,0,34,6,1,0,0,0,0,10,0,0,0,0,0,0,0,male,Vitality Blast,T20,OB Cox,0,Leicestershire,Durham,2024-06-07,,6
324a6ee1,1410404,29,1,23,2,0,0,0,0,1,5,0,0,0,0,0,0,0,male,Vitality Blast,T20,OB Cox,caught,Leicestershire,Worcestershire,2024-06-09,,6
324a6ee1,1410409,6,1,5,1,0,1,0,1,0,2,0,0,0,0,0,0,0,male,Vitality Blast,T20,OB Cox,bowled,Leicestershire,Durham,2024-06-12,,6
324a6ee1,1410415,4,1,5,0,0,0,0,0,0,1,0,0,0,0,0,0,0,male,Vitality Blast,T20,OB Cox,bowled,Leicestershire,Lancashire,2024-06-14,,6
324a6ee1,1410427,8,1,7,0,0,1,0,0,0,1,0,0,0,0,0,0,0,male,Vitality Blast,T20,OB Cox,0,Leicestershire,Yorkshire,2024-06-16,,6
324a6ee1,1410438,6,1,6,1,0,0,0,0,0,3,0,0,0,0,0,0,0,male,Vitality Blast,T20,OB Cox,caught,Leicestershire,Northamptonshire,2024-06-21,,6
324a6ee1,1410293,61,1,140,6,2,3,0,0,0,113,0,0,0,0,0,0,0,male,County Championship,MDM,OB Cox,0,Leicestershire,Sussex,2024-06-23,2024-06-24,6
324a6ee1,1410297,40,2,51,6,1,5,0,0,0,35,0,0,0,0,0,0,0,male,County Championship,MDM,OB Cox,lbw,Leicestershire,Middlesex,2024-06-30,2024-07-01,6
324a6ee1,1410446,0,0,0,0,0,0,0,0,0,0,0,0,0,0,0,0,0,male,Vitality Blast,T20,OB Cox,0,Leicestershire,Nottinghamshire,2024-07-05,,6
324a6ee1,1410450,61,0,33,4,4,1,0,0,0,8,0,0,0,0,0,0,0,male,Vitality Blast,T20,OB Cox,0,Leicestershire,Derbyshire,2024-07-06,,6
324a6ee1,1410463,55,1,42,4,0,2,0,0,0,9,0,0,0,0,0,0,0,male,Vitality Blast,T20,OB Cox,0,Leicestershire,Worcestershire,2024-07-11,,6
324a6ee1,1410470,7,1,8,1,0,0,1,0,0,4,0,0,0,0,0,0,0,male,Vitality Blast,T20,OB Cox,lbw,Leicestershire,Northamptonshire,2024-07-12,,6
324a6ee1,1410478,0,0,0,0,0,0,0,0,0,0,0,0,0,0,0,0,0,male,Vitality Blast,T20,OB Cox,0,Leicestershire,Nottinghamshire,2024-07-14,,6
324a6ee1,1410494,14,1,9,1,0,0,0,0,0,1,0,0,0,0,0,0,0,male,Vitality Blast,T20,OB Cox,0,Leicestershire,Birmingham Bears,2024-07-19,,6
324a6ee1,1415084,29,1,23,0,3,0,0,0,0,10,0,0,0,0,0,0,0,male,One-Day Cup,ODM,OB Cox,caught,Leicestershire,Nottinghamshire,2024-07-24,,6
324a6ee1,1415089,15,1,23,2,0,0,0,0,0,15,0,0,0,0,0,0,0,male,One-Day Cup,ODM,OB Cox,caught,Leicestershire,Warwickshire,2024-07-26,,6
324a6ee1,1415104,21,1,17,1,1,1,0,0,0,7,0,0,0,0,0,0,0,male,One-Day Cup,ODM,OB Cox,0,Leicestershire,Essex,2024-07-31,,6
324a6ee1,1415120,2,1,3,0,0,0,0,0,0,1,0,0,0,0,0,0,0,male,One-Day Cup,ODM,OB Cox,caught,Leicestershire,Sussex,2024-08-04,,6
324a6ee1,1415122,29,1,34,2,0,0,0,0,0,14,0,0,0,0,0,0,0,male,One-Day Cup,ODM,OB Cox,0,Leicestershire,Surrey,2024-08-06,,6
324a6ee1,1415130,0,0,0,0,0,2,0,0,0,0,0,0,0,0,0,0,0,male,One-Day Cup,ODM,OB Cox,0,Leicestershire,Yorkshire,2024-08-08,,6
324a6ee1,1415140,34,1,37,6,0,0,0,0,0,24,0,0,0,0,0,0,0,male,One-Day Cup,ODM,OB Cox,0,Leicestershire,Glamorgan,2024-08-11,,6
324a6ee1,1415149,11,1,13,2,0,1,0,0,0,8,0,0,0,0,0,0,0,male,One-Day Cup,ODM,OB Cox,0,Leicestershire,Gloucestershire,2024-08-14,,6
324a6ee1,1415153,45,1,50,4,0,0,0,0,0,21,0,0,0,0,0,0,0,male,One-Day Cup,ODM,OB Cox,caught,Leicestershire,Hampshire,2024-08-16,,6
324a6ee1,1415154,49,1,56,7,0,0,0,0,0,29,0,0,0,0,0,0,0,male,One-Day Cup,ODM,OB Cox,0,Leicestershire,Somerset,2024-08-18,,6
324a6ee1,1410307,65,1,53,10,3,2,0,0,0,34,0,0,0,0,0,0,0,male,County Championship,MDM,OB Cox,0,Leicestershire,Yorkshire,2024-09-09,2024-09-10,6
324a6ee1,1410314,33,2,60,4,0,1,0,0,0,46,0,0,0,0,0,0,0,male,County Championship,MDM,OB Cox,0,Leicestershire,Northamptonshire,2024-09-17,2024-09-18,6
324a6ee1,1410316,42,0,92,4,0,1,0,0,0,68,0,0,0,0,0,0,0,male,County Championship,MDM,OB Cox,0,Leicestershire,Derbyshire,2024-09-26,2024-09-27,6
