player_id,match_id,runs_scored,player_out,balls_faced,fours_scored,sixes_scored,catches_taken,run_out_direct,run_out_throw,stumpings_done,dot_balls_as_batsman,order_seenballs_bowled,runs_conceded,wickets_taken,bowled_done,lbw_done,maidens,dot_balls_as_bowler,gender,series_name,match_type,name,out_kind,player_team,opposition_team,start_date,end_date,balls_per_over
67913804,1234043,5,1,4,1,0,0,0,0,0,2,0,0,0,0,0,0,0,female,New Zealand Cricket Women's Twenty20,T20,ON Gain,0,Otago,Wellington,2021-01-14,,6
67913804,1234047,0,0,0,0,0,0,0,0,0,0,0,0,0,0,0,0,0,female,New Zealand Cricket Women's Twenty20,T20,ON Gain,0,Otago,Central Districts,2021-01-18,,6
67913804,1234050,1,1,9,0,0,1,0,0,0,8,0,0,0,0,0,0,0,female,New Zealand Cricket Women's Twenty20,T20,ON Gain,caught,Otago,Wellington,2021-01-24,,6
67913804,1234053,7,1,12,1,0,0,0,0,0,8,0,0,0,0,0,0,0,female,New Zealand Cricket Women's Twenty20,T20,ON Gain,0,Otago,Canterbury,2021-01-30,,6
67913804,1234055,2,1,9,0,0,0,0,0,0,7,0,0,0,0,0,0,0,female,New Zealand Cricket Women's Twenty20,T20,ON Gain,lbw,Otago,Auckland,2021-02-01,,6
67913804,1290640,0,0,0,0,0,0,0,0,0,0,0,0,0,0,0,0,0,female,Women's Super Smash,T20,ON Gain,0,Otago,Central Districts,2021-12-18,,6
67913804,1290644,7,0,2,0,1,1,0,0,0,0,0,0,0,0,0,0,0,female,Women's Super Smash,T20,ON Gain,0,Otago,Canterbury,2021-12-26,,6
67913804,1290646,7,1,8,0,0,0,0,1,0,3,0,0,0,0,0,0,0,female,Women's Super Smash,T20,ON Gain,caught,Otago,Wellington,2021-12-28,,6
67913804,1290647,0,0,0,0,0,0,0,0,0,0,0,0,0,0,0,0,0,female,Women's Super Smash,T20,ON Gain,0,Otago,Auckland,2021-12-29,,6
67913804,1290650,0,0,0,0,0,0,0,0,0,0,0,0,0,0,0,0,0,female,Women's Super Smash,T20,ON Gain,0,Otago,Wellington,2022-01-06,,6
67913804,1290654,0,0,0,0,0,0,0,0,0,0,0,0,0,0,0,0,0,female,Women's Super Smash,T20,ON Gain,0,Otago,Auckland,2022-01-15,,6
67913804,1290658,0,0,0,0,0,0,0,0,0,0,0,0,0,0,0,0,0,female,Women's Super Smash,T20,ON Gain,0,Otago,Canterbury,2022-01-23,,6
67913804,1290660,0,0,0,0,0,1,0,0,0,0,0,0,0,0,0,0,0,female,Women's Super Smash,T20,ON Gain,0,Otago,Auckland,2022-01-27,,6
67913804,1290661,10,1,9,0,1,0,0,0,0,4,0,0,0,0,0,0,0,female,Women's Super Smash,T20,ON Gain,0,Otago,Wellington,2022-01-29,,6
67913804,1341227,8,1,7,1,0,0,0,0,0,3,0,0,0,0,0,0,0,female,Women's Super Smash,T20,ON Gain,caught,Otago,Wellington,2022-12-24,,6
67913804,1341230,0,1,1,0,0,1,0,0,0,1,0,0,0,0,0,0,0,female,Women's Super Smash,T20,ON Gain,0,Otago,Northern Districts,2022-12-28,,6
67913804,1341231,0,1,1,0,0,0,0,0,0,1,0,0,0,0,0,0,0,female,Women's Super Smash,T20,ON Gain,0,Otago,Auckland,2022-12-29,,6
67913804,1341235,15,1,13,2,0,0,0,0,0,8,0,0,0,0,0,0,0,female,Women's Super Smash,T20,ON Gain,0,Otago,Auckland,2023-01-02,,6
67913804,1341238,0,0,0,0,0,0,0,0,0,0,0,0,0,0,0,0,0,female,Women's Super Smash,T20,ON Gain,0,Otago,Northern Districts,2023-01-06,,6
67913804,1341243,1,1,5,0,0,0,0,0,0,4,0,0,0,0,0,0,0,female,Women's Super Smash,T20,ON Gain,0,Otago,Wellington,2023-01-15,,6
67913804,1341245,43,1,35,5,2,0,0,0,0,19,0,0,0,0,0,0,0,female,Women's Super Smash,T20,ON Gain,caught,Otago,Central Districts,2023-01-21,,6
67913804,1341250,23,1,26,4,0,0,0,0,0,17,0,0,0,0,0,0,0,female,Women's Super Smash,T20,ON Gain,0,Otago,Central Districts,2023-01-29,,6
67913804,1341253,10,0,5,2,0,1,0,0,0,1,0,0,0,0,0,0,0,female,Women's Super Smash,T20,ON Gain,0,Otago,Canterbury,2023-02-04,,6
67913804,1341255,28,1,19,4,1,1,0,0,0,10,0,0,0,0,0,0,0,female,Women's Super Smash,T20,ON Gain,caught and bowled,Otago,Canterbury,2023-02-06,,6
67913804,1341256,0,1,3,0,0,0,0,0,0,3,0,0,0,0,0,0,0,female,Women's Super Smash,T20,ON Gain,run out,Otago,Canterbury,2023-02-09,,6
67913804,1409507,10,1,10,1,0,1,0,0,0,5,0,0,0,0,0,0,0,female,Women's Super Smash,T20,ON Gain,caught,Otago,Wellington,2023-12-21,,6
67913804,1409510,18,1,26,1,0,0,0,0,0,14,0,0,0,0,0,0,0,female,Women's Super Smash,T20,ON Gain,0,Otago,Canterbury,2023-12-26,,6
67913804,1409512,0,1,1,0,0,0,0,0,0,1,0,0,0,0,0,0,0,female,Women's Super Smash,T20,ON Gain,stumped,Otago,Wellington,2023-12-28,,6
67913804,1409515,1,1,6,0,0,0,0,1,0,5,0,0,0,0,0,0,0,female,Women's Super Smash,T20,ON Gain,stumped,Otago,Auckland,2024-01-01,,6
67913804,1409517,8,1,6,1,0,0,0,0,0,3,0,0,0,0,0,0,0,female,Women's Super Smash,T20,ON Gain,0,Otago,Canterbury,2024-01-03,,6
67913804,1409528,1,1,3,0,0,0,0,0,0,2,0,0,0,0,0,0,0,female,Women's Super Smash,T20,ON Gain,lbw,Otago,Auckland,2024-01-14,,6
67913804,1409535,2,0,3,0,0,0,0,0,0,1,0,0,0,0,0,0,0,female,Women's Super Smash,T20,ON Gain,0,Otago,Northern Districts,2024-01-23,,6
