player_id,match_id,runs_scored,player_out,balls_faced,fours_scored,sixes_scored,catches_taken,run_out_direct,run_out_throw,stumpings_done,dot_balls_as_batsman,order_seenballs_bowled,runs_conceded,wickets_taken,bowled_done,lbw_done,maidens,dot_balls_as_bowler,gender,series_name,match_type,name,out_kind,player_team,opposition_team,start_date,end_date,balls_per_over
e4a71d18,1234031,62,1,65,7,1,1,0,0,0,35,0,0,0,0,0,0,0,female,New Zealand Cricket Women's Twenty20,T20,PM Inglis,0,Otago,Auckland,2020-12-28,,6
e4a71d18,1234032,21,1,23,4,0,0,0,0,0,14,0,0,0,0,0,0,0,female,New Zealand Cricket Women's Twenty20,T20,PM Inglis,stumped,Otago,Canterbury,2020-12-29,,6
e4a71d18,1234036,14,1,12,0,1,0,0,0,0,5,0,0,0,0,0,0,0,female,New Zealand Cricket Women's Twenty20,T20,PM Inglis,0,Otago,Northern Districts,2021-01-02,,6
e4a71d18,1234039,43,0,40,5,0,0,0,0,0,17,0,0,0,0,0,0,0,female,New Zealand Cricket Women's Twenty20,T20,PM Inglis,0,Otago,Central Districts,2021-01-08,,6
e4a71d18,1234043,19,1,27,1,0,0,0,0,0,15,0,0,0,0,0,0,0,female,New Zealand Cricket Women's Twenty20,T20,PM Inglis,0,Otago,Wellington,2021-01-14,,6
e4a71d18,1234047,1,1,8,0,0,0,0,0,0,7,0,0,0,0,0,0,0,female,New Zealand Cricket Women's Twenty20,T20,PM Inglis,0,Otago,Central Districts,2021-01-18,,6
e4a71d18,1234050,24,1,26,3,0,0,0,0,0,14,0,0,0,0,0,0,0,female,New Zealand Cricket Women's Twenty20,T20,PM Inglis,bowled,Otago,Wellington,2021-01-24,,6
e4a71d18,1234053,4,1,10,0,0,1,0,0,0,8,0,0,0,0,0,0,0,female,New Zealand Cricket Women's Twenty20,T20,PM Inglis,0,Otago,Canterbury,2021-01-30,,6
e4a71d18,1234055,1,1,6,0,0,0,0,0,0,5,0,0,0,0,0,0,0,female,New Zealand Cricket Women's Twenty20,T20,PM Inglis,bowled,Otago,Auckland,2021-02-01,,6
e4a71d18,1234057,28,1,35,3,0,1,0,0,0,20,0,0,0,0,0,0,0,female,New Zealand Cricket Women's Twenty20,T20,PM Inglis,0,Otago,Northern Districts,2021-02-06,,6
e4a71d18,1290632,9,1,13,1,0,0,0,0,0,9,0,0,0,0,0,0,0,female,New Zealand Cricket Women's Twenty20,T20,PM Inglis,0,Otago,Central Districts,2021-11-28,,6
e4a71d18,1290633,18,1,17,3,0,0,0,0,0,10,0,0,0,0,0,0,0,female,New Zealand Cricket Women's Twenty20,T20,PM Inglis,caught,Otago,Northern Districts,2021-12-03,,6
e4a71d18,1290638,31,1,33,4,0,0,0,0,0,16,0,0,0,0,0,0,0,female,Women's Super Smash,T20,PM Inglis,0,Otago,Northern Districts,2021-12-12,,6
e4a71d18,1290640,27,1,37,2,0,0,0,0,0,21,0,0,0,0,0,0,0,female,Women's Super Smash,T20,PM Inglis,0,Otago,Central Districts,2021-12-18,,6
e4a71d18,1290644,23,1,21,4,0,1,0,0,0,12,0,0,0,0,0,0,0,female,Women's Super Smash,T20,PM Inglis,0,Otago,Canterbury,2021-12-26,,6
e4a71d18,1290646,1,1,4,0,0,0,0,0,0,3,0,0,0,0,0,0,0,female,Women's Super Smash,T20,PM Inglis,bowled,Otago,Wellington,2021-12-28,,6
e4a71d18,1290647,15,1,25,1,0,0,0,0,0,17,0,0,0,0,0,0,0,female,Women's Super Smash,T20,PM Inglis,caught,Otago,Auckland,2021-12-29,,6
e4a71d18,1290650,9,1,14,1,0,0,0,0,0,8,0,0,0,0,0,0,0,female,Women's Super Smash,T20,PM Inglis,caught,Otago,Wellington,2022-01-06,,6
e4a71d18,1290654,61,0,59,8,0,0,0,0,0,27,0,0,0,0,0,0,0,female,Women's Super Smash,T20,PM Inglis,0,Otago,Auckland,2022-01-15,,6
e4a71d18,1290658,1,1,6,0,0,2,0,0,0,5,0,0,0,0,0,0,0,female,Women's Super Smash,T20,PM Inglis,bowled,Otago,Canterbury,2022-01-23,,6
e4a71d18,1290660,19,1,17,2,0,0,0,0,0,8,0,0,0,0,0,0,0,female,Women's Super Smash,T20,PM Inglis,caught,Otago,Auckland,2022-01-27,,6
e4a71d18,1290661,13,1,10,3,0,0,0,0,0,6,0,0,0,0,0,0,0,female,Women's Super Smash,T20,PM Inglis,0,Otago,Wellington,2022-01-29,,6
e4a71d18,1341227,5,1,9,1,0,2,0,0,2,7,0,0,0,0,0,0,0,female,Women's Super Smash,T20,PM Inglis,stumped,Otago,Wellington,2022-12-24,,6
e4a71d18,1341230,6,1,13,1,0,0,0,0,0,10,0,0,0,0,0,0,0,female,Women's Super Smash,T20,PM Inglis,0,Otago,Northern Districts,2022-12-28,,6
e4a71d18,1341231,29,1,35,2,0,0,0,0,0,16,0,0,0,0,0,0,0,female,Women's Super Smash,T20,PM Inglis,0,Otago,Auckland,2022-12-29,,6
e4a71d18,1341235,0,1,3,0,0,0,0,0,1,3,0,0,0,0,0,0,0,female,Women's Super Smash,T20,PM Inglis,0,Otago,Auckland,2023-01-02,,6
e4a71d18,1341238,0,0,0,0,0,0,0,0,0,0,0,0,0,0,0,0,0,female,Women's Super Smash,T20,PM Inglis,0,Otago,Northern Districts,2023-01-06,,6
e4a71d18,1341243,6,1,5,1,0,0,0,0,0,2,0,0,0,0,0,0,0,female,Women's Super Smash,T20,PM Inglis,0,Otago,Wellington,2023-01-15,,6
e4a71d18,1341245,6,1,12,0,0,0,0,0,0,8,0,0,0,0,0,0,0,female,Women's Super Smash,T20,PM Inglis,caught,Otago,Central Districts,2023-01-21,,6
e4a71d18,1341250,30,0,37,3,0,0,0,2,0,17,0,0,0,0,0,0,0,female,Women's Super Smash,T20,PM Inglis,0,Otago,Central Districts,2023-01-29,,6
e4a71d18,1341253,43,1,49,5,0,0,0,1,1,27,0,0,0,0,0,0,0,female,Women's Super Smash,T20,PM Inglis,caught,Otago,Canterbury,2023-02-04,,6
e4a71d18,1341255,47,0,43,4,0,0,0,1,0,10,0,0,0,0,0,0,0,female,Women's Super Smash,T20,PM Inglis,0,Otago,Canterbury,2023-02-06,,6
e4a71d18,1341256,26,1,25,4,0,1,0,0,0,12,0,0,0,0,0,0,0,female,Women's Super Smash,T20,PM Inglis,caught,Otago,Canterbury,2023-02-09,,6
e4a71d18,1409507,15,1,12,2,0,1,0,0,0,4,0,0,0,0,0,0,0,female,Women's Super Smash,T20,PM Inglis,stumped,Otago,Wellington,2023-12-21,,6
e4a71d18,1409510,5,1,8,1,0,0,0,0,0,6,0,0,0,0,0,0,0,female,Women's Super Smash,T20,PM Inglis,caught,Otago,Canterbury,2023-12-26,,6
e4a71d18,1409512,7,1,6,0,0,0,0,0,1,2,0,0,0,0,0,0,0,female,Women's Super Smash,T20,PM Inglis,caught,Otago,Wellington,2023-12-28,,6
e4a71d18,1409515,24,1,20,4,0,0,0,1,1,10,0,0,0,0,0,0,0,female,Women's Super Smash,T20,PM Inglis,caught,Otago,Auckland,2024-01-01,,6
e4a71d18,1409517,2,1,6,0,0,0,0,2,0,4,0,0,0,0,0,0,0,female,Women's Super Smash,T20,PM Inglis,0,Otago,Canterbury,2024-01-03,,6
e4a71d18,1409520,0,0,0,0,0,1,0,1,0,0,0,0,0,0,0,0,0,female,Women's Super Smash,T20,PM Inglis,0,Otago,Northern Districts,2024-01-06,,6
e4a71d18,1409524,13,0,9,2,0,0,0,0,1,3,0,0,0,0,0,0,0,female,Women's Super Smash,T20,PM Inglis,0,Otago,Central Districts,2024-01-10,,6
e4a71d18,1409528,1,1,6,0,0,0,0,1,0,5,0,0,0,0,0,0,0,female,Women's Super Smash,T20,PM Inglis,caught,Otago,Auckland,2024-01-14,,6
e4a71d18,1409532,7,1,14,1,0,0,0,0,0,10,0,0,0,0,0,0,0,female,Women's Super Smash,T20,PM Inglis,0,Otago,Central Districts,2024-01-19,,6
e4a71d18,1409535,7,1,7,0,0,0,0,0,0,2,0,0,0,0,0,0,0,female,Women's Super Smash,T20,PM Inglis,caught,Otago,Northern Districts,2024-01-23,,6
