player_id,match_id,runs_scored,player_out,balls_faced,fours_scored,sixes_scored,catches_taken,run_out_direct,run_out_throw,stumpings_done,dot_balls_as_batsman,order_seenballs_bowled,runs_conceded,wickets_taken,bowled_done,lbw_done,maidens,dot_balls_as_bowler,gender,series_name,match_type,name,out_kind,player_team,opposition_team,start_date,end_date,balls_per_over
168b4c4f,917531,45,2,98,5,0,0,0,0,0,77,0,61,2,0,1,3,66,male,Plunket Shield,MDM,S Hicks,0,Auckland Aces,Northern Districts,2015-12-17,2015-12-18,6
168b4c4f,917537,48,1,124,5,1,1,0,0,0,101,0,39,0,0,0,0,44,male,Plunket Shield,MDM,S Hicks,0,Auckland Aces,Canterbury,2016-02-05,2016-02-06,6
168b4c4f,917541,22,1,52,3,0,0,0,0,0,43,0,12,1,0,0,2,20,male,Plunket Shield,MDM,S Hicks,0,Auckland Aces,Wellington Firebirds,2016-02-13,2016-02-14,6
168b4c4f,917557,69,1,159,5,0,0,0,0,0,114,0,20,0,0,0,2,41,male,Plunket Shield,MDM,S Hicks,bowled,Auckland Aces,Central Stags,2016-03-08,2016-03-09,6
168b4c4f,917563,20,2,39,4,0,1,0,0,0,32,0,0,0,0,0,0,0,male,Plunket Shield,MDM,S Hicks,0,Auckland Aces,Otago Volts,2016-03-15,2016-03-16,6
168b4c4f,917575,58,2,95,6,0,1,0,0,0,68,0,50,0,0,0,1,45,male,Plunket Shield,MDM,S Hicks,0,Auckland Aces,Central Stags,2016-03-30,2016-03-31,6
168b4c4f,1051817,5,2,16,0,0,0,0,0,0,13,0,41,1,0,1,1,59,male,Plunket Shield,MDM,S Hicks,lbw,Auckland Aces,Wellington Firebirds,2016-10-22,2016-10-23,6
168b4c4f,1051823,17,2,83,3,0,0,0,0,0,75,0,54,1,0,0,1,72,male,Plunket Shield,MDM,S Hicks,bowled,Auckland Aces,Otago Volts,2016-10-29,2016-10-30,6
168b4c4f,1051831,5,1,10,1,0,0,0,0,0,8,0,66,1,0,0,1,61,male,Plunket Shield,MDM,S Hicks,0,Auckland Aces,Northern Districts,2016-11-14,2016-11-15,6
168b4c4f,1120122,98,2,185,8,1,0,0,0,0,129,0,37,0,0,0,0,29,male,Plunket Shield,MDM,S Hicks,0,Otago Volts,Northern Districts,2017-11-24,2017-11-25,6
168b4c4f,1118542,52,1,28,5,3,4,0,0,0,6,0,0,0,0,0,0,0,male,Super Smash,T20,S Hicks,caught,Otago,Northern Districts,2017-12-23,,6
168b4c4f,1118545,19,1,16,1,1,0,0,0,0,7,0,0,0,0,0,0,0,male,Super Smash,T20,S Hicks,0,Otago,Canterbury,2017-12-26,,6
168b4c4f,1118550,50,1,37,5,0,0,0,0,0,8,0,0,0,0,0,0,0,male,Super Smash,T20,S Hicks,caught and bowled,Otago,Wellington,2017-12-31,,6
168b4c4f,1118552,28,1,21,3,1,0,0,0,0,9,0,10,0,0,0,0,2,male,Super Smash,T20,S Hicks,0,Otago,Northern Districts,2018-01-02,,6
168b4c4f,1118555,0,1,1,0,0,1,0,0,0,1,0,0,0,0,0,0,0,male,Super Smash,T20,S Hicks,0,Otago,Central Districts,2018-01-06,,6
168b4c4f,1118558,0,1,2,0,0,1,0,0,0,2,0,14,0,0,0,0,2,male,Super Smash,T20,S Hicks,0,Otago,Central Districts,2018-01-09,,6
168b4c4f,1118563,3,1,5,0,0,0,0,0,0,3,0,0,0,0,0,0,0,male,Super Smash,T20,S Hicks,caught,Otago,Auckland,2018-01-14,,6
168b4c4f,1120125,49,0,151,6,0,2,0,0,0,129,0,0,0,0,0,0,0,male,Plunket Shield,MDM,S Hicks,0,Otago Volts,Central Stags,2018-03-01,2018-03-02,6
168b4c4f,1120128,0,0,0,0,0,0,0,0,0,0,0,0,0,0,0,0,0,male,Plunket Shield,MDM,S Hicks,0,Otago Volts,Wellington Firebirds,2018-03-10,2018-03-11,6
168b4c4f,1160281,51,2,72,9,0,0,0,0,0,54,0,0,0,0,0,0,0,male,Plunket Shield,MDM,S Hicks,caught,Otago Volts,Northern Districts,2018-10-10,2018-10-11,6
168b4c4f,1160285,39,2,108,6,0,0,0,0,0,89,0,0,0,0,0,0,0,male,Plunket Shield,MDM,S Hicks,caught,Otago Volts,Wellington Firebirds,2018-10-17,2018-10-18,6
168b4c4f,1160288,82,2,195,7,0,0,0,0,0,152,0,21,0,0,0,0,6,male,Plunket Shield,MDM,S Hicks,bowled,Otago Volts,Central Stags,2018-12-06,2018-12-07,6
168b4c4f,1160291,26,2,71,5,0,0,0,0,0,62,0,0,0,0,0,0,0,male,Plunket Shield,MDM,S Hicks,caught,Otago Volts,Canterbury,2018-12-14,2018-12-15,6
168b4c4f,1160501,22,1,20,0,1,0,0,0,0,5,0,0,0,0,0,0,0,male,Super Smash,T20,S Hicks,0,Otago,Wellington,2018-12-28,,6
168b4c4f,1160503,11,0,12,1,0,0,0,0,0,5,0,0,0,0,0,0,0,male,Super Smash,T20,S Hicks,0,Otago,Northern Districts,2018-12-30,,6
168b4c4f,1160510,20,1,14,3,1,1,0,0,0,8,0,0,0,0,0,0,0,male,Super Smash,T20,S Hicks,caught,Otago,Central Districts,2019-01-10,,6
168b4c4f,1160512,0,0,0,0,0,0,0,0,0,0,0,0,0,0,0,0,0,male,Super Smash,T20,S Hicks,0,Otago,Auckland,2019-01-13,,6
168b4c4f,1160517,3,1,5,0,0,0,0,0,0,3,0,12,0,0,0,0,0,male,Super Smash,T20,S Hicks,caught,Otago,Auckland,2019-01-20,,6
168b4c4f,1160292,17,2,70,3,0,4,0,0,0,62,0,20,1,0,1,1,23,male,Plunket Shield,MDM,S Hicks,0,Otago Volts,Auckland Aces,2019-02-21,2019-02-22,6
