player_id,match_id,runs_scored,player_out,balls_faced,fours_scored,sixes_scored,catches_taken,run_out_direct,run_out_throw,stumpings_done,dot_balls_as_batsman,order_seenballs_bowled,runs_conceded,wickets_taken,bowled_done,lbw_done,maidens,dot_balls_as_bowler,gender,series_name,match_type,name,out_kind,player_team,opposition_team,start_date,end_date,balls_per_over
8fdfa195,665677,7,1,6,1,0,0,0,0,0,2,0,0,0,0,0,0,0,male,HRV Twenty20,T20,SR Wells,0,Otago,Auckland,2014-01-03,,6
8fdfa195,770763,33,2,63,2,0,0,0,0,0,46,0,61,0,0,0,4,99,male,Plunket Shield,MDM,SR Wells,caught,Otago Volts,Central Stags,2014-10-26,2014-10-27,6
8fdfa195,770777,0,0,0,0,0,0,0,0,0,0,0,64,1,0,0,2,62,male,Plunket Shield,MDM,SR Wells,0,Otago Volts,Central Stags,2015-02-06,2015-02-07,6
8fdfa195,770783,0,1,1,0,0,2,0,0,0,1,0,78,1,0,0,11,147,male,Plunket Shield,MDM,SR Wells,0,Otago Volts,Wellington Firebirds,2015-02-16,2015-02-17,6
8fdfa195,917519,62,1,165,4,0,1,0,0,0,127,0,77,0,0,0,5,91,male,Plunket Shield,MDM,SR Wells,caught,Otago Volts,Central Stags,2015-10-15,2015-10-16,6
8fdfa195,917527,20,2,53,0,0,0,0,0,0,41,0,111,3,0,1,5,161,male,Plunket Shield,MDM,SR Wells,0,Otago Volts,Canterbury,2015-10-24,2015-10-25,6
8fdfa195,917529,25,2,36,3,1,0,0,0,0,26,0,74,2,1,0,5,121,male,Plunket Shield,MDM,SR Wells,bowled,Otago Volts,Wellington Firebirds,2015-12-17,2015-12-18,6
8fdfa195,917539,63,2,113,9,0,0,0,0,0,84,0,101,2,0,1,3,143,male,Plunket Shield,MDM,SR Wells,caught,Otago Volts,Wellington Firebirds,2016-02-05,2016-02-06,6
8fdfa195,917543,50,2,91,9,0,0,0,0,0,71,0,90,2,0,1,6,116,male,Plunket Shield,MDM,SR Wells,0,Otago Volts,Northern Districts,2016-02-13,2016-02-14,6
8fdfa195,917547,6,2,29,0,0,0,0,0,0,24,0,96,4,0,3,7,147,male,Plunket Shield,MDM,SR Wells,lbw,Otago Volts,Auckland Aces,2016-02-20,2016-02-21,6
8fdfa195,1051813,1,0,11,0,0,0,0,0,0,10,0,64,1,1,0,4,90,male,Plunket Shield,MDM,SR Wells,0,Otago Volts,Central Stags,2016-10-22,2016-10-23,6
8fdfa195,1051823,38,2,80,5,1,0,0,0,0,64,0,121,1,0,0,10,220,male,Plunket Shield,MDM,SR Wells,0,Otago Volts,Auckland Aces,2016-10-29,2016-10-30,6
8fdfa195,1051845,5,1,20,0,0,1,0,0,0,16,0,50,2,0,0,4,68,male,Plunket Shield,MDM,SR Wells,0,Otago Volts,Northern Districts,2017-02-25,2017-02-26,6
8fdfa195,1051853,118,2,224,19,0,0,0,0,0,173,0,41,3,1,0,1,50,male,Plunket Shield,MDM,SR Wells,0,Otago Volts,Wellington Firebirds,2017-03-06,2017-03-07,6
8fdfa195,1051859,2,2,23,0,0,1,0,0,0,22,0,59,2,1,0,3,86,male,Plunket Shield,MDM,SR Wells,caught,Otago Volts,Canterbury,2017-03-14,2017-03-15,6
8fdfa195,1051861,52,2,93,7,0,0,0,0,0,67,0,80,2,1,1,3,73,male,Plunket Shield,MDM,SR Wells,lbw,Otago Volts,Auckland Aces,2017-03-21,2017-03-22,6
8fdfa195,1051871,36,1,64,5,0,0,0,0,0,46,0,28,1,0,0,10,87,male,Plunket Shield,MDM,SR Wells,0,Otago Volts,Northern Districts,2017-03-29,2017-03-30,6
