player_id,match_id,runs_scored,player_out,balls_faced,fours_scored,sixes_scored,catches_taken,run_out_direct,run_out_throw,stumpings_done,dot_balls_as_batsman,order_seenballs_bowled,runs_conceded,wickets_taken,bowled_done,lbw_done,maidens,dot_balls_as_bowler,gender,series_name,match_type,name,out_kind,player_team,opposition_team,start_date,end_date,balls_per_over
895ae8b6,1283023,30,1,26,3,0,0,0,1,0,9,0,0,0,0,0,0,0,male,ICC Men's T20 World Cup Sub Regional Africa Qualifier Group A & B,T20,D Kalvin,caught,Seychelles,Ghana,2021-10-16,,6
895ae8b6,1283025,7,0,6,0,1,0,0,0,0,4,0,25,0,0,0,0,7,male,ICC Men's T20 World Cup Sub Regional Africa Qualifier,T20,D Kalvin,0,Seychelles,Lesotho,2021-10-17,,6
895ae8b6,1283035,0,0,0,0,0,0,0,0,0,0,0,19,2,0,0,0,5,male,ICC Men's T20 World Cup Sub Regional Africa Qualifier,T20,D Kalvin,0,Seychelles,Swaziland,2021-10-20,,6
895ae8b6,1283033,9,1,18,0,0,0,0,0,0,10,0,32,0,0,0,0,14,male,ICC Men's T20 World Cup Sub Regional Africa Qualifier,T20,D Kalvin,bowled,Seychelles,Malawi,2021-10-20,,6
895ae8b6,1283041,6,1,17,0,0,0,0,0,0,11,0,0,0,0,0,0,0,male,ICC Men's T20 World Cup Sub Regional Africa Qualifier,T20,D Kalvin,bowled,Seychelles,Uganda,2021-10-22,,6
895ae8b6,1343743,0,0,0,0,0,0,0,0,0,0,0,26,0,0,0,0,5,male,ICC Men's T20 World Cup Sub Regional Africa Qualifier,T20,D Kalvin,0,Seychelles,Botswana,2022-11-17,,6
895ae8b6,1343747,19,0,18,1,0,0,0,0,0,9,0,0,0,0,0,0,0,male,ICC Men's T20 World Cup Sub Regional Africa Qualifier,T20,D Kalvin,0,Seychelles,Mali,2022-11-18,,6
895ae8b6,1343761,3,1,19,0,0,0,0,0,0,17,0,0,0,0,0,0,0,male,ICC Men's T20 World Cup Sub Regional Africa Qualifier,T20,D Kalvin,caught,Seychelles,Rwanda,2022-11-24,,6
