player_id,match_id,runs_scored,player_out,balls_faced,fours_scored,sixes_scored,catches_taken,run_out_direct,run_out_throw,stumpings_done,dot_balls_as_batsman,order_seenballs_bowled,runs_conceded,wickets_taken,bowled_done,lbw_done,maidens,dot_balls_as_bowler,gender,series_name,match_type,name,out_kind,player_team,opposition_team,start_date,end_date,balls_per_over
29663fda,1283035,0,0,0,0,0,0,0,0,0,0,0,22,3,2,0,0,11,male,ICC Men's T20 World Cup Sub Regional Africa Qualifier,T20,HL Harji,0,Seychelles,Swaziland,2021-10-20,,6
29663fda,1283041,0,1,4,0,0,0,0,0,0,4,0,32,1,1,0,0,9,male,ICC Men's T20 World Cup Sub Regional Africa Qualifier,T20,HL Harji,bowled,Seychelles,Uganda,2021-10-22,,6
29663fda,1343761,1,1,4,0,0,0,0,0,0,3,0,10,0,0,0,0,1,male,ICC Men's T20 World Cup Sub Regional Africa Qualifier,T20,HL Harji,caught,Seychelles,Rwanda,2022-11-24,,6
29663fda,1343764,0,1,3,0,0,0,0,0,0,3,0,1,0,0,0,0,5,male,ICC Men's T20 World Cup Sub Regional Africa Qualifier,T20,HL Harji,caught,Seychelles,Kenya,2022-11-25,,6
29663fda,1456013,0,1,6,0,0,0,0,1,0,6,0,42,1,0,0,0,8,male,Seychelles in Kenya T20I Match,T20,HL Harji,0,Seychelles,Kenya,2024-10-18,,6
29663fda,1453922,0,0,0,0,0,0,0,0,0,0,0,28,0,0,0,0,4,male,ICC Men's T20 World Cup Sub Regional Africa Qualifier,T20,HL Harji,0,Seychelles,Zimbabwe,2024-10-19,,6
29663fda,1453933,14,1,10,1,1,0,0,0,0,4,0,22,0,0,0,0,18,male,ICC Men's T20 World Cup Sub Regional Africa Qualifier,T20,HL Harji,0,Seychelles,Mozambique,2024-10-22,,6
29663fda,1453924,4,1,3,1,0,0,0,0,0,2,0,22,0,0,0,0,6,male,ICC Men's T20 World Cup Sub Regional Africa Qualifier,T20,HL Harji,0,Seychelles,Rwanda,2024-10-24,,6
