player_id,match_id,runs_scored,player_out,balls_faced,fours_scored,sixes_scored,catches_taken,run_out_direct,run_out_throw,stumpings_done,dot_balls_as_batsman,order_seenballs_bowled,runs_conceded,wickets_taken,bowled_done,lbw_done,maidens,dot_balls_as_bowler,gender,series_name,match_type,name,out_kind,player_team,opposition_team,start_date,end_date,balls_per_over
656fc15b,1453922,0,0,0,0,0,0,0,0,0,0,0,38,2,0,0,0,11,male,ICC Men's T20 World Cup Sub Regional Africa Qualifier,T20,Jobayer Hossen,0,Seychelles,Zimbabwe,2024-10-19,,6
656fc15b,1453933,4,0,3,0,0,0,0,0,0,0,0,31,2,1,1,0,12,male,ICC Men's T20 World Cup Sub Regional Africa Qualifier,T20,Jobayer Hossen,0,Seychelles,Mozambique,2024-10-22,,6
656fc15b,1453930,10,1,8,2,0,0,0,0,0,4,0,14,0,0,0,0,3,male,ICC Men's T20 World Cup Sub Regional Africa Qualifier,T20,Jobayer Hossen,bowled,Seychelles,Kenya,2024-10-23,,6
656fc15b,1453924,3,1,12,0,0,0,0,0,0,10,0,25,5,1,0,0,18,male,ICC Men's T20 World Cup Sub Regional Africa Qualifier,T20,Jobayer Hossen,0,Seychelles,Rwanda,2024-10-24,,6
