player_id,match_id,runs_scored,player_out,balls_faced,fours_scored,sixes_scored,catches_taken,run_out_direct,run_out_throw,stumpings_done,dot_balls_as_batsman,order_seenballs_bowled,runs_conceded,wickets_taken,bowled_done,lbw_done,maidens,dot_balls_as_bowler,gender,series_name,match_type,name,out_kind,player_team,opposition_team,start_date,end_date,balls_per_over
d6b4e3e2,1283023,8,0,24,1,0,0,0,0,0,19,0,34,0,0,0,0,6,male,ICC Men's T20 World Cup Sub Regional Africa Qualifier Group A & B,T20,KJ Patel,0,Seychelles,Ghana,2021-10-16,,6
d6b4e3e2,1283025,0,0,0,0,0,0,0,0,0,0,0,16,1,0,1,0,15,male,ICC Men's T20 World Cup Sub Regional Africa Qualifier,T20,KJ Patel,0,Seychelles,Lesotho,2021-10-17,,6
d6b4e3e2,1283033,0,0,1,0,0,0,0,0,0,1,0,16,0,0,0,0,10,male,ICC Men's T20 World Cup Sub Regional Africa Qualifier,T20,KJ Patel,0,Seychelles,Malawi,2021-10-20,,6
d6b4e3e2,1283035,0,0,0,0,0,0,0,0,0,0,0,21,1,0,0,0,7,male,ICC Men's T20 World Cup Sub Regional Africa Qualifier,T20,KJ Patel,0,Seychelles,Swaziland,2021-10-20,,6
d6b4e3e2,1283041,0,0,4,0,0,0,0,0,0,4,0,26,0,0,0,0,6,male,ICC Men's T20 World Cup Sub Regional Africa Qualifier,T20,KJ Patel,0,Seychelles,Uganda,2021-10-22,,6
