player_id,match_id,runs_scored,player_out,balls_faced,fours_scored,sixes_scored,catches_taken,run_out_direct,run_out_throw,stumpings_done,dot_balls_as_batsman,order_seenballs_bowled,runs_conceded,wickets_taken,bowled_done,lbw_done,maidens,dot_balls_as_bowler,gender,series_name,match_type,name,out_kind,player_team,opposition_team,start_date,end_date,balls_per_over
95c2d309,1283023,15,1,19,3,0,0,0,0,0,13,0,11,0,0,0,0,3,male,ICC Men's T20 World Cup Sub Regional Africa Qualifier Group A & B,T20,SKDT Madusanka,bowled,Seychelles,Ghana,2021-10-16,,6
95c2d309,1283025,28,1,29,4,0,0,0,0,0,15,0,0,0,0,0,0,0,male,ICC Men's T20 World Cup Sub Regional Africa Qualifier,T20,SKDT Madusanka,caught,Seychelles,Lesotho,2021-10-17,,6
95c2d309,1283033,27,1,22,4,1,0,0,0,0,13,0,0,0,0,0,0,0,male,ICC Men's T20 World Cup Sub Regional Africa Qualifier,T20,SKDT Madusanka,lbw,Seychelles,Malawi,2021-10-20,,6
95c2d309,1283035,43,0,40,7,0,0,0,0,0,21,0,8,0,0,0,0,5,male,ICC Men's T20 World Cup Sub Regional Africa Qualifier,T20,SKDT Madusanka,0,Seychelles,Swaziland,2021-10-20,,6
95c2d309,1283041,20,1,30,3,0,0,0,0,0,19,0,20,1,1,0,0,5,male,ICC Men's T20 World Cup Sub Regional Africa Qualifier,T20,SKDT Madusanka,lbw,Seychelles,Uganda,2021-10-22,,6
95c2d309,1343743,0,0,0,0,0,0,0,0,0,0,0,7,0,0,0,0,6,male,ICC Men's T20 World Cup Sub Regional Africa Qualifier,T20,SKDT Madusanka,0,Seychelles,Botswana,2022-11-17,,6
95c2d309,1343747,29,1,27,4,0,0,0,0,0,14,0,0,0,0,0,0,0,male,ICC Men's T20 World Cup Sub Regional Africa Qualifier,T20,SKDT Madusanka,lbw,Seychelles,Mali,2022-11-18,,6
95c2d309,1343758,3,0,1,0,0,0,0,0,0,0,0,0,0,0,0,0,0,male,ICC Men's T20 World Cup Sub Regional Africa Qualifier,T20,SKDT Madusanka,0,Seychelles,Malawi,2022-11-22,,6
95c2d309,1343761,15,0,22,1,0,0,0,0,0,13,0,0,0,0,0,0,0,male,ICC Men's T20 World Cup Sub Regional Africa Qualifier,T20,SKDT Madusanka,0,Seychelles,Rwanda,2022-11-24,,6
95c2d309,1343764,2,1,7,0,0,0,0,0,0,5,0,16,3,1,0,0,12,male,ICC Men's T20 World Cup Sub Regional Africa Qualifier,T20,SKDT Madusanka,caught,Seychelles,Kenya,2022-11-25,,6
95c2d309,1456013,19,1,24,2,1,0,0,0,0,17,0,36,2,1,0,0,5,male,Seychelles in Kenya T20I Match,T20,SKDT Madusanka,0,Seychelles,Kenya,2024-10-18,,6
95c2d309,1453922,0,0,0,0,0,0,0,0,0,0,0,24,0,0,0,0,0,male,ICC Men's T20 World Cup Sub Regional Africa Qualifier,T20,SKDT Madusanka,0,Seychelles,Zimbabwe,2024-10-19,,6
95c2d309,1453933,1,1,2,0,0,0,0,0,0,1,0,17,0,0,0,0,1,male,ICC Men's T20 World Cup Sub Regional Africa Qualifier,T20,SKDT Madusanka,0,Seychelles,Mozambique,2024-10-22,,6
95c2d309,1453930,5,1,13,0,0,0,0,0,0,10,0,0,0,0,0,0,0,male,ICC Men's T20 World Cup Sub Regional Africa Qualifier,T20,SKDT Madusanka,caught and bowled,Seychelles,Kenya,2024-10-23,,6
95c2d309,1453924,17,1,31,2,0,0,0,0,0,20,0,33,1,0,1,0,8,male,ICC Men's T20 World Cup Sub Regional Africa Qualifier,T20,SKDT Madusanka,0,Seychelles,Rwanda,2024-10-24,,6
