player_id,match_id,runs_scored,player_out,balls_faced,fours_scored,sixes_scored,catches_taken,run_out_direct,run_out_throw,stumpings_done,dot_balls_as_batsman,order_seenballs_bowled,runs_conceded,wickets_taken,bowled_done,lbw_done,maidens,dot_balls_as_bowler,gender,series_name,match_type,name,out_kind,player_team,opposition_team,start_date,end_date,balls_per_over
ee3bfb9b,1283023,5,1,7,1,0,0,0,0,0,5,0,5,0,0,0,0,4,male,ICC Men's T20 World Cup Sub Regional Africa Qualifier Group A & B,T20,SR Rocket,run out,Seychelles,Ghana,2021-10-16,,6
ee3bfb9b,1283025,0,0,0,0,0,0,0,1,0,0,0,24,2,1,1,0,20,male,ICC Men's T20 World Cup Sub Regional Africa Qualifier,T20,SR Rocket,0,Seychelles,Lesotho,2021-10-17,,6
ee3bfb9b,1283035,0,0,0,0,0,0,0,0,0,0,0,33,0,0,0,0,3,male,ICC Men's T20 World Cup Sub Regional Africa Qualifier,T20,SR Rocket,0,Seychelles,Swaziland,2021-10-20,,6
ee3bfb9b,1283033,1,1,5,0,0,0,0,0,0,4,0,36,1,0,0,0,6,male,ICC Men's T20 World Cup Sub Regional Africa Qualifier,T20,SR Rocket,bowled,Seychelles,Malawi,2021-10-20,,6
ee3bfb9b,1283041,0,1,1,0,0,0,0,0,0,1,0,28,1,1,0,1,9,male,ICC Men's T20 World Cup Sub Regional Africa Qualifier,T20,SR Rocket,bowled,Seychelles,Uganda,2021-10-22,,6
ee3bfb9b,1343747,0,0,0,0,0,0,0,0,0,0,0,10,1,1,0,0,8,male,ICC Men's T20 World Cup Sub Regional Africa Qualifier,T20,SR Rocket,0,Seychelles,Mali,2022-11-18,,6
ee3bfb9b,1343758,0,0,0,0,0,0,0,0,0,0,0,0,0,0,0,0,0,male,ICC Men's T20 World Cup Sub Regional Africa Qualifier,T20,SR Rocket,0,Seychelles,Malawi,2022-11-22,,6
ee3bfb9b,1343761,0,1,4,0,0,0,0,0,0,4,0,24,1,0,1,0,5,male,ICC Men's T20 World Cup Sub Regional Africa Qualifier,T20,SR Rocket,caught,Seychelles,Rwanda,2022-11-24,,6
ee3bfb9b,1343764,2,0,6,0,0,0,0,0,0,4,0,17,0,0,0,0,4,male,ICC Men's T20 World Cup Sub Regional Africa Qualifier,T20,SR Rocket,0,Seychelles,Kenya,2022-11-25,,6
ee3bfb9b,1456013,4,1,4,1,0,0,0,0,0,3,0,38,0,0,0,0,12,male,Seychelles in Kenya T20I Match,T20,SR Rocket,0,Seychelles,Kenya,2024-10-18,,6
ee3bfb9b,1453930,2,1,14,0,0,0,0,0,0,12,0,12,0,0,0,0,1,male,ICC Men's T20 World Cup Sub Regional Africa Qualifier,T20,SR Rocket,caught,Seychelles,Kenya,2024-10-23,,6
