player_id,match_id,runs_scored,player_out,balls_faced,fours_scored,sixes_scored,catches_taken,run_out_direct,run_out_throw,stumpings_done,dot_balls_as_batsman,order_seenballs_bowled,runs_conceded,wickets_taken,bowled_done,lbw_done,maidens,dot_balls_as_bowler,gender,series_name,match_type,name,out_kind,player_team,opposition_team,start_date,end_date,balls_per_over
21fe743b,1343743,0,0,0,0,0,1,0,0,0,0,0,17,0,0,0,0,5,male,ICC Men's T20 World Cup Sub Regional Africa Qualifier,T20,STRA de Silva,0,Seychelles,Botswana,2022-11-17,,6
21fe743b,1343747,46,0,30,4,0,0,0,0,0,7,0,0,0,0,0,0,0,male,ICC Men's T20 World Cup Sub Regional Africa Qualifier,T20,STRA de Silva,0,Seychelles,Mali,2022-11-18,,6
21fe743b,1343758,0,0,0,0,0,0,0,0,0,0,0,0,0,0,0,0,0,male,ICC Men's T20 World Cup Sub Regional Africa Qualifier,T20,STRA de Silva,0,Seychelles,Malawi,2022-11-22,,6
21fe743b,1343761,0,1,3,0,0,1,0,0,0,3,0,19,0,0,0,0,6,male,ICC Men's T20 World Cup Sub Regional Africa Qualifier,T20,STRA de Silva,bowled,Seychelles,Rwanda,2022-11-24,,6
21fe743b,1343764,19,1,32,0,0,0,0,0,0,16,0,0,0,0,0,0,0,male,ICC Men's T20 World Cup Sub Regional Africa Qualifier,T20,STRA de Silva,caught,Seychelles,Kenya,2022-11-25,,6
21fe743b,1456013,4,1,10,0,0,0,0,0,0,6,0,0,0,0,0,0,0,male,Seychelles in Kenya T20I Match,T20,STRA de Silva,0,Seychelles,Kenya,2024-10-18,,6
21fe743b,1453922,1,0,4,0,0,1,0,0,0,3,0,30,0,0,0,0,1,male,ICC Men's T20 World Cup Sub Regional Africa Qualifier,T20,STRA de Silva,0,Seychelles,Zimbabwe,2024-10-19,,6
21fe743b,1453933,7,1,9,0,0,1,0,0,0,4,0,0,0,0,0,0,0,male,ICC Men's T20 World Cup Sub Regional Africa Qualifier,T20,STRA de Silva,0,Seychelles,Mozambique,2024-10-22,,6
21fe743b,1453930,33,1,34,3,1,0,0,0,0,19,0,0,0,0,0,0,0,male,ICC Men's T20 World Cup Sub Regional Africa Qualifier,T20,STRA de Silva,caught,Seychelles,Kenya,2024-10-23,,6
21fe743b,1453924,6,1,14,0,0,0,0,0,0,8,0,11,0,0,0,0,1,male,ICC Men's T20 World Cup Sub Regional Africa Qualifier,T20,STRA de Silva,0,Seychelles,Rwanda,2024-10-24,,6
