player_id,match_id,runs_scored,player_out,balls_faced,fours_scored,sixes_scored,catches_taken,run_out_direct,run_out_throw,stumpings_done,dot_balls_as_batsman,order_seenballs_bowled,runs_conceded,wickets_taken,bowled_done,lbw_done,maidens,dot_balls_as_bowler,gender,series_name,match_type,name,out_kind,player_team,opposition_team,start_date,end_date,balls_per_over
44744467,1283023,7,1,10,0,1,0,0,0,0,8,0,19,0,0,0,0,3,male,ICC Men's T20 World Cup Sub Regional Africa Qualifier Group A & B,T20,VL Mukesh,bowled,Seychelles,Ghana,2021-10-16,,6
44744467,1283025,0,0,0,0,0,0,0,0,0,0,0,18,0,0,0,0,7,male,ICC Men's T20 World Cup Sub Regional Africa Qualifier,T20,VL Mukesh,0,Seychelles,Lesotho,2021-10-17,,6
44744467,1283033,0,1,1,0,0,0,0,0,0,1,0,12,0,0,0,0,11,male,ICC Men's T20 World Cup Sub Regional Africa Qualifier,T20,VL Mukesh,bowled,Seychelles,Malawi,2021-10-20,,6
44744467,1283041,0,1,1,0,0,0,0,0,0,1,0,15,0,0,0,0,0,male,ICC Men's T20 World Cup Sub Regional Africa Qualifier,T20,VL Mukesh,bowled,Seychelles,Uganda,2021-10-22,,6
44744467,1343758,0,0,0,0,0,0,0,0,0,0,0,0,0,0,0,0,0,male,ICC Men's T20 World Cup Sub Regional Africa Qualifier,T20,VL Mukesh,0,Seychelles,Malawi,2022-11-22,,6
44744467,1343764,3,1,4,0,0,0,0,0,0,3,0,0,0,0,0,0,0,male,ICC Men's T20 World Cup Sub Regional Africa Qualifier,T20,VL Mukesh,caught,Seychelles,Kenya,2022-11-25,,6
