player_id,match_id,runs_scored,player_out,balls_faced,fours_scored,sixes_scored,catches_taken,run_out_direct,run_out_throw,stumpings_done,dot_balls_as_batsman,order_seenballs_bowled,runs_conceded,wickets_taken,bowled_done,lbw_done,maidens,dot_balls_as_bowler,gender,series_name,match_type,name,out_kind,player_team,opposition_team,start_date,end_date,balls_per_over
3cacbb57,489214,4,0,13,0,0,1,0,1,0,9,0,36,0,0,0,0,29,male,Pakistan in West Indies ODI Series,ODI,A Martin,0,West Indies,Pakistan,2011-04-25,,6
3cacbb57,489217,0,0,0,0,0,0,0,0,0,0,0,21,0,0,0,2,41,male,Pakistan in West Indies ODI Series,ODI,A Martin,0,West Indies,Pakistan,2011-05-05,,6
3cacbb57,489221,2,0,3,0,0,0,0,0,0,1,0,40,2,0,0,0,36,male,India in West Indies ODI Series,ODI,A Martin,0,West Indies,India,2011-06-06,,6
3cacbb57,489222,0,0,1,0,0,0,0,0,0,1,0,29,1,0,0,0,8,male,India in West Indies ODI Series,ODI,A Martin,0,West Indies,India,2011-06-08,,6
3cacbb57,489224,0,0,0,0,0,0,0,0,0,0,0,36,2,0,0,0,31,male,India in West Indies ODI Series,ODI,A Martin,0,West Indies,India,2011-06-13,,6
3cacbb57,489225,0,0,0,0,0,1,0,0,0,0,0,39,1,1,0,1,34,male,India in West Indies ODI Series,ODI,A Martin,0,West Indies,India,2011-06-16,,6
3cacbb57,531982,0,0,0,0,0,2,0,0,0,0,0,20,1,0,0,0,7,male,,T20,A Martin,0,West Indies,Bangladesh,2011-10-11,,6
3cacbb57,531985,1,1,4,0,0,0,0,0,0,3,0,16,0,0,0,1,24,male,West Indies in Bangladesh ODI Series,ODI,A Martin,0,West Indies,Bangladesh,2011-10-18,,6
3cacbb57,536929,3,0,8,0,0,1,0,0,0,5,0,35,1,1,0,1,20,male,West Indies in India ODI Series,ODI,A Martin,0,West Indies,India,2011-11-29,,6
3cacbb57,536933,0,0,0,0,0,0,1,0,0,0,0,48,2,0,1,0,27,male,West Indies in India ODI Series,ODI,A Martin,0,West Indies,India,2011-12-11,,6
3cacbb57,635220,0,0,0,0,0,0,0,0,0,0,0,27,0,0,0,0,12,male,Caribbean Premier League,T20,A Martin,0,Antigua Hawksbills,Jamaica Tallawahs,2013-08-04,,6
