player_id,match_id,runs_scored,player_out,balls_faced,fours_scored,sixes_scored,catches_taken,run_out_direct,run_out_throw,stumpings_done,dot_balls_as_batsman,order_seenballs_bowled,runs_conceded,wickets_taken,bowled_done,lbw_done,maidens,dot_balls_as_bowler,gender,series_name,match_type,name,out_kind,player_team,opposition_team,start_date,end_date,balls_per_over
a49985e6,423387,9,0,19,1,0,1,0,0,0,14,0,21,0,0,0,0,19,female,West Indies Women in South Africa ODI Series,ODI,A Mohammed,0,West Indies,South Africa,2009-10-21,,6
a49985e6,423391,2,1,8,0,0,0,0,0,0,7,0,10,1,0,0,0,2,female,West Indies Women in South Africa T20I Series,T20,A Mohammed,caught,West Indies,South Africa,2009-10-28,,6
a49985e6,412717,4,0,8,0,0,0,0,0,0,4,0,26,1,0,0,0,6,female,ICC Women's World Twenty20,T20,A Mohammed,0,West Indies,New Zealand,2010-05-14,,6
89b3278d,576408,0,0,0,0,0,0,1,0,0,0,0,0,0,0,0,0,0,male,ICC World Cricket League Division Four,ODM,A Mohammed,0,United States of America,Tanzania,2012-09-06,,6
a49985e6,551593,8,0,10,1,0,0,0,0,0,6,0,9,0,0,0,0,6,female,West Indies Women in England T20I Series,T20,A Mohammed,0,West Indies,England,2012-09-08,,6
89b3278d,576416,10,1,18,0,1,1,0,0,0,15,0,0,0,0,0,0,0,male,ICC World Cricket League Division Four,ODM,A Mohammed,0,United States of America,Singapore,2012-09-09,,6
a49985e6,551594,0,0,0,0,0,1,0,0,0,0,0,21,0,0,0,0,14,female,West Indies Women in England T20I Series,T20,A Mohammed,0,West Indies,England,2012-09-10,,6
a49985e6,551595,5,1,3,0,0,0,0,0,0,0,0,11,2,0,0,0,10,female,West Indies Women in England T20I Series,T20,A Mohammed,0,West Indies,England,2012-09-13,,6
a49985e6,551596,0,1,4,0,0,0,0,0,0,4,0,23,0,0,0,0,7,female,West Indies Women in England T20I Series,T20,A Mohammed,lbw,West Indies,England,2012-09-15,,6
a49985e6,551597,0,0,0,0,0,0,0,0,0,0,0,23,2,0,0,0,6,female,West Indies Women in England T20I Series,T20,A Mohammed,0,West Indies,England,2012-09-16,,6
a49985e6,533300,0,0,0,0,0,0,0,0,0,0,0,17,2,1,0,0,11,female,ICC Women's World Twenty20,T20,A Mohammed,0,West Indies,New Zealand,2012-09-26,,6
a49985e6,533304,0,0,1,0,0,0,0,0,0,1,0,13,0,0,0,0,6,female,ICC Women's World Twenty20,T20,A Mohammed,0,West Indies,Sri Lanka,2012-09-28,,6
a49985e6,533307,0,0,0,0,0,0,0,0,0,0,0,19,0,0,0,2,16,female,ICC Women's World Twenty20,T20,A Mohammed,0,West Indies,South Africa,2012-09-30,,6
a49985e6,533312,1,1,2,0,0,0,0,1,0,1,0,20,0,0,0,0,8,female,ICC Women's World Twenty20,T20,A Mohammed,0,West Indies,Australia,2012-10-05,,6
a49985e6,588498,0,0,0,0,0,2,1,0,0,0,0,24,0,0,0,0,8,female,South Africa Women in West Indies T20I Series,T20,A Mohammed,0,West Indies,South Africa,2013-01-19,,6
a49985e6,588499,0,0,0,0,0,0,1,0,0,0,0,13,0,0,0,0,13,female,South Africa Women in West Indies T20I Series,T20,A Mohammed,0,West Indies,South Africa,2013-01-20,,6
a49985e6,594891,10,0,34,0,0,1,0,0,0,26,0,45,0,0,0,0,26,female,ICC Women's World Cup,ODI,A Mohammed,0,West Indies,India,2013-01-31,,6
a49985e6,594909,31,0,33,4,0,0,0,0,0,17,0,13,1,0,0,3,43,female,ICC Women's World Cup,ODI,A Mohammed,0,West Indies,New Zealand,2013-02-11,,6
a49985e6,594915,14,1,26,2,0,0,0,0,0,20,0,62,1,0,0,0,25,female,ICC Women's World Cup,ODI,A Mohammed,caught,West Indies,Australia,2013-02-17,,6
a49985e6,603239,0,0,1,0,0,1,0,1,0,1,0,48,1,0,0,0,30,female,West Indies Women in Sri Lanka ODI Series,ODI,A Mohammed,0,West Indies,Sri Lanka,2013-02-22,,6
a49985e6,603240,7,0,30,0,0,0,0,0,0,25,0,0,0,0,0,0,0,female,West Indies Women in Sri Lanka ODI Series,ODI,A Mohammed,0,West Indies,Sri Lanka,2013-02-24,,6
a49985e6,682971,1,0,2,0,0,0,0,0,0,1,0,26,0,0,0,0,9,female,Women's World T20,T20,A Mohammed,0,West Indies,England,2014-03-24,,6
a49985e6,682979,15,1,14,1,0,2,0,0,0,4,0,22,2,0,2,0,10,female,Women's World T20,T20,A Mohammed,0,West Indies,Bangladesh,2014-03-26,,6
a49985e6,682989,0,0,0,0,0,0,0,0,0,0,0,12,1,0,0,0,10,female,Women's World T20,T20,A Mohammed,0,West Indies,Sri Lanka,2014-03-28,,6
a49985e6,683005,3,0,4,0,0,0,0,0,0,1,0,22,0,0,0,0,7,female,Women's World T20,T20,A Mohammed,0,West Indies,India,2014-04-01,,6
a49985e6,683011,0,0,0,0,0,0,0,0,0,0,0,24,2,0,1,0,10,female,Women's World T20,T20,A Mohammed,0,West Indies,Australia,2014-04-03,,6
a49985e6,754801,0,0,0,0,0,0,0,0,0,0,0,25,3,0,0,0,10,female,West Indies Women in Australia T20I Series,T20,A Mohammed,0,West Indies,Australia,2014-11-02,,6
a49985e6,754805,0,0,0,0,0,0,0,0,0,0,0,27,2,0,1,0,10,female,West Indies Women in Australia T20I Series,T20,A Mohammed,0,West Indies,Australia,2014-11-07,,6
a49985e6,754809,0,1,2,0,0,0,0,0,0,2,0,39,2,0,0,0,28,female,ICC Women's Championship,ODI,A Mohammed,0,West Indies,Australia,2014-11-11,,6
a49985e6,754811,1,0,16,0,0,2,0,0,0,15,0,63,1,1,0,0,26,female,ICC Women's Championship,ODI,A Mohammed,0,West Indies,Australia,2014-11-13,,6
a49985e6,754813,0,1,2,0,0,0,0,0,0,2,0,35,0,0,0,0,23,female,ICC Women's Championship,ODI,A Mohammed,caught,West Indies,Australia,2014-11-16,,6
a49985e6,754815,12,1,12,3,0,0,0,0,0,9,0,43,1,0,0,0,18,female,West Indies Women in Australia ODI Series,ODI,A Mohammed,caught,West Indies,Australia,2014-11-18,,6
a49985e6,856117,0,0,0,0,0,0,0,1,0,0,0,15,2,0,0,1,9,female,West Indies Women tour of Sri Lanka,T20,A Mohammed,0,West Indies,Sri Lanka,2015-05-23,,6
a49985e6,856119,0,0,0,0,0,0,0,0,0,0,0,28,1,0,0,0,7,female,West Indies Women in Sri Lanka T20I Series,T20,A Mohammed,0,West Indies,Sri Lanka,2015-05-25,,6
a49985e6,856121,0,0,0,0,0,0,0,0,0,0,0,7,0,0,0,2,18,female,West Indies Women in Sri Lanka T20I Series,T20,A Mohammed,0,West Indies,Sri Lanka,2015-05-26,,6
a49985e6,892043,0,0,0,0,0,0,0,0,0,0,0,11,0,0,0,0,14,female,Pakistan Women in West Indies T20I Series,T20,A Mohammed,0,West Indies,Pakistan,2015-10-29,,6
a49985e6,907389,6,1,19,0,0,0,0,0,0,13,0,36,2,0,0,1,30,female,ICC Women's Championship,ODI,A Mohammed,bowled,West Indies,South Africa,2016-02-24,,6
a49985e6,907391,1,1,10,0,0,0,1,0,0,9,0,30,2,2,0,1,36,female,ICC Women's Championship,ODI,A Mohammed,caught,West Indies,South Africa,2016-02-27,,6
a49985e6,907393,1,1,3,0,0,0,0,0,0,2,0,41,0,0,0,0,16,female,ICC Women's Championship,ODI,A Mohammed,caught,West Indies,South Africa,2016-02-29,,6
a49985e6,907395,0,0,0,0,0,0,0,0,0,0,0,23,2,0,0,0,12,female,West Indies Women in South Africa T20I Series,T20,A Mohammed,0,West Indies,South Africa,2016-03-04,,6
a49985e6,907399,5,0,7,0,0,0,0,0,0,2,0,23,1,0,0,0,10,female,West Indies Women in South Africa T20I Series,T20,A Mohammed,0,West Indies,South Africa,2016-03-09,,6
a49985e6,951379,0,0,0,0,0,1,0,0,0,0,0,25,2,0,0,1,8,female,Women's World T20,T20,A Mohammed,0,West Indies,Pakistan,2016-03-16,,6
a49985e6,951389,0,0,0,0,0,0,0,0,0,0,0,21,0,0,0,0,8,female,Women's World T20,T20,A Mohammed,0,West Indies,Bangladesh,2016-03-20,,6
a49985e6,951399,0,0,0,0,0,2,0,0,0,0,0,19,0,0,0,0,12,female,Women's World T20,T20,A Mohammed,0,West Indies,England,2016-03-24,,6
a49985e6,951409,0,0,0,0,0,0,1,0,0,0,0,23,0,0,0,0,5,female,Women's World T20,T20,A Mohammed,0,West Indies,India,2016-03-27,,6
a49985e6,951417,0,0,0,0,0,0,0,0,0,0,0,10,0,0,0,0,0,female,Women's World T20,T20,A Mohammed,0,West Indies,New Zealand,2016-03-31,,6
a49985e6,951419,0,0,0,0,0,0,0,0,0,0,0,19,1,0,1,0,9,female,Women's World T20,T20,A Mohammed,0,West Indies,Australia,2016-04-03,,6
a49985e6,1085948,9,1,19,1,0,0,0,0,0,13,0,24,0,0,0,0,15,female,ICC Women's World Cup,ODI,A Mohammed,run out,West Indies,Australia,2017-06-26,,6
a49985e6,1085951,11,0,16,1,0,0,0,0,0,9,0,26,0,0,0,0,18,female,ICC Women's World Cup,ODI,A Mohammed,0,West Indies,India,2017-06-29,,6
a49985e6,1085956,4,0,10,1,0,0,0,0,0,9,0,0,0,0,0,0,0,female,ICC Women's World Cup,ODI,A Mohammed,0,West Indies,South Africa,2017-07-02,,6
a49985e6,1085960,5,1,10,1,0,0,0,0,0,8,0,30,1,0,0,0,7,female,ICC Women's World Cup,ODI,A Mohammed,0,West Indies,New Zealand,2017-07-06,,6
a49985e6,1085964,7,0,6,1,0,0,1,0,0,2,0,39,2,1,1,0,36,female,ICC Women's World Cup,ODI,A Mohammed,0,West Indies,Sri Lanka,2017-07-09,,6
a49985e6,1085965,0,0,0,0,0,0,0,0,0,0,0,21,2,1,0,0,11,female,ICC Women's World Cup,ODI,A Mohammed,0,West Indies,Pakistan,2017-07-11,,6
a49985e6,1085970,14,1,47,3,0,0,0,0,0,42,0,33,0,0,0,0,32,female,ICC Women's World Cup,ODI,A Mohammed,lbw,West Indies,England,2017-07-15,,6
a49985e6,1122902,0,0,0,0,0,0,0,0,0,0,0,19,0,0,0,0,8,female,Sri Lanka Women tour of West Indies,T20,A Mohammed,0,West Indies,Sri Lanka,2017-10-21,,6
a49985e6,1138193,4,0,16,0,0,0,0,0,0,13,0,57,0,0,0,0,25,female,ICC Women's Championship,ODI,A Mohammed,0,West Indies,New Zealand,2018-03-11,,6
a49985e6,1138194,0,0,0,0,0,1,0,0,0,0,0,30,1,0,0,0,8,female,West Indies Women tour of New Zealand,T20,A Mohammed,0,West Indies,New Zealand,2018-03-14,,6
a49985e6,1138195,1,0,7,0,0,0,0,0,0,6,0,31,0,0,0,0,7,female,West Indies Women tour of New Zealand,T20,A Mohammed,0,West Indies,New Zealand,2018-03-16,,6
a49985e6,1156212,23,1,37,2,0,0,0,0,0,24,0,21,0,0,0,0,22,female,ICC Women's Championship,ODI,A Mohammed,0,West Indies,South Africa,2018-09-16,,6
a49985e6,1156214,0,0,0,0,0,0,0,0,0,0,0,0,0,0,0,0,0,female,ICC Women's Championship,ODI,A Mohammed,0,West Indies,South Africa,2018-09-22,,6
a49985e6,1156216,0,0,0,0,0,1,0,0,0,0,0,24,4,1,0,0,11,female,South Africa Women tour of West Indies,T20,A Mohammed,0,West Indies,South Africa,2018-09-28,,6
a49985e6,1156218,0,0,0,0,0,0,0,0,0,0,0,34,0,0,0,0,6,female,South Africa Women tour of West Indies,T20,A Mohammed,0,West Indies,South Africa,2018-10-04,,6
a49985e6,1156219,0,0,0,0,0,0,0,0,0,0,0,36,0,0,0,0,8,female,South Africa Women tour of West Indies,T20,A Mohammed,0,West Indies,South Africa,2018-10-06,,6
a49985e6,1150535,4,1,5,0,0,0,0,0,0,2,0,0,0,0,0,0,0,female,ICC Women's T20 World Cup,T20,A Mohammed,run out,West Indies,Bangladesh,2018-11-09,,6
a49985e6,1172469,0,0,0,0,0,0,0,0,0,0,0,17,2,0,0,0,14,female,West Indies Women tour of Pakistan and United Arab Emirates,T20,A Mohammed,0,West Indies,Pakistan,2019-01-31,,6
a49985e6,1172470,0,0,0,0,0,0,0,0,0,0,0,30,0,0,0,0,7,female,West Indies Women tour of Pakistan and United Arab Emirates,T20,A Mohammed,0,West Indies,Pakistan,2019-02-01,,6
a49985e6,1172471,3,0,2,0,0,0,0,0,0,0,0,16,0,0,0,0,2,female,West Indies Women tour of Pakistan and United Arab Emirates,T20,A Mohammed,0,West Indies,Pakistan,2019-02-03,,6
a49985e6,1172210,0,0,0,0,0,0,0,0,0,0,0,0,0,0,0,0,0,female,Pakistan vs West Indies ODI Series,ODI,A Mohammed,0,West Indies,Pakistan,2019-02-07,,6
a49985e6,1172211,1,1,10,0,0,1,0,0,0,9,0,35,0,0,0,1,22,female,Pakistan vs West Indies ODI Series,ODI,A Mohammed,bowled,West Indies,Pakistan,2019-02-09,,6
a49985e6,wi_201706,0,0,0,0,0,0,0,0,0,0,0,9,1,1,0,0,6,female,Women's T20 Blaze,T20,A Mohammed,0,Trinidad and Tobago,Windward Islands,2019-03-29,,6
a49985e6,1198472,3,1,12,0,0,0,0,0,0,9,0,50,0,0,0,0,16,female,Australia Women tour of West Indies,ODI,A Mohammed,0,West Indies,Australia,2019-09-05,,6
a49985e6,1198477,0,1,2,0,0,0,0,0,0,2,0,13,0,0,0,0,3,female,Australia Women tour of West Indies,T20,A Mohammed,0,West Indies,Australia,2019-09-18,,6
a49985e6,1202249,0,0,0,0,0,0,0,0,0,0,0,47,4,0,0,0,39,female,India Women in West Indies,ODI,A Mohammed,0,West Indies,India,2019-11-01,,6
a49985e6,1202250,3,0,12,0,0,0,0,0,0,9,0,31,0,0,0,1,21,female,India Women tour of West Indies,ODI,A Mohammed,0,West Indies,India,2019-11-03,,6
a49985e6,1202251,2,1,3,0,0,0,0,0,0,1,0,35,0,0,0,0,21,female,India Women tour of West Indies,ODI,A Mohammed,0,West Indies,India,2019-11-06,,6
a49985e6,1202252,0,0,2,0,0,0,0,0,0,2,0,35,1,0,0,0,12,female,India Women tour of West Indies,T20,A Mohammed,0,West Indies,India,2019-11-09,,6
a49985e6,1202253,0,0,0,0,0,0,0,0,0,0,0,14,0,0,0,0,7,female,India Women tour of West Indies,T20,A Mohammed,0,West Indies,India,2019-11-10,,6
a49985e6,1202254,6,0,14,0,0,0,0,0,0,9,0,13,0,0,0,0,17,female,India Women tour of West Indies,T20,A Mohammed,0,West Indies,India,2019-11-14,,6
a49985e6,1202255,0,0,0,0,0,1,0,0,0,0,0,14,0,0,0,0,3,female,India Women tour of West Indies,T20,A Mohammed,0,West Indies,India,2019-11-17,,6
a49985e6,1202256,0,0,0,0,0,0,0,0,0,0,0,26,1,0,0,0,7,female,India Women tour of West Indies,T20,A Mohammed,0,West Indies,India,2019-11-20,,6
a49985e6,1173049,0,0,0,0,0,0,0,0,0,0,0,15,1,0,0,0,11,female,ICC Women's T20 World Cup,T20,A Mohammed,0,West Indies,Thailand,2020-02-22,,6
a49985e6,1173055,0,0,0,0,0,1,0,0,0,0,0,9,0,0,0,0,7,female,ICC Women's T20 World Cup,T20,A Mohammed,0,West Indies,Pakistan,2020-02-26,,6
a49985e6,1173063,5,1,3,1,0,0,0,0,0,1,0,23,1,0,0,0,8,female,ICC Women's T20 World Cup,T20,A Mohammed,bowled,West Indies,England,2020-03-01,,6
a49985e6,1267322,0,0,0,0,0,0,0,0,0,0,0,18,0,0,0,0,7,female,Pakistan Women tour of West Indies,T20,A Mohammed,0,West Indies,Pakistan,2021-06-30,,6
a49985e6,1267323,0,0,0,0,0,0,0,1,0,0,0,23,0,0,0,0,6,female,Pakistan Women tour of West Indies,T20,A Mohammed,0,West Indies,Pakistan,2021-07-02,,6
a49985e6,1267324,0,0,0,0,0,0,0,0,0,0,0,24,3,1,0,0,13,female,Pakistan Women tour of West Indies,T20,A Mohammed,0,West Indies,Pakistan,2021-07-04,,6
a49985e6,1267325,0,0,0,0,0,0,0,0,0,0,0,32,2,0,1,0,37,female,Pakistan Women tour of West Indies,ODI,A Mohammed,0,West Indies,Pakistan,2021-07-07,,6
a49985e6,1267326,0,0,0,0,0,1,0,0,0,0,0,27,4,2,1,2,46,female,Pakistan Women tour of West Indies,ODI,A Mohammed,0,West Indies,Pakistan,2021-07-09,,6
a49985e6,1267327,0,0,0,0,0,1,0,0,0,0,0,29,2,0,0,1,42,female,Pakistan Women tour of West Indies,ODI,A Mohammed,0,West Indies,Pakistan,2021-07-12,,6
a49985e6,1267328,5,1,8,0,0,0,0,0,0,3,0,31,1,0,0,0,41,female,Pakistan Women tour of West Indies,ODI,A Mohammed,0,West Indies,Pakistan,2021-07-15,,6
a49985e6,1267329,0,1,2,0,0,1,0,0,0,2,0,41,1,0,0,0,15,female,Pakistan Women tour of West Indies,ODI,A Mohammed,0,West Indies,Pakistan,2021-07-18,,6
a49985e6,1273415,0,0,0,0,0,1,0,0,0,0,0,23,1,0,0,0,7,female,South Africa Women tour of West Indies,T20,A Mohammed,0,West Indies,South Africa,2021-08-31,,6
a49985e6,1273416,1,0,3,0,0,0,0,0,0,2,0,29,0,0,0,0,11,female,South Africa Women tour of West Indies,T20,A Mohammed,0,West Indies,South Africa,2021-09-02,,6
a49985e6,1273417,0,0,0,0,0,0,0,1,0,0,0,15,1,0,0,0,11,female,South Africa Women tour of West Indies,T20,A Mohammed,0,West Indies,South Africa,2021-09-04,,6
a49985e6,1273418,1,1,10,0,0,0,0,0,0,9,0,31,1,1,0,1,34,female,South Africa Women tour of West Indies,ODI,A Mohammed,0,West Indies,South Africa,2021-09-07,,6
a49985e6,1273419,15,0,47,1,0,0,0,0,0,36,0,16,0,0,0,0,14,female,South Africa Women tour of West Indies,ODI,A Mohammed,0,West Indies,South Africa,2021-09-10,,6
a49985e6,1273420,9,1,23,0,0,0,0,0,0,15,0,26,0,0,0,0,17,female,South Africa Women tour of West Indies,ODI,A Mohammed,0,West Indies,South Africa,2021-09-13,,6
a49985e6,1273421,8,1,20,0,0,0,0,0,0,13,0,27,2,0,0,0,37,female,South Africa Women tour of West Indies,ODI,A Mohammed,0,West Indies,South Africa,2021-09-16,,6
a49985e6,1288209,0,0,0,0,0,1,0,0,0,0,0,44,1,0,0,0,32,female,West Indies Women tour of Pakistan,ODI,A Mohammed,0,West Indies,Pakistan,2021-11-08,,6
a49985e6,1288210,2,1,8,0,0,0,0,0,0,7,0,26,1,0,0,0,20,female,West Indies Women tour of Pakistan,ODI,A Mohammed,caught,West Indies,Pakistan,2021-11-11,,6
a49985e6,1277094,0,1,1,0,0,0,1,0,0,1,0,62,1,1,0,0,23,female,West Indies Women tour of South Africa,ODI,A Mohammed,bowled,West Indies,South Africa,2022-02-03,,6
a49985e6,1277095,1,1,11,0,0,0,0,0,0,10,0,31,2,1,1,0,33,female,West Indies Women tour of South Africa,ODI,A Mohammed,0,West Indies,South Africa,2022-02-06,,6
a49985e6,1243908,11,1,6,2,0,1,0,0,0,1,0,60,2,1,1,0,22,female,ICC Women's World Cup,ODI,A Mohammed,run out,West Indies,New Zealand,2022-03-04,,6
a49985e6,1243914,0,0,0,0,0,0,1,0,0,0,0,25,2,1,1,0,14,female,ICC Women's World Cup,ODI,A Mohammed,0,West Indies,England,2022-03-09,,6
a49985e6,1243917,2,1,27,0,0,1,0,0,0,25,0,59,2,0,0,0,23,female,ICC Women's World Cup,ODI,A Mohammed,caught,West Indies,India,2022-03-12,,6
a49985e6,1243927,0,0,0,0,0,0,0,0,0,0,0,21,0,0,0,0,12,female,ICC Women's World Cup,ODI,A Mohammed,0,West Indies,Pakistan,2022-03-21,,6
a49985e6,1243936,0,0,0,0,0,0,0,0,0,0,0,20,0,0,0,0,5,female,ICC Women's World Cup,ODI,A Mohammed,0,West Indies,Australia,2022-03-30,,6
a49985e6,wi_211826,8,1,12,1,0,0,0,0,0,8,0,20,0,0,0,0,13,female,T20 Blaze,T20,A Mohammed,0,Trinidad and Tobago,Jamaica,2022-06-07,,6
a49985e6,wi_211832,14,0,8,2,0,2,0,0,0,2,0,7,0,0,0,0,8,female,T20 Blaze,T20,A Mohammed,0,Trinidad and Tobago,Leeward Islands,2022-06-11,,6
a49985e6,wi_211834,19,1,24,3,0,0,0,0,0,15,0,16,2,1,0,0,16,female,T20 Blaze,T20,A Mohammed,0,Trinidad and Tobago,Windward Islands,2022-06-13,,6
a49985e6,wi_211976,20,0,57,2,0,1,0,0,0,46,0,27,1,0,1,1,47,female,CG United Women's Super50,ODM,A Mohammed,0,Trinidad and Tobago,Leeward Islands,2022-06-17,,6
a49985e6,wi_212061,9,1,25,1,0,0,0,0,0,19,0,26,0,0,0,0,23,female,CG United Women's Super50,ODM,A Mohammed,caught,Trinidad and Tobago,Barbados,2022-06-22,,6
a49985e6,1323178,0,0,0,0,0,2,0,0,0,0,0,9,1,1,0,0,5,female,Women's Caribbean Premier League,T20,A Mohammed,0,Trinbago Knight Riders,Barbados Royals,2022-08-31,,6
a49985e6,1323179,0,0,0,0,0,0,0,0,0,0,0,0,0,0,0,0,0,female,Women's Caribbean Premier League,T20,A Mohammed,0,Trinbago Knight Riders,Guyana Amazon Warriors,2022-09-01,,6
a49985e6,1323181,0,0,0,0,0,1,0,0,0,0,0,17,2,1,0,0,11,female,Women's Caribbean Premier League,T20,A Mohammed,0,Trinbago Knight Riders,Barbados Royals,2022-09-04,,6
a49985e6,1380590,6,1,10,1,0,0,0,0,0,7,0,12,0,0,0,0,8,female,Women's Caribbean Premier League,T20,A Mohammed,lbw,Trinbago Knight Riders,Barbados Royals,2023-09-02,,6
a49985e6,1380592,10,1,9,1,0,0,0,0,0,4,0,28,4,2,0,0,12,female,Women's Caribbean Premier League,T20,A Mohammed,0,Trinbago Knight Riders,Guyana Amazon Warriors,2023-09-05,,6
a49985e6,1380593,0,0,0,0,0,1,0,0,0,0,0,32,1,0,0,0,8,female,Women's Caribbean Premier League,T20,A Mohammed,0,Trinbago Knight Riders,Barbados Royals,2023-09-06,,6
a49985e6,1380594,4,1,11,0,0,0,0,0,0,7,0,20,0,0,0,0,4,female,Women's Caribbean Premier League,T20,A Mohammed,0,Trinbago Knight Riders,Guyana Amazon Warriors,2023-09-09,,6
a49985e6,1443200,4,0,6,0,0,0,0,0,0,3,0,11,1,0,0,0,11,female,Women's Caribbean Premier League,T20,A Mohammed,0,Trinbago Knight Riders,Barbados Royals,2024-08-22,,6
a49985e6,1443201,0,0,0,0,0,0,0,0,0,0,0,33,0,0,0,0,6,female,Women's Caribbean Premier League,T20,A Mohammed,0,Trinbago Knight Riders,Guyana Amazon Warriors,2024-08-23,,6
a49985e6,1443205,4,0,8,0,0,0,0,0,0,4,0,21,1,0,0,0,16,female,Women's Caribbean Premier League,T20,A Mohammed,0,Trinbago Knight Riders,Barbados Royals,2024-08-29,,6
