player_id,match_id,runs_scored,player_out,balls_faced,fours_scored,sixes_scored,catches_taken,run_out_direct,run_out_throw,stumpings_done,dot_balls_as_batsman,order_seenballs_bowled,runs_conceded,wickets_taken,bowled_done,lbw_done,maidens,dot_balls_as_bowler,gender,series_name,match_type,name,out_kind,player_team,opposition_team,start_date,end_date,balls_per_over
f2665768,1025669,0,0,0,0,0,0,0,0,0,0,0,40,1,0,0,0,10,male,Caribbean Premier League,T20,A Phillip,0,Trinbago Knight Riders,Jamaica Tallawahs,2016-08-05,,6
f2665768,1094684,0,0,0,0,0,1,0,0,0,0,0,27,0,0,0,0,13,male,Caribbean Premier League,T20,A Phillip,0,Trinbago Knight Riders,St Kitts and Nevis Patriots,2017-08-14,,6
f2665768,1094693,0,0,0,0,0,0,0,0,0,0,0,25,0,0,0,0,7,male,Caribbean Premier League,T20,A Phillip,0,Trinbago Knight Riders,St Kitts and Nevis Patriots,2017-08-23,,6
f2665768,1094700,2,0,2,0,0,0,0,0,0,0,0,35,1,0,0,0,12,male,Caribbean Premier League,T20,A Phillip,0,Trinbago Knight Riders,Barbados Tridents,2017-09-02,,6
f2665768,1148669,0,0,0,0,0,1,0,0,0,0,0,40,3,0,1,0,12,male,Caribbean Premier League,T20,A Phillip,0,Trinbago Knight Riders,St Kitts and Nevis Patriots,2018-09-01,,6
f2665768,1148676,0,1,1,0,0,0,0,0,0,1,0,28,0,0,0,0,5,male,Caribbean Premier League,T20,A Phillip,run out,Trinbago Knight Riders,Guyana Amazon Warriors,2018-09-09,,6
f2665768,1148679,0,0,0,0,0,0,0,0,0,0,0,17,0,0,0,0,1,male,Caribbean Premier League,T20,A Phillip,0,Trinbago Knight Riders,St Kitts and Nevis Patriots,2018-09-14,,6
f2665768,1185837,0,0,0,0,0,0,0,0,0,0,0,0,0,0,0,0,0,male,Caribbean Premier League,T20,A Phillip,0,Trinbago Knight Riders,St Kitts and Nevis Patriots,2019-09-04,,6
f2665768,1185841,0,0,0,0,0,0,0,0,0,0,0,10,0,0,0,0,2,male,Caribbean Premier League,T20,A Phillip,0,Trinbago Knight Riders,St Lucia Zouks,2019-09-08,,6
f2665768,1185850,0,0,0,0,0,0,0,0,0,0,0,38,3,0,0,0,16,male,Caribbean Premier League,T20,A Phillip,0,Trinbago Knight Riders,St Kitts and Nevis Patriots,2019-09-17,,6
f2665768,1185854,0,0,0,0,0,0,0,0,0,0,0,10,0,0,0,0,2,male,Caribbean Premier League,T20,A Phillip,0,Trinbago Knight Riders,St Lucia Zouks,2019-09-21,,6
f2665768,1185859,1,0,11,0,0,0,0,0,0,10,0,6,0,0,0,0,2,male,Caribbean Premier League,T20,A Phillip,0,Trinbago Knight Riders,Barbados Tridents,2019-09-26,,6
f2665768,1227887,0,0,0,0,0,0,0,0,0,0,0,24,0,0,0,0,4,male,Caribbean Premier League,T20,A Phillip,0,Trinbago Knight Riders,St Kitts and Nevis Patriots,2020-09-02,,6
f2665768,1227893,0,0,0,0,0,1,0,0,0,0,0,3,1,1,0,0,6,male,Caribbean Premier League,T20,A Phillip,0,Trinbago Knight Riders,St Kitts and Nevis Patriots,2020-09-06,,6
f2665768,1252071,0,0,0,0,0,0,0,0,0,0,0,43,0,0,0,0,18,male,West Indies v Sri Lanka,ODI,A Phillip,0,West Indies,Sri Lanka,2021-03-14,,6
f2665768,1269726,2,0,1,0,0,0,0,0,0,0,0,37,0,0,0,0,5,male,Caribbean Premier League,T20,A Phillip,0,Trinbago Knight Riders,St Kitts and Nevis Patriots,2021-09-11,,6
f2665768,1302349,0,0,0,0,0,1,0,0,0,0,0,67,1,0,1,0,32,male,West Indies tour of Netherlands,ODI,A Phillip,0,West Indies,Netherlands,2022-05-31,,6
f2665768,1302350,0,0,0,0,0,0,0,0,0,0,0,34,1,0,0,0,23,male,West Indies tour of Netherlands,ODI,A Phillip,0,West Indies,Netherlands,2022-06-02,,6
f2665768,1315039,1,1,3,0,0,0,0,0,0,2,0,51,2,1,0,0,24,male,West Indies tour of Pakistan,ODI,A Phillip,0,West Indies,Pakistan,2022-06-10,,6
f2665768,1317148,9,1,21,2,0,0,0,0,0,18,0,53,2,1,1,2,60,male,Bangladesh tour of West Indies,Test,A Phillip,caught,West Indies,Bangladesh,2022-06-24,2022-06-25,6
f2665768,1317152,21,0,22,0,1,1,1,0,0,9,0,15,0,0,0,0,6,male,Bangladesh tour of West Indies,ODI,A Phillip,0,West Indies,Bangladesh,2022-07-10,,6
f2665768,1323145,6,0,2,0,1,0,0,0,0,1,0,22,1,0,0,0,7,male,Caribbean Premier League,T20,A Phillip,0,Trinbago Knight Riders,St Lucia Kings,2022-09-01,,6
f2665768,1323151,1,0,3,0,0,0,0,0,0,2,0,22,0,0,0,0,4,male,Caribbean Premier League,T20,A Phillip,0,Trinbago Knight Riders,Barbados Royals,2022-09-07,,6
f2665768,1323164,0,0,0,0,0,0,0,0,0,0,0,18,0,0,0,0,9,male,Caribbean Premier League,T20,A Phillip,0,Trinbago Knight Riders,Jamaica Tallawahs,2022-09-17,,6
f2665768,1323169,0,0,0,0,0,0,0,0,0,0,0,16,0,0,0,0,5,male,Caribbean Premier League,T20,A Phillip,0,Trinbago Knight Riders,St Kitts and Nevis Patriots,2022-09-22,,6
f2665768,1317485,44,1,82,5,1,0,0,0,0,64,0,160,1,0,0,2,119,male,West Indies tour of Australia,Test,A Phillip,run out,West Indies,Australia,2022-12-08,2022-12-09,6
f2665768,1410248,43,2,73,5,0,1,0,0,0,52,0,102,2,1,1,0,82,male,County Championship,MDM,A Phillip,lbw,Lancashire,Durham,2024-09-09,2024-09-10,6
f2665768,1410255,4,1,17,0,0,0,0,0,0,14,0,117,4,1,2,3,114,male,County Championship,MDM,A Phillip,0,Lancashire,Somerset,2024-09-17,2024-09-18,6
f2665768,1410262,30,1,48,4,0,0,0,0,0,33,0,152,9,1,0,2,133,male,County Championship,MDM,A Phillip,caught,Lancashire,Worcestershire,2024-09-26,2024-09-27,6
