player_id,match_id,runs_scored,player_out,balls_faced,fours_scored,sixes_scored,catches_taken,run_out_direct,run_out_throw,stumpings_done,dot_balls_as_batsman,order_seenballs_bowled,runs_conceded,wickets_taken,bowled_done,lbw_done,maidens,dot_balls_as_bowler,gender,series_name,match_type,name,out_kind,player_team,opposition_team,start_date,end_date,balls_per_over
875909c0,534207,28,1,110,4,0,0,0,0,0,97,0,0,0,0,0,0,0,male,The Wisden Trophy,Test,AB Fudadin,0,West Indies,England,2012-06-07,2012-06-08,6
875909c0,560929,62,1,186,8,0,2,0,0,0,152,0,11,0,0,0,1,24,male,New Zealand in West Indies Test Series,Test,AB Fudadin,caught,West Indies,New Zealand,2012-07-25,2012-07-26,6
875909c0,560930,32,2,84,3,0,2,0,0,0,65,0,0,0,0,0,0,0,male,New Zealand in West Indies Test Series,Test,AB Fudadin,lbw,West Indies,New Zealand,2012-08-02,2012-08-03,6
875909c0,857703,12,1,14,0,0,0,0,0,0,4,0,0,0,0,0,0,0,male,Caribbean Premier League,T20,AB Fudadin,0,Guyana Amazon Warriors,Barbados Tridents,2015-06-20,,6
875909c0,857735,43,0,43,1,2,0,0,0,0,18,0,0,0,0,0,0,0,male,Caribbean Premier League,T20,AB Fudadin,0,Guyana Amazon Warriors,St Kitts and Nevis Patriots,2015-07-08,,6
875909c0,857745,54,1,44,4,2,1,0,0,0,16,0,0,0,0,0,0,0,male,Caribbean Premier League,T20,AB Fudadin,caught,Guyana Amazon Warriors,Jamaica Tallawahs,2015-07-12,,6
875909c0,857753,5,1,5,1,0,0,0,0,0,3,0,0,0,0,0,0,0,male,Caribbean Premier League,T20,AB Fudadin,0,Guyana Amazon Warriors,St Lucia Zouks,2015-07-17,,6
875909c0,857757,0,0,0,0,0,1,0,0,0,0,0,0,0,0,0,0,0,male,Caribbean Premier League,T20,AB Fudadin,0,Guyana Amazon Warriors,Barbados Tridents,2015-07-18,,6
875909c0,857761,9,1,19,1,0,0,0,0,0,13,0,0,0,0,0,0,0,male,Caribbean Premier League,T20,AB Fudadin,caught,Guyana Amazon Warriors,Trinidad & Tobago Red Steel,2015-07-21,,6
875909c0,1094688,13,1,9,1,1,0,0,0,0,4,0,0,0,0,0,0,0,male,Caribbean Premier League,T20,AB Fudadin,0,Guyana Amazon Warriors,Trinbago Knight Riders,2017-08-19,,6
875909c0,1094690,7,0,6,1,0,0,0,0,0,2,0,0,0,0,0,0,0,male,Caribbean Premier League,T20,AB Fudadin,0,Guyana Amazon Warriors,Barbados Tridents,2017-08-20,,6
875909c0,1094692,0,0,0,0,0,0,0,0,0,0,0,0,0,0,0,0,0,male,Caribbean Premier League,T20,AB Fudadin,0,Guyana Amazon Warriors,St Lucia Stars,2017-08-22,,6
875909c0,1094696,27,1,28,1,1,0,0,0,0,12,0,0,0,0,0,0,0,male,Caribbean Premier League,T20,AB Fudadin,caught,Guyana Amazon Warriors,Barbados Tridents,2017-08-29,,6
875909c0,1094699,0,0,0,0,0,1,0,0,0,0,0,0,0,0,0,0,0,male,Caribbean Premier League,T20,AB Fudadin,0,Guyana Amazon Warriors,Jamaica Tallawahs,2017-09-01,,6
875909c0,1094703,29,0,24,2,2,0,0,0,0,11,0,0,0,0,0,0,0,male,Caribbean Premier League,T20,AB Fudadin,0,Guyana Amazon Warriors,Jamaica Tallawahs,2017-09-06,,6
875909c0,1094704,0,1,1,0,0,0,0,0,0,1,0,0,0,0,0,0,0,male,Caribbean Premier League,T20,AB Fudadin,0,Guyana Amazon Warriors,Trinbago Knight Riders,2017-09-07,,6
