player_id,match_id,runs_scored,player_out,balls_faced,fours_scored,sixes_scored,catches_taken,run_out_direct,run_out_throw,stumpings_done,dot_balls_as_batsman,order_seenballs_bowled,runs_conceded,wickets_taken,bowled_done,lbw_done,maidens,dot_balls_as_bowler,gender,series_name,match_type,name,out_kind,player_team,opposition_team,start_date,end_date,balls_per_over
bbd41817,464987,2,1,9,0,0,1,0,0,0,7,0,104,1,0,0,2,107,male,West Indies in Sri Lanka Test Series,Test,AD Russell,0,West Indies,Sri Lanka,2010-11-15,2010-11-16,6
bbd41817,433584,3,1,7,0,0,0,0,0,0,4,0,39,1,1,0,1,42,male,ICC Cricket World Cup,ODI,AD Russell,0,West Indies,Ireland,2011-03-11,,6
bbd41817,433593,49,1,46,2,3,1,0,0,0,25,0,49,4,3,0,0,29,male,ICC Cricket World Cup,ODI,AD Russell,lbw,West Indies,England,2011-03-17,,6
bbd41817,433599,0,1,5,0,0,1,0,0,0,5,0,51,2,1,0,2,25,male,ICC Cricket World Cup,ODI,AD Russell,caught,West Indies,India,2011-03-20,,6
bbd41817,489212,0,1,3,0,0,0,0,0,0,3,0,29,0,0,0,0,13,male,,T20,AD Russell,0,West Indies,Pakistan,2011-04-21,,6
bbd41817,489213,0,0,0,0,0,0,0,0,0,0,0,36,0,0,0,1,21,male,Pakistan in West Indies ODI Series,ODI,AD Russell,0,West Indies,Pakistan,2011-04-23,,6
bbd41817,489215,3,1,9,0,0,0,0,0,0,7,0,23,0,0,0,0,17,male,Pakistan in West Indies ODI Series,ODI,AD Russell,0,West Indies,Pakistan,2011-04-28,,6
bbd41817,489220,0,0,0,0,0,0,0,0,0,0,0,26,0,0,0,0,0,male,,T20,AD Russell,0,West Indies,India,2011-06-04,,6
bbd41817,489223,92,0,64,8,5,1,0,1,0,27,0,59,1,0,0,0,25,male,India in West Indies ODI Series,ODI,AD Russell,0,West Indies,India,2011-06-11,,6
bbd41817,489224,25,1,15,3,1,0,0,0,0,7,0,16,3,0,0,0,28,male,India in West Indies ODI Series,ODI,AD Russell,caught,West Indies,India,2011-06-13,,6
bbd41817,489225,0,0,0,0,0,0,0,0,0,0,0,36,4,2,0,0,37,male,India in West Indies ODI Series,ODI,AD Russell,0,West Indies,India,2011-06-16,,6
bbd41817,525816,6,0,6,1,0,0,0,0,0,3,0,21,0,0,0,0,6,male,West Indies in England T20I Series,T20,AD Russell,0,West Indies,England,2011-09-23,,6
bbd41817,525817,12,0,8,1,0,0,0,0,0,1,0,14,1,0,0,0,6,male,West Indies in England T20I Series,T20,AD Russell,0,West Indies,England,2011-09-25,,6
bbd41817,531982,5,1,12,0,0,0,0,0,0,7,0,17,0,0,0,0,6,male,,T20,AD Russell,caught,West Indies,Bangladesh,2011-10-11,,6
bbd41817,531983,7,0,3,1,0,0,0,0,0,0,0,44,2,1,0,0,26,male,West Indies in Bangladesh ODI Series,ODI,AD Russell,0,West Indies,Bangladesh,2011-10-13,,6
bbd41817,531984,0,0,0,0,0,1,1,0,0,0,0,50,1,0,0,1,34,male,West Indies in Bangladesh ODI Series,ODI,AD Russell,0,West Indies,Bangladesh,2011-10-15,,6
bbd41817,531985,2,1,5,0,0,0,0,0,0,4,0,0,0,0,0,0,0,male,West Indies in Bangladesh ODI Series,ODI,AD Russell,0,West Indies,Bangladesh,2011-10-18,,6
bbd41817,536929,22,1,20,2,1,0,0,0,0,9,0,31,2,1,0,1,39,male,West Indies in India ODI Series,ODI,AD Russell,0,West Indies,India,2011-11-29,,6
bbd41817,536930,11,1,13,2,0,1,0,0,0,8,0,60,0,0,0,0,21,male,West Indies in India ODI Series,ODI,AD Russell,0,West Indies,India,2011-12-02,,6
bbd41817,536931,40,0,19,4,2,0,0,1,0,4,0,25,0,0,0,0,9,male,West Indies in India ODI Series,ODI,AD Russell,0,West Indies,India,2011-12-05,,6
bbd41817,536932,29,1,24,1,3,0,1,0,0,14,0,63,1,0,0,0,16,male,West Indies in India ODI Series,ODI,AD Russell,stumped,West Indies,India,2011-12-08,,6
bbd41817,536933,53,0,42,5,3,0,0,0,0,22,0,32,0,0,0,0,13,male,West Indies in India ODI Series,ODI,AD Russell,0,West Indies,India,2011-12-11,,6
bbd41817,551049,24,1,16,3,1,0,0,0,0,7,0,38,1,0,0,0,8,male,Bangladesh Premier League,T20,AD Russell,0,Khulna Royal Bengals,Chittagong Kings,2012-02-12,,6
bbd41817,551059,35,0,15,3,2,0,0,0,0,2,0,36,2,0,0,0,11,male,Bangladesh Premier League,T20,AD Russell,0,Khulna Royal Bengals,Sylhet Royals,2012-02-18,,6
bbd41817,551061,0,0,0,0,0,0,0,0,0,0,0,21,1,0,0,0,6,male,Bangladesh Premier League,T20,AD Russell,0,Khulna Royal Bengals,Dhaka Gladiators,2012-02-19,,6
bbd41817,551066,5,1,6,1,0,1,0,0,0,4,0,24,1,0,0,0,6,male,Bangladesh Premier League,T20,AD Russell,0,Khulna Royal Bengals,Barisal Burners,2012-02-22,,6
bbd41817,540168,1,1,4,0,0,0,0,0,0,3,0,21,0,0,0,0,15,male,Australia in West Indies ODI Series,ODI,AD Russell,0,West Indies,Australia,2012-03-16,,6
bbd41817,540169,0,0,0,0,0,0,0,0,0,0,0,15,0,0,0,0,26,male,Australia in West Indies ODI Series,ODI,AD Russell,0,West Indies,Australia,2012-03-18,,6
bbd41817,540170,37,1,42,3,1,0,1,0,0,24,0,28,0,0,0,0,13,male,Australia in West Indies ODI Series,ODI,AD Russell,0,West Indies,Australia,2012-03-20,,6
bbd41817,540171,34,1,33,4,0,1,0,0,0,12,0,34,2,0,0,0,28,male,Australia in West Indies ODI Series,ODI,AD Russell,caught,West Indies,Australia,2012-03-23,,6
bbd41817,540172,41,1,33,6,0,1,0,0,0,11,0,62,4,0,0,0,22,male,Australia in West Indies ODI Series,ODI,AD Russell,lbw,West Indies,Australia,2012-03-25,,6
bbd41817,548329,0,0,0,0,0,0,0,0,0,0,0,39,0,0,0,0,8,male,Indian Premier League,T20,AD Russell,0,Delhi Daredevils,Deccan Chargers,2012-05-10,,6
bbd41817,548372,31,1,16,1,3,0,0,0,0,4,0,41,0,0,0,0,8,male,Indian Premier League,T20,AD Russell,caught,Delhi Daredevils,Royal Challengers Bangalore,2012-05-17,,6
bbd41817,548374,0,0,0,0,0,0,0,0,0,0,0,51,1,0,0,0,6,male,Indian Premier League,T20,AD Russell,0,Delhi Daredevils,Kings XI Punjab,2012-05-19,,6
bbd41817,548380,16,1,11,2,0,0,0,0,0,3,0,31,0,0,0,0,9,male,Indian Premier League,T20,AD Russell,0,Delhi Daredevils,Chennai Super Kings,2012-05-25,,6
bbd41817,534209,7,1,13,1,0,0,0,0,0,9,0,43,0,0,0,0,19,male,NatWest Series,ODI,AD Russell,caught,West Indies,England,2012-06-16,,6
bbd41817,560923,0,0,0,0,0,0,0,0,0,0,0,45,4,1,0,0,42,male,New Zealand in West Indies ODI Series,ODI,AD Russell,0,West Indies,New Zealand,2012-07-05,,6
bbd41817,560924,0,0,0,0,0,0,0,1,0,0,0,51,1,0,0,0,28,male,New Zealand in West Indies ODI Series,ODI,AD Russell,0,West Indies,New Zealand,2012-07-07,,6
bbd41817,560925,42,1,24,3,4,0,0,0,0,11,0,57,4,0,1,0,30,male,New Zealand in West Indies ODI Series,ODI,AD Russell,run out,West Indies,New Zealand,2012-07-11,,6
bbd41817,560926,29,1,17,2,2,0,0,0,0,4,0,53,1,0,0,0,19,male,New Zealand in West Indies ODI Series,ODI,AD Russell,caught,West Indies,New Zealand,2012-07-14,,6
bbd41817,560927,59,0,42,6,3,0,0,0,0,16,0,26,0,0,0,1,16,male,New Zealand in West Indies ODI Series,ODI,AD Russell,0,West Indies,New Zealand,2012-07-16,,6
bbd41817,533282,0,0,0,0,0,0,0,0,0,0,0,19,0,0,0,0,4,male,ICC World Twenty20,T20,AD Russell,0,West Indies,Ireland,2012-09-24,,6
bbd41817,533285,10,0,5,2,0,0,0,0,0,2,0,0,0,0,0,0,0,male,ICC World Twenty20,T20,AD Russell,0,West Indies,England,2012-09-27,,6
bbd41817,533289,19,0,14,0,1,0,0,0,0,2,0,11,0,0,0,0,1,male,ICC World Twenty20,T20,AD Russell,0,West Indies,Sri Lanka,2012-09-29,,6
bbd41817,533292,6,1,6,0,1,0,0,0,0,5,0,0,0,0,0,0,0,male,ICC World Twenty20,T20,AD Russell,0,West Indies,New Zealand,2012-10-01,,6
bbd41817,533297,0,0,0,0,0,1,0,0,0,0,0,25,0,0,0,0,0,male,ICC World Twenty20,T20,AD Russell,0,West Indies,Australia,2012-10-05,,6
bbd41817,533298,0,1,1,0,0,0,0,0,0,1,0,0,0,0,0,0,0,male,ICC World Twenty20,T20,AD Russell,0,West Indies,Sri Lanka,2012-10-07,,6
bbd41817,587471,0,1,3,0,0,0,0,0,0,3,0,28,1,0,0,0,33,male,West Indies in Bangladesh ODI Series,ODI,AD Russell,0,West Indies,Bangladesh,2012-11-30,,6
bbd41817,587472,9,0,15,1,0,0,0,0,0,9,0,58,1,0,0,0,23,male,West Indies in Bangladesh ODI Series,ODI,AD Russell,0,West Indies,Bangladesh,2012-12-02,,6
bbd41817,587475,0,1,4,0,0,0,0,0,0,4,0,52,0,0,0,0,39,male,West Indies in Bangladesh ODI Series,ODI,AD Russell,lbw,West Indies,Bangladesh,2012-12-08,,6
bbd41817,587476,0,0,0,0,0,0,0,0,0,0,0,17,0,0,0,0,1,male,,T20,AD Russell,0,West Indies,Bangladesh,2012-12-10,,6
bbd41817,573024,43,1,32,6,1,0,0,0,0,17,0,41,0,0,0,0,13,male,West Indies in Australia ODI Series,ODI,AD Russell,caught,West Indies,Australia,2013-02-06,,6
bbd41817,573025,18,1,17,1,1,0,0,0,0,8,0,42,1,0,0,0,20,male,West Indies in Australia ODI Series,ODI,AD Russell,0,West Indies,Australia,2013-02-08,,6
bbd41817,573027,23,0,11,3,0,1,0,0,0,1,0,9,0,0,0,0,2,male,,T20,AD Russell,0,West Indies,Australia,2013-02-13,,6
bbd41817,593983,4,1,9,0,0,0,0,0,0,5,0,24,2,1,0,0,28,male,Zimbabwe in West Indies ODI Series,ODI,AD Russell,0,West Indies,Zimbabwe,2013-02-22,,6
bbd41817,593986,0,0,0,0,0,2,0,0,0,0,0,6,0,0,0,0,0,male,Zimbabwe in West Indies T20I Series,T20,AD Russell,0,West Indies,Zimbabwe,2013-03-02,,6
bbd41817,593987,0,1,1,0,0,0,0,0,0,1,0,21,0,0,0,0,5,male,Zimbabwe in West Indies T20I Series,T20,AD Russell,caught,West Indies,Zimbabwe,2013-03-03,,6
bbd41817,597998,4,1,8,0,0,0,0,0,0,5,0,24,0,0,0,0,6,male,Indian Premier League,T20,AD Russell,0,Delhi Daredevils,Kolkata Knight Riders,2013-04-03,,6
bbd41817,598001,7,1,7,0,0,0,0,0,0,2,0,31,0,0,0,0,5,male,Indian Premier League,T20,AD Russell,0,Delhi Daredevils,Rajasthan Royals,2013-04-06,,6
bbd41817,598024,0,0,0,0,0,1,0,0,0,0,0,13,0,0,0,0,1,male,Indian Premier League,T20,AD Russell,0,Delhi Daredevils,Mumbai Indians,2013-04-21,,6
bbd41817,635218,3,1,4,0,0,0,0,0,0,2,0,4,0,0,0,0,2,male,Caribbean Premier League,T20,AD Russell,caught,Jamaica Tallawahs,Guyana Amazon Warriors,2013-08-02,,6
bbd41817,635220,42,0,24,4,3,0,0,0,0,9,0,30,0,0,0,0,8,male,Caribbean Premier League,T20,AD Russell,0,Jamaica Tallawahs,Antigua Hawksbills,2013-08-04,,6
bbd41817,635223,2,0,3,0,0,0,0,0,0,1,0,28,2,0,0,0,11,male,Caribbean Premier League,T20,AD Russell,0,Jamaica Tallawahs,Trinidad & Tobago Red Steel,2013-08-07,,6
bbd41817,635226,47,0,21,3,4,0,0,0,0,5,0,15,1,0,0,0,7,male,Caribbean Premier League,T20,AD Russell,0,Jamaica Tallawahs,St Lucia Zouks,2013-08-10,,6
bbd41817,635230,14,1,11,0,1,2,0,0,0,4,0,17,0,0,0,0,2,male,Caribbean Premier League,T20,AD Russell,caught,Jamaica Tallawahs,Guyana Amazon Warriors,2013-08-15,,6
bbd41817,635232,27,0,17,2,2,0,0,0,0,7,0,17,0,0,0,0,7,male,Caribbean Premier League,T20,AD Russell,0,Jamaica Tallawahs,Barbados Tridents,2013-08-17,,6
bbd41817,635235,6,1,6,0,1,0,0,0,0,5,0,33,1,0,0,0,12,male,Caribbean Premier League,T20,AD Russell,0,Jamaica Tallawahs,Trinidad & Tobago Red Steel,2013-08-18,,6
bbd41817,635237,29,0,6,1,4,0,0,0,0,0,0,32,0,0,0,0,4,male,Caribbean Premier League,T20,AD Russell,0,Jamaica Tallawahs,Barbados Tridents,2013-08-23,,6
bbd41817,635238,33,0,21,5,1,0,0,0,0,8,0,12,0,0,0,0,2,male,Caribbean Premier League,T20,AD Russell,0,Jamaica Tallawahs,Guyana Amazon Warriors,2013-08-24,,6
bbd41817,661693,6,0,3,1,0,0,0,0,0,0,0,31,2,0,0,0,14,male,West Indies in New Zealand ODI Series,ODI,AD Russell,0,West Indies,New Zealand,2014-01-08,,6
bbd41817,661695,0,1,2,0,0,0,0,0,0,2,0,23,0,0,0,0,1,male,West Indies in New Zealand T20I Series,T20,AD Russell,caught,West Indies,New Zealand,2014-01-11,,6
bbd41817,661697,10,0,8,1,0,0,0,0,0,2,0,16,2,0,0,0,9,male,West Indies in New Zealand T20I Series,T20,AD Russell,0,West Indies,New Zealand,2014-01-15,,6
bbd41817,702141,15,1,16,1,1,1,0,0,0,9,0,7,0,0,0,0,2,male,Ireland in West Indies T20I Series,T20,AD Russell,bowled,West Indies,Ireland,2014-02-19,,6
bbd41817,702143,8,1,11,0,0,0,0,0,0,4,0,0,0,0,0,0,0,male,Ireland in West Indies T20I Series,T20,AD Russell,bowled,West Indies,Ireland,2014-02-21,,6
bbd41817,636536,24,0,15,2,1,0,1,0,0,2,0,22,0,0,0,0,3,male,England in West Indies T20I Series,T20,AD Russell,0,West Indies,England,2014-03-09,,6
bbd41817,636537,2,1,4,0,0,0,0,0,0,2,0,13,0,0,0,0,2,male,England in West Indies T20I Series,T20,AD Russell,caught,West Indies,England,2014-03-11,,6
bbd41817,636538,0,1,2,0,0,0,0,0,0,2,0,11,0,0,0,0,1,male,England in West Indies T20I Series,T20,AD Russell,caught,West Indies,England,2014-03-13,,6
bbd41817,682929,7,1,5,0,1,0,0,0,0,3,0,12,1,1,0,0,8,male,World T20,T20,AD Russell,0,West Indies,India,2014-03-23,,6
bbd41817,682935,0,1,1,0,0,0,0,0,0,1,0,10,2,2,0,1,7,male,World T20,T20,AD Russell,0,West Indies,Bangladesh,2014-03-25,,6
bbd41817,682941,0,0,0,0,0,1,0,0,0,0,0,15,0,0,0,0,1,male,World T20,T20,AD Russell,0,West Indies,Australia,2014-03-28,,6
bbd41817,682959,0,0,0,0,0,0,0,0,0,0,0,15,2,1,0,0,7,male,World T20,T20,AD Russell,0,West Indies,Pakistan,2014-04-01,,6
bbd41817,682961,0,0,0,0,0,0,0,0,0,0,0,37,1,0,0,0,5,male,World T20,T20,AD Russell,0,West Indies,Sri Lanka,2014-04-03,,6
bbd41817,733971,1,1,5,0,0,0,0,0,0,4,0,27,1,0,0,0,4,male,Indian Premier League,T20,AD Russell,0,Kolkata Knight Riders,Chennai Super Kings,2014-05-02,,6
bbd41817,733979,1,1,3,0,0,0,0,0,0,2,0,27,0,0,0,0,4,male,Indian Premier League,T20,AD Russell,0,Kolkata Knight Riders,Rajasthan Royals,2014-05-05,,6
bbd41817,730283,1,1,6,0,0,0,0,0,0,5,0,21,0,0,0,0,5,male,New Zealand in West Indies T20I Series,T20,AD Russell,0,West Indies,New Zealand,2014-07-05,,6
bbd41817,730285,14,0,9,2,0,1,0,0,0,2,0,17,1,0,0,0,3,male,New Zealand in West Indies T20I Series,T20,AD Russell,0,West Indies,New Zealand,2014-07-06,,6
bbd41817,743143,0,0,0,0,0,0,0,0,0,0,0,16,2,1,1,0,6,male,Caribbean Premier League,T20,AD Russell,0,Jamaica Tallawahs,Antigua Hawksbills,2014-07-17,,6
bbd41817,743153,15,1,12,1,1,1,0,0,0,5,0,17,0,0,0,0,1,male,Caribbean Premier League,T20,AD Russell,bowled,Jamaica Tallawahs,Guyana Amazon Warriors,2014-07-20,,6
bbd41817,743161,40,0,17,1,5,1,0,0,0,6,0,23,2,1,0,0,12,male,Caribbean Premier League,T20,AD Russell,0,Jamaica Tallawahs,Trinidad & Tobago Red Steel,2014-07-26,,6
bbd41817,743167,1,1,4,0,0,2,0,0,0,3,0,0,0,0,0,0,0,male,Caribbean Premier League,T20,AD Russell,caught,Jamaica Tallawahs,Antigua Hawksbills,2014-07-31,,6
bbd41817,743171,58,0,26,3,6,3,0,0,0,8,0,10,1,0,0,0,2,male,Caribbean Premier League,T20,AD Russell,0,Jamaica Tallawahs,Guyana Amazon Warriors,2014-08-02,,6
bbd41817,743175,1,1,2,0,0,0,0,0,0,1,0,32,1,0,0,0,11,male,Caribbean Premier League,T20,AD Russell,0,Jamaica Tallawahs,Barbados Tridents,2014-08-03,,6
bbd41817,743183,18,1,8,4,0,0,0,0,0,2,0,25,1,0,1,0,3,male,Caribbean Premier League,T20,AD Russell,0,Jamaica Tallawahs,St Lucia Zouks,2014-08-09,,6
bbd41817,743189,4,1,4,1,0,2,0,0,0,3,0,49,1,1,0,0,5,male,Caribbean Premier League,T20,AD Russell,0,Jamaica Tallawahs,Barbados Tridents,2014-08-10,,6
bbd41817,743191,62,1,29,5,4,0,0,0,0,6,0,37,1,0,0,0,15,male,Caribbean Premier League,T20,AD Russell,0,Jamaica Tallawahs,Trinidad & Tobago Red Steel,2014-08-13,,6
bbd41817,743193,20,0,13,2,0,0,0,0,0,3,0,16,0,0,0,0,3,male,Caribbean Premier League,T20,AD Russell,0,Jamaica Tallawahs,Guyana Amazon Warriors,2014-08-14,,6
bbd41817,730293,0,0,0,0,0,0,0,0,0,0,0,0,0,0,0,0,0,male,,T20,AD Russell,0,West Indies,Bangladesh,2014-08-27,,6
bbd41817,770121,1,1,2,0,0,0,0,0,0,1,0,21,1,0,0,0,15,male,West Indies in India ODI Series,ODI,AD Russell,0,West Indies,India,2014-10-08,,6
bbd41817,770123,4,1,6,0,0,0,0,0,0,3,0,14,0,0,0,0,12,male,West Indies in India ODI Series,ODI,AD Russell,0,West Indies,India,2014-10-11,,6
bbd41817,770127,46,1,23,6,3,1,0,0,0,11,0,48,1,0,0,0,22,male,West Indies in India ODI Series,ODI,AD Russell,0,West Indies,India,2014-10-17,,6
bbd41817,736255,10,1,6,0,1,1,0,0,0,1,0,21,1,0,0,0,11,male,Ram Slam T20 Challenge,T20,AD Russell,caught,Knights,Warriors,2014-11-02,,6
bbd41817,736267,48,1,22,8,2,0,0,0,0,8,0,20,1,1,0,0,13,male,Ram Slam T20 Challenge,T20,AD Russell,lbw,Knights,Titans,2014-11-07,,6
bbd41817,736277,7,0,4,0,1,0,1,0,0,2,0,26,0,0,0,0,11,male,Ram Slam T20 Challenge,T20,AD Russell,0,Knights,Titans,2014-11-14,,6
bbd41817,736285,0,0,0,0,0,2,0,0,0,0,0,18,4,1,0,1,20,male,Ram Slam T20 Challenge,T20,AD Russell,0,Knights,Dolphins,2014-11-16,,6
bbd41817,736287,57,0,31,4,4,0,0,0,0,10,0,20,1,1,0,0,9,male,Ram Slam T20 Challenge,T20,AD Russell,0,Knights,Warriors,2014-11-21,,6
bbd41817,736301,50,0,19,0,6,2,0,0,0,3,0,17,3,0,1,0,14,male,Ram Slam T20 Challenge,T20,AD Russell,0,Knights,Dolphins,2014-11-28,,6
bbd41817,736309,0,0,0,0,0,0,0,0,0,0,0,33,0,0,0,0,5,male,Ram Slam T20 Challenge,T20,AD Russell,0,Knights,Cape Cobras,2014-11-30,,6
bbd41817,736313,5,1,3,1,0,0,0,0,0,1,0,12,0,0,0,0,2,male,Ram Slam T20 Challenge,T20,AD Russell,stumped,Knights,Lions,2014-12-03,,6
bbd41817,736315,0,0,0,0,0,0,0,0,0,0,0,44,1,0,0,0,8,male,Ram Slam T20 Challenge,T20,AD Russell,0,Knights,Lions,2014-12-07,,6
bbd41817,736317,5,1,6,1,0,0,0,0,0,4,0,41,0,0,0,0,8,male,Ram Slam T20 Challenge,T20,AD Russell,0,Knights,Cape Cobras,2014-12-12,,6
bbd41817,756737,18,0,14,1,1,0,0,0,0,6,0,22,1,0,0,0,7,male,Big Bash League,T20,AD Russell,0,Melbourne Renegades,Sydney Sixers,2014-12-19,,6
bbd41817,756747,43,1,23,2,4,0,0,0,0,8,0,26,0,0,0,0,4,male,Big Bash League,T20,AD Russell,bowled,Melbourne Renegades,Perth Scorchers,2014-12-26,,6
bbd41817,756755,16,0,7,1,1,0,0,0,0,1,0,20,2,0,0,0,13,male,Big Bash League,T20,AD Russell,0,Melbourne Renegades,Sydney Thunder,2014-12-30,,6
bbd41817,756763,9,1,5,2,0,1,0,0,0,2,0,28,1,0,0,0,3,male,Big Bash League,T20,AD Russell,caught,Melbourne Renegades,Melbourne Stars,2015-01-03,,6
bbd41817,722335,6,1,6,1,0,0,0,0,0,3,0,43,1,0,0,0,7,male,West Indies in South Africa T20I Series,T20,AD Russell,0,West Indies,South Africa,2015-01-09,,6
bbd41817,722337,14,1,6,1,1,0,1,0,0,1,0,39,0,0,0,0,14,male,West Indies in South Africa T20I Series,T20,AD Russell,caught,West Indies,South Africa,2015-01-11,,6
bbd41817,736063,12,1,6,1,1,0,0,0,0,2,0,24,0,0,0,0,4,male,West Indies in South Africa T20I Series,T20,AD Russell,caught,West Indies,South Africa,2015-01-14,,6
bbd41817,722339,19,1,8,1,2,1,1,1,0,2,0,56,2,0,0,0,29,male,West Indies in South Africa ODI Series,ODI,AD Russell,caught,West Indies,South Africa,2015-01-16,,6
bbd41817,722341,0,1,1,0,0,0,0,0,0,1,0,79,1,0,0,0,23,male,West Indies in South Africa ODI Series,ODI,AD Russell,caught,West Indies,South Africa,2015-01-18,,6
bbd41817,722343,16,1,25,2,0,0,0,0,0,16,0,15,0,0,0,0,24,male,West Indies in South Africa ODI Series,ODI,AD Russell,bowled,West Indies,South Africa,2015-01-21,,6
bbd41817,722345,64,0,42,5,5,0,0,0,0,20,0,62,1,0,0,1,31,male,West Indies in South Africa ODI Series,ODI,AD Russell,0,West Indies,South Africa,2015-01-25,,6
bbd41817,722347,24,1,12,4,1,0,0,0,0,5,0,87,3,1,0,0,28,male,West Indies in South Africa ODI Series,ODI,AD Russell,caught,West Indies,South Africa,2015-01-28,,6
bbd41817,656407,27,0,13,3,1,0,0,0,0,1,0,33,0,0,0,0,18,male,ICC Cricket World Cup,ODI,AD Russell,0,West Indies,Ireland,2015-02-16,,6
bbd41817,656417,42,1,13,3,4,1,0,0,0,2,0,34,3,0,0,2,34,male,ICC Cricket World Cup,ODI,AD Russell,run out,West Indies,Pakistan,2015-02-21,,6
bbd41817,656427,0,0,0,0,0,0,0,0,0,0,0,44,0,0,0,0,13,male,ICC Cricket World Cup,ODI,AD Russell,0,West Indies,Zimbabwe,2015-02-24,,6
bbd41817,656435,0,1,3,0,0,1,0,0,0,3,0,75,2,0,0,0,20,male,ICC Cricket World Cup,ODI,AD Russell,caught,West Indies,South Africa,2015-02-27,,6
bbd41817,656453,8,1,9,0,1,0,0,0,0,6,0,44,2,0,0,0,33,male,ICC Cricket World Cup,ODI,AD Russell,caught,West Indies,India,2015-03-06,,6
bbd41817,656479,7,1,8,0,1,0,0,0,0,6,0,21,2,2,0,3,40,male,ICC Cricket World Cup,ODI,AD Russell,0,West Indies,United Arab Emirates,2015-03-15,,6
bbd41817,656489,20,1,11,1,2,0,0,0,0,4,0,96,2,0,0,0,26,male,ICC Cricket World Cup,ODI,AD Russell,0,West Indies,New Zealand,2015-03-21,,6
bbd41817,829705,0,0,0,0,0,0,0,0,0,0,0,21,0,0,0,0,7,male,Indian Premier League,T20,AD Russell,0,Kolkata Knight Riders,Mumbai Indians,2015-04-08,,6
bbd41817,829713,41,0,17,6,2,0,0,0,0,5,0,16,0,0,0,0,5,male,Indian Premier League,T20,AD Russell,0,Kolkata Knight Riders,Royal Challengers Bangalore,2015-04-11,,6
bbd41817,829733,66,1,36,9,2,2,0,0,0,12,0,43,2,0,0,0,10,male,Indian Premier League,T20,AD Russell,bowled,Kolkata Knight Riders,Kings XI Punjab,2015-04-18,,6
bbd41817,829739,0,0,0,0,0,0,0,0,0,0,0,21,0,0,0,0,8,male,Indian Premier League,T20,AD Russell,0,Kolkata Knight Riders,Delhi Daredevils,2015-04-20,,6
bbd41817,829743,19,1,10,1,2,0,0,0,0,4,0,6,1,0,0,0,4,male,Indian Premier League,T20,AD Russell,0,Kolkata Knight Riders,Sunrisers Hyderabad,2015-04-22,,6
bbd41817,829765,4,0,4,0,0,0,0,0,0,0,0,27,2,0,0,0,16,male,Indian Premier League,T20,AD Russell,0,Kolkata Knight Riders,Chennai Super Kings,2015-04-28,,6
bbd41817,829723,55,0,33,4,4,0,0,0,0,10,0,22,2,1,0,0,11,male,Indian Premier League,T20,AD Russell,0,Kolkata Knight Riders,Chennai Super Kings,2015-04-30,,6
bbd41817,829771,45,0,17,5,3,1,0,0,0,3,0,22,1,0,0,0,2,male,Indian Premier League,T20,AD Russell,0,Kolkata Knight Riders,Royal Challengers Bangalore,2015-05-02,,6
bbd41817,829781,1,1,3,0,0,0,0,0,0,2,0,10,1,0,0,0,8,male,Indian Premier League,T20,AD Russell,caught,Kolkata Knight Riders,Sunrisers Hyderabad,2015-05-04,,6
bbd41817,829761,5,1,6,1,0,1,0,0,0,4,0,24,1,1,0,0,14,male,Indian Premier League,T20,AD Russell,0,Kolkata Knight Riders,Delhi Daredevils,2015-05-07,,6
bbd41817,829791,51,1,23,5,4,0,0,0,0,7,0,51,1,0,0,0,8,male,Indian Premier League,T20,AD Russell,caught,Kolkata Knight Riders,Kings XI Punjab,2015-05-09,,6
bbd41817,829805,2,1,4,0,0,1,0,0,0,2,0,37,0,0,0,0,8,male,Indian Premier League,T20,AD Russell,caught,Kolkata Knight Riders,Mumbai Indians,2015-05-14,,6
bbd41817,829811,37,1,22,4,2,0,0,0,0,8,0,32,3,0,0,0,8,male,Indian Premier League,T20,AD Russell,caught,Kolkata Knight Riders,Rajasthan Royals,2015-05-16,,6
bbd41817,857707,12,1,9,2,0,2,0,0,0,3,0,31,1,1,0,0,6,male,Caribbean Premier League,T20,AD Russell,caught,Jamaica Tallawahs,Barbados Tridents,2015-06-23,,6
bbd41817,857717,0,0,0,0,0,0,0,0,0,0,0,5,0,0,0,0,2,male,Caribbean Premier League,T20,AD Russell,0,Jamaica Tallawahs,St Lucia Zouks,2015-06-28,,6
bbd41817,857719,21,0,16,2,1,1,0,0,0,6,0,17,0,0,0,0,4,male,Caribbean Premier League,T20,AD Russell,0,Jamaica Tallawahs,St Kitts and Nevis Patriots,2015-06-30,,6
bbd41817,857727,18,1,15,2,1,0,0,0,0,8,0,42,1,0,0,0,9,male,Caribbean Premier League,T20,AD Russell,lbw,Jamaica Tallawahs,St Kitts and Nevis Patriots,2015-07-04,,6
bbd41817,857733,0,0,0,0,0,0,0,0,0,0,0,36,1,0,0,0,6,male,Caribbean Premier League,T20,AD Russell,0,Jamaica Tallawahs,St Lucia Zouks,2015-07-07,,6
bbd41817,857737,3,0,4,0,0,2,0,0,0,2,0,19,1,0,0,0,13,male,Caribbean Premier League,T20,AD Russell,0,Jamaica Tallawahs,Trinidad & Tobago Red Steel,2015-07-09,,6
bbd41817,857743,15,1,10,1,1,0,0,0,0,3,0,19,2,1,0,0,13,male,Caribbean Premier League,T20,AD Russell,caught,Jamaica Tallawahs,Barbados Tridents,2015-07-11,,6
bbd41817,857745,28,1,14,3,1,0,0,0,0,2,0,41,1,0,0,0,7,male,Caribbean Premier League,T20,AD Russell,bowled,Jamaica Tallawahs,Guyana Amazon Warriors,2015-07-12,,6
bbd41817,857759,36,1,22,2,3,0,0,0,0,8,0,36,1,0,0,0,6,male,Caribbean Premier League,T20,AD Russell,0,Jamaica Tallawahs,Trinidad & Tobago Red Steel,2015-07-19,,6
bbd41817,857763,6,1,5,1,0,1,0,0,0,2,0,30,1,0,0,0,14,male,Caribbean Premier League,T20,AD Russell,bowled,Jamaica Tallawahs,Trinidad & Tobago Red Steel,2015-07-23,,6
bbd41817,915777,41,1,24,3,3,0,0,0,0,9,0,18,0,0,0,0,1,male,West Indies in Sri Lanka ODI Series,ODI,AD Russell,0,West Indies,Sri Lanka,2015-11-01,,6
bbd41817,915783,16,1,8,0,2,0,0,0,0,3,0,0,0,0,0,0,0,male,West Indies in Sri Lanka T20I Series,T20,AD Russell,bowled,West Indies,Sri Lanka,2015-11-09,,6
bbd41817,915785,9,1,9,0,1,1,0,0,0,5,0,0,0,0,0,0,0,male,West Indies in Sri Lanka T20I Series,T20,AD Russell,caught,West Indies,Sri Lanka,2015-11-11,,6
bbd41817,851957,13,1,14,0,2,0,0,0,0,11,0,23,1,0,0,0,13,male,Ram Slam T20 Challenge,T20,AD Russell,0,Knights,Lions,2015-11-15,,6
bbd41817,851965,27,1,20,1,2,0,0,0,0,7,0,43,2,0,0,0,9,male,Ram Slam T20 Challenge,T20,AD Russell,bowled,Knights,Cape Cobras,2015-11-22,,6
bbd41817,851969,11,1,8,2,0,1,0,0,0,3,0,21,1,0,0,0,13,male,Ram Slam T20 Challenge,T20,AD Russell,0,Knights,Lions,2015-11-25,,6
bbd41817,851971,0,0,0,0,0,0,0,1,0,0,0,15,3,1,0,1,16,male,Ram Slam T20 Challenge,T20,AD Russell,0,Knights,Dolphins,2015-11-28,,6
bbd41817,851981,52,1,24,2,5,0,0,0,0,6,0,32,3,1,0,0,12,male,Ram Slam T20 Challenge,T20,AD Russell,caught,Knights,Warriors,2015-12-04,,6
bbd41817,851985,66,0,25,4,7,1,0,0,0,8,0,13,4,0,0,0,19,male,Ram Slam T20 Challenge,T20,AD Russell,0,Knights,Titans,2015-12-06,,6
bbd41817,935333,9,1,10,0,1,1,0,0,0,6,0,38,1,0,0,0,11,male,Bangladesh Premier League,T20,AD Russell,0,Comilla Victorians,Rangpur Riders,2015-12-08,,6
bbd41817,935339,1,0,1,0,0,0,0,1,0,0,0,13,2,1,0,0,11,male,Bangladesh Premier League,T20,AD Russell,0,Comilla Victorians,Sylhet Super Stars,2015-12-10,,6
bbd41817,935343,3,1,4,0,0,0,0,0,0,1,0,15,1,1,0,0,3,male,Bangladesh Premier League,T20,AD Russell,0,Comilla Victorians,Rangpur Riders,2015-12-12,,6
bbd41817,897715,17,1,7,0,2,0,0,0,0,2,0,28,2,0,0,0,11,male,Big Bash League,T20,AD Russell,caught,Sydney Thunder,Adelaide Strikers,2015-12-28,,6
bbd41817,897723,8,1,5,0,1,2,0,0,0,2,0,40,0,0,0,0,10,male,Big Bash League,T20,AD Russell,0,Sydney Thunder,Hobart Hurricanes,2016-01-01,,6
bbd41817,897729,20,0,9,2,1,0,0,0,0,1,0,28,2,0,0,0,12,male,Big Bash League,T20,AD Russell,0,Sydney Thunder,Brisbane Heat,2016-01-03,,6
bbd41817,897737,42,1,20,0,5,0,0,0,0,5,0,31,2,0,2,0,15,male,Big Bash League,T20,AD Russell,0,Sydney Thunder,Perth Scorchers,2016-01-07,,6
bbd41817,897747,16,1,9,1,1,0,0,0,0,2,0,43,2,0,0,0,8,male,Big Bash League,T20,AD Russell,hit wicket,Sydney Thunder,Melbourne Renegades,2016-01-11,,6
bbd41817,897753,46,1,21,3,4,0,0,0,0,7,0,31,1,0,0,0,4,male,Big Bash League,T20,AD Russell,caught,Sydney Thunder,Sydney Sixers,2016-01-16,,6
bbd41817,897759,0,0,0,0,0,1,0,0,0,0,0,31,1,1,0,0,12,male,Big Bash League,T20,AD Russell,0,Sydney Thunder,Adelaide Strikers,2016-01-21,,6
bbd41817,897763,10,1,8,0,1,1,0,0,0,3,0,34,1,0,0,0,17,male,Big Bash League,T20,AD Russell,caught,Sydney Thunder,Melbourne Stars,2016-01-24,,6
bbd41817,959175,35,0,21,4,2,0,0,0,0,10,0,31,0,0,0,0,3,male,Pakistan Super League,T20,AD Russell,0,Islamabad United,Quetta Gladiators,2016-02-04,,6
bbd41817,959179,12,1,13,0,1,0,0,0,0,8,0,32,3,1,0,0,16,male,Pakistan Super League,T20,AD Russell,caught,Islamabad United,Peshawar Zalmi,2016-02-05,,6
bbd41817,959185,2,1,6,0,0,0,0,0,0,5,0,24,1,0,0,0,11,male,Pakistan Super League,T20,AD Russell,caught and bowled,Islamabad United,Karachi Kings,2016-02-07,,6
bbd41817,959191,2,1,5,0,0,0,0,0,0,3,0,35,0,0,0,0,10,male,Pakistan Super League,T20,AD Russell,caught,Islamabad United,Lahore Qalandars,2016-02-10,,6
bbd41817,959195,10,1,13,1,0,0,0,0,0,6,0,19,3,1,0,0,12,male,Pakistan Super League,T20,AD Russell,0,Islamabad United,Quetta Gladiators,2016-02-11,,6
bbd41817,959199,2,1,2,0,0,0,0,0,0,1,0,20,0,0,0,0,6,male,Pakistan Super League,T20,AD Russell,caught,Islamabad United,Peshawar Zalmi,2016-02-12,,6
bbd41817,959205,14,1,11,2,1,0,0,0,0,8,0,26,1,1,0,0,7,male,Pakistan Super League,T20,AD Russell,hit wicket,Islamabad United,Karachi Kings,2016-02-14,,6
bbd41817,959217,0,0,0,0,0,2,0,0,0,0,0,24,2,0,0,0,13,male,Pakistan Super League,T20,AD Russell,0,Islamabad United,Karachi Kings,2016-02-20,,6
bbd41817,959219,0,0,0,0,0,1,0,0,0,0,0,37,3,2,0,0,9,male,Pakistan Super League,T20,AD Russell,0,Islamabad United,Peshawar Zalmi,2016-02-21,,6
bbd41817,959221,7,1,3,0,1,0,0,0,0,1,0,37,3,0,0,0,9,male,Pakistan Super League,T20,AD Russell,bowled,Islamabad United,Quetta Gladiators,2016-02-23,,6
bbd41817,951331,16,0,19,2,0,0,0,0,0,10,0,36,2,0,0,0,12,male,World T20,T20,AD Russell,0,West Indies,England,2016-03-16,,6
bbd41817,951345,20,0,10,3,1,1,0,0,0,4,0,36,1,1,0,0,11,male,World T20,T20,AD Russell,0,West Indies,Sri Lanka,2016-03-20,,6
bbd41817,951357,4,1,8,0,0,1,0,1,0,4,0,28,2,1,0,0,13,male,World T20,T20,AD Russell,0,West Indies,South Africa,2016-03-25,,6
bbd41817,951365,7,1,10,0,0,0,0,0,0,3,0,23,2,0,0,0,15,male,World T20,T20,AD Russell,run out,West Indies,Afghanistan,2016-03-27,,6
bbd41817,951371,43,0,20,3,4,0,0,0,0,6,0,47,1,0,0,0,8,male,World T20,T20,AD Russell,0,West Indies,India,2016-03-31,,6
bbd41817,951373,1,1,3,0,0,0,0,0,0,2,0,23,1,0,0,0,12,male,World T20,T20,AD Russell,0,West Indies,England,2016-04-03,,6
bbd41817,980903,0,0,0,0,0,0,0,0,0,0,0,24,3,0,1,0,10,male,Indian Premier League,T20,AD Russell,0,Kolkata Knight Riders,Delhi Daredevils,2016-04-10,,6
bbd41817,980909,36,1,18,1,4,0,0,0,0,7,0,52,1,0,0,0,8,male,Indian Premier League,T20,AD Russell,0,Kolkata Knight Riders,Mumbai Indians,2016-04-13,,6
bbd41817,980915,2,1,5,0,0,0,0,0,0,3,0,21,1,0,0,0,12,male,Indian Premier League,T20,AD Russell,bowled,Kolkata Knight Riders,Sunrisers Hyderabad,2016-04-16,,6
bbd41817,980925,0,0,0,0,0,0,0,1,0,0,0,18,0,0,0,0,0,male,Indian Premier League,T20,AD Russell,0,Kolkata Knight Riders,Kings XI Punjab,2016-04-19,,6
bbd41817,980939,17,1,12,0,2,0,0,0,0,5,0,16,0,0,0,0,3,male,Indian Premier League,T20,AD Russell,0,Kolkata Knight Riders,Rising Pune Supergiants,2016-04-24,,6
bbd41817,980947,22,1,16,3,0,0,0,0,0,6,0,28,0,0,0,0,5,male,Indian Premier League,T20,AD Russell,0,Kolkata Knight Riders,Mumbai Indians,2016-04-28,,6
bbd41817,980951,17,1,14,2,1,0,0,0,0,8,0,27,3,0,1,0,12,male,Indian Premier League,T20,AD Russell,caught and bowled,Kolkata Knight Riders,Delhi Daredevils,2016-04-30,,6
bbd41817,980959,39,1,27,1,4,1,0,0,0,13,0,24,1,0,0,0,12,male,Indian Premier League,T20,AD Russell,0,Kolkata Knight Riders,Royal Challengers Bangalore,2016-05-02,,6
bbd41817,980963,16,1,13,1,1,0,0,0,0,5,0,25,4,0,1,0,16,male,Indian Premier League,T20,AD Russell,0,Kolkata Knight Riders,Kings XI Punjab,2016-05-04,,6
bbd41817,980975,0,0,0,0,0,0,0,0,0,0,0,21,1,0,0,0,12,male,Indian Premier League,T20,AD Russell,0,Kolkata Knight Riders,Gujarat Lions,2016-05-08,,6
bbd41817,980989,0,0,0,0,0,0,0,0,0,0,0,12,1,1,0,0,7,male,Indian Premier League,T20,AD Russell,0,Kolkata Knight Riders,Rising Pune Supergiants,2016-05-14,,6
bbd41817,980995,39,0,20,2,3,0,0,0,0,4,0,33,0,0,0,0,5,male,Indian Premier League,T20,AD Russell,0,Kolkata Knight Riders,Royal Challengers Bangalore,2016-05-16,,6
bbd41817,947191,41,1,25,1,3,1,0,0,0,6,0,28,2,1,0,0,8,male,NatWest T20 Blast,T20,AD Russell,0,Nottinghamshire,Worcestershire,2016-06-18,,6
bbd41817,947207,15,1,8,0,2,0,0,0,0,3,0,34,2,1,0,0,8,male,NatWest T20 Blast,T20,AD Russell,caught,Nottinghamshire,Derbyshire,2016-06-24,,6
bbd41817,994671,34,1,20,2,3,0,0,0,0,7,0,0,0,0,0,0,0,male,Caribbean Premier League,T20,AD Russell,run out,Jamaica Tallawahs,St Kitts and Nevis Patriots,2016-07-02,,6
bbd41817,1025989,24,1,19,2,1,0,0,0,0,6,0,0,0,0,0,0,0,male,Caribbean Premier League,T20,AD Russell,caught,Jamaica Tallawahs,Trinbago Knight Riders,2016-07-04,,6
bbd41817,1019769,24,1,16,2,2,2,0,0,0,8,0,24,0,0,0,0,9,male,Caribbean Premier League,T20,AD Russell,0,Jamaica Tallawahs,Guyana Amazon Warriors,2016-07-15,,6
bbd41817,1019771,16,1,17,1,1,0,0,0,0,9,0,11,2,0,0,0,9,male,Caribbean Premier League,T20,AD Russell,0,Jamaica Tallawahs,St Kitts and Nevis Patriots,2016-07-16,,6
bbd41817,1019773,44,1,26,5,3,1,0,0,0,12,0,23,4,0,0,0,16,male,Caribbean Premier League,T20,AD Russell,caught,Jamaica Tallawahs,Trinbago Knight Riders,2016-07-18,,6
bbd41817,1019775,0,1,1,0,0,0,0,0,0,1,0,35,1,0,0,0,10,male,Caribbean Premier League,T20,AD Russell,caught,Jamaica Tallawahs,Barbados Tridents,2016-07-20,,6
bbd41817,994681,12,1,7,1,1,0,0,0,0,3,0,64,0,0,0,0,2,male,Caribbean Premier League,T20,AD Russell,caught,Jamaica Tallawahs,St Lucia Zouks,2016-07-30,,6
bbd41817,994687,21,1,13,4,0,0,0,0,0,4,0,0,0,0,0,0,0,male,Caribbean Premier League,T20,AD Russell,0,Jamaica Tallawahs,St Lucia Zouks,2016-07-31,,6
bbd41817,1025665,11,1,14,0,1,1,0,0,0,8,0,26,1,0,0,0,9,male,Caribbean Premier League,T20,AD Russell,bowled,Jamaica Tallawahs,Guyana Amazon Warriors,2016-08-03,,6
bbd41817,1025669,100,1,50,3,11,0,0,0,0,17,0,27,2,0,0,0,8,male,Caribbean Premier League,T20,AD Russell,0,Jamaica Tallawahs,Trinbago Knight Riders,2016-08-05,,6
bbd41817,1025671,0,0,0,0,0,0,0,0,0,0,0,5,1,0,0,0,8,male,Caribbean Premier League,T20,AD Russell,0,Jamaica Tallawahs,Guyana Amazon Warriors,2016-08-07,,6
bbd41817,947351,39,1,18,4,3,0,0,0,0,6,0,20,3,0,1,0,10,male,NatWest T20 Blast,T20,AD Russell,caught,Nottinghamshire,Northamptonshire,2016-08-20,,6
bbd41817,1041615,22,1,13,1,2,0,0,0,0,4,0,53,1,0,0,0,8,male,West Indies v India T20I Series,T20,AD Russell,lbw,West Indies,India,2016-08-27,,6
bbd41817,1041617,13,1,16,0,1,0,0,0,0,8,0,8,0,0,0,0,4,male,West Indies v India T20I Series,T20,AD Russell,caught,West Indies,India,2016-08-28,,6
bbd41817,1063053,0,0,0,0,0,0,0,0,0,0,0,10,0,0,0,0,6,male,Bangladesh Premier League,T20,AD Russell,0,Dhaka Dynamites,Barisal Bulls,2016-11-08,,6
bbd41817,1063081,8,1,7,0,0,1,0,0,0,2,0,34,0,0,0,0,10,male,Bangladesh Premier League,T20,AD Russell,0,Dhaka Dynamites,Rangpur Riders,2016-11-30,,6
bbd41817,1063084,31,0,19,1,3,2,0,0,0,7,0,23,1,0,0,0,15,male,Bangladesh Premier League,T20,AD Russell,0,Dhaka Dynamites,Chittagong Vikings,2016-12-02,,6
bbd41817,1063090,46,1,26,4,3,0,0,0,0,8,0,16,3,0,1,0,16,male,Bangladesh Premier League,T20,AD Russell,caught,Dhaka Dynamites,Khulna Titans,2016-12-06,,6
bbd41817,1063092,8,1,11,0,0,2,0,0,0,5,0,21,1,0,0,1,10,male,Bangladesh Premier League,T20,AD Russell,0,Dhaka Dynamites,Rajshahi Kings,2016-12-09,,6
bbd41817,1023581,9,1,7,2,0,0,0,0,0,4,0,27,1,0,0,0,10,male,Big Bash League,T20,AD Russell,0,Sydney Thunder,Sydney Sixers,2016-12-20,,6
bbd41817,1023585,2,1,9,0,0,1,1,0,0,7,0,43,2,0,0,0,10,male,Big Bash League,T20,AD Russell,bowled,Sydney Thunder,Melbourne Renegades,2016-12-22,,6
bbd41817,1023595,8,1,10,1,0,0,0,0,0,6,0,25,0,0,0,0,8,male,Big Bash League,T20,AD Russell,caught,Sydney Thunder,Brisbane Heat,2016-12-28,,6
bbd41817,1023605,6,1,9,1,0,0,0,0,0,6,0,39,0,0,0,0,8,male,Big Bash League,T20,AD Russell,caught,Sydney Thunder,Perth Scorchers,2017-01-01,,6
bbd41817,1023611,0,0,0,0,0,0,0,0,0,0,0,10,0,0,0,0,2,male,Big Bash League,T20,AD Russell,0,Sydney Thunder,Melbourne Stars,2017-01-04,,6
bbd41817,1128821,11,1,7,2,0,1,0,0,0,2,0,37,1,0,0,0,7,male,Pakistan Super League,T20,AD Russell,0,Islamabad United,Peshawar Zalmi,2018-02-24,,6
bbd41817,1128823,0,1,1,0,0,0,0,0,0,1,0,30,2,0,1,0,4,male,Pakistan Super League,T20,AD Russell,lbw,Islamabad United,Multan Sultans,2018-02-25,,6
bbd41817,1128829,26,0,18,1,2,0,0,0,0,6,0,22,1,0,0,0,12,male,Pakistan Super League,T20,AD Russell,0,Islamabad United,Lahore Qalandars,2018-03-02,,6
bbd41817,1128832,0,0,0,0,0,0,0,0,0,0,0,0,0,0,0,0,0,male,Pakistan Super League,T20,AD Russell,0,Islamabad United,Karachi Kings,2018-03-04,,6
bbd41817,1136563,15,1,13,2,1,1,0,0,0,9,0,10,0,0,0,0,2,male,Indian Premier League,T20,AD Russell,0,Kolkata Knight Riders,Royal Challengers Bangalore,2018-04-08,,6
bbd41817,1136565,88,0,36,1,11,0,0,0,0,7,0,35,0,0,0,0,7,male,Indian Premier League,T20,AD Russell,0,Kolkata Knight Riders,Chennai Super Kings,2018-04-10,,6
bbd41817,1136570,9,1,5,0,1,1,0,0,0,2,0,39,0,0,0,0,4,male,Indian Premier League,T20,AD Russell,0,Kolkata Knight Riders,Sunrisers Hyderabad,2018-04-14,,6
bbd41817,1136573,41,1,12,0,6,2,0,0,0,2,0,25,1,0,0,0,8,male,Indian Premier League,T20,AD Russell,0,Kolkata Knight Riders,Delhi Daredevils,2018-04-16,,6
bbd41817,1136575,0,0,0,0,0,1,0,0,0,0,0,0,0,0,0,0,0,male,Indian Premier League,T20,AD Russell,0,Kolkata Knight Riders,Rajasthan Royals,2018-04-18,,6
bbd41817,1136578,10,1,8,2,0,0,0,0,0,4,0,31,0,0,0,0,2,male,Indian Premier League,T20,AD Russell,0,Kolkata Knight Riders,Kings XI Punjab,2018-04-21,,6
bbd41817,1136586,44,1,32,3,4,0,0,0,0,18,0,28,1,0,0,0,7,male,Indian Premier League,T20,AD Russell,0,Kolkata Knight Riders,Delhi Daredevils,2018-04-27,,6
bbd41817,1136589,0,1,1,0,0,0,0,0,0,1,0,31,3,1,0,0,6,male,Indian Premier League,T20,AD Russell,0,Kolkata Knight Riders,Royal Challengers Bangalore,2018-04-29,,6
bbd41817,1136593,0,0,0,0,0,0,0,0,0,0,0,12,0,0,0,0,2,male,Indian Premier League,T20,AD Russell,0,Kolkata Knight Riders,Chennai Super Kings,2018-05-03,,6
bbd41817,1136597,9,1,10,1,0,0,0,0,0,4,0,12,2,0,0,0,6,male,Indian Premier League,T20,AD Russell,0,Kolkata Knight Riders,Mumbai Indians,2018-05-06,,6
bbd41817,1136601,2,1,4,0,0,1,0,0,0,2,0,16,0,0,0,0,6,male,Indian Premier League,T20,AD Russell,caught,Kolkata Knight Riders,Mumbai Indians,2018-05-09,,6
bbd41817,1136604,31,1,15,2,3,0,0,0,0,5,0,42,3,0,0,0,10,male,Indian Premier League,T20,AD Russell,caught,Kolkata Knight Riders,Kings XI Punjab,2018-05-12,,6
bbd41817,1136609,11,0,5,2,0,0,0,0,0,0,0,13,2,0,0,0,8,male,Indian Premier League,T20,AD Russell,0,Kolkata Knight Riders,Rajasthan Royals,2018-05-15,,6
bbd41817,1136614,4,1,4,1,0,2,0,0,0,3,0,35,1,0,0,0,12,male,Indian Premier League,T20,AD Russell,caught,Kolkata Knight Riders,Sunrisers Hyderabad,2018-05-19,,6
bbd41817,1136618,49,0,27,3,5,0,0,0,0,12,0,22,0,0,0,0,5,male,Indian Premier League,T20,AD Russell,0,Kolkata Knight Riders,Rajasthan Royals,2018-05-23,,6
bbd41817,1136619,3,1,7,0,0,0,0,0,0,4,0,9,0,0,0,0,3,male,Indian Premier League,T20,AD Russell,caught,Kolkata Knight Riders,Sunrisers Hyderabad,2018-05-25,,6
bbd41817,1141232,21,0,10,0,3,0,0,0,0,4,0,25,2,0,0,0,11,male,ICC World XI tour of England,T20,AD Russell,0,West Indies,ICC World XI,2018-05-31,,6
bbd41817,1146720,13,1,12,1,1,0,0,0,0,7,0,62,1,0,0,0,29,male,Bangladesh tour of West Indies and United States of America,ODI,AD Russell,caught,West Indies,Bangladesh,2018-07-22,,6
bbd41817,1146723,35,0,21,3,3,0,0,0,0,10,0,27,1,1,0,0,11,male,Bangladesh tour of West Indies and United States of America,T20,AD Russell,0,West Indies,Bangladesh,2018-07-31,,6
bbd41817,1146724,17,1,12,1,2,1,0,0,0,8,0,34,1,0,0,0,13,male,Bangladesh tour of West Indies and United States of America,T20,AD Russell,0,West Indies,Bangladesh,2018-08-04,,6
bbd41817,1146725,47,1,21,1,6,0,0,0,0,7,0,36,0,0,0,0,5,male,Bangladesh tour of West Indies and United States of America,T20,AD Russell,0,West Indies,Bangladesh,2018-08-05,,6
bbd41817,1148649,121,0,51,6,13,1,0,0,0,13,0,38,3,1,0,0,9,male,Caribbean Premier League,T20,AD Russell,0,Jamaica Tallawahs,Trinbago Knight Riders,2018-08-10,,6
bbd41817,1148653,3,1,4,0,0,2,0,0,0,1,0,48,2,0,0,0,9,male,Caribbean Premier League,T20,AD Russell,caught,Jamaica Tallawahs,St Lucia Stars,2018-08-14,,6
bbd41817,1148654,10,0,10,0,1,1,0,0,0,5,0,10,1,0,0,0,8,male,Caribbean Premier League,T20,AD Russell,0,Jamaica Tallawahs,St Kitts and Nevis Patriots,2018-08-15,,6
bbd41817,1148657,1,1,2,0,0,0,0,0,0,1,0,31,2,0,0,0,5,male,Caribbean Premier League,T20,AD Russell,caught,Jamaica Tallawahs,Guyana Amazon Warriors,2018-08-18,,6
bbd41817,1148658,2,1,3,0,0,1,0,0,0,1,0,42,1,1,0,0,10,male,Caribbean Premier League,T20,AD Russell,0,Jamaica Tallawahs,Trinbago Knight Riders,2018-08-19,,6
bbd41817,1148660,0,0,0,0,0,0,0,0,0,0,0,33,2,1,0,0,11,male,Caribbean Premier League,T20,AD Russell,0,Jamaica Tallawahs,Barbados Tridents,2018-08-22,,6
bbd41817,1148663,5,1,3,1,0,2,0,0,0,1,0,17,2,1,0,0,11,male,Caribbean Premier League,T20,AD Russell,caught,Jamaica Tallawahs,St Lucia Stars,2018-08-25,,6
bbd41817,1148666,10,1,4,1,1,1,0,0,0,2,0,33,1,0,0,0,11,male,Caribbean Premier League,T20,AD Russell,run out,Jamaica Tallawahs,Barbados Tridents,2018-08-29,,6
bbd41817,1148671,1,1,4,0,0,0,0,0,0,3,0,7,0,0,0,0,2,male,Caribbean Premier League,T20,AD Russell,run out,Jamaica Tallawahs,St Kitts and Nevis Patriots,2018-09-02,,6
bbd41817,1148675,0,0,0,0,0,0,0,0,0,0,0,0,0,0,0,0,0,male,Caribbean Premier League,T20,AD Russell,0,Jamaica Tallawahs,Guyana Amazon Warriors,2018-09-08,,6
bbd41817,1148678,10,1,6,0,1,3,0,0,0,1,0,29,0,0,0,0,8,male,Caribbean Premier League,T20,AD Russell,caught,Jamaica Tallawahs,St Kitts and Nevis Patriots,2018-09-12,,6
bbd41817,1160574,0,1,4,0,0,0,0,0,0,4,0,0,0,0,0,0,0,male,Afghanistan Premier League,T20,AD Russell,bowled,Nangarhar Leopards,Kabul Zwanan,2018-10-09,,6
bbd41817,1169380,21,0,19,2,1,1,0,0,0,9,0,12,1,0,0,0,9,male,Bangladesh Premier League,T20,AD Russell,0,Dhaka Dynamites,Rajshahi Kings,2019-01-05,,6
bbd41817,1169383,25,1,23,0,3,2,0,0,0,14,0,9,0,0,0,0,8,male,Bangladesh Premier League,T20,AD Russell,0,Dhaka Dynamites,Khulna Titans,2019-01-08,,6
bbd41817,1169387,23,1,14,0,3,1,0,0,0,7,0,26,1,0,0,0,8,male,Bangladesh Premier League,T20,AD Russell,bowled,Dhaka Dynamites,Rangpur Riders,2019-01-11,,6
bbd41817,1169390,5,1,4,1,0,1,0,0,0,2,0,21,0,0,0,0,10,male,Bangladesh Premier League,T20,AD Russell,0,Dhaka Dynamites,Sylhet Sixers,2019-01-12,,6
bbd41817,1169395,11,1,8,1,1,0,0,0,0,5,0,21,1,0,0,1,12,male,Bangladesh Premier League,T20,AD Russell,caught,Dhaka Dynamites,Rajshahi Kings,2019-01-16,,6
bbd41817,1169397,40,0,21,2,4,0,0,0,0,8,0,20,1,0,0,1,10,male,Bangladesh Premier League,T20,AD Russell,0,Dhaka Dynamites,Sylhet Sixers,2019-01-18,,6
bbd41817,1169402,1,1,4,0,0,0,0,0,0,3,0,25,1,0,0,0,9,male,Bangladesh Premier League,T20,AD Russell,caught,Dhaka Dynamites,Chittagong Vikings,2019-01-21,,6
bbd41817,1169404,46,1,25,2,5,0,0,0,0,10,0,28,2,0,0,0,16,male,Bangladesh Premier League,T20,AD Russell,caught,Dhaka Dynamites,Comilla Victorians,2019-01-22,,6
bbd41817,1169412,14,1,8,1,1,0,0,0,0,2,0,30,2,0,0,0,8,male,Bangladesh Premier League,T20,AD Russell,caught,Dhaka Dynamites,Rangpur Riders,2019-01-28,,6
bbd41817,1169415,39,1,25,4,2,0,0,0,0,9,0,38,3,0,0,0,11,male,Bangladesh Premier League,T20,AD Russell,caught,Dhaka Dynamites,Chittagong Vikings,2019-01-30,,6
bbd41817,1169417,30,0,23,2,3,1,0,0,0,14,0,22,0,0,0,0,10,male,Bangladesh Premier League,T20,AD Russell,0,Dhaka Dynamites,Comilla Victorians,2019-02-01,,6
bbd41817,1169420,0,0,0,0,0,0,0,0,0,0,0,14,0,0,0,0,12,male,Bangladesh Premier League,T20,AD Russell,0,Dhaka Dynamites,Khulna Titans,2019-02-02,,6
bbd41817,1169421,0,0,0,0,0,0,0,0,0,0,0,21,0,0,0,0,4,male,Bangladesh Premier League,T20,AD Russell,0,Dhaka Dynamites,Chittagong Vikings,2019-02-04,,6
bbd41817,1169423,40,0,20,0,5,1,0,0,0,6,0,31,2,0,0,0,10,male,Bangladesh Premier League,T20,AD Russell,0,Dhaka Dynamites,Rangpur Riders,2019-02-06,,6
bbd41817,1169424,4,1,4,1,0,0,0,0,0,3,0,37,0,0,0,0,11,male,Bangladesh Premier League,T20,AD Russell,0,Dhaka Dynamites,Comilla Victorians,2019-02-08,,6
bbd41817,1168821,9,1,7,0,1,1,0,0,0,4,0,25,1,0,0,0,3,male,Pakistan Super League,T20,AD Russell,caught,Multan Sultans,Karachi Kings,2019-02-15,,6
bbd41817,1168823,16,1,7,2,1,0,0,0,0,2,0,33,0,0,0,0,2,male,Pakistan Super League,T20,AD Russell,bowled,Multan Sultans,Islamabad United,2019-02-16,,6
bbd41817,1168827,18,1,13,3,0,0,0,0,0,5,0,34,0,0,0,0,5,male,Pakistan Super League,T20,AD Russell,0,Multan Sultans,Quetta Gladiators,2019-02-20,,6
bbd41817,1168829,7,1,6,0,1,1,0,0,0,4,0,28,0,0,0,0,0,male,Pakistan Super League,T20,AD Russell,0,Multan Sultans,Lahore Qalandars,2019-02-22,,6
bbd41817,1175357,49,0,20,4,4,0,0,0,0,3,0,32,2,1,0,0,3,male,Indian Premier League,T20,AD Russell,0,Kolkata Knight Riders,Sunrisers Hyderabad,2019-03-24,,6
bbd41817,1175361,48,1,17,3,5,0,0,0,0,3,0,21,2,0,0,0,7,male,Indian Premier League,T20,AD Russell,0,Kolkata Knight Riders,Kings XI Punjab,2019-03-27,,6
bbd41817,1175365,66,2,32,5,6,1,0,0,0,12,0,28,1,0,0,0,7,male,Indian Premier League,T20,AD Russell,0,Kolkata Knight Riders,Delhi Capitals,2019-03-30,,6
bbd41817,1175372,48,0,16,1,7,0,0,0,0,6,0,16,0,0,0,0,0,male,Indian Premier League,T20,AD Russell,0,Kolkata Knight Riders,Royal Challengers Bangalore,2019-04-05,,6
bbd41817,1178396,0,0,0,0,0,0,0,0,0,0,0,0,0,0,0,0,0,male,Indian Premier League,T20,AD Russell,0,Kolkata Knight Riders,Rajasthan Royals,2019-04-07,,6
bbd41817,1178398,50,0,46,5,3,0,0,0,0,27,0,0,0,0,0,0,0,male,Indian Premier League,T20,AD Russell,0,Kolkata Knight Riders,Chennai Super Kings,2019-04-09,,6
bbd41817,1178401,45,1,22,3,4,0,0,0,0,7,0,29,1,0,0,0,7,male,Indian Premier League,T20,AD Russell,0,Kolkata Knight Riders,Delhi Capitals,2019-04-12,,6
bbd41817,1178404,10,1,4,1,1,0,0,0,0,2,0,16,0,0,0,0,2,male,Indian Premier League,T20,AD Russell,0,Kolkata Knight Riders,Chennai Super Kings,2019-04-14,,6
bbd41817,1178410,65,1,30,2,9,0,0,0,0,16,0,17,1,0,0,0,8,male,Indian Premier League,T20,AD Russell,run out,Kolkata Knight Riders,Royal Challengers Bangalore,2019-04-19,,6
bbd41817,1178413,15,1,10,0,2,0,0,0,0,5,0,8,0,0,0,0,1,male,Indian Premier League,T20,AD Russell,caught,Kolkata Knight Riders,Sunrisers Hyderabad,2019-04-21,,6
bbd41817,1178418,14,1,14,0,1,1,0,0,0,5,0,32,1,0,0,0,5,male,Indian Premier League,T20,AD Russell,0,Kolkata Knight Riders,Rajasthan Royals,2019-04-25,,6
bbd41817,1178422,80,0,44,6,8,2,0,0,0,22,0,25,2,0,0,0,10,male,Indian Premier League,T20,AD Russell,0,Kolkata Knight Riders,Mumbai Indians,2019-04-28,,6
bbd41817,1178427,24,1,17,2,2,0,0,0,0,10,0,30,1,1,0,0,9,male,Indian Premier League,T20,AD Russell,caught,Kolkata Knight Riders,Kings XI Punjab,2019-05-03,,6
bbd41817,1178431,0,1,2,0,0,0,0,0,0,2,0,34,0,0,0,0,3,male,Indian Premier League,T20,AD Russell,0,Kolkata Knight Riders,Mumbai Indians,2019-05-05,,6
bbd41817,1144484,0,0,0,0,0,0,0,0,0,0,0,4,2,1,0,1,14,male,World Cup,ODI,AD Russell,0,West Indies,Pakistan,2019-05-31,,6
bbd41817,1144492,15,1,11,2,1,0,0,0,0,7,0,41,2,0,0,0,36,male,World Cup,ODI,AD Russell,caught,West Indies,Australia,2019-06-06,,6
bbd41817,1144501,21,1,17,1,2,0,0,0,0,9,0,14,0,0,0,0,8,male,World Cup,ODI,AD Russell,0,West Indies,England,2019-06-14,,6
bbd41817,1144505,0,1,2,0,0,0,0,0,0,2,0,42,1,0,0,0,17,male,World Cup,ODI,AD Russell,0,West Indies,Bangladesh,2019-06-17,,6
bbd41817,1185839,44,1,26,4,4,0,0,0,0,14,0,37,1,1,0,0,8,male,Caribbean Premier League,T20,AD Russell,caught,Jamaica Tallawahs,Trinbago Knight Riders,2019-09-06,,6
bbd41817,1185843,15,1,8,0,2,2,0,0,0,3,0,55,2,1,0,0,9,male,Caribbean Premier League,T20,AD Russell,0,Jamaica Tallawahs,St Kitts and Nevis Patriots,2019-09-10,,6
bbd41817,1185845,0,1,3,0,0,0,0,0,0,3,0,0,0,0,0,0,0,male,Caribbean Premier League,T20,AD Russell,0,Jamaica Tallawahs,St Lucia Zouks,2019-09-12,,6
bbd41817,1185851,40,1,20,3,3,0,0,0,0,6,0,35,2,0,0,0,6,male,Caribbean Premier League,T20,AD Russell,caught,Jamaica Tallawahs,Guyana Amazon Warriors,2019-09-18,,6
bbd41817,1185852,0,1,1,0,0,0,0,0,0,1,0,21,1,0,0,0,10,male,Caribbean Premier League,T20,AD Russell,caught,Jamaica Tallawahs,St Kitts and Nevis Patriots,2019-09-19,,6
bbd41817,1208069,0,0,0,0,0,1,0,0,0,0,0,8,0,0,0,0,13,male,Bangladesh Premier League,T20,AD Russell,0,Rajshahi Royals,Dhaka Platoon,2019-12-12,,6
bbd41817,1208071,0,0,0,0,0,1,0,1,0,0,0,26,1,0,1,0,11,male,Bangladesh Premier League,T20,AD Russell,0,Rajshahi Royals,Sylhet Thunder,2019-12-13,,6
bbd41817,1208075,13,0,8,1,1,0,0,0,0,3,0,41,2,1,0,0,10,male,Bangladesh Premier League,T20,AD Russell,0,Rajshahi Royals,Khulna Tigers,2019-12-17,,6
bbd41817,1208084,28,0,23,3,1,0,0,0,0,11,0,38,4,0,0,0,13,male,Bangladesh Premier League,T20,AD Russell,0,Rajshahi Royals,Khulna Tigers,2019-12-23,,6
bbd41817,1208086,20,0,7,3,1,1,0,0,0,1,0,26,2,1,0,0,11,male,Bangladesh Premier League,T20,AD Russell,0,Rajshahi Royals,Cumilla Warriors,2019-12-24,,6
bbd41817,1208089,37,1,26,0,4,1,0,0,0,10,0,44,1,0,0,0,7,male,Bangladesh Premier League,T20,AD Russell,run out,Rajshahi Royals,Cumilla Warriors,2019-12-28,,6
bbd41817,1208092,7,1,8,1,0,2,0,0,0,5,0,37,1,0,0,0,10,male,Bangladesh Premier League,T20,AD Russell,0,Rajshahi Royals,Dhaka Platoon,2019-12-30,,6
bbd41817,1208094,17,1,7,1,2,1,0,0,0,3,0,11,0,0,0,0,2,male,Bangladesh Premier League,T20,AD Russell,0,Rajshahi Royals,Rangpur Rangers,2019-12-31,,6
bbd41817,1208102,20,1,10,1,2,0,0,0,0,3,0,30,0,0,0,0,10,male,Bangladesh Premier League,T20,AD Russell,caught,Rajshahi Royals,Chattogram Challengers,2020-01-07,,6
bbd41817,1208107,2,0,5,0,0,1,0,0,0,3,0,0,0,0,0,0,0,male,Bangladesh Premier League,T20,AD Russell,0,Rajshahi Royals,Chattogram Challengers,2020-01-11,,6
bbd41817,1208110,0,1,5,0,0,1,0,0,0,5,0,35,0,0,0,0,11,male,Bangladesh Premier League,T20,AD Russell,caught,Rajshahi Royals,Khulna Tigers,2020-01-13,,6
bbd41817,1208111,54,0,23,2,7,0,0,0,0,10,0,39,1,0,0,0,11,male,Bangladesh Premier League,T20,AD Russell,0,Rajshahi Royals,Chattogram Challengers,2020-01-15,,6
bbd41817,1208112,27,0,18,0,3,1,0,0,0,8,0,33,2,2,0,0,12,male,Bangladesh Premier League,T20,AD Russell,0,Rajshahi Royals,Khulna Tigers,2020-01-17,,6
bbd41817,1213874,35,1,16,2,4,1,0,0,0,7,0,36,1,1,0,0,9,male,West Indies tour of Sri Lanka,T20,AD Russell,bowled,West Indies,Sri Lanka,2020-03-04,,6
bbd41817,1213875,40,0,14,0,6,0,0,0,0,4,0,34,0,0,0,0,9,male,West Indies tour of Sri Lanka,T20,AD Russell,0,West Indies,Sri Lanka,2020-03-06,,6
bbd41817,1227867,16,1,17,2,0,0,0,0,0,7,0,33,1,0,0,0,10,male,Caribbean Premier League,T20,AD Russell,caught,Jamaica Tallawahs,St Lucia Zouks,2020-08-19,,6
bbd41817,1227870,25,1,28,3,0,0,0,0,0,14,0,26,0,0,0,0,7,male,Caribbean Premier League,T20,AD Russell,caught,Jamaica Tallawahs,Trinbago Knight Riders,2020-08-20,,6
bbd41817,1227872,52,0,39,4,5,0,0,0,0,25,0,16,1,0,0,0,7,male,Caribbean Premier League,T20,AD Russell,0,Jamaica Tallawahs,Guyana Amazon Warriors,2020-08-22,,6
bbd41817,1227876,23,0,21,1,2,0,0,0,0,11,0,19,1,0,1,0,10,male,Caribbean Premier League,T20,AD Russell,0,Jamaica Tallawahs,Guyana Amazon Warriors,2020-08-25,,6
bbd41817,1227885,50,0,24,5,4,0,0,0,0,9,0,0,0,0,0,0,0,male,Caribbean Premier League,T20,AD Russell,0,Jamaica Tallawahs,Trinbago Knight Riders,2020-09-01,,6
bbd41817,1227889,0,0,0,0,0,0,0,0,0,0,0,0,0,0,0,0,0,male,Caribbean Premier League,T20,AD Russell,0,Jamaica Tallawahs,St Kitts and Nevis Patriots,2020-09-03,,6
bbd41817,1227892,54,1,30,4,5,0,0,0,0,13,0,0,0,0,0,0,0,male,Caribbean Premier League,T20,AD Russell,0,Jamaica Tallawahs,Barbados Tridents,2020-09-05,,6
bbd41817,1227894,0,1,1,0,0,0,0,0,0,1,0,0,0,0,0,0,0,male,Caribbean Premier League,T20,AD Russell,0,Jamaica Tallawahs,St Lucia Zouks,2020-09-06,,6
bbd41817,1227895,2,1,5,0,0,0,0,0,0,3,0,25,0,0,0,0,6,male,Caribbean Premier League,T20,AD Russell,0,Jamaica Tallawahs,Trinbago Knight Riders,2020-09-08,,6
bbd41817,1216508,11,1,11,2,0,0,0,0,0,6,0,17,1,0,0,0,4,male,Indian Premier League,T20,AD Russell,0,Kolkata Knight Riders,Mumbai Indians,2020-09-23,,6
bbd41817,1216545,0,0,0,0,0,0,0,0,0,0,0,18,1,0,0,0,5,male,Indian Premier League,T20,AD Russell,0,Kolkata Knight Riders,Sunrisers Hyderabad,2020-09-26,,6
bbd41817,1216504,24,1,15,0,3,0,0,0,0,7,0,0,0,0,0,0,0,male,Indian Premier League,T20,AD Russell,caught,Kolkata Knight Riders,Rajasthan Royals,2020-09-30,,6
bbd41817,1216515,13,1,8,1,1,0,0,0,0,3,0,29,2,0,0,0,11,male,Indian Premier League,T20,AD Russell,caught,Kolkata Knight Riders,Delhi Capitals,2020-10-03,,6
bbd41817,1216501,2,1,4,0,0,0,0,0,0,2,0,18,1,0,0,0,5,male,Indian Premier League,T20,AD Russell,caught,Kolkata Knight Riders,Chennai Super Kings,2020-10-07,,6
bbd41817,1216523,5,1,3,1,0,0,0,0,0,1,0,0,0,0,0,0,0,male,Indian Premier League,T20,AD Russell,0,Kolkata Knight Riders,Kings XI Punjab,2020-10-10,,6
bbd41817,1216540,16,1,10,2,1,0,0,0,0,5,0,51,1,1,0,0,10,male,Indian Premier League,T20,AD Russell,0,Kolkata Knight Riders,Royal Challengers Bangalore,2020-10-12,,6
bbd41817,1216526,12,1,9,1,1,0,0,0,0,5,0,15,0,0,0,0,5,male,Indian Premier League,T20,AD Russell,0,Kolkata Knight Riders,Mumbai Indians,2020-10-16,,6
bbd41817,1216512,9,1,11,1,0,1,0,0,0,5,0,30,0,0,0,0,4,male,Indian Premier League,T20,AD Russell,caught,Kolkata Knight Riders,Sunrisers Hyderabad,2020-10-18,,6
bbd41817,1216530,25,1,11,1,3,0,0,0,0,4,0,0,0,0,0,0,0,male,Indian Premier League,T20,AD Russell,0,Kolkata Knight Riders,Rajasthan Royals,2020-11-01,,6
bbd41817,1238752,32,1,18,3,2,0,0,0,0,7,0,0,0,0,0,0,0,male,Lanka Premier League,T20,AD Russell,caught,Colombo Kings,Kandy Tuskers,2020-11-26,,6
bbd41817,1238755,65,0,23,9,4,0,0,0,0,6,0,0,0,0,0,0,0,male,Lanka Premier League,T20,AD Russell,0,Colombo Kings,Galle Gladiators,2020-11-28,,6
bbd41817,1238758,5,1,6,1,0,2,0,0,0,4,0,18,3,0,0,0,6,male,Lanka Premier League,T20,AD Russell,0,Colombo Kings,Dambulla Viiking,2020-12-01,,6
bbd41817,1238762,32,1,21,2,3,0,0,0,0,11,0,12,1,0,0,0,8,male,Lanka Premier League,T20,AD Russell,0,Colombo Kings,Jaffna Stallions,2020-12-04,,6
bbd41817,1238764,0,0,0,0,0,0,0,0,0,0,0,18,1,0,0,0,5,male,Lanka Premier League,T20,AD Russell,0,Colombo Kings,Kandy Tuskers,2020-12-05,,6
bbd41817,1238765,11,1,12,2,0,1,0,0,0,7,0,26,0,0,0,0,5,male,Lanka Premier League,T20,AD Russell,caught and bowled,Colombo Kings,Galle Gladiators,2020-12-07,,6
bbd41817,1238769,21,1,15,2,1,2,0,0,0,6,0,48,3,0,0,0,11,male,Lanka Premier League,T20,AD Russell,0,Colombo Kings,Jaffna Stallions,2020-12-10,,6
bbd41817,1238772,11,1,6,1,1,0,0,0,0,3,0,0,0,0,0,0,0,male,Lanka Premier League,T20,AD Russell,0,Colombo Kings,Galle Gladiators,2020-12-13,,6
bbd41817,1254060,5,1,6,1,0,0,0,0,0,4,0,32,1,0,0,0,6,male,Indian Premier League,T20,AD Russell,0,Kolkata Knight Riders,Sunrisers Hyderabad,2021-04-11,,6
bbd41817,1254062,9,1,15,1,0,1,0,0,0,9,0,15,5,0,0,0,7,male,Indian Premier League,T20,AD Russell,caught and bowled,Kolkata Knight Riders,Mumbai Indians,2021-04-13,,6
bbd41817,1254067,31,1,21,3,2,0,0,0,0,9,0,38,0,0,0,0,5,male,Indian Premier League,T20,AD Russell,0,Kolkata Knight Riders,Royal Challengers Bangalore,2021-04-18,,6
bbd41817,1254072,54,1,24,3,6,0,0,0,0,9,0,27,1,0,0,0,6,male,Indian Premier League,T20,AD Russell,0,Kolkata Knight Riders,Chennai Super Kings,2021-04-21,,6
bbd41817,1254075,9,1,10,0,1,0,0,0,0,6,0,0,0,0,0,0,0,male,Indian Premier League,T20,AD Russell,caught,Kolkata Knight Riders,Rajasthan Royals,2021-04-24,,6
bbd41817,1254078,10,0,9,2,0,0,0,0,0,5,0,2,0,0,0,0,4,male,Indian Premier League,T20,AD Russell,0,Kolkata Knight Riders,Punjab Kings,2021-04-26,,6
bbd41817,1254082,45,0,27,2,4,0,0,0,0,10,0,0,0,0,0,0,0,male,Indian Premier League,T20,AD Russell,0,Kolkata Knight Riders,Delhi Capitals,2021-04-29,,6
bbd41817,1247028,13,1,7,0,2,0,0,0,0,4,0,0,0,0,0,0,0,male,Pakistan Super League,T20,AD Russell,0,Quetta Gladiators,Islamabad United,2021-06-11,,6
bbd41817,1263151,23,0,12,1,3,0,0,0,0,7,0,29,1,0,0,0,6,male,South Africa tour of West Indies,T20,AD Russell,0,West Indies,South Africa,2021-06-26,,6
bbd41817,1263152,5,1,4,1,0,0,0,0,0,2,0,18,1,1,0,0,5,male,South Africa tour of West Indies,T20,AD Russell,caught,West Indies,South Africa,2021-06-27,,6
bbd41817,1263153,25,1,20,0,3,0,0,0,0,10,0,25,0,0,0,0,1,male,South Africa tour of West Indies,T20,AD Russell,0,West Indies,South Africa,2021-06-29,,6
bbd41817,1263154,9,1,8,1,0,0,0,0,0,2,0,30,2,1,0,0,11,male,South Africa tour of West Indies,T20,AD Russell,0,West Indies,South Africa,2021-07-01,,6
bbd41817,1263155,0,1,1,0,0,1,0,0,0,1,0,32,0,0,0,0,4,male,South Africa tour of West Indies,T20,AD Russell,0,West Indies,South Africa,2021-07-03,,6
bbd41817,1263156,51,1,29,3,5,0,0,0,0,13,0,14,1,0,0,0,2,male,Australia tour of West Indies,T20,AD Russell,bowled,West Indies,Australia,2021-07-09,,6
bbd41817,1263157,24,0,8,2,2,1,0,0,0,1,0,22,1,0,0,0,9,male,Australia tour of West Indies,T20,AD Russell,0,West Indies,Australia,2021-07-10,,6
bbd41817,1263158,7,0,2,0,1,0,0,0,0,0,0,29,0,0,0,0,7,male,Australia tour of West Indies,T20,AD Russell,0,West Indies,Australia,2021-07-12,,6
bbd41817,1263159,24,0,13,0,3,0,0,0,0,5,0,25,1,0,0,0,11,male,Australia tour of West Indies,T20,AD Russell,0,West Indies,Australia,2021-07-14,,6
bbd41817,1263160,1,1,4,0,0,0,0,0,0,3,0,43,3,1,0,0,7,male,Australia tour of West Indies,T20,AD Russell,caught,West Indies,Australia,2021-07-16,,6
bbd41817,1263164,7,1,6,0,1,0,0,0,0,4,0,0,0,0,0,0,0,male,Pakistan tour of West Indies,T20,AD Russell,caught,West Indies,Pakistan,2021-07-28,,6
bbd41817,1263166,0,0,0,0,0,0,0,0,0,0,0,0,0,0,0,0,0,male,Pakistan tour of West Indies,T20,AD Russell,0,West Indies,Pakistan,2021-08-01,,6
bbd41817,1263167,0,0,0,0,0,0,0,0,0,0,0,0,0,0,0,0,0,male,Pakistan tour of West Indies,T20,AD Russell,0,West Indies,Pakistan,2021-08-03,,6
bbd41817,1269702,50,0,15,3,6,1,0,0,0,4,0,19,1,0,0,0,8,male,Caribbean Premier League,T20,AD Russell,0,Jamaica Tallawahs,St Lucia Kings,2021-08-27,,6
bbd41817,1269705,0,1,4,0,0,0,0,0,0,4,0,49,1,0,0,0,6,male,Caribbean Premier League,T20,AD Russell,caught,Jamaica Tallawahs,Barbados Royals,2021-08-28,,6
bbd41817,1269709,6,0,1,0,1,1,0,0,0,0,0,28,1,0,0,0,11,male,Caribbean Premier League,T20,AD Russell,0,Jamaica Tallawahs,Barbados Royals,2021-08-31,,6
bbd41817,1269711,5,1,6,1,0,0,0,0,0,4,0,32,1,0,1,0,8,male,Caribbean Premier League,T20,AD Russell,0,Jamaica Tallawahs,St Kitts and Nevis Patriots,2021-09-01,,6
bbd41817,1269717,20,0,8,1,2,0,0,0,0,1,0,12,0,0,0,0,5,male,Caribbean Premier League,T20,AD Russell,0,Jamaica Tallawahs,Trinbago Knight Riders,2021-09-05,,6
bbd41817,1269718,1,1,11,0,0,0,0,0,0,10,0,29,0,0,0,0,3,male,Caribbean Premier League,T20,AD Russell,caught,Jamaica Tallawahs,Trinbago Knight Riders,2021-09-07,,6
bbd41817,1269720,28,1,19,2,3,2,0,0,0,12,0,13,1,1,0,0,6,male,Caribbean Premier League,T20,AD Russell,caught,Jamaica Tallawahs,St Kitts and Nevis Patriots,2021-09-08,,6
bbd41817,1269723,31,1,17,0,4,0,0,0,0,7,0,34,2,0,0,1,6,male,Caribbean Premier League,T20,AD Russell,0,Jamaica Tallawahs,St Lucia Kings,2021-09-09,,6
bbd41817,1269725,0,1,5,0,0,0,0,0,0,5,0,36,2,0,0,0,9,male,Caribbean Premier League,T20,AD Russell,caught,Jamaica Tallawahs,Guyana Amazon Warriors,2021-09-11,,6
bbd41817,1269728,19,1,16,4,0,0,0,0,0,9,0,51,2,0,0,0,8,male,Caribbean Premier League,T20,AD Russell,caught,Jamaica Tallawahs,Guyana Amazon Warriors,2021-09-12,,6
bbd41817,1254087,0,0,0,0,0,0,0,0,0,0,0,10,3,1,0,0,10,male,Indian Premier League,T20,AD Russell,0,Kolkata Knight Riders,Royal Challengers Bangalore,2021-09-20,,6
bbd41817,1254096,0,0,0,0,0,1,0,0,0,0,0,37,0,0,0,0,5,male,Indian Premier League,T20,AD Russell,0,Kolkata Knight Riders,Mumbai Indians,2021-09-23,,6
bbd41817,1254098,20,1,15,2,1,0,0,0,0,6,0,28,1,0,0,0,4,male,Indian Premier League,T20,AD Russell,bowled,Kolkata Knight Riders,Chennai Super Kings,2021-09-26,,6
bbd41817,1273725,0,1,2,0,0,0,0,0,0,2,0,0,0,0,0,0,0,male,ICC Men's T20 World Cup,T20,AD Russell,0,West Indies,England,2021-10-23,,6
bbd41817,1273729,5,1,4,1,0,0,1,0,0,2,0,36,0,0,0,0,3,male,ICC Men's T20 World Cup,T20,AD Russell,bowled,West Indies,South Africa,2021-10-26,,6
bbd41817,1273734,0,0,0,0,0,0,0,0,0,0,0,30,1,0,0,0,9,male,ICC Men's T20 World Cup,T20,AD Russell,0,West Indies,Bangladesh,2021-10-29,,6
bbd41817,1273746,2,1,4,0,0,0,0,0,0,2,0,33,2,0,0,0,8,male,ICC Men's T20 World Cup,T20,AD Russell,caught and bowled,West Indies,Sri Lanka,2021-11-04,,6
bbd41817,1273749,18,0,7,1,2,0,0,0,0,2,0,25,0,0,0,0,1,male,ICC Men's T20 World Cup,T20,AD Russell,0,West Indies,Australia,2021-11-06,,6
bbd41817,1269644,17,0,12,2,0,0,0,0,0,5,0,41,0,0,0,0,10,male,Big Bash League,T20,AD Russell,0,Melbourne Stars,Sydney Thunder,2021-12-10,,6
bbd41817,1269647,42,0,23,1,5,0,0,0,0,11,0,39,0,0,0,0,10,male,Big Bash League,T20,AD Russell,0,Melbourne Stars,Sydney Thunder,2021-12-12,,6
bbd41817,1269650,12,0,8,1,0,0,0,0,0,2,0,25,0,0,0,0,5,male,Big Bash League,T20,AD Russell,0,Melbourne Stars,Sydney Sixers,2021-12-15,,6
bbd41817,1269656,12,1,13,2,0,0,0,0,0,8,0,48,3,1,0,0,7,male,Big Bash League,T20,AD Russell,0,Melbourne Stars,Hobart Hurricanes,2021-12-24,,6
bbd41817,1269660,0,1,2,0,0,2,0,0,0,2,0,22,0,0,0,0,5,male,Big Bash League,T20,AD Russell,lbw,Melbourne Stars,Brisbane Heat,2021-12-27,,6
bbd41817,1296686,7,1,3,0,1,0,0,0,0,1,0,42,2,0,0,0,7,male,Bangladesh Premier League,T20,AD Russell,run out,Minister Group Dhaka,Khulna Tigers,2022-01-21,,6
bbd41817,1296688,12,1,10,1,1,2,0,0,0,6,0,17,0,0,0,0,2,male,Bangladesh Premier League,T20,AD Russell,0,Minister Group Dhaka,Chattogram Challengers,2022-01-22,,6
bbd41817,1296689,31,0,15,3,2,0,0,0,0,4,0,27,2,0,1,0,11,male,Bangladesh Premier League,T20,AD Russell,0,Minister Group Dhaka,Fortune Barishal,2022-01-24,,6
bbd41817,1296691,0,1,4,0,0,0,0,0,0,4,0,17,0,0,0,0,10,male,Bangladesh Premier League,T20,AD Russell,lbw,Minister Group Dhaka,Sylhet Sunrisers,2022-01-25,,6
bbd41817,1296694,0,0,0,0,0,0,0,0,0,0,0,45,1,0,0,0,5,male,Bangladesh Premier League,T20,AD Russell,0,Minister Group Dhaka,Sylhet Sunrisers,2022-01-28,,6
bbd41817,1296699,11,1,7,1,1,1,0,0,0,4,0,17,3,2,0,0,6,male,Bangladesh Premier League,T20,AD Russell,0,Minister Group Dhaka,Comilla Victorians,2022-02-01,,6
bbd41817,1304047,0,0,0,0,0,0,0,0,0,0,0,38,1,0,0,0,7,male,Indian Premier League,T20,AD Russell,0,Kolkata Knight Riders,Chennai Super Kings,2022-03-26,,6
bbd41817,1304052,25,1,19,1,3,1,0,0,0,13,0,36,0,0,0,0,7,male,Indian Premier League,T20,AD Russell,0,Kolkata Knight Riders,Royal Challengers Bangalore,2022-03-30,,6
bbd41817,1304054,70,0,33,2,8,0,0,1,0,12,0,0,1,0,0,1,2,male,Indian Premier League,T20,AD Russell,0,Kolkata Knight Riders,Punjab Kings,2022-04-01,,6
bbd41817,1304060,11,1,5,1,1,0,0,0,0,2,0,9,0,0,0,0,3,male,Indian Premier League,T20,AD Russell,caught,Kolkata Knight Riders,Mumbai Indians,2022-04-06,,6
bbd41817,1304065,24,1,22,3,0,0,0,0,0,9,0,16,1,0,0,0,3,male,Indian Premier League,T20,AD Russell,0,Kolkata Knight Riders,Delhi Capitals,2022-04-10,,6
bbd41817,1304071,49,0,26,4,4,0,0,0,0,12,0,24,2,1,0,0,7,male,Indian Premier League,T20,AD Russell,0,Kolkata Knight Riders,Sunrisers Hyderabad,2022-04-15,,6
bbd41817,1304076,0,1,1,0,0,0,0,0,0,1,0,29,1,0,0,0,4,male,Indian Premier League,T20,AD Russell,0,Kolkata Knight Riders,Rajasthan Royals,2022-04-18,,6
bbd41817,1304081,48,1,25,1,6,0,0,0,0,11,0,5,4,0,0,0,4,male,Indian Premier League,T20,AD Russell,0,Kolkata Knight Riders,Gujarat Titans,2022-04-23,,6
bbd41817,1304087,0,1,3,0,0,0,0,0,0,3,0,14,0,0,0,0,1,male,Indian Premier League,T20,AD Russell,stumped,Kolkata Knight Riders,Delhi Capitals,2022-04-28,,6
bbd41817,1304093,0,0,0,0,0,0,0,0,0,0,0,0,0,0,0,0,0,male,Indian Premier League,T20,AD Russell,0,Kolkata Knight Riders,Rajasthan Royals,2022-05-02,,6
bbd41817,1304099,45,1,19,3,5,0,0,0,0,9,0,22,2,0,0,0,3,male,Indian Premier League,T20,AD Russell,caught,Kolkata Knight Riders,Lucknow Super Giants,2022-05-07,,6
bbd41817,1304102,9,1,5,0,1,0,0,0,0,2,0,22,2,0,0,0,6,male,Indian Premier League,T20,AD Russell,caught,Kolkata Knight Riders,Mumbai Indians,2022-05-09,,6
bbd41817,1304107,49,0,31,3,4,0,0,0,0,12,0,22,3,1,0,0,16,male,Indian Premier League,T20,AD Russell,0,Kolkata Knight Riders,Sunrisers Hyderabad,2022-05-14,,6
bbd41817,1304112,5,1,11,0,0,0,0,0,0,6,0,45,0,0,0,0,1,male,Indian Premier League,T20,AD Russell,caught,Kolkata Knight Riders,Lucknow Super Giants,2022-05-18,,6
bbd41817,1299173,29,0,20,0,3,1,0,0,0,8,0,25,1,0,0,0,7,male,The Hundred Men's Competition,T20,AD Russell,0,Manchester Originals,Northern Superchargers,2022-08-05,,5
bbd41817,1299176,5,1,5,1,0,1,0,0,0,3,0,29,0,0,0,0,7,male,The Hundred Men's Competition,T20,AD Russell,run out,Manchester Originals,London Spirit,2022-08-08,,5
bbd41817,1299181,16,1,10,1,1,0,0,0,0,3,0,27,0,0,0,0,2,male,The Hundred Men's Competition,T20,AD Russell,0,Manchester Originals,Trent Rockets,2022-08-13,,5
bbd41817,1299186,17,1,13,1,1,1,0,0,0,5,0,13,1,0,0,0,3,male,The Hundred Men's Competition,T20,AD Russell,0,Manchester Originals,Welsh Fire,2022-08-16,,5
bbd41817,1299188,64,0,25,6,5,1,0,0,0,6,0,7,1,0,0,0,1,male,The Hundred Men's Competition,T20,AD Russell,0,Manchester Originals,Southern Brave,2022-08-18,,5
bbd41817,1299191,17,1,18,0,2,1,0,0,0,11,0,36,1,0,0,0,9,male,The Hundred Men's Competition,T20,AD Russell,caught,Manchester Originals,Northern Superchargers,2022-08-21,,5
bbd41817,1323145,5,1,6,1,0,0,0,0,0,4,0,20,0,0,0,0,3,male,Caribbean Premier League,T20,AD Russell,0,Trinbago Knight Riders,St Lucia Kings,2022-09-01,,6
bbd41817,1323151,9,1,11,1,0,0,0,1,0,6,0,33,1,0,0,0,6,male,Caribbean Premier League,T20,AD Russell,caught,Trinbago Knight Riders,Barbados Royals,2022-09-07,,6
bbd41817,1323155,17,1,11,0,2,0,0,0,0,5,0,37,0,0,0,0,4,male,Caribbean Premier League,T20,AD Russell,0,Trinbago Knight Riders,Jamaica Tallawahs,2022-09-10,,6
bbd41817,1323159,3,1,5,0,0,0,0,0,0,2,0,9,0,0,0,0,2,male,Caribbean Premier League,T20,AD Russell,caught,Trinbago Knight Riders,Barbados Royals,2022-09-13,,6
bbd41817,1323161,3,1,3,0,0,1,0,0,0,1,0,16,3,2,0,0,9,male,Caribbean Premier League,T20,AD Russell,0,Trinbago Knight Riders,Guyana Amazon Warriors,2022-09-14,,6
bbd41817,1323164,18,0,12,2,1,1,0,0,0,5,0,12,0,0,0,0,1,male,Caribbean Premier League,T20,AD Russell,0,Trinbago Knight Riders,Jamaica Tallawahs,2022-09-17,,6
bbd41817,1323166,23,0,11,1,2,0,0,0,0,1,0,22,1,0,0,0,6,male,Caribbean Premier League,T20,AD Russell,0,Trinbago Knight Riders,St Lucia Kings,2022-09-18,,6
bbd41817,1323169,29,1,17,2,2,1,0,0,0,6,0,30,1,0,0,0,8,male,Caribbean Premier League,T20,AD Russell,bowled,Trinbago Knight Riders,St Kitts and Nevis Patriots,2022-09-22,,6
bbd41817,1323171,12,1,8,2,0,0,0,0,0,2,0,0,0,0,0,0,0,male,Caribbean Premier League,T20,AD Russell,0,Trinbago Knight Riders,Guyana Amazon Warriors,2022-09-24,,6
bbd41817,1324626,35,1,30,0,3,0,0,0,0,15,0,26,1,0,0,0,4,male,Big Bash League,T20,AD Russell,caught,Melbourne Renegades,Brisbane Heat,2022-12-15,,6
bbd41817,1324630,7,1,8,1,0,0,0,0,0,4,0,43,1,0,0,0,9,male,Big Bash League,T20,AD Russell,caught,Melbourne Renegades,Sydney Thunder,2022-12-18,,6
bbd41817,1324633,57,1,42,2,6,1,0,0,0,22,0,16,0,0,0,0,2,male,Big Bash League,T20,AD Russell,0,Melbourne Renegades,Brisbane Heat,2022-12-21,,6
bbd41817,1324637,2,1,5,0,0,0,0,0,0,3,0,23,2,0,0,0,8,male,Big Bash League,T20,AD Russell,bowled,Melbourne Renegades,Hobart Hurricanes,2022-12-24,,6
bbd41817,1346916,12,1,12,1,0,1,0,0,0,3,0,33,1,0,0,0,11,male,International League T20,T20,AD Russell,caught,Abu Dhabi Knight Riders,Dubai Capitals,2023-01-13,,6
bbd41817,1346918,26,1,12,2,2,0,0,0,0,4,0,0,0,0,0,0,0,male,International League T20,T20,AD Russell,0,Abu Dhabi Knight Riders,Gulf Giants,2023-01-15,,6
bbd41817,1346922,0,1,1,0,0,0,0,0,0,1,0,37,1,0,0,0,6,male,International League T20,T20,AD Russell,caught,Abu Dhabi Knight Riders,Desert Vipers,2023-01-18,,6
bbd41817,1346924,57,1,30,5,5,0,0,0,0,14,0,47,1,0,0,0,9,male,International League T20,T20,AD Russell,0,Abu Dhabi Knight Riders,Desert Vipers,2023-01-20,,6
bbd41817,1346926,13,1,9,1,1,0,0,0,0,4,0,57,1,0,0,0,7,male,International League T20,T20,AD Russell,0,Abu Dhabi Knight Riders,MI Emirates,2023-01-21,,6
bbd41817,1346934,33,1,29,1,3,0,0,0,0,15,0,16,0,0,0,0,1,male,International League T20,T20,AD Russell,caught,Abu Dhabi Knight Riders,Sharjah Warriors,2023-01-28,,6
bbd41817,1346937,12,1,14,0,1,0,0,0,0,8,0,27,1,0,0,0,8,male,International League T20,T20,AD Russell,caught,Abu Dhabi Knight Riders,Dubai Capitals,2023-01-30,,6
bbd41817,1346941,42,1,24,5,2,0,0,0,0,10,0,35,0,0,0,0,6,male,International League T20,T20,AD Russell,0,Abu Dhabi Knight Riders,MI Emirates,2023-02-03,,6
bbd41817,1346943,1,1,4,0,0,0,0,0,0,3,0,20,0,0,0,0,3,male,International League T20,T20,AD Russell,0,Abu Dhabi Knight Riders,Sharjah Warriors,2023-02-04,,6
bbd41817,1351089,30,0,16,2,3,0,0,0,0,7,0,30,1,0,1,0,14,male,Bangladesh Premier League,T20,AD Russell,0,Comilla Victorians,Fortune Barishal,2023-02-07,,6
bbd41817,1351092,0,0,1,0,0,0,0,0,0,1,0,16,1,0,0,0,9,male,Bangladesh Premier League,T20,AD Russell,0,Comilla Victorians,Rangpur Riders,2023-02-10,,6
bbd41817,1351095,15,0,10,0,2,0,0,0,0,6,0,22,2,0,0,0,10,male,Bangladesh Premier League,T20,AD Russell,0,Comilla Victorians,Sylhet Strikers,2023-02-12,,6
bbd41817,1351097,0,0,0,0,0,0,0,0,0,0,0,36,1,0,0,0,10,male,Bangladesh Premier League,T20,AD Russell,0,Comilla Victorians,Sylhet Strikers,2023-02-16,,6
bbd41817,1359476,35,1,19,3,2,0,0,0,0,5,0,0,0,0,0,0,0,male,Indian Premier League,T20,AD Russell,caught,Kolkata Knight Riders,Punjab Kings,2023-04-01,,6
bbd41817,1359483,0,1,1,0,0,0,0,0,0,1,0,0,0,0,0,0,0,male,Indian Premier League,T20,AD Russell,caught,Kolkata Knight Riders,Royal Challengers Bangalore,2023-04-06,,6
bbd41817,1359487,1,1,2,0,0,0,0,0,0,1,0,0,0,0,0,0,0,male,Indian Premier League,T20,AD Russell,caught,Kolkata Knight Riders,Gujarat Titans,2023-04-09,,6
bbd41817,1359493,3,1,6,0,0,1,0,0,0,3,0,22,3,0,0,0,6,male,Indian Premier League,T20,AD Russell,0,Kolkata Knight Riders,Sunrisers Hyderabad,2023-04-14,,6
bbd41817,1359496,21,0,11,3,1,0,0,0,0,4,0,17,0,0,0,0,1,male,Indian Premier League,T20,AD Russell,0,Kolkata Knight Riders,Mumbai Indians,2023-04-16,,6
bbd41817,1359502,38,1,35,1,4,0,0,0,0,20,0,12,0,0,0,0,3,male,Indian Premier League,T20,AD Russell,0,Kolkata Knight Riders,Delhi Capitals,2023-04-20,,6
bbd41817,1359507,9,1,7,0,1,0,0,0,0,4,0,17,0,0,0,0,2,male,Indian Premier League,T20,AD Russell,0,Kolkata Knight Riders,Chennai Super Kings,2023-04-23,,6
bbd41817,1359510,1,1,2,0,0,1,0,0,0,1,0,29,2,0,0,0,11,male,Indian Premier League,T20,AD Russell,0,Kolkata Knight Riders,Royal Challengers Bangalore,2023-04-26,,6
bbd41817,1359513,34,1,19,2,3,1,0,0,0,7,0,29,1,0,0,0,7,male,Indian Premier League,T20,AD Russell,0,Kolkata Knight Riders,Gujarat Titans,2023-04-29,,6
bbd41817,1359521,24,1,15,1,2,2,0,0,0,6,0,15,1,0,0,0,4,male,Indian Premier League,T20,AD Russell,caught,Kolkata Knight Riders,Sunrisers Hyderabad,2023-05-04,,6
bbd41817,1359527,42,1,24,3,3,0,0,0,0,8,0,19,0,0,0,0,1,male,Indian Premier League,T20,AD Russell,run out,Kolkata Knight Riders,Punjab Kings,2023-05-08,,6
bbd41817,1359530,10,1,10,0,1,0,1,0,0,6,0,0,0,0,0,0,0,male,Indian Premier League,T20,AD Russell,caught,Kolkata Knight Riders,Rajasthan Royals,2023-05-11,,6
bbd41817,1359535,2,0,2,0,0,0,0,0,0,0,0,0,0,0,0,0,0,male,Indian Premier League,T20,AD Russell,0,Kolkata Knight Riders,Chennai Super Kings,2023-05-14,,6
bbd41817,1359542,7,1,9,0,1,1,0,0,0,7,0,13,0,0,0,0,2,male,Indian Premier League,T20,AD Russell,bowled,Kolkata Knight Riders,Lucknow Super Giants,2023-05-20,,6
bbd41817,1381361,55,1,35,7,3,0,0,0,0,16,0,37,0,0,0,0,8,male,Major League Cricket,T20,AD Russell,caught,Los Angeles Knight Riders,Texas Super Kings,2023-07-13,,6
bbd41817,1381366,2,1,6,0,0,0,0,0,0,4,0,29,0,0,0,0,4,male,Major League Cricket,T20,AD Russell,caught,Los Angeles Knight Riders,MI New York,2023-07-16,,6
bbd41817,1381368,42,0,26,2,4,0,0,0,0,10,0,33,1,0,0,0,10,male,Major League Cricket,T20,AD Russell,0,Los Angeles Knight Riders,San Francisco Unicorns,2023-07-18,,6
bbd41817,1381369,70,0,39,6,6,0,0,0,0,19,0,0,0,0,0,0,0,male,Major League Cricket,T20,AD Russell,0,Los Angeles Knight Riders,Washington Freedom,2023-07-20,,6
bbd41817,1381372,37,1,31,4,2,0,0,0,0,17,0,29,1,0,0,0,3,male,Major League Cricket,T20,AD Russell,0,Los Angeles Knight Riders,Seattle Orcas,2023-07-23,,6
bbd41817,1369560,0,0,0,0,0,0,0,0,0,0,0,0,0,0,0,0,0,male,Caribbean Premier League,T20,AD Russell,0,Trinbago Knight Riders,St Kitts and Nevis Patriots,2023-08-19,,6
bbd41817,1369566,10,1,11,0,1,0,0,0,0,6,0,28,2,0,0,0,9,male,Caribbean Premier League,T20,AD Russell,0,Trinbago Knight Riders,St Lucia Kings,2023-08-26,,6
bbd41817,1369569,23,0,8,2,2,0,0,0,0,2,0,20,0,0,0,0,5,male,Caribbean Premier League,T20,AD Russell,0,Trinbago Knight Riders,St Kitts and Nevis Patriots,2023-08-27,,6
bbd41817,1369570,5,1,5,1,0,0,0,0,0,3,0,13,3,0,1,0,6,male,Caribbean Premier League,T20,AD Russell,0,Trinbago Knight Riders,Barbados Royals,2023-08-30,,6
bbd41817,1369574,1,1,6,0,0,1,0,0,0,5,0,34,3,0,0,0,10,male,Caribbean Premier League,T20,AD Russell,0,Trinbago Knight Riders,Jamaica Tallawahs,2023-09-03,,6
bbd41817,1369576,14,1,7,0,2,0,0,0,0,3,0,30,2,0,0,0,11,male,Caribbean Premier League,T20,AD Russell,caught,Trinbago Knight Riders,Guyana Amazon Warriors,2023-09-05,,6
bbd41817,1369577,39,1,23,2,4,0,0,0,0,11,0,28,1,0,0,0,10,male,Caribbean Premier League,T20,AD Russell,0,Trinbago Knight Riders,Barbados Royals,2023-09-06,,6
bbd41817,1369579,20,0,12,0,3,3,0,0,0,7,0,29,0,0,0,0,3,male,Caribbean Premier League,T20,AD Russell,0,Trinbago Knight Riders,Jamaica Tallawahs,2023-09-09,,6
bbd41817,1369581,29,0,16,2,3,0,0,0,0,9,0,24,0,0,0,0,6,male,Caribbean Premier League,T20,AD Russell,0,Trinbago Knight Riders,St Lucia Kings,2023-09-10,,6
bbd41817,1369589,1,0,4,0,0,0,0,0,0,3,0,17,0,0,0,0,7,male,Caribbean Premier League,T20,AD Russell,0,Trinbago Knight Riders,Guyana Amazon Warriors,2023-09-20,,6
bbd41817,1369591,3,1,5,0,0,0,0,0,0,3,0,12,0,0,0,0,5,male,Caribbean Premier League,T20,AD Russell,caught,Trinbago Knight Riders,Guyana Amazon Warriors,2023-09-24,,6
bbd41817,1373579,29,0,15,2,2,0,0,0,0,4,0,19,3,1,0,0,13,male,England tour of West Indies,T20,AD Russell,0,West Indies,England,2023-12-12,,6
bbd41817,1373580,14,1,10,0,2,0,0,0,0,6,0,66,0,0,0,0,4,male,England tour of West Indies,T20,AD Russell,0,West Indies,England,2023-12-14,,6
bbd41817,1373581,8,0,5,0,1,0,0,0,0,2,0,50,1,0,0,0,6,male,England tour of West Indies,T20,AD Russell,0,West Indies,England,2023-12-16,,6
bbd41817,1373582,51,1,27,3,5,0,0,0,0,10,0,37,1,1,0,0,5,male,England tour of West Indies,T20,AD Russell,caught,West Indies,England,2023-12-19,,6
bbd41817,1373583,3,1,8,0,0,0,0,0,0,5,0,25,2,1,0,0,10,male,England tour of West Indies,T20,AD Russell,0,West Indies,England,2023-12-21,,6
bbd41817,1406891,0,0,0,0,0,0,0,0,0,0,0,18,0,0,0,0,7,male,International League T20,T20,AD Russell,0,Abu Dhabi Knight Riders,Desert Vipers,2024-01-21,,6
bbd41817,1406894,48,1,31,3,4,0,0,0,0,16,0,20,0,0,0,0,5,male,International League T20,T20,AD Russell,caught,Abu Dhabi Knight Riders,MI Emirates,2024-01-23,,6
bbd41817,1406896,3,0,3,0,0,0,0,0,0,1,0,19,1,0,0,0,2,male,International League T20,T20,AD Russell,0,Abu Dhabi Knight Riders,Dubai Capitals,2024-01-25,,6
bbd41817,1406898,24,0,10,0,3,0,0,0,0,3,0,29,2,0,0,0,13,male,International League T20,T20,AD Russell,0,Abu Dhabi Knight Riders,Desert Vipers,2024-01-27,,6
bbd41817,1406900,46,0,19,0,6,0,0,0,0,5,0,34,0,0,0,0,6,male,International League T20,T20,AD Russell,0,Abu Dhabi Knight Riders,MI Emirates,2024-01-28,,6
bbd41817,1406904,30,0,13,1,3,0,0,0,0,3,0,39,2,0,0,0,9,male,International League T20,T20,AD Russell,0,Abu Dhabi Knight Riders,Gulf Giants,2024-01-31,,6
bbd41817,1406908,41,1,17,3,3,0,0,0,0,3,0,22,1,0,0,0,7,male,International League T20,T20,AD Russell,caught,Abu Dhabi Knight Riders,Dubai Capitals,2024-02-03,,6
bbd41817,1406911,0,0,0,0,0,1,0,0,0,0,0,10,0,0,0,0,2,male,International League T20,T20,AD Russell,0,Abu Dhabi Knight Riders,Sharjah Warriors,2024-02-05,,6
bbd41817,1375850,1,1,2,0,0,0,0,0,0,1,0,42,3,1,0,0,7,male,West Indies tour of Australia,T20,AD Russell,0,West Indies,Australia,2024-02-09,,6
bbd41817,1375851,37,1,17,4,2,0,0,0,0,5,0,59,0,0,0,0,9,male,West Indies tour of Australia,T20,AD Russell,caught,West Indies,Australia,2024-02-11,,6
bbd41817,1375852,71,1,29,4,7,1,0,0,0,8,0,11,0,0,0,0,3,male,West Indies tour of Australia,T20,AD Russell,caught,West Indies,Australia,2024-02-13,,6
bbd41817,1412310,23,1,16,3,1,0,0,0,0,9,0,36,0,0,0,0,10,male,Bangladesh Premier League,T20,AD Russell,0,Comilla Victorians,Sylhet Strikers,2024-02-19,,6
bbd41817,1412313,43,0,13,4,4,0,0,0,0,3,0,20,3,0,0,0,9,male,Bangladesh Premier League,T20,AD Russell,0,Comilla Victorians,Rangpur Riders,2024-02-20,,6
bbd41817,1412314,14,1,11,1,1,0,0,0,0,5,0,39,1,0,0,0,10,male,Bangladesh Premier League,T20,AD Russell,bowled,Comilla Victorians,Fortune Barishal,2024-02-23,,6
bbd41817,1412317,2,0,2,0,0,2,0,0,0,0,0,37,2,0,0,0,10,male,Bangladesh Premier League,T20,AD Russell,0,Comilla Victorians,Rangpur Riders,2024-02-26,,6
bbd41817,1412319,27,0,17,0,4,0,0,0,0,10,0,34,0,0,0,0,8,male,Bangladesh Premier League,T20,AD Russell,0,Comilla Victorians,Fortune Barishal,2024-03-01,,6
bbd41817,1422121,64,0,28,3,7,0,0,0,0,9,0,26,2,0,0,0,4,male,Indian Premier League,T20,AD Russell,0,Kolkata Knight Riders,Sunrisers Hyderabad,2024-03-23,,6
bbd41817,1422128,0,0,0,0,0,0,0,0,0,0,0,30,2,1,0,0,13,male,Indian Premier League,T20,AD Russell,0,Kolkata Knight Riders,Royal Challengers Bengaluru,2024-03-29,,6
bbd41817,1422134,41,1,24,4,3,0,0,0,0,11,0,14,1,0,0,1,4,male,Indian Premier League,T20,AD Russell,0,Kolkata Knight Riders,Delhi Capitals,2024-04-03,,6
bbd41817,1426260,10,1,12,2,0,0,0,0,0,8,0,8,0,0,0,0,3,male,Indian Premier League,T20,AD Russell,caught,Kolkata Knight Riders,Chennai Super Kings,2024-04-08,,6
bbd41817,1426266,0,0,0,0,0,0,0,0,0,0,0,16,1,0,0,0,2,male,Indian Premier League,T20,AD Russell,0,Kolkata Knight Riders,Lucknow Super Giants,2024-04-14,,6
bbd41817,1426269,13,1,11,2,0,1,0,0,0,5,0,17,0,0,0,0,0,male,Indian Premier League,T20,AD Russell,caught,Kolkata Knight Riders,Rajasthan Royals,2024-04-16,,6
bbd41817,1426274,27,0,24,4,0,0,0,0,0,9,0,27,3,0,0,0,11,male,Indian Premier League,T20,AD Russell,0,Kolkata Knight Riders,Royal Challengers Bengaluru,2024-04-21,,6
bbd41817,1426280,24,1,15,2,2,0,0,0,0,8,0,36,0,0,0,0,4,male,Indian Premier League,T20,AD Russell,caught,Kolkata Knight Riders,Punjab Kings,2024-04-26,,6
bbd41817,1426285,0,0,0,0,0,0,0,0,0,0,0,10,0,0,0,0,3,male,Indian Premier League,T20,AD Russell,0,Kolkata Knight Riders,Delhi Capitals,2024-04-29,,6
bbd41817,1426289,7,0,2,0,1,0,0,0,0,0,0,33,2,0,0,0,12,male,Indian Premier League,T20,AD Russell,0,Kolkata Knight Riders,Mumbai Indians,2024-05-03,,6
bbd41817,1426292,12,1,11,1,1,1,0,0,0,7,0,18,2,0,0,0,7,male,Indian Premier League,T20,AD Russell,0,Kolkata Knight Riders,Lucknow Super Giants,2024-05-05,,6
bbd41817,1426298,24,1,14,2,2,0,0,0,0,6,0,35,2,0,0,0,7,male,Indian Premier League,T20,AD Russell,0,Kolkata Knight Riders,Mumbai Indians,2024-05-11,,6
bbd41817,1426309,0,0,0,0,0,1,0,1,0,0,0,15,1,0,0,0,2,male,Indian Premier League,T20,AD Russell,0,Kolkata Knight Riders,Sunrisers Hyderabad,2024-05-21,,6
bbd41817,1426312,0,0,0,0,0,0,0,0,0,0,0,19,3,0,0,1,8,male,Indian Premier League,T20,AD Russell,0,Kolkata Knight Riders,Sunrisers Hyderabad,2024-05-26,,6
bbd41817,1415702,15,0,9,0,1,0,0,0,0,2,0,19,2,1,0,0,9,male,ICC Men's T20 World Cup,T20,AD Russell,0,West Indies,Papua New Guinea,2024-06-02,,6
bbd41817,1415718,30,0,18,6,0,0,0,0,0,6,0,4,1,1,0,0,5,male,ICC Men's T20 World Cup,T20,AD Russell,0,West Indies,Uganda,2024-06-08,,6
bbd41817,1415726,14,1,9,2,1,2,0,0,0,6,0,31,1,0,0,0,11,male,ICC Men's T20 World Cup,T20,AD Russell,caught,West Indies,New Zealand,2024-06-12,,6
bbd41817,1415740,3,0,3,0,0,1,0,0,0,1,0,17,1,0,0,0,6,male,ICC Men's T20 World Cup,T20,AD Russell,0,West Indies,Afghanistan,2024-06-17,,6
bbd41817,1415742,1,1,2,0,0,0,0,0,0,1,0,21,1,0,0,0,4,male,ICC Men's T20 World Cup,T20,AD Russell,caught,West Indies,England,2024-06-19,,6
bbd41817,1415746,0,0,0,0,0,0,0,1,0,0,0,31,3,0,0,0,16,male,ICC Men's T20 World Cup,T20,AD Russell,0,West Indies,United States of America,2024-06-21,,6
bbd41817,1415750,15,0,9,0,2,0,0,0,0,4,0,19,2,0,0,0,14,male,ICC Men's T20 World Cup,T20,AD Russell,0,West Indies,South Africa,2024-06-23,,6
bbd41817,1432727,10,1,5,1,1,1,0,0,0,3,0,25,0,0,0,0,7,male,Major League Cricket,T20,AD Russell,0,Los Angeles Knight Riders,Texas Super Kings,2024-07-05,,6
bbd41817,1432729,40,0,27,2,3,0,0,0,0,11,0,17,0,0,0,0,2,male,Major League Cricket,T20,AD Russell,0,Los Angeles Knight Riders,San Francisco Unicorns,2024-07-07,,6
bbd41817,1432731,14,1,11,0,1,0,0,0,0,4,0,33,0,0,0,0,8,male,Major League Cricket,T20,AD Russell,0,Los Angeles Knight Riders,Seattle Orcas,2024-07-09,,6
bbd41817,1432736,20,1,13,3,1,0,0,0,0,7,0,19,0,0,0,0,8,male,Major League Cricket,T20,AD Russell,caught,Los Angeles Knight Riders,Washington Freedom,2024-07-14,,6
bbd41817,1432740,10,1,7,0,1,0,0,0,0,3,0,17,1,1,0,0,10,male,Major League Cricket,T20,AD Russell,caught,Los Angeles Knight Riders,Seattle Orcas,2024-07-17,,6
bbd41817,1432744,35,1,22,6,1,1,0,0,0,10,0,13,1,0,0,0,2,male,Major League Cricket,T20,AD Russell,caught,Los Angeles Knight Riders,MI New York,2024-07-21,,6
bbd41817,1417791,13,1,7,1,1,1,0,0,0,2,0,13,0,0,0,0,3,male,The Hundred Men's Competition,T20,AD Russell,0,London Spirit,Southern Brave,2024-07-24,,5
bbd41817,1417794,37,0,20,1,4,0,0,0,0,7,0,31,0,0,0,0,3,male,The Hundred Men's Competition,T20,AD Russell,0,London Spirit,Birmingham Phoenix,2024-07-27,,5
bbd41817,1417799,0,1,1,0,0,1,0,0,0,1,0,22,1,0,0,0,4,male,The Hundred Men's Competition,T20,AD Russell,0,London Spirit,Welsh Fire,2024-08-01,,5
bbd41817,1417804,12,1,9,1,1,0,0,0,0,5,0,11,0,0,0,0,3,male,The Hundred Men's Competition,T20,AD Russell,caught,London Spirit,Oval Invincibles,2024-08-04,,5
bbd41817,1417809,23,1,17,1,2,1,0,0,0,8,0,26,0,0,0,0,3,male,The Hundred Men's Competition,T20,AD Russell,bowled,London Spirit,Trent Rockets,2024-08-07,,5
bbd41817,1417812,1,1,3,0,0,1,0,0,0,2,0,14,0,0,0,0,4,male,The Hundred Men's Competition,T20,AD Russell,caught,London Spirit,Manchester Originals,2024-08-09,,5
bbd41817,1417815,1,1,6,0,0,1,0,0,0,5,0,0,0,0,0,0,0,male,The Hundred Men's Competition,T20,AD Russell,0,London Spirit,Oval Invincibles,2024-08-11,,5
bbd41817,1417818,3,1,9,0,0,0,0,0,0,6,0,0,0,0,0,0,0,male,The Hundred Men's Competition,T20,AD Russell,0,London Spirit,Northern Superchargers,2024-08-13,,5
bbd41817,1428685,8,1,6,0,1,1,0,0,0,3,0,22,0,0,0,0,2,male,Caribbean Premier League,T20,AD Russell,0,Trinbago Knight Riders,Antigua and Barbuda Falcons,2024-09-05,,6
bbd41817,1428696,36,0,17,1,4,0,0,0,0,6,0,20,0,0,0,0,4,male,Caribbean Premier League,T20,AD Russell,0,Trinbago Knight Riders,Guyana Amazon Warriors,2024-09-18,,6
bbd41817,1428697,0,1,1,0,0,0,0,0,0,1,0,7,1,1,0,0,6,male,Caribbean Premier League,T20,AD Russell,0,Trinbago Knight Riders,Antigua and Barbuda Falcons,2024-09-19,,6
bbd41817,1428702,0,0,0,0,0,0,0,0,0,0,0,17,0,0,0,0,6,male,Caribbean Premier League,T20,AD Russell,0,Trinbago Knight Riders,St Kitts and Nevis Patriots,2024-09-22,,6
bbd41817,1428703,12,1,6,0,2,0,0,0,0,4,0,19,0,0,0,0,3,male,Caribbean Premier League,T20,AD Russell,0,Trinbago Knight Riders,St Lucia Kings,2024-09-24,,6
bbd41817,1428705,31,1,12,1,4,1,0,0,0,4,0,0,0,0,0,0,0,male,Caribbean Premier League,T20,AD Russell,0,Trinbago Knight Riders,Barbados Royals,2024-09-27,,6
bbd41817,1428707,9,1,6,0,1,0,0,0,0,3,0,33,0,0,0,0,5,male,Caribbean Premier League,T20,AD Russell,caught,Trinbago Knight Riders,Guyana Amazon Warriors,2024-09-29,,6
bbd41817,1428708,20,0,23,1,1,0,0,0,0,11,0,0,0,0,0,0,0,male,Caribbean Premier League,T20,AD Russell,0,Trinbago Knight Riders,Barbados Royals,2024-10-01,,6
bbd41817,1433373,30,1,18,0,4,0,0,0,0,9,0,28,0,0,0,0,2,male,England tour of West Indies,T20,AD Russell,caught,West Indies,England,2024-11-09,,6
