player_id,match_id,runs_scored,player_out,balls_faced,fours_scored,sixes_scored,catches_taken,run_out_direct,run_out_throw,stumpings_done,dot_balls_as_batsman,order_seenballs_bowled,runs_conceded,wickets_taken,bowled_done,lbw_done,maidens,dot_balls_as_bowler,gender,series_name,match_type,name,out_kind,player_team,opposition_team,start_date,end_date,balls_per_over
1bae756b,319142,6,0,8,1,0,0,0,0,0,5,0,0,0,0,0,0,0,male,,T20,ADS Fletcher,0,West Indies,Australia,2008-06-20,,6
1bae756b,319143,26,1,43,2,0,0,0,0,0,29,0,0,0,0,0,0,0,male,Australia in West Indies ODI Series,ODI,ADS Fletcher,run out,West Indies,Australia,2008-06-24,,6
1bae756b,319144,19,1,46,3,0,0,0,0,0,37,0,0,0,0,0,0,0,male,Australia in West Indies ODI Series,ODI,ADS Fletcher,0,West Indies,Australia,2008-06-27,,6
1bae756b,319145,12,1,17,2,0,0,0,0,0,11,0,0,0,0,0,0,0,male,Australia in West Indies ODI Series,ODI,ADS Fletcher,0,West Indies,Australia,2008-06-29,,6
1bae756b,319147,1,1,5,0,0,1,0,0,0,4,0,0,0,0,0,0,0,male,Australia in West Indies ODI Series,ODI,ADS Fletcher,0,West Indies,Australia,2008-07-06,,6
1bae756b,352674,6,1,7,1,0,0,0,0,0,5,0,0,0,0,0,0,0,male,,T20,ADS Fletcher,0,West Indies,England,2009-03-15,,6
1bae756b,355993,53,1,33,7,1,1,0,0,0,8,0,0,0,0,0,0,0,male,ICC World Twenty20,T20,ADS Fletcher,0,West Indies,Australia,2009-06-06,,6
1bae756b,356002,13,1,13,1,1,1,0,0,0,8,0,0,0,0,0,0,0,male,ICC World Twenty20,T20,ADS Fletcher,0,West Indies,Sri Lanka,2009-06-10,,6
1bae756b,356006,0,1,3,0,0,1,0,0,0,3,0,0,0,0,0,0,0,male,ICC World Twenty20,T20,ADS Fletcher,0,West Indies,India,2009-06-12,,6
1bae756b,356007,0,1,5,0,0,1,0,0,0,5,0,0,0,0,0,0,0,male,ICC World Twenty20,T20,ADS Fletcher,0,West Indies,South Africa,2009-06-13,,6
1bae756b,356011,0,1,3,0,0,2,0,0,0,3,0,0,0,0,0,0,0,male,ICC World Twenty20,T20,ADS Fletcher,0,West Indies,England,2009-06-15,,6
1bae756b,401073,5,1,9,1,0,1,0,1,0,7,0,0,0,0,0,0,0,male,Bangladesh in West Indies ODI Series,ODI,ADS Fletcher,0,West Indies,Bangladesh,2009-07-26,,6
1bae756b,401074,22,1,17,3,0,0,0,0,0,8,0,0,0,0,0,0,0,male,Bangladesh in West Indies ODI Series,ODI,ADS Fletcher,0,West Indies,Bangladesh,2009-07-28,,6
1bae756b,401075,52,1,45,8,3,0,0,0,0,32,0,0,0,0,0,0,0,male,Bangladesh in West Indies ODI Series,ODI,ADS Fletcher,0,West Indies,Bangladesh,2009-07-31,,6
1bae756b,401076,8,1,14,1,0,0,1,0,0,9,0,0,0,0,0,0,0,male,,T20,ADS Fletcher,lbw,West Indies,Bangladesh,2009-08-02,,6
1bae756b,415274,7,1,15,1,0,0,0,0,0,11,0,0,0,0,0,0,0,male,ICC Champions Trophy,ODI,ADS Fletcher,0,West Indies,Pakistan,2009-09-23,,6
1bae756b,415277,54,1,80,4,1,1,0,0,0,47,0,0,0,0,0,0,0,male,ICC Champions Trophy,ODI,ADS Fletcher,0,West Indies,Australia,2009-09-26,,6
1bae756b,415284,0,1,6,0,0,0,0,0,0,6,0,0,0,0,0,0,0,male,ICC Champions Trophy,ODI,ADS Fletcher,caught,West Indies,India,2009-09-30,,6
1bae756b,439139,0,1,2,0,0,0,0,0,0,2,0,0,0,0,0,0,0,male,,T20,ADS Fletcher,caught,West Indies,Zimbabwe,2010-02-28,,6
1bae756b,439140,6,1,12,0,0,1,0,0,0,7,0,0,0,0,0,0,0,male,Zimbabwe in West Indies ODI Series,ODI,ADS Fletcher,0,West Indies,Zimbabwe,2010-03-04,,6
1bae756b,439141,0,1,8,0,0,0,0,1,0,8,0,0,0,0,0,0,0,male,Zimbabwe in West Indies ODI Series,ODI,ADS Fletcher,0,West Indies,Zimbabwe,2010-03-06,,6
1bae756b,412677,19,1,23,1,0,1,0,0,0,9,0,0,0,0,0,0,0,male,ICC World Twenty20,T20,ADS Fletcher,0,West Indies,Ireland,2010-04-30,,6
1bae756b,412685,12,0,10,1,0,0,0,0,0,2,0,0,0,0,0,0,0,male,ICC World Twenty20,T20,ADS Fletcher,0,West Indies,England,2010-05-03,,6
1bae756b,412692,16,1,20,2,0,0,0,0,0,11,0,0,0,0,0,0,0,male,ICC World Twenty20,T20,ADS Fletcher,0,West Indies,Sri Lanka,2010-05-07,,6
1bae756b,439146,0,1,3,0,0,2,1,0,1,3,0,0,0,0,0,0,0,male,South Africa in West Indies T20I Series,T20,ADS Fletcher,caught,West Indies,South Africa,2010-05-19,,6
1bae756b,447539,4,1,12,0,0,2,0,1,0,10,0,0,0,0,0,0,0,male,South Africa in West Indies T20I Series,T20,ADS Fletcher,caught,West Indies,South Africa,2010-05-20,,6
1bae756b,439147,3,1,12,0,0,0,0,0,0,10,0,0,0,0,0,0,0,male,South Africa in West Indies ODI Series,ODI,ADS Fletcher,0,West Indies,South Africa,2010-05-22,,6
1bae756b,489212,1,1,5,0,0,0,0,0,0,4,0,0,0,0,0,0,0,male,,T20,ADS Fletcher,lbw,West Indies,Pakistan,2011-04-21,,6
1bae756b,489220,11,1,17,0,1,2,0,0,0,13,0,0,0,0,0,0,0,male,,T20,ADS Fletcher,bowled,West Indies,India,2011-06-04,,6
1bae756b,635215,57,1,41,4,4,2,0,0,0,17,0,0,0,0,0,0,0,male,Caribbean Premier League,T20,ADS Fletcher,0,St Lucia Zouks,Barbados Tridents,2013-07-30,,6
1bae756b,635221,23,1,34,0,2,1,0,0,0,22,0,0,0,0,0,0,0,male,Caribbean Premier League,T20,ADS Fletcher,0,St Lucia Zouks,Guyana Amazon Warriors,2013-08-04,,6
1bae756b,635222,20,1,7,2,2,0,0,0,0,3,0,0,0,0,0,0,0,male,Caribbean Premier League,T20,ADS Fletcher,0,St Lucia Zouks,Antigua Hawksbills,2013-08-06,,6
1bae756b,635226,2,1,4,0,0,2,0,0,0,2,0,0,0,0,0,0,0,male,Caribbean Premier League,T20,ADS Fletcher,0,St Lucia Zouks,Jamaica Tallawahs,2013-08-10,,6
1bae756b,635231,76,1,53,4,3,0,0,0,0,12,0,0,0,0,0,0,0,male,Caribbean Premier League,T20,ADS Fletcher,bowled,St Lucia Zouks,Antigua Hawksbills,2013-08-15,,6
1bae756b,635234,46,0,62,2,1,0,0,0,0,29,0,0,0,0,0,0,0,male,Caribbean Premier League,T20,ADS Fletcher,0,St Lucia Zouks,Trinidad & Tobago Red Steel,2013-08-17,,6
1bae756b,661695,23,1,25,0,1,1,0,0,0,10,0,0,0,0,0,0,0,male,West Indies in New Zealand T20I Series,T20,ADS Fletcher,caught,West Indies,New Zealand,2014-01-11,,6
1bae756b,661697,40,1,36,3,1,0,0,0,0,15,0,0,0,0,0,0,0,male,West Indies in New Zealand T20I Series,T20,ADS Fletcher,run out,West Indies,New Zealand,2014-01-15,,6
1bae756b,702143,19,1,15,0,2,0,0,0,0,8,0,0,0,0,0,0,0,male,Ireland in West Indies T20I Series,T20,ADS Fletcher,caught,West Indies,Ireland,2014-02-21,,6
1bae756b,730283,52,1,43,1,4,0,0,0,0,19,0,0,0,0,0,0,0,male,New Zealand in West Indies T20I Series,T20,ADS Fletcher,caught,West Indies,New Zealand,2014-07-05,,6
1bae756b,730285,62,1,49,3,3,0,0,0,0,15,0,0,0,0,0,0,0,male,New Zealand in West Indies T20I Series,T20,ADS Fletcher,0,West Indies,New Zealand,2014-07-06,,6
1bae756b,743149,4,1,9,0,0,0,0,0,0,5,0,0,0,0,0,0,0,male,Caribbean Premier League,T20,ADS Fletcher,caught,St Lucia Zouks,Guyana Amazon Warriors,2014-07-19,,6
1bae756b,743155,27,1,30,1,1,1,0,0,0,13,0,0,0,0,0,0,0,male,Caribbean Premier League,T20,ADS Fletcher,caught,St Lucia Zouks,Barbados Tridents,2014-07-23,,6
1bae756b,743165,4,1,10,0,0,0,0,0,0,6,0,0,0,0,0,0,0,male,Caribbean Premier League,T20,ADS Fletcher,bowled,St Lucia Zouks,Trinidad & Tobago Red Steel,2014-07-27,,6
1bae756b,743169,2,1,3,0,0,2,0,0,0,2,0,0,0,0,0,0,0,male,Caribbean Premier League,T20,ADS Fletcher,0,St Lucia Zouks,Barbados Tridents,2014-07-31,,6
1bae756b,743173,24,1,37,3,0,0,0,0,0,23,0,0,0,0,0,0,0,male,Caribbean Premier League,T20,ADS Fletcher,0,St Lucia Zouks,Trinidad & Tobago Red Steel,2014-08-02,,6
1bae756b,743177,2,1,7,0,0,0,0,0,0,5,0,0,0,0,0,0,0,male,Caribbean Premier League,T20,ADS Fletcher,caught,St Lucia Zouks,Antigua Hawksbills,2014-08-03,,6
1bae756b,743183,49,1,37,3,3,0,0,0,0,13,0,0,0,0,0,0,0,male,Caribbean Premier League,T20,ADS Fletcher,lbw,St Lucia Zouks,Jamaica Tallawahs,2014-08-09,,6
1bae756b,743187,78,1,50,5,5,0,0,0,0,16,0,0,0,0,0,0,0,male,Caribbean Premier League,T20,ADS Fletcher,0,St Lucia Zouks,Guyana Amazon Warriors,2014-08-10,,6
1bae756b,736063,2,1,6,0,0,1,0,0,0,4,0,0,0,0,0,0,0,male,West Indies in South Africa T20I Series,T20,ADS Fletcher,caught,West Indies,South Africa,2015-01-14,,6
1bae756b,857705,57,1,49,5,2,0,0,0,0,21,0,0,0,0,0,0,0,male,Caribbean Premier League,T20,ADS Fletcher,0,St Lucia Zouks,Trinidad & Tobago Red Steel,2015-06-21,,6
1bae756b,857709,48,1,33,7,1,0,0,0,0,14,0,0,0,0,0,0,0,male,Caribbean Premier League,T20,ADS Fletcher,caught,St Lucia Zouks,St Kitts and Nevis Patriots,2015-06-24,,6
1bae756b,857713,36,1,25,5,1,0,0,0,1,11,0,0,0,0,0,0,0,male,Caribbean Premier League,T20,ADS Fletcher,lbw,St Lucia Zouks,Guyana Amazon Warriors,2015-06-26,,6
1bae756b,857717,14,1,17,1,0,0,0,0,0,8,0,0,0,0,0,0,0,male,Caribbean Premier League,T20,ADS Fletcher,caught,St Lucia Zouks,Jamaica Tallawahs,2015-06-28,,6
1bae756b,857721,52,1,38,2,4,0,0,0,0,14,0,0,0,0,0,0,0,male,Caribbean Premier League,T20,ADS Fletcher,0,St Lucia Zouks,Barbados Tridents,2015-07-01,,6
1bae756b,857725,77,1,55,3,5,1,0,0,0,18,0,0,0,0,0,0,0,male,Caribbean Premier League,T20,ADS Fletcher,0,St Lucia Zouks,Barbados Tridents,2015-07-03,,6
1bae756b,857733,8,1,10,1,0,0,0,0,0,6,0,0,0,0,0,0,0,male,Caribbean Premier League,T20,ADS Fletcher,0,St Lucia Zouks,Jamaica Tallawahs,2015-07-07,,6
1bae756b,857739,59,1,44,4,3,0,0,0,1,17,0,0,0,0,0,0,0,male,Caribbean Premier League,T20,ADS Fletcher,caught,St Lucia Zouks,St Kitts and Nevis Patriots,2015-07-10,,6
1bae756b,857747,3,1,5,0,0,1,0,0,0,2,0,0,0,0,0,0,0,male,Caribbean Premier League,T20,ADS Fletcher,caught,St Lucia Zouks,Trinidad & Tobago Red Steel,2015-07-14,,6
1bae756b,857753,15,1,21,2,0,0,0,0,0,12,0,10,0,0,0,0,3,male,Caribbean Premier League,T20,ADS Fletcher,lbw,St Lucia Zouks,Guyana Amazon Warriors,2015-07-17,,6
1bae756b,915777,3,1,15,0,0,0,0,0,0,13,0,0,0,0,0,0,0,male,West Indies in Sri Lanka ODI Series,ODI,ADS Fletcher,0,West Indies,Sri Lanka,2015-11-01,,6
1bae756b,915779,0,1,1,0,0,0,0,0,0,1,0,0,0,0,0,0,0,male,West Indies in Sri Lanka ODI Series,ODI,ADS Fletcher,0,West Indies,Sri Lanka,2015-11-04,,6
1bae756b,915781,6,1,14,1,0,0,0,0,0,12,0,0,0,0,0,0,0,male,West Indies in Sri Lanka ODI Series,ODI,ADS Fletcher,0,West Indies,Sri Lanka,2015-11-07,,6
1bae756b,915783,57,1,26,3,6,0,0,0,0,10,0,0,0,0,0,0,0,male,West Indies in Sri Lanka T20I Series,T20,ADS Fletcher,bowled,West Indies,Sri Lanka,2015-11-09,,6
1bae756b,915785,23,1,22,4,0,0,0,0,0,14,0,0,0,0,0,0,0,male,West Indies in Sri Lanka T20I Series,T20,ADS Fletcher,lbw,West Indies,Sri Lanka,2015-11-11,,6
1bae756b,951345,84,0,66,6,5,1,0,0,0,31,0,0,0,0,0,0,0,male,World T20,T20,ADS Fletcher,0,West Indies,Sri Lanka,2016-03-20,,6
1bae756b,951357,11,0,12,0,1,0,0,0,0,7,0,0,0,0,0,0,0,male,World T20,T20,ADS Fletcher,0,West Indies,South Africa,2016-03-25,,6
1bae756b,951365,11,0,13,2,0,1,0,0,0,8,0,0,0,0,0,0,0,male,World T20,T20,ADS Fletcher,0,West Indies,Afghanistan,2016-03-27,,6
1bae756b,932849,11,1,41,0,0,0,0,0,0,34,0,0,0,0,0,0,0,male,West Indies Tri-Nation Series,ODI,ADS Fletcher,bowled,West Indies,South Africa,2016-06-03,,6
1bae756b,932851,4,1,4,1,0,0,0,0,0,3,0,4,0,0,0,0,2,male,West Indies Tri-Nation Series,ODI,ADS Fletcher,0,West Indies,Australia,2016-06-05,,6
1bae756b,932857,27,1,27,3,2,0,0,1,0,19,0,0,0,0,0,0,0,male,West Indies Tri-Nation Series,ODI,ADS Fletcher,0,West Indies,Australia,2016-06-13,,6
1bae756b,932859,21,1,31,3,0,0,0,0,0,19,0,0,0,0,0,0,0,male,West Indies Tri-Nation Series,ODI,ADS Fletcher,caught,West Indies,South Africa,2016-06-15,,6
1bae756b,932863,9,1,22,1,0,0,0,0,0,17,0,13,0,0,0,0,6,male,West Indies Tri-Nation Series,ODI,ADS Fletcher,caught,West Indies,Australia,2016-06-21,,6
1bae756b,932865,8,1,6,2,0,0,0,0,0,4,0,9,0,0,0,0,3,male,West Indies Tri-Nation Series,ODI,ADS Fletcher,caught,West Indies,South Africa,2016-06-24,,6
1bae756b,932867,9,1,27,1,0,0,0,0,0,22,0,0,0,0,0,0,0,male,West Indies Tri-Nation Series,ODI,ADS Fletcher,0,West Indies,Australia,2016-06-26,,6
1bae756b,1025983,23,1,23,0,0,0,0,0,0,6,0,0,0,0,0,0,0,male,Caribbean Premier League,T20,ADS Fletcher,caught,St Lucia Zouks,Trinbago Knight Riders,2016-06-29,,6
1bae756b,994673,1,1,9,0,0,0,0,0,0,8,0,0,0,0,0,0,0,male,Caribbean Premier League,T20,ADS Fletcher,0,St Lucia Zouks,St Kitts and Nevis Patriots,2016-07-03,,6
1bae756b,1019649,20,1,13,2,1,0,0,0,0,4,0,0,0,0,0,0,0,male,Caribbean Premier League,T20,ADS Fletcher,caught,St Lucia Zouks,Barbados Tridents,2016-07-17,,6
1bae756b,1011497,6,1,5,1,0,0,0,0,0,2,0,0,0,0,0,0,0,male,Caribbean Premier League,T20,ADS Fletcher,0,St Lucia Zouks,St Kitts and Nevis Patriots,2016-07-21,,6
1bae756b,1011501,3,1,6,0,0,0,0,0,0,3,0,0,0,0,0,0,0,male,Caribbean Premier League,T20,ADS Fletcher,0,St Lucia Zouks,Guyana Amazon Warriors,2016-07-24,,6
1bae756b,1011503,25,0,25,3,0,1,0,0,0,9,0,0,0,0,0,0,0,male,Caribbean Premier League,T20,ADS Fletcher,0,St Lucia Zouks,Trinbago Knight Riders,2016-07-26,,6
1bae756b,994681,74,0,51,4,4,0,0,0,0,13,0,0,0,0,0,0,0,male,Caribbean Premier League,T20,ADS Fletcher,0,St Lucia Zouks,Jamaica Tallawahs,2016-07-30,,6
1bae756b,994687,70,1,55,4,5,0,0,0,0,24,0,0,0,0,0,0,0,male,Caribbean Premier League,T20,ADS Fletcher,0,St Lucia Zouks,Jamaica Tallawahs,2016-07-31,,6
1bae756b,1025667,41,1,44,3,1,2,0,0,0,18,0,0,0,0,0,0,0,male,Caribbean Premier League,T20,ADS Fletcher,0,St Lucia Zouks,Trinbago Knight Riders,2016-08-04,,6
1bae756b,1041615,0,0,0,0,0,1,0,0,0,0,0,0,0,0,0,0,0,male,West Indies v India T20I Series,T20,ADS Fletcher,0,West Indies,India,2016-08-27,,6
1bae756b,1041617,3,1,9,0,0,0,0,0,0,6,0,0,0,0,0,0,0,male,West Indies v India T20I Series,T20,ADS Fletcher,bowled,West Indies,India,2016-08-28,,6
1bae756b,1050217,2,1,7,0,0,0,0,0,0,5,0,0,0,0,0,0,0,male,Pakistan v West Indies T20I Series,T20,ADS Fletcher,bowled,West Indies,Pakistan,2016-09-23,,6
1bae756b,1050219,29,1,39,1,1,0,0,1,0,20,0,0,0,0,0,0,0,male,Pakistan v West Indies T20I Series,T20,ADS Fletcher,0,West Indies,Pakistan,2016-09-24,,6
1bae756b,1050221,9,1,17,1,0,1,0,0,0,12,0,0,0,0,0,0,0,male,Pakistan v West Indies T20I Series,T20,ADS Fletcher,run out,West Indies,Pakistan,2016-09-27,,6
1bae756b,1063062,23,1,17,3,1,1,0,0,0,9,0,0,0,0,0,0,0,male,Bangladesh Premier League,T20,ADS Fletcher,caught,Khulna Titans,Comilla Victorians,2016-11-13,,6
1bae756b,1063067,20,1,17,1,1,0,0,0,0,8,0,0,0,0,0,0,0,male,Bangladesh Premier League,T20,ADS Fletcher,caught,Khulna Titans,Dhaka Dynamites,2016-11-19,,6
1bae756b,1063052,4,1,10,0,0,0,0,0,0,6,0,0,0,0,0,0,0,male,Bangladesh Premier League,T20,ADS Fletcher,caught,Khulna Titans,Barisal Bulls,2016-11-20,,6
1bae756b,1063071,8,1,8,1,0,0,0,0,0,3,0,0,0,0,0,0,0,male,Bangladesh Premier League,T20,ADS Fletcher,lbw,Khulna Titans,Rangpur Riders,2016-11-22,,6
1bae756b,1063088,9,1,8,2,0,1,0,0,0,5,0,0,0,0,0,0,0,male,Bangladesh Premier League,T20,ADS Fletcher,0,Khulna Titans,Dhaka Dynamites,2016-12-04,,6
1bae756b,1063090,28,1,23,4,1,0,0,0,0,13,0,22,2,0,0,0,9,male,Bangladesh Premier League,T20,ADS Fletcher,0,Khulna Titans,Dhaka Dynamites,2016-12-06,,6
1bae756b,1094672,26,1,30,4,0,0,0,0,0,17,0,0,0,0,0,0,0,male,Caribbean Premier League,T20,ADS Fletcher,0,St Lucia Stars,Trinbago Knight Riders,2017-08-04,,6
1bae756b,1094677,40,1,46,3,1,0,0,0,0,21,0,10,0,0,0,0,2,male,Caribbean Premier League,T20,ADS Fletcher,0,St Lucia Stars,Trinbago Knight Riders,2017-08-07,,6
1bae756b,1094679,17,1,9,4,0,0,0,0,0,4,0,0,0,0,0,0,0,male,Caribbean Premier League,T20,ADS Fletcher,caught,St Lucia Stars,Barbados Tridents,2017-08-10,,6
1bae756b,1094681,48,1,34,6,1,2,0,0,0,10,0,0,0,0,0,0,0,male,Caribbean Premier League,T20,ADS Fletcher,0,St Lucia Stars,St Kitts and Nevis Patriots,2017-08-12,,6
1bae756b,1094683,13,1,9,1,1,0,0,0,0,5,0,0,0,0,0,0,0,male,Caribbean Premier League,T20,ADS Fletcher,caught,St Lucia Stars,Guyana Amazon Warriors,2017-08-13,,6
1bae756b,1094685,84,0,55,7,4,0,0,0,0,16,0,0,0,0,0,0,0,male,Caribbean Premier League,T20,ADS Fletcher,0,St Lucia Stars,Jamaica Tallawahs,2017-08-15,,6
1bae756b,1094689,27,0,29,4,0,0,0,0,0,14,0,0,0,0,0,0,0,male,Caribbean Premier League,T20,ADS Fletcher,0,St Lucia Stars,St Kitts and Nevis Patriots,2017-08-19,,6
1bae756b,1094692,1,1,3,0,0,0,0,0,2,2,0,0,0,0,0,0,0,male,Caribbean Premier League,T20,ADS Fletcher,caught,St Lucia Stars,Guyana Amazon Warriors,2017-08-22,,6
1bae756b,1094694,20,1,23,3,1,0,0,0,0,17,0,0,0,0,0,0,0,male,Caribbean Premier League,T20,ADS Fletcher,0,St Lucia Stars,Jamaica Tallawahs,2017-08-25,,6
1bae756b,1094698,10,1,5,1,1,1,0,0,1,3,0,0,0,0,0,0,0,male,Caribbean Premier League,T20,ADS Fletcher,caught,St Lucia Stars,Barbados Tridents,2017-08-31,,6
1bae756b,1121245,63,1,52,5,3,1,0,0,0,21,0,0,0,0,0,0,0,male,Bangladesh Premier League,T20,ADS Fletcher,caught,Sylhet Sixers,Dhaka Dynamites,2017-11-04,,6
1bae756b,1121247,36,1,29,5,2,0,0,0,0,18,0,0,0,0,0,0,0,male,Bangladesh Premier League,T20,ADS Fletcher,caught,Sylhet Sixers,Comilla Victorians,2017-11-05,,6
1bae756b,1121250,48,1,31,5,3,0,0,0,0,14,0,0,0,0,0,0,0,male,Bangladesh Premier League,T20,ADS Fletcher,0,Sylhet Sixers,Rajshahi Kings,2017-11-07,,6
1bae756b,1121252,4,1,4,1,0,0,0,0,0,3,0,0,0,0,0,0,0,male,Bangladesh Premier League,T20,ADS Fletcher,0,Sylhet Sixers,Khulna Titans,2017-11-08,,6
1bae756b,1121261,0,1,2,0,0,0,0,0,0,2,0,0,0,0,0,0,0,male,Bangladesh Premier League,T20,ADS Fletcher,caught,Sylhet Sixers,Rajshahi Kings,2017-11-17,,6
1bae756b,1121266,12,1,11,2,0,1,0,0,0,5,0,0,0,0,0,0,0,male,Bangladesh Premier League,T20,ADS Fletcher,caught,Sylhet Sixers,Rangpur Riders,2017-11-20,,6
1bae756b,1121270,71,1,46,8,4,1,0,0,0,21,0,0,0,0,0,0,0,male,Bangladesh Premier League,T20,ADS Fletcher,0,Sylhet Sixers,Chittagong Vikings,2017-11-24,,6
1bae756b,1121275,26,1,17,2,1,0,0,0,0,5,0,0,0,0,0,0,0,male,Bangladesh Premier League,T20,ADS Fletcher,0,Sylhet Sixers,Rangpur Riders,2017-11-28,,6
1bae756b,1121281,32,0,34,4,1,0,0,0,0,21,0,0,0,0,0,0,0,male,Bangladesh Premier League,T20,ADS Fletcher,0,Sylhet Sixers,Chittagong Vikings,2017-12-03,,6
1bae756b,1121286,25,1,31,2,0,1,0,0,0,15,0,0,0,0,0,0,0,male,Bangladesh Premier League,T20,ADS Fletcher,caught,Sylhet Sixers,Comilla Victorians,2017-12-06,,6
1bae756b,1115798,27,1,25,3,1,0,0,0,0,13,0,0,0,0,0,0,0,male,West Indies tour of New Zealand,T20,ADS Fletcher,0,West Indies,New Zealand,2017-12-29,,6
1bae756b,1115799,0,0,0,0,0,0,0,0,0,0,0,0,0,0,0,0,0,male,West Indies tour of New Zealand,T20,ADS Fletcher,0,West Indies,New Zealand,2018-01-01,,6
1bae756b,1115800,46,1,33,4,3,0,0,0,0,16,0,0,0,0,0,0,0,male,West Indies tour of New Zealand,T20,ADS Fletcher,0,West Indies,New Zealand,2018-01-03,,6
1bae756b,1128833,11,1,6,0,1,0,0,0,0,2,0,0,0,0,0,0,0,male,Pakistan Super League,T20,ADS Fletcher,0,Peshawar Zalmi,Multan Sultans,2018-03-06,,6
1bae756b,1128838,19,1,18,1,1,0,0,0,0,8,0,0,0,0,0,0,0,male,Pakistan Super League,T20,ADS Fletcher,caught,Peshawar Zalmi,Islamabad United,2018-03-09,,6
1bae756b,1128849,1,1,3,0,0,0,0,0,0,2,0,0,0,0,0,0,0,male,Pakistan Super League,T20,ADS Fletcher,caught,Peshawar Zalmi,Quetta Gladiators,2018-03-20,,6
1bae756b,1128850,34,1,31,3,2,0,0,0,0,17,0,0,0,0,0,0,0,male,Pakistan Super League,T20,ADS Fletcher,caught,Peshawar Zalmi,Karachi Kings,2018-03-21,,6
1bae756b,1128851,21,1,15,4,0,1,0,0,0,6,0,0,0,0,0,0,0,male,Pakistan Super League,T20,ADS Fletcher,lbw,Peshawar Zalmi,Islamabad United,2018-03-25,,6
1bae756b,1140069,0,1,3,0,0,1,0,0,0,3,0,0,0,0,0,0,0,male,West Indies tour of Pakistan,T20,ADS Fletcher,0,West Indies,Pakistan,2018-04-01,,6
1bae756b,1140070,1,1,3,0,0,0,0,0,0,2,0,0,0,0,0,0,0,male,West Indies tour of Pakistan,T20,ADS Fletcher,bowled,West Indies,Pakistan,2018-04-02,,6
1bae756b,1140071,52,1,43,4,3,0,0,0,0,18,0,0,0,0,0,0,0,male,West Indies tour of Pakistan,T20,ADS Fletcher,run out,West Indies,Pakistan,2018-04-03,,6
1bae756b,1141232,7,1,9,1,0,0,0,0,0,5,0,0,0,0,0,0,0,male,ICC World XI tour of England,T20,ADS Fletcher,0,West Indies,ICC World XI,2018-05-31,,6
1bae756b,1146723,7,1,7,0,1,1,0,0,0,5,0,0,0,0,0,0,0,male,Bangladesh tour of West Indies and United States of America,T20,ADS Fletcher,caught,West Indies,Bangladesh,2018-07-31,,6
1bae756b,1146724,43,1,40,3,2,0,0,0,0,17,0,0,0,0,0,0,0,male,Bangladesh tour of West Indies and United States of America,T20,ADS Fletcher,caught,West Indies,Bangladesh,2018-08-04,,6
1bae756b,1146725,6,1,7,0,0,0,0,0,0,5,0,0,0,0,0,0,0,male,Bangladesh tour of West Indies and United States of America,T20,ADS Fletcher,caught,West Indies,Bangladesh,2018-08-05,,6
1bae756b,1148647,19,1,13,1,2,0,0,0,0,7,0,0,0,0,0,0,0,male,Caribbean Premier League,T20,ADS Fletcher,0,St Lucia Stars,Trinbago Knight Riders,2018-08-08,,6
1bae756b,1148650,14,1,20,2,0,1,0,0,1,12,0,0,0,0,0,0,0,male,Caribbean Premier League,T20,ADS Fletcher,0,St Lucia Stars,Guyana Amazon Warriors,2018-08-11,,6
1bae756b,1148653,43,1,36,5,2,0,0,0,0,20,0,0,0,0,0,0,0,male,Caribbean Premier League,T20,ADS Fletcher,caught,St Lucia Stars,Jamaica Tallawahs,2018-08-14,,6
1bae756b,1148655,17,1,14,2,1,2,0,0,0,9,0,0,0,0,0,0,0,male,Caribbean Premier League,T20,ADS Fletcher,0,St Lucia Stars,Trinbago Knight Riders,2018-08-16,,6
1bae756b,1148656,80,1,54,6,6,0,0,0,1,22,0,0,0,0,0,0,0,male,Caribbean Premier League,T20,ADS Fletcher,caught,St Lucia Stars,Barbados Tridents,2018-08-17,,6
1bae756b,1148659,8,1,4,0,1,0,0,0,0,2,0,0,0,0,0,0,0,male,Caribbean Premier League,T20,ADS Fletcher,0,St Lucia Stars,St Kitts and Nevis Patriots,2018-08-21,,6
1bae756b,1148661,45,0,49,2,1,0,0,0,1,22,0,0,0,0,0,0,0,male,Caribbean Premier League,T20,ADS Fletcher,0,St Lucia Stars,Guyana Amazon Warriors,2018-08-24,,6
1bae756b,1148663,21,1,25,2,0,1,0,0,0,12,0,0,0,0,0,0,0,male,Caribbean Premier League,T20,ADS Fletcher,0,St Lucia Stars,Jamaica Tallawahs,2018-08-25,,6
1bae756b,1148670,5,1,5,1,0,0,0,0,0,3,0,0,0,0,0,0,0,male,Caribbean Premier League,T20,ADS Fletcher,caught,St Lucia Stars,Barbados Tridents,2018-09-02,,6
1bae756b,1160585,48,1,22,2,6,1,0,0,0,10,0,0,0,0,0,0,0,male,Afghanistan Premier League,T20,ADS Fletcher,caught,Nangarhar Leopards,Balkh Legends,2018-10-17,,6
1bae756b,1160589,13,1,13,3,0,0,0,0,0,9,0,0,0,0,0,0,0,male,Afghanistan Premier League,T20,ADS Fletcher,0,Nangarhar Leopards,Balkh Legends,2018-10-19,,6
1bae756b,1169394,4,1,2,1,0,0,0,0,0,1,0,0,0,0,0,0,0,male,Bangladesh Premier League,T20,ADS Fletcher,bowled,Sylhet Sixers,Comilla Victorians,2019-01-15,,6
1bae756b,1169418,66,1,54,6,2,0,0,0,0,19,0,0,0,0,0,0,0,male,Bangladesh Premier League,T20,ADS Fletcher,caught,Sylhet Sixers,Chittagong Vikings,2019-02-01,,6
1bae756b,1168822,1,1,3,0,0,0,0,0,0,2,0,0,0,0,0,0,0,male,Pakistan Super League,T20,ADS Fletcher,0,Peshawar Zalmi,Quetta Gladiators,2019-02-15,,6
1bae756b,1168838,24,1,14,3,1,0,0,0,0,5,0,0,0,0,0,0,0,male,Pakistan Super League,T20,ADS Fletcher,caught,Peshawar Zalmi,Multan Sultans,2019-02-28,,6
1bae756b,1168840,21,1,21,1,2,1,0,0,0,13,0,0,0,0,0,0,0,male,Pakistan Super League,T20,ADS Fletcher,caught,Peshawar Zalmi,Islamabad United,2019-03-01,,6
1bae756b,1168842,26,1,29,2,1,0,0,0,0,15,0,0,0,0,0,0,0,male,Pakistan Super League,T20,ADS Fletcher,0,Peshawar Zalmi,Quetta Gladiators,2019-03-04,,6
1bae756b,1185838,8,1,10,0,1,1,0,0,2,7,0,0,0,0,0,0,0,male,Caribbean Premier League,T20,ADS Fletcher,0,St Lucia Zouks,Guyana Amazon Warriors,2019-09-05,,6
1bae756b,1185841,26,1,33,2,1,0,0,0,1,21,0,0,0,0,0,0,0,male,Caribbean Premier League,T20,ADS Fletcher,0,St Lucia Zouks,Trinbago Knight Riders,2019-09-08,,6
1bae756b,1185845,47,0,38,2,3,1,0,0,0,14,0,0,0,0,0,0,0,male,Caribbean Premier League,T20,ADS Fletcher,0,St Lucia Zouks,Jamaica Tallawahs,2019-09-12,,6
1bae756b,1185849,1,1,2,0,0,0,0,0,0,1,0,0,0,0,0,0,0,male,Caribbean Premier League,T20,ADS Fletcher,0,St Lucia Zouks,St Kitts and Nevis Patriots,2019-09-15,,6
1bae756b,1185853,14,1,15,2,0,0,0,0,0,8,0,0,0,0,0,0,0,male,Caribbean Premier League,T20,ADS Fletcher,0,St Lucia Zouks,Barbados Tridents,2019-09-20,,6
1bae756b,1185854,9,1,6,2,0,0,0,0,0,3,0,0,0,0,0,0,0,male,Caribbean Premier League,T20,ADS Fletcher,caught,St Lucia Zouks,Trinbago Knight Riders,2019-09-21,,6
1bae756b,1185857,36,1,24,4,2,0,0,0,0,10,0,0,0,0,0,0,0,male,Caribbean Premier League,T20,ADS Fletcher,stumped,St Lucia Zouks,St Kitts and Nevis Patriots,2019-09-24,,6
1bae756b,1185858,18,1,18,3,0,1,0,0,0,9,0,0,0,0,0,0,0,male,Caribbean Premier League,T20,ADS Fletcher,caught,St Lucia Zouks,Guyana Amazon Warriors,2019-09-25,,6
1bae756b,1185860,17,1,8,2,1,2,0,0,0,2,0,0,0,0,0,0,0,male,Caribbean Premier League,T20,ADS Fletcher,caught,St Lucia Zouks,Jamaica Tallawahs,2019-09-27,,6
1bae756b,1185862,8,1,9,1,0,1,0,0,0,4,0,0,0,0,0,0,0,male,Caribbean Premier League,T20,ADS Fletcher,0,St Lucia Zouks,Barbados Tridents,2019-09-29,,6
1bae756b,1208074,10,1,6,1,1,1,0,0,0,4,0,0,0,0,0,0,0,male,Bangladesh Premier League,T20,ADS Fletcher,caught,Sylhet Thunder,Dhaka Platoon,2019-12-14,,6
1bae756b,1208076,38,1,32,3,1,0,0,0,0,10,0,0,0,0,0,0,0,male,Bangladesh Premier League,T20,ADS Fletcher,0,Sylhet Thunder,Chattogram Challengers,2019-12-17,,6
1bae756b,1208081,103,0,61,11,5,0,0,0,0,18,0,0,0,0,0,0,0,male,Bangladesh Premier League,T20,ADS Fletcher,0,Sylhet Thunder,Khulna Tigers,2019-12-21,,6
1bae756b,1208085,0,1,1,0,0,1,0,0,0,1,0,0,0,0,0,0,0,male,Bangladesh Premier League,T20,ADS Fletcher,0,Sylhet Thunder,Dhaka Platoon,2019-12-24,,6
1bae756b,1208090,37,1,28,4,2,0,0,0,0,13,0,0,0,0,0,0,0,male,Bangladesh Premier League,T20,ADS Fletcher,caught,Sylhet Thunder,Khulna Tigers,2019-12-28,,6
1bae756b,1208091,0,1,2,0,0,1,0,0,0,2,0,0,0,0,0,0,0,male,Bangladesh Premier League,T20,ADS Fletcher,caught,Sylhet Thunder,Rangpur Rangers,2019-12-30,,6
1bae756b,1208096,7,1,8,1,0,1,0,0,0,4,0,0,0,0,0,0,0,male,Bangladesh Premier League,T20,ADS Fletcher,0,Sylhet Thunder,Cumilla Warriors,2020-01-02,,6
1bae756b,1208098,19,1,12,1,2,1,0,0,0,7,0,0,0,0,0,0,0,male,Bangladesh Premier League,T20,ADS Fletcher,caught,Sylhet Thunder,Rangpur Rangers,2020-01-03,,6
1bae756b,1208100,25,0,33,2,0,0,0,0,0,16,0,0,0,0,0,0,0,male,Bangladesh Premier League,T20,ADS Fletcher,0,Sylhet Thunder,Rajshahi Royals,2020-01-04,,6
1bae756b,1208101,22,1,25,4,0,0,0,0,0,15,0,0,0,0,0,0,0,male,Bangladesh Premier League,T20,ADS Fletcher,caught,Sylhet Thunder,Cumilla Warriors,2020-01-07,,6
1bae756b,1227867,22,1,23,2,1,1,0,0,0,12,0,0,0,0,0,0,0,male,Caribbean Premier League,T20,ADS Fletcher,caught,St Lucia Zouks,Jamaica Tallawahs,2020-08-19,,6
1bae756b,1227869,16,0,7,2,1,1,0,0,0,2,0,0,0,0,0,0,0,male,Caribbean Premier League,T20,ADS Fletcher,0,St Lucia Zouks,Barbados Tridents,2020-08-20,,6
1bae756b,1227871,46,1,34,6,1,2,0,0,0,13,0,0,0,0,0,0,0,male,Caribbean Premier League,T20,ADS Fletcher,0,St Lucia Zouks,St Kitts and Nevis Patriots,2020-08-22,,6
1bae756b,1227874,12,1,16,1,0,3,0,0,0,7,0,0,0,0,0,0,0,male,Caribbean Premier League,T20,ADS Fletcher,0,St Lucia Zouks,Guyana Amazon Warriors,2020-08-23,,6
1bae756b,1227877,10,1,7,0,1,1,0,0,0,3,0,0,0,0,0,0,0,male,Caribbean Premier League,T20,ADS Fletcher,0,St Lucia Zouks,Trinbago Knight Riders,2020-08-26,,6
1bae756b,1227879,16,1,17,1,1,1,0,0,0,10,0,0,0,0,0,0,0,male,Caribbean Premier League,T20,ADS Fletcher,caught,St Lucia Zouks,St Kitts and Nevis Patriots,2020-08-27,,6
1bae756b,1227883,6,1,2,0,1,0,0,0,0,1,0,0,0,0,0,0,0,male,Caribbean Premier League,T20,ADS Fletcher,lbw,St Lucia Zouks,Barbados Tridents,2020-08-30,,6
1bae756b,1227888,1,1,5,0,0,0,0,0,0,4,0,0,0,0,0,0,0,male,Caribbean Premier League,T20,ADS Fletcher,caught,St Lucia Zouks,Guyana Amazon Warriors,2020-09-02,,6
1bae756b,1227891,42,1,27,1,3,2,0,0,0,5,0,0,0,0,0,0,0,male,Caribbean Premier League,T20,ADS Fletcher,caught,St Lucia Zouks,Trinbago Knight Riders,2020-09-05,,6
1bae756b,1227894,1,1,4,0,0,1,0,0,0,3,0,0,0,0,0,0,0,male,Caribbean Premier League,T20,ADS Fletcher,caught,St Lucia Zouks,Jamaica Tallawahs,2020-09-06,,6
1bae756b,1227896,0,0,0,0,0,1,0,0,1,0,0,0,0,0,0,0,0,male,Caribbean Premier League,T20,ADS Fletcher,0,St Lucia Zouks,Guyana Amazon Warriors,2020-09-08,,6
1bae756b,1227897,39,1,28,4,2,1,0,0,0,11,0,0,0,0,0,0,0,male,Caribbean Premier League,T20,ADS Fletcher,caught,St Lucia Zouks,Trinbago Knight Riders,2020-09-10,,6
1bae756b,1233954,34,1,17,3,3,0,0,0,0,7,0,0,0,0,0,0,0,male,West Indies tour of New Zealand,T20,ADS Fletcher,0,West Indies,New Zealand,2020-11-27,,6
1bae756b,1233955,20,0,14,0,2,0,0,0,0,8,0,0,0,0,0,0,0,male,West Indies tour of New Zealand,T20,ADS Fletcher,0,West Indies,New Zealand,2020-11-29,,6
1bae756b,1233956,4,0,4,1,0,0,0,0,0,3,0,0,0,0,0,0,0,male,West Indies tour of New Zealand,T20,ADS Fletcher,0,West Indies,New Zealand,2020-11-30,,6
1bae756b,1226872,12,1,11,1,1,0,0,0,0,7,0,9,0,0,0,0,4,male,Big Bash League,T20,ADS Fletcher,caught and bowled,Melbourne Stars,Brisbane Heat,2020-12-11,,6
1bae756b,1226828,12,1,10,1,1,1,0,0,0,6,0,0,0,0,0,0,0,male,Big Bash League,T20,ADS Fletcher,0,Melbourne Stars,Sydney Thunder,2020-12-12,,6
1bae756b,1226867,6,0,4,1,0,0,0,0,0,1,0,0,0,0,0,0,0,male,Big Bash League,T20,ADS Fletcher,0,Melbourne Stars,Perth Scorchers,2020-12-16,,6
1bae756b,1226846,4,1,5,1,0,1,0,0,0,4,0,0,0,0,0,0,0,male,Big Bash League,T20,ADS Fletcher,caught,Melbourne Stars,Sydney Sixers,2020-12-26,,6
1bae756b,1226854,18,1,17,2,1,1,0,0,0,10,0,0,0,0,0,0,0,male,Big Bash League,T20,ADS Fletcher,0,Melbourne Stars,Sydney Thunder,2020-12-29,,6
1bae756b,1226844,10,1,8,2,0,0,0,0,0,5,0,0,0,0,0,0,0,male,Big Bash League,T20,ADS Fletcher,run out,Melbourne Stars,Hobart Hurricanes,2021-01-02,,6
1bae756b,1226879,10,1,5,2,0,2,0,0,0,2,0,0,0,0,0,0,0,male,Big Bash League,T20,ADS Fletcher,0,Melbourne Stars,Hobart Hurricanes,2021-01-04,,6
1bae756b,1226835,15,1,13,2,0,0,0,0,0,4,0,0,0,0,0,0,0,male,Big Bash League,T20,ADS Fletcher,caught,Melbourne Stars,Brisbane Heat,2021-01-07,,6
1bae756b,1226876,12,1,12,0,2,0,0,0,0,10,0,0,0,0,0,0,0,male,Big Bash League,T20,ADS Fletcher,0,Melbourne Stars,Adelaide Strikers,2021-01-11,,6
1bae756b,1226839,89,0,49,8,4,1,0,0,0,10,0,0,0,0,0,0,0,male,Big Bash League,T20,ADS Fletcher,0,Melbourne Stars,Adelaide Strikers,2021-01-15,,6
1bae756b,1226864,7,1,11,0,0,2,0,0,0,5,0,0,0,0,0,0,0,male,Big Bash League,T20,ADS Fletcher,0,Melbourne Stars,Melbourne Renegades,2021-01-17,,6
1bae756b,1226869,11,1,15,2,0,0,0,0,0,11,0,0,0,0,0,0,0,male,Big Bash League,T20,ADS Fletcher,0,Melbourne Stars,Melbourne Renegades,2021-01-20,,6
1bae756b,1263151,30,1,21,3,2,0,0,0,0,10,0,0,0,0,0,0,0,male,South Africa tour of West Indies,T20,ADS Fletcher,0,West Indies,South Africa,2021-06-26,,6
1bae756b,1263152,35,1,37,2,1,1,0,0,0,17,0,0,0,0,0,0,0,male,South Africa tour of West Indies,T20,ADS Fletcher,0,West Indies,South Africa,2021-06-27,,6
1bae756b,1263157,9,1,7,0,1,0,0,0,0,4,0,0,0,0,0,0,0,male,Australia tour of West Indies,T20,ADS Fletcher,bowled,West Indies,Australia,2021-07-10,,6
1bae756b,1263158,4,1,3,1,0,0,0,0,0,2,0,0,0,0,0,0,0,male,Australia tour of West Indies,T20,ADS Fletcher,0,West Indies,Australia,2021-07-12,,6
1bae756b,1263159,6,1,14,1,0,0,0,0,0,11,0,0,0,0,0,0,0,male,Australia tour of West Indies,T20,ADS Fletcher,0,West Indies,Australia,2021-07-14,,6
1bae756b,1263160,12,1,16,0,1,0,0,0,0,9,0,0,0,0,0,0,0,male,Australia tour of West Indies,T20,ADS Fletcher,bowled,West Indies,Australia,2021-07-16,,6
1bae756b,1263165,0,1,2,0,0,0,0,1,0,2,0,0,0,0,0,0,0,male,Pakistan tour of West Indies,T20,ADS Fletcher,bowled,West Indies,Pakistan,2021-07-31,,6
1bae756b,1263166,14,0,6,0,2,0,0,0,0,2,0,0,0,0,0,0,0,male,Pakistan tour of West Indies,T20,ADS Fletcher,0,West Indies,Pakistan,2021-08-01,,6
1bae756b,1263167,17,0,12,1,2,0,0,0,0,8,0,0,0,0,0,0,0,male,Pakistan tour of West Indies,T20,ADS Fletcher,0,West Indies,Pakistan,2021-08-03,,6
1bae756b,1269702,9,1,8,1,0,1,0,0,0,2,0,0,0,0,0,0,0,male,Caribbean Premier League,T20,ADS Fletcher,caught,St Lucia Kings,Jamaica Tallawahs,2021-08-27,,6
1bae756b,1269706,28,1,26,0,3,0,0,0,0,14,0,0,0,0,0,0,0,male,Caribbean Premier League,T20,ADS Fletcher,0,St Lucia Kings,Trinbago Knight Riders,2021-08-29,,6
1bae756b,1269708,81,0,57,6,4,0,0,0,0,21,0,0,0,0,0,0,0,male,Caribbean Premier League,T20,ADS Fletcher,0,St Lucia Kings,Trinbago Knight Riders,2021-08-31,,6
1bae756b,1269712,4,1,8,1,0,3,0,1,0,7,0,0,0,0,0,0,0,male,Caribbean Premier League,T20,ADS Fletcher,caught,St Lucia Kings,Guyana Amazon Warriors,2021-09-02,,6
1bae756b,1269714,23,1,19,1,1,2,0,0,0,5,0,0,0,0,0,0,0,male,Caribbean Premier League,T20,ADS Fletcher,caught,St Lucia Kings,St Kitts and Nevis Patriots,2021-09-04,,6
1bae756b,1269716,0,1,1,0,0,2,0,0,1,1,0,0,0,0,0,0,0,male,Caribbean Premier League,T20,ADS Fletcher,0,St Lucia Kings,St Kitts and Nevis Patriots,2021-09-05,,6
1bae756b,1269721,8,1,11,1,0,1,0,0,0,6,0,0,0,0,0,0,0,male,Caribbean Premier League,T20,ADS Fletcher,0,St Lucia Kings,Guyana Amazon Warriors,2021-09-08,,6
1bae756b,1269723,30,1,13,2,2,0,0,0,0,2,0,0,0,0,0,0,0,male,Caribbean Premier League,T20,ADS Fletcher,caught,St Lucia Kings,Jamaica Tallawahs,2021-09-09,,6
1bae756b,1269724,0,1,2,0,0,2,0,0,0,2,0,0,0,0,0,0,0,male,Caribbean Premier League,T20,ADS Fletcher,0,St Lucia Kings,Barbados Royals,2021-09-11,,6
1bae756b,1269727,31,1,28,3,2,0,0,0,0,16,0,0,0,0,0,0,0,male,Caribbean Premier League,T20,ADS Fletcher,0,St Lucia Kings,Barbados Royals,2021-09-12,,6
1bae756b,1269730,4,1,16,0,0,2,0,0,0,12,0,0,0,0,0,0,0,male,Caribbean Premier League,T20,ADS Fletcher,0,St Lucia Kings,Trinbago Knight Riders,2021-09-14,,6
1bae756b,1269732,11,1,7,0,1,0,0,1,0,2,0,0,0,0,0,0,0,male,Caribbean Premier League,T20,ADS Fletcher,0,St Lucia Kings,St Kitts and Nevis Patriots,2021-09-15,,6
1bae756b,1296686,45,1,23,7,1,0,0,0,0,6,0,0,0,0,0,0,0,male,Bangladesh Premier League,T20,ADS Fletcher,0,Khulna Tigers,Minister Group Dhaka,2022-01-21,,6
1bae756b,1296690,16,1,12,1,1,1,0,1,0,4,0,0,0,0,0,0,0,male,Bangladesh Premier League,T20,ADS Fletcher,0,Khulna Tigers,Chattogram Challengers,2022-01-24,,6
1bae756b,1296693,58,1,47,6,2,0,0,0,0,17,0,0,0,0,0,0,0,male,Bangladesh Premier League,T20,ADS Fletcher,caught,Khulna Tigers,Chattogram Challengers,2022-01-28,,6
1bae756b,1296695,4,1,4,1,0,1,0,0,0,3,0,0,0,0,0,0,0,male,Bangladesh Premier League,T20,ADS Fletcher,0,Khulna Tigers,Fortune Barishal,2022-01-29,,6
1bae756b,1296698,12,1,23,1,0,0,0,0,0,16,0,0,0,0,0,0,0,male,Bangladesh Premier League,T20,ADS Fletcher,caught,Khulna Tigers,Fortune Barishal,2022-01-31,,6
1bae756b,1296701,71,0,49,5,5,0,0,0,0,20,0,0,0,0,0,0,0,male,Bangladesh Premier League,T20,ADS Fletcher,0,Khulna Tigers,Sylhet Sunrisers,2022-02-03,,6
1bae756b,1296706,1,0,1,0,0,0,0,0,0,0,0,0,0,0,0,0,0,male,Bangladesh Premier League,T20,ADS Fletcher,0,Khulna Tigers,Sylhet Sunrisers,2022-02-07,,6
1bae756b,1296709,6,1,12,0,0,0,0,0,0,7,0,5,0,0,0,0,2,male,Bangladesh Premier League,T20,ADS Fletcher,0,Khulna Tigers,Minister Group Dhaka,2022-02-09,,6
1bae756b,1296711,16,1,7,0,2,1,0,0,0,3,0,0,0,0,0,0,0,male,Bangladesh Premier League,T20,ADS Fletcher,0,Khulna Tigers,Comilla Victorians,2022-02-11,,6
1bae756b,1296714,101,0,63,6,6,0,0,0,0,18,0,0,0,0,0,0,0,male,Bangladesh Premier League,T20,ADS Fletcher,0,Khulna Tigers,Comilla Victorians,2022-02-12,,6
1bae756b,1296715,80,0,60,6,4,1,0,0,0,21,0,0,0,0,0,0,0,male,Bangladesh Premier League,T20,ADS Fletcher,0,Khulna Tigers,Chattogram Challengers,2022-02-14,,6
1bae756b,1323144,31,1,35,2,1,0,0,0,0,16,0,0,0,0,0,0,0,male,Caribbean Premier League,T20,ADS Fletcher,0,St Kitts and Nevis Patriots,Jamaica Tallawahs,2022-08-31,,6
1bae756b,1323146,81,1,58,11,1,0,0,0,0,20,0,0,0,0,0,0,0,male,Caribbean Premier League,T20,ADS Fletcher,0,St Kitts and Nevis Patriots,Barbados Royals,2022-09-01,,6
1bae756b,1323153,41,1,40,4,0,1,0,0,1,14,0,0,0,0,0,0,0,male,Caribbean Premier League,T20,ADS Fletcher,caught,St Kitts and Nevis Patriots,Guyana Amazon Warriors,2022-09-08,,6
1bae756b,1323158,0,1,4,0,0,0,0,0,0,4,0,0,0,0,0,0,0,male,Caribbean Premier League,T20,ADS Fletcher,caught,St Kitts and Nevis Patriots,St Lucia Kings,2022-09-11,,6
1bae756b,1323160,45,0,39,3,3,0,0,0,0,20,0,0,0,0,0,0,0,male,Caribbean Premier League,T20,ADS Fletcher,0,St Kitts and Nevis Patriots,Jamaica Tallawahs,2022-09-14,,6
1bae756b,1323163,9,1,15,1,0,1,0,0,0,10,0,0,0,0,0,0,0,male,Caribbean Premier League,T20,ADS Fletcher,bowled,St Kitts and Nevis Patriots,St Lucia Kings,2022-09-17,,6
1bae756b,1323167,20,1,21,2,1,2,0,0,0,12,0,0,0,0,0,0,0,male,Caribbean Premier League,T20,ADS Fletcher,0,St Kitts and Nevis Patriots,Barbados Royals,2022-09-21,,6
1bae756b,1323169,2,1,12,0,0,1,0,0,1,10,0,0,0,0,0,0,0,male,Caribbean Premier League,T20,ADS Fletcher,0,St Kitts and Nevis Patriots,Trinbago Knight Riders,2022-09-22,,6
1bae756b,1324520,102,0,68,11,3,1,0,0,0,22,0,0,0,0,0,0,0,male,Lanka Premier League,T20,ADS Fletcher,0,Kandy Falcons,Colombo Stars,2022-12-06,,6
1bae756b,1324522,20,1,15,3,1,0,0,0,0,10,0,0,0,0,0,0,0,male,Lanka Premier League,T20,ADS Fletcher,0,Kandy Falcons,Galle Gladiators,2022-12-07,,6
1bae756b,1324524,11,1,12,2,0,0,0,0,0,7,0,0,0,0,0,0,0,male,Lanka Premier League,T20,ADS Fletcher,0,Kandy Falcons,Jaffna Kings,2022-12-10,,6
1bae756b,1324527,8,1,9,1,0,0,0,0,0,4,0,0,0,0,0,0,0,male,Lanka Premier League,T20,ADS Fletcher,0,Kandy Falcons,Galle Gladiators,2022-12-12,,6
1bae756b,1324529,44,1,33,4,3,2,0,0,0,17,0,0,0,0,0,0,0,male,Lanka Premier League,T20,ADS Fletcher,0,Kandy Falcons,Dambulla Aura,2022-12-13,,6
1bae756b,1324531,35,1,22,4,2,3,0,0,0,9,0,0,0,0,0,0,0,male,Lanka Premier League,T20,ADS Fletcher,0,Kandy Falcons,Jaffna Kings,2022-12-14,,6
1bae756b,1324534,44,0,42,4,2,1,0,0,0,20,0,0,0,0,0,0,0,male,Lanka Premier League,T20,ADS Fletcher,0,Kandy Falcons,Colombo Stars,2022-12-17,,6
1bae756b,1324539,2,1,6,0,0,0,0,0,0,4,0,0,0,0,0,0,0,male,Lanka Premier League,T20,ADS Fletcher,caught,Kandy Falcons,Jaffna Kings,2022-12-21,,6
1bae756b,1324541,0,1,1,0,0,0,0,1,0,1,0,0,0,0,0,0,0,male,Lanka Premier League,T20,ADS Fletcher,0,Kandy Falcons,Colombo Stars,2022-12-22,,6
1bae756b,1346917,22,1,21,3,1,2,0,0,0,13,0,20,1,0,0,0,1,male,International League T20,T20,ADS Fletcher,0,MI Emirates,Sharjah Warriors,2023-01-14,,6
1bae756b,1346921,15,0,14,1,1,2,0,0,0,8,0,0,0,0,0,0,0,male,International League T20,T20,ADS Fletcher,0,MI Emirates,Sharjah Warriors,2023-01-17,,6
1bae756b,1346926,53,1,48,4,1,2,0,0,0,21,0,0,0,0,0,0,0,male,International League T20,T20,ADS Fletcher,0,MI Emirates,Abu Dhabi Knight Riders,2023-01-21,,6
1bae756b,1346928,35,0,38,2,1,0,0,0,0,15,0,0,0,0,0,0,0,male,International League T20,T20,ADS Fletcher,0,MI Emirates,Dubai Capitals,2023-01-22,,6
1bae756b,1346930,21,0,18,2,0,0,0,0,0,6,0,0,0,0,0,0,0,male,International League T20,T20,ADS Fletcher,0,MI Emirates,Desert Vipers,2023-01-24,,6
1bae756b,1346936,50,1,39,4,2,0,0,0,0,13,0,0,0,0,0,0,0,male,International League T20,T20,ADS Fletcher,caught,MI Emirates,Desert Vipers,2023-01-29,,6
1bae756b,1346939,4,1,2,1,0,0,0,0,0,1,0,0,0,0,0,0,0,male,International League T20,T20,ADS Fletcher,0,MI Emirates,Gulf Giants,2023-02-01,,6
1bae756b,1346941,22,1,25,2,0,2,0,0,0,14,0,0,0,0,0,0,0,male,International League T20,T20,ADS Fletcher,0,MI Emirates,Abu Dhabi Knight Riders,2023-02-03,,6
1bae756b,1346944,9,1,6,2,0,0,0,0,0,3,0,0,0,0,0,0,0,male,International League T20,T20,ADS Fletcher,0,MI Emirates,Dubai Capitals,2023-02-05,,6
1bae756b,1346947,68,0,49,4,4,0,0,0,0,17,0,0,0,0,0,0,0,male,International League T20,T20,ADS Fletcher,0,MI Emirates,Dubai Capitals,2023-02-09,,6
1bae756b,1346948,4,1,4,1,0,0,0,0,0,3,0,0,0,0,0,0,0,male,International League T20,T20,ADS Fletcher,caught,MI Emirates,Gulf Giants,2023-02-10,,6
1bae756b,1351094,12,1,16,1,0,0,0,0,0,8,0,0,0,0,0,0,0,male,Bangladesh Premier League,T20,ADS Fletcher,caught,Fortune Barishal,Rangpur Riders,2023-02-12,,6
1bae756b,1369560,0,0,0,0,0,0,0,0,0,0,0,0,0,0,0,0,0,male,Caribbean Premier League,T20,ADS Fletcher,0,St Kitts and Nevis Patriots,Trinbago Knight Riders,2023-08-19,,6
1bae756b,1369564,23,1,16,4,0,0,0,0,0,7,0,0,0,0,0,0,0,male,Caribbean Premier League,T20,ADS Fletcher,0,St Kitts and Nevis Patriots,Jamaica Tallawahs,2023-08-23,,6
1bae756b,1369565,1,1,5,0,0,1,0,0,0,4,0,0,0,0,0,0,0,male,Caribbean Premier League,T20,ADS Fletcher,0,St Kitts and Nevis Patriots,Guyana Amazon Warriors,2023-08-24,,6
1bae756b,1369567,51,1,41,5,3,0,0,0,0,21,0,0,0,0,0,0,0,male,Caribbean Premier League,T20,ADS Fletcher,lbw,St Kitts and Nevis Patriots,Barbados Royals,2023-08-26,,6
1bae756b,1369569,32,1,19,3,3,1,0,0,0,11,0,0,0,0,0,0,0,male,Caribbean Premier League,T20,ADS Fletcher,bowled,St Kitts and Nevis Patriots,Trinbago Knight Riders,2023-08-27,,6
1bae756b,1369572,11,1,8,1,1,1,0,0,0,5,0,0,0,0,0,0,0,male,Caribbean Premier League,T20,ADS Fletcher,caught,St Kitts and Nevis Patriots,Guyana Amazon Warriors,2023-09-02,,6
1bae756b,1369575,56,1,38,7,1,0,0,0,0,14,0,0,0,0,0,0,0,male,Caribbean Premier League,T20,ADS Fletcher,caught,St Kitts and Nevis Patriots,Barbados Royals,2023-09-03,,6
1bae756b,1369578,93,0,67,6,5,0,0,0,0,26,0,0,0,0,0,0,0,male,Caribbean Premier League,T20,ADS Fletcher,0,St Kitts and Nevis Patriots,St Lucia Kings,2023-09-09,,6
1bae756b,1369584,11,1,11,2,0,0,1,0,0,6,0,0,0,0,0,0,0,male,Caribbean Premier League,T20,ADS Fletcher,caught,St Kitts and Nevis Patriots,Jamaica Tallawahs,2023-09-16,,6
1bae756b,1406890,30,1,19,3,2,0,0,0,0,9,0,0,0,0,0,0,0,male,International League T20,T20,ADS Fletcher,caught,MI Emirates,Dubai Capitals,2024-01-20,,6
1bae756b,1406892,28,1,43,2,1,0,0,0,0,30,0,0,0,0,0,0,0,male,International League T20,T20,ADS Fletcher,0,MI Emirates,Gulf Giants,2024-01-21,,6
1bae756b,1406894,0,0,0,0,0,0,0,0,0,0,0,0,0,0,0,0,0,male,International League T20,T20,ADS Fletcher,0,MI Emirates,Abu Dhabi Knight Riders,2024-01-23,,6
1bae756b,1406897,42,1,31,4,2,1,0,0,0,14,0,0,0,0,0,0,0,male,International League T20,T20,ADS Fletcher,bowled,MI Emirates,Sharjah Warriors,2024-01-26,,6
1bae756b,1406900,0,0,0,0,0,1,0,0,0,0,0,0,0,0,0,0,0,male,International League T20,T20,ADS Fletcher,0,MI Emirates,Abu Dhabi Knight Riders,2024-01-28,,6
1bae756b,1406903,18,1,12,2,1,0,0,0,0,5,0,0,0,0,0,0,0,male,International League T20,T20,ADS Fletcher,bowled,MI Emirates,Desert Vipers,2024-01-30,,6
1bae756b,1406906,22,0,19,3,0,0,0,0,0,8,0,0,0,0,0,0,0,male,International League T20,T20,ADS Fletcher,0,MI Emirates,Sharjah Warriors,2024-02-02,,6
1bae756b,1406909,11,1,10,1,1,0,0,0,0,7,0,0,0,0,0,0,0,male,International League T20,T20,ADS Fletcher,caught,MI Emirates,Desert Vipers,2024-02-04,,6
1bae756b,1406914,11,1,10,2,0,2,0,0,0,5,0,0,0,0,0,0,0,male,International League T20,T20,ADS Fletcher,0,MI Emirates,Gulf Giants,2024-02-08,,6
1bae756b,1406917,45,1,40,4,0,1,0,0,0,12,0,0,0,0,0,0,0,male,International League T20,T20,ADS Fletcher,0,MI Emirates,Dubai Capitals,2024-02-10,,6
1bae756b,1406919,0,1,1,0,0,1,0,0,0,1,0,0,0,0,0,0,0,male,International League T20,T20,ADS Fletcher,bowled,MI Emirates,Gulf Giants,2024-02-14,,6
1bae756b,1406922,53,1,38,3,4,0,0,0,0,16,0,0,0,0,0,0,0,male,International League T20,T20,ADS Fletcher,caught,MI Emirates,Dubai Capitals,2024-02-17,,6
1bae756b,1433362,1,1,2,0,0,1,0,0,1,1,0,0,0,0,0,0,0,male,South Africa tour of West Indies,T20,ADS Fletcher,0,West Indies,South Africa,2024-05-23,,6
1bae756b,1433363,29,1,19,1,2,0,0,1,0,4,0,0,0,0,0,0,0,male,South Africa tour of West Indies,T20,ADS Fletcher,0,West Indies,South Africa,2024-05-25,,6
1bae756b,1433364,0,0,0,0,0,1,0,0,0,0,0,0,0,0,0,0,0,male,South Africa tour of West Indies,T20,ADS Fletcher,0,West Indies,South Africa,2024-05-26,,6
1bae756b,1428459,0,1,1,0,0,0,0,0,0,1,0,0,0,0,0,0,0,male,Lanka Premier League,T20,ADS Fletcher,0,Kandy Falcons,Dambulla Sixers,2024-07-01,,6
1bae756b,1428461,24,1,12,4,1,0,0,0,0,5,0,0,0,0,0,0,0,male,Lanka Premier League,T20,ADS Fletcher,stumped,Kandy Falcons,Colombo Strikers,2024-07-02,,6
1bae756b,1428465,47,1,38,5,2,1,0,0,0,18,0,0,0,0,0,0,0,male,Lanka Premier League,T20,ADS Fletcher,caught,Kandy Falcons,Colombo Strikers,2024-07-06,,6
1bae756b,1428467,50,1,38,4,2,1,0,0,0,13,0,0,0,0,0,0,0,male,Lanka Premier League,T20,ADS Fletcher,lbw,Kandy Falcons,Galle Marvels,2024-07-07,,6
1bae756b,1428469,13,1,7,1,1,1,0,0,0,3,0,0,0,0,0,0,0,male,Lanka Premier League,T20,ADS Fletcher,0,Kandy Falcons,Jaffna Kings,2024-07-09,,6
1bae756b,1428472,69,1,44,6,4,0,0,0,0,16,0,12,1,0,0,0,5,male,Lanka Premier League,T20,ADS Fletcher,lbw,Kandy Falcons,Galle Marvels,2024-07-10,,6
1bae756b,1428473,0,1,2,0,0,0,0,1,0,2,0,13,0,0,0,0,0,male,Lanka Premier League,T20,ADS Fletcher,0,Kandy Falcons,Jaffna Kings,2024-07-13,,6
1bae756b,1428476,60,1,34,1,7,0,0,0,0,12,0,0,0,0,0,0,0,male,Lanka Premier League,T20,ADS Fletcher,caught and bowled,Kandy Falcons,Dambulla Sixers,2024-07-15,,6
1bae756b,1428480,20,1,12,3,1,1,0,0,0,7,0,0,0,0,0,0,0,male,Lanka Premier League,T20,ADS Fletcher,0,Kandy Falcons,Colombo Strikers,2024-07-18,,6
1bae756b,1428481,38,1,21,3,4,2,0,0,0,12,0,0,0,0,0,0,0,male,Lanka Premier League,T20,ADS Fletcher,0,Kandy Falcons,Jaffna Kings,2024-07-20,,6
1bae756b,1417811,1,1,8,0,0,0,0,0,0,7,0,0,0,0,0,0,0,male,The Hundred Men's Competition,T20,ADS Fletcher,0,Southern Brave,Oval Invincibles,2024-08-08,,5
1bae756b,1417813,1,1,4,0,0,0,0,0,0,3,0,0,0,0,0,0,0,male,The Hundred Men's Competition,T20,ADS Fletcher,bowled,Southern Brave,Trent Rockets,2024-08-10,,5
1bae756b,1428678,25,1,16,4,1,0,0,0,0,9,0,0,0,0,0,0,0,male,Caribbean Premier League,T20,ADS Fletcher,stumped,St Kitts and Nevis Patriots,Antigua and Barbuda Falcons,2024-08-29,,6
1bae756b,1428680,0,1,2,0,0,0,0,0,0,2,0,0,0,0,0,0,0,male,Caribbean Premier League,T20,ADS Fletcher,caught,St Kitts and Nevis Patriots,Trinbago Knight Riders,2024-08-31,,6
1bae756b,1428682,1,1,2,0,0,0,0,0,0,1,0,0,0,0,0,0,0,male,Caribbean Premier League,T20,ADS Fletcher,0,St Kitts and Nevis Patriots,St Lucia Kings,2024-09-01,,6
1bae756b,1428684,81,1,36,4,9,0,0,1,0,12,0,0,0,0,0,0,0,male,Caribbean Premier League,T20,ADS Fletcher,0,St Kitts and Nevis Patriots,Guyana Amazon Warriors,2024-09-04,,6
1bae756b,1428686,0,1,2,0,0,0,0,1,0,2,0,0,0,0,0,0,0,male,Caribbean Premier League,T20,ADS Fletcher,0,St Kitts and Nevis Patriots,Barbados Royals,2024-09-06,,6
1bae756b,1428688,9,1,12,1,0,0,0,0,0,7,0,0,0,0,0,0,0,male,Caribbean Premier League,T20,ADS Fletcher,0,St Kitts and Nevis Patriots,Antigua and Barbuda Falcons,2024-09-08,,6
1bae756b,1428691,62,1,51,5,2,1,0,0,0,20,0,0,0,0,0,0,0,male,Caribbean Premier League,T20,ADS Fletcher,0,St Kitts and Nevis Patriots,St Lucia Kings,2024-09-12,,6
1bae756b,1428695,32,1,23,3,1,0,0,0,0,9,0,0,0,0,0,0,0,male,Caribbean Premier League,T20,ADS Fletcher,0,St Kitts and Nevis Patriots,Barbados Royals,2024-09-17,,6
1bae756b,1428698,15,1,13,3,0,1,0,0,0,7,0,0,0,0,0,0,0,male,Caribbean Premier League,T20,ADS Fletcher,0,St Kitts and Nevis Patriots,Guyana Amazon Warriors,2024-09-20,,6
1bae756b,1428702,93,1,62,4,6,0,0,0,0,21,0,0,0,0,0,0,0,male,Caribbean Premier League,T20,ADS Fletcher,caught,St Kitts and Nevis Patriots,Trinbago Knight Riders,2024-09-22,,6
1bae756b,1451815,4,1,11,0,0,0,0,0,0,7,0,0,0,0,0,0,0,male,West Indies tour of Sri Lanka,T20,ADS Fletcher,0,West Indies,Sri Lanka,2024-10-15,,6
