player_id,match_id,runs_scored,player_out,balls_faced,fours_scored,sixes_scored,catches_taken,run_out_direct,run_out_throw,stumpings_done,dot_balls_as_batsman,order_seenballs_bowled,runs_conceded,wickets_taken,bowled_done,lbw_done,maidens,dot_balls_as_bowler,gender,series_name,match_type,name,out_kind,player_team,opposition_team,start_date,end_date,balls_per_over
badd245f,1085960,0,1,3,0,0,0,0,0,0,3,0,13,0,0,0,0,4,female,ICC Women's World Cup,ODI,AK Peters,0,West Indies,New Zealand,2017-07-06,,6
badd245f,1085964,4,0,7,0,0,0,0,0,0,4,0,0,0,0,0,0,0,female,ICC Women's World Cup,ODI,AK Peters,0,West Indies,Sri Lanka,2017-07-09,,6
badd245f,1085965,0,0,0,0,0,0,0,0,0,0,0,20,1,0,0,0,17,female,ICC Women's World Cup,ODI,AK Peters,0,West Indies,Pakistan,2017-07-11,,6
badd245f,1085970,0,1,7,0,0,0,0,0,0,7,0,13,0,0,0,0,17,female,ICC Women's World Cup,ODI,AK Peters,lbw,West Indies,England,2017-07-15,,6
badd245f,1122902,0,0,0,0,0,0,0,0,0,0,0,0,0,0,0,0,0,female,Sri Lanka Women tour of West Indies,T20,AK Peters,0,West Indies,Sri Lanka,2017-10-21,,6
badd245f,1138193,2,1,12,0,0,0,0,0,0,10,0,26,0,0,0,0,13,female,ICC Women's Championship,ODI,AK Peters,caught and bowled,West Indies,New Zealand,2018-03-11,,6
badd245f,1138194,4,0,6,0,0,2,0,0,0,4,0,0,0,0,0,0,0,female,West Indies Women tour of New Zealand,T20,AK Peters,0,West Indies,New Zealand,2018-03-14,,6
badd245f,1138195,3,0,9,0,0,0,0,0,0,6,0,13,1,0,0,0,5,female,West Indies Women tour of New Zealand,T20,AK Peters,0,West Indies,New Zealand,2018-03-16,,6
badd245f,1138196,0,1,1,0,0,0,0,0,0,1,0,22,0,0,0,0,8,female,West Indies Women tour of New Zealand,T20,AK Peters,run out,West Indies,New Zealand,2018-03-20,,6
badd245f,1138198,0,0,0,0,0,0,0,0,0,0,0,15,0,0,0,0,4,female,West Indies Women tour of New Zealand,T20,AK Peters,0,West Indies,New Zealand,2018-03-25,,6
badd245f,wi_201706,1,0,1,0,0,0,0,0,0,0,0,18,0,0,0,0,3,female,Women's T20 Blaze,T20,AK Peters,0,Windward Islands,Trinidad and Tobago,2019-03-29,,6
badd245f,wi_201713,1,1,4,0,0,0,0,0,0,3,0,9,1,1,0,0,10,female,Women's T20 Blaze,T20,AK Peters,caught,Windward Islands,Guyana,2019-04-02,,6
badd245f,wi_211824,2,0,6,0,0,0,1,0,0,5,0,7,0,0,0,0,7,female,T20 Blaze,T20,AK Peters,0,Windward Islands,Leeward Islands,2022-06-07,,6
badd245f,wi_211829,11,0,23,1,0,1,0,0,0,16,0,18,0,0,0,0,7,female,T20 Blaze,T20,AK Peters,0,Windward Islands,Jamaica,2022-06-09,,6
badd245f,wi_211830,0,1,2,0,0,0,0,0,0,2,0,0,0,0,0,0,0,female,T20 Blaze,T20,AK Peters,run out,Windward Islands,Barbados,2022-06-11,,6
