player_id,match_id,runs_scored,player_out,balls_faced,fours_scored,sixes_scored,catches_taken,run_out_direct,run_out_throw,stumpings_done,dot_balls_as_batsman,order_seenballs_bowled,runs_conceded,wickets_taken,bowled_done,lbw_done,maidens,dot_balls_as_bowler,gender,series_name,match_type,name,out_kind,player_team,opposition_team,start_date,end_date,balls_per_over
4a745f65,489212,6,0,3,1,0,1,0,0,0,1,0,33,0,0,0,0,3,male,,T20,AR Nurse,0,West Indies,Pakistan,2011-04-21,,6
4a745f65,489220,0,0,0,0,0,0,0,0,0,0,0,23,0,0,0,0,10,male,,T20,AR Nurse,0,West Indies,India,2011-06-04,,6
4a745f65,635215,0,0,0,0,0,0,0,0,0,0,0,18,1,0,0,0,14,male,Caribbean Premier League,T20,AR Nurse,0,Barbados Tridents,St Lucia Zouks,2013-07-30,,6
4a745f65,635217,2,0,3,0,0,1,0,0,0,1,0,28,2,0,0,0,11,male,Caribbean Premier League,T20,AR Nurse,0,Barbados Tridents,Antigua Hawksbills,2013-08-01,,6
4a745f65,635219,10,0,8,1,0,0,0,0,0,5,0,0,0,0,0,0,0,male,Caribbean Premier League,T20,AR Nurse,0,Barbados Tridents,Trinidad & Tobago Red Steel,2013-08-03,,6
4a745f65,635227,1,0,3,0,0,1,0,0,0,2,0,19,0,0,0,0,7,male,Caribbean Premier League,T20,AR Nurse,0,Barbados Tridents,Guyana Amazon Warriors,2013-08-11,,6
4a745f65,635229,5,1,9,0,0,0,0,0,0,4,0,31,0,0,0,0,14,male,Caribbean Premier League,T20,AR Nurse,0,Barbados Tridents,Antigua Hawksbills,2013-08-13,,6
4a745f65,635232,15,1,13,2,0,0,0,0,0,4,0,13,0,0,0,0,6,male,Caribbean Premier League,T20,AR Nurse,bowled,Barbados Tridents,Jamaica Tallawahs,2013-08-17,,6
4a745f65,635237,0,0,0,0,0,0,0,0,0,0,0,17,0,0,0,0,9,male,Caribbean Premier League,T20,AR Nurse,0,Barbados Tridents,Jamaica Tallawahs,2013-08-23,,6
4a745f65,743139,6,0,7,0,0,1,0,0,0,3,0,12,0,0,0,0,5,male,Caribbean Premier League,T20,AR Nurse,0,Barbados Tridents,Trinidad & Tobago Red Steel,2014-07-12,,6
4a745f65,743147,1,0,2,0,0,0,0,0,0,1,0,21,0,0,0,0,3,male,Caribbean Premier League,T20,AR Nurse,0,Barbados Tridents,Antigua Hawksbills,2014-07-19,,6
4a745f65,743155,0,0,0,0,0,0,0,0,0,0,0,9,0,0,0,0,2,male,Caribbean Premier League,T20,AR Nurse,0,Barbados Tridents,St Lucia Zouks,2014-07-23,,6
4a745f65,743163,0,0,0,0,0,0,0,0,0,0,0,0,0,0,0,0,0,male,Caribbean Premier League,T20,AR Nurse,0,Barbados Tridents,Guyana Amazon Warriors,2014-07-26,,6
4a745f65,743175,0,0,0,0,0,1,0,0,0,0,0,39,1,0,0,0,11,male,Caribbean Premier League,T20,AR Nurse,0,Barbados Tridents,Jamaica Tallawahs,2014-08-03,,6
4a745f65,743181,0,0,0,0,0,1,0,0,0,0,0,9,1,0,0,0,11,male,Caribbean Premier League,T20,AR Nurse,0,Barbados Tridents,Trinidad & Tobago Red Steel,2014-08-07,,6
4a745f65,743189,1,0,1,0,0,1,0,0,0,0,0,16,2,0,0,0,4,male,Caribbean Premier League,T20,AR Nurse,0,Barbados Tridents,Jamaica Tallawahs,2014-08-10,,6
4a745f65,743195,0,0,0,0,0,0,0,0,0,0,0,0,0,0,0,0,0,male,Caribbean Premier League,T20,AR Nurse,0,Barbados Tridents,Guyana Amazon Warriors,2014-08-16,,6
4a745f65,722335,0,0,0,0,0,0,0,0,0,0,0,25,0,0,0,0,5,male,West Indies in South Africa T20I Series,T20,AR Nurse,0,West Indies,South Africa,2015-01-09,,6
4a745f65,736063,3,1,5,0,0,0,0,0,0,2,0,22,0,0,0,0,5,male,West Indies in South Africa T20I Series,T20,AR Nurse,caught,West Indies,South Africa,2015-01-14,,6
4a745f65,857731,0,0,0,0,0,0,0,0,0,0,0,22,0,0,0,0,2,male,Caribbean Premier League,T20,AR Nurse,0,Barbados Tridents,St Kitts and Nevis Patriots,2015-07-06,,6
4a745f65,857743,7,1,3,0,1,0,0,0,0,1,0,12,0,0,0,0,2,male,Caribbean Premier League,T20,AR Nurse,caught,Barbados Tridents,Jamaica Tallawahs,2015-07-11,,6
4a745f65,857751,12,1,13,2,0,0,0,0,0,7,0,20,1,0,0,0,8,male,Caribbean Premier League,T20,AR Nurse,bowled,Barbados Tridents,Trinidad & Tobago Red Steel,2015-07-16,,6
4a745f65,857757,7,1,5,0,1,0,0,0,0,3,0,0,0,0,0,0,0,male,Caribbean Premier League,T20,AR Nurse,0,Barbados Tridents,Guyana Amazon Warriors,2015-07-18,,6
4a745f65,857767,0,0,0,0,0,1,0,0,0,0,0,15,0,0,0,0,6,male,Caribbean Premier League,T20,AR Nurse,0,Barbados Tridents,Trinidad & Tobago Red Steel,2015-07-26,,6
4a745f65,1025985,1,1,4,0,0,0,0,0,0,3,0,26,0,0,0,0,5,male,Caribbean Premier League,T20,AR Nurse,0,Barbados Tridents,Trinbago Knight Riders,2016-07-01,,6
4a745f65,1019775,10,1,10,2,0,0,0,0,0,6,0,21,0,0,0,0,3,male,Caribbean Premier League,T20,AR Nurse,caught,Barbados Tridents,Jamaica Tallawahs,2016-07-20,,6
4a745f65,1059711,5,0,6,0,0,1,0,0,0,1,0,46,3,0,1,1,33,male,Zimbabwe Tri-Nation Series,ODI,AR Nurse,0,West Indies,Sri Lanka,2016-11-16,,6
4a745f65,1059712,0,0,0,0,0,0,0,0,0,0,0,55,1,0,1,0,29,male,Zimbabwe Tri-Nation Series,ODI,AR Nurse,0,West Indies,Zimbabwe,2016-11-19,,6
4a745f65,1059714,2,1,3,0,0,1,0,0,0,2,0,58,1,0,0,0,17,male,Zimbabwe Tri-Nation Series,ODI,AR Nurse,0,West Indies,Sri Lanka,2016-11-23,,6
4a745f65,1059715,0,0,0,0,0,0,0,0,0,0,0,27,3,1,1,0,42,male,Zimbabwe Tri-Nation Series,ODI,AR Nurse,0,West Indies,Zimbabwe,2016-11-25,,6
4a745f65,1027315,21,1,15,0,2,0,0,0,0,5,0,57,2,0,0,0,29,male,England in West Indies ODI Series,ODI,AR Nurse,lbw,West Indies,England,2017-03-03,,6
4a745f65,1027317,13,1,11,2,0,0,0,0,0,5,0,34,3,1,1,0,31,male,England in West Indies ODI Series,ODI,AR Nurse,0,West Indies,England,2017-03-05,,6
4a745f65,1027319,6,1,10,1,0,1,0,0,0,7,0,58,1,1,0,0,20,male,England in West Indies ODI Series,ODI,AR Nurse,caught,West Indies,England,2017-03-09,,6
4a745f65,1077949,34,0,15,5,1,0,0,0,0,2,0,64,4,1,0,0,23,male,Pakistan in West Indies ODI Series,ODI,AR Nurse,0,West Indies,Pakistan,2017-04-07,,6
4a745f65,1077950,44,1,44,6,1,0,0,0,0,26,0,46,0,0,0,0,30,male,Pakistan in West Indies ODI Series,ODI,AR Nurse,lbw,West Indies,Pakistan,2017-04-09,,6
4a745f65,1077951,10,1,13,0,0,0,0,0,0,6,0,54,1,0,0,0,28,male,Pakistan in West Indies ODI Series,ODI,AR Nurse,run out,West Indies,Pakistan,2017-04-11,,6
4a745f65,1089779,12,1,15,1,0,0,0,0,0,10,0,34,2,0,1,1,40,male,Afghanistan in West Indies ODI Series,ODI,AR Nurse,lbw,West Indies,Afghanistan,2017-06-09,,6
4a745f65,1089780,0,0,0,0,0,1,0,0,0,0,0,33,2,0,0,0,37,male,Afghanistan in West Indies ODI Series,ODI,AR Nurse,0,West Indies,Afghanistan,2017-06-11,,6
4a745f65,1098206,0,0,0,0,0,0,0,0,0,0,0,22,0,0,0,1,11,male,India in West Indies ODI Series,ODI,AR Nurse,0,West Indies,India,2017-06-23,,6
4a745f65,1098207,19,0,25,1,0,1,0,0,0,12,0,40,0,0,0,0,25,male,India in West Indies ODI Series,ODI,AR Nurse,0,West Indies,India,2017-06-25,,6
4a745f65,1098208,6,1,7,1,0,0,0,0,0,5,0,34,0,0,0,0,34,male,India in West Indies ODI Series,ODI,AR Nurse,caught,West Indies,India,2017-06-30,,6
4a745f65,1098209,4,1,12,0,0,0,0,0,0,8,0,29,1,0,0,0,37,male,India in West Indies ODI Series,ODI,AR Nurse,0,West Indies,India,2017-07-02,,6
4a745f65,1098210,0,1,4,0,0,0,0,0,0,4,0,34,0,0,0,0,7,male,India in West Indies ODI Series,ODI,AR Nurse,0,West Indies,India,2017-07-06,,6
4a745f65,1094693,0,0,0,0,0,0,0,0,0,0,0,20,0,0,0,0,6,male,Caribbean Premier League,T20,AR Nurse,0,Trinbago Knight Riders,St Kitts and Nevis Patriots,2017-08-23,,6
4a745f65,1094695,0,0,0,0,0,0,0,0,0,0,0,22,0,0,0,0,5,male,Caribbean Premier League,T20,AR Nurse,0,Trinbago Knight Riders,Jamaica Tallawahs,2017-08-26,,6
4a745f65,1094700,6,1,5,1,0,1,0,0,0,2,0,22,1,0,0,0,4,male,Caribbean Premier League,T20,AR Nurse,bowled,Trinbago Knight Riders,Barbados Tridents,2017-09-02,,6
4a745f65,1031665,13,0,14,0,1,0,0,0,0,6,0,23,1,0,0,0,6,male,West Indies tour of England,T20,AR Nurse,0,West Indies,England,2017-09-16,,6
4a745f65,1031667,1,1,8,0,0,0,0,0,0,7,0,48,0,0,0,0,26,male,West Indies tour of England,ODI,AR Nurse,0,West Indies,England,2017-09-19,,6
4a745f65,1031669,0,0,0,0,0,0,0,0,0,0,0,0,0,0,0,0,0,male,West Indies tour of England,ODI,AR Nurse,0,West Indies,England,2017-09-21,,6
4a745f65,1031671,1,1,6,0,0,0,0,0,0,5,0,59,1,0,0,0,18,male,West Indies tour of England,ODI,AR Nurse,0,West Indies,England,2017-09-24,,6
4a745f65,1031673,0,0,0,0,0,0,0,0,0,0,0,39,0,0,0,0,4,male,West Indies tour of England,ODI,AR Nurse,0,West Indies,England,2017-09-27,,6
4a745f65,1031675,31,0,12,3,2,0,0,0,0,2,0,56,0,0,0,0,12,male,West Indies tour of England,ODI,AR Nurse,0,West Indies,England,2017-09-29,,6
4a745f65,1115795,2,1,9,0,0,1,0,0,0,7,0,55,2,1,1,0,26,male,West Indies tour of New Zealand,ODI,AR Nurse,0,West Indies,New Zealand,2017-12-20,,6
4a745f65,1115796,27,1,34,3,0,0,0,0,0,19,0,45,0,0,0,0,30,male,West Indies tour of New Zealand,ODI,AR Nurse,0,West Indies,New Zealand,2017-12-23,,6
4a745f65,1115797,1,1,7,0,0,0,0,0,0,6,0,27,0,0,0,0,2,male,West Indies tour of New Zealand,ODI,AR Nurse,bowled,West Indies,New Zealand,2017-12-26,,6
4a745f65,1115798,20,0,9,2,1,0,0,0,0,0,0,32,1,0,0,0,3,male,West Indies tour of New Zealand,T20,AR Nurse,0,West Indies,New Zealand,2017-12-29,,6
4a745f65,1115799,0,0,0,0,0,0,0,0,0,0,0,13,1,0,0,0,4,male,West Indies tour of New Zealand,T20,AR Nurse,0,West Indies,New Zealand,2018-01-01,,6
4a745f65,1115800,14,0,27,1,0,0,0,0,0,16,0,43,0,0,0,0,4,male,West Indies tour of New Zealand,T20,AR Nurse,0,West Indies,New Zealand,2018-01-03,,6
4a745f65,1133003,0,0,0,0,0,0,0,0,0,0,0,61,0,0,0,0,22,male,ICC Cricket World Cup Qualifier (ICC Trophy),ODI,AR Nurse,0,West Indies,United Arab Emirates,2018-03-06,,6
4a745f65,1133007,0,0,0,0,0,1,0,0,0,0,0,32,1,0,0,0,23,male,ICC Cricket World Cup Qualifier (ICC Trophy),ODI,AR Nurse,0,West Indies,Papua New Guinea,2018-03-08,,6
4a745f65,1133010,10,0,14,1,0,1,0,0,0,7,0,29,0,0,0,0,22,male,ICC Cricket World Cup Qualifier (ICC Trophy),ODI,AR Nurse,0,West Indies,Ireland,2018-03-10,,6
4a745f65,1133014,0,0,0,0,0,0,1,0,0,0,0,25,0,0,0,0,18,male,ICC Cricket World Cup Qualifier,ODM,AR Nurse,0,West Indies,Netherlands,2018-03-12,,6
4a745f65,1133018,10,0,15,0,0,0,0,0,0,7,0,39,1,0,0,0,29,male,ICC Cricket World Cup Qualifier (ICC Trophy),ODI,AR Nurse,0,West Indies,Afghanistan,2018-03-15,,6
4a745f65,1133026,8,0,8,1,0,3,0,0,0,3,0,28,0,0,0,0,10,male,ICC Cricket World Cup Qualifier (ICC Trophy),ODI,AR Nurse,0,West Indies,Zimbabwe,2018-03-19,,6
4a745f65,1133028,5,1,8,0,0,0,0,0,0,3,0,35,2,0,1,0,32,male,ICC Cricket World Cup Qualifier (ICC Trophy),ODI,AR Nurse,caught,West Indies,Scotland,2018-03-21,,6
4a745f65,1133031,26,0,30,3,0,0,0,0,0,14,0,31,0,0,0,2,38,male,ICC Cricket World Cup Qualifier (ICC Trophy),ODI,AR Nurse,0,West Indies,Afghanistan,2018-03-25,,6
4a745f65,1141232,0,0,0,0,0,2,0,0,0,0,0,16,0,0,0,0,7,male,ICC World XI tour of England,T20,AR Nurse,0,West Indies,ICC World XI,2018-05-31,,6
4a745f65,1146720,7,1,11,0,0,1,0,0,0,5,0,39,0,0,0,0,30,male,Bangladesh tour of West Indies and United States of America,ODI,AR Nurse,caught,West Indies,Bangladesh,2018-07-22,,6
4a745f65,1146721,3,1,8,0,0,0,0,0,0,5,0,35,1,0,0,0,41,male,Bangladesh tour of West Indies and United States of America,ODI,AR Nurse,0,West Indies,Bangladesh,2018-07-25,,6
4a745f65,1146722,5,0,7,0,0,0,0,0,0,2,0,53,2,1,0,1,31,male,Bangladesh tour of West Indies and United States of America,ODI,AR Nurse,0,West Indies,Bangladesh,2018-07-28,,6
4a745f65,1146723,0,0,0,0,0,1,0,0,0,0,0,6,1,1,0,0,3,male,Bangladesh tour of West Indies and United States of America,T20,AR Nurse,0,West Indies,Bangladesh,2018-07-31,,6
4a745f65,1146724,16,1,9,1,1,0,0,0,0,2,0,25,2,0,0,0,10,male,Bangladesh tour of West Indies and United States of America,T20,AR Nurse,0,West Indies,Bangladesh,2018-08-04,,6
4a745f65,1146725,0,0,1,0,0,2,0,0,0,1,0,31,0,0,0,0,5,male,Bangladesh tour of West Indies and United States of America,T20,AR Nurse,0,West Indies,Bangladesh,2018-08-05,,6
4a745f65,1148652,0,0,0,0,0,1,0,0,0,0,0,38,1,1,0,0,9,male,Caribbean Premier League,T20,AR Nurse,0,Barbados Tridents,Guyana Amazon Warriors,2018-08-12,,6
4a745f65,1148656,0,0,0,0,0,1,0,0,0,0,0,30,0,0,0,0,8,male,Caribbean Premier League,T20,AR Nurse,0,Barbados Tridents,St Lucia Stars,2018-08-17,,6
4a745f65,1148660,0,0,0,0,0,0,0,0,0,0,0,18,0,0,0,0,14,male,Caribbean Premier League,T20,AR Nurse,0,Barbados Tridents,Jamaica Tallawahs,2018-08-22,,6
4a745f65,1148662,5,0,6,0,0,0,0,0,0,4,0,28,1,0,0,0,8,male,Caribbean Premier League,T20,AR Nurse,0,Barbados Tridents,St Kitts and Nevis Patriots,2018-08-25,,6
4a745f65,1148664,3,0,4,0,0,0,0,0,0,2,0,17,1,1,0,0,6,male,Caribbean Premier League,T20,AR Nurse,0,Barbados Tridents,Trinbago Knight Riders,2018-08-26,,6
4a745f65,1148666,20,1,11,2,1,0,0,0,0,3,0,12,0,0,0,0,2,male,Caribbean Premier League,T20,AR Nurse,0,Barbados Tridents,Jamaica Tallawahs,2018-08-29,,6
4a745f65,1148668,0,0,0,0,0,0,0,0,0,0,0,28,1,0,0,0,7,male,Caribbean Premier League,T20,AR Nurse,0,Barbados Tridents,Guyana Amazon Warriors,2018-08-31,,6
4a745f65,1148670,14,0,12,1,1,0,0,0,0,6,0,30,0,0,0,0,6,male,Caribbean Premier League,T20,AR Nurse,0,Barbados Tridents,St Lucia Stars,2018-09-02,,6
4a745f65,1157754,2,1,2,0,0,0,0,0,0,1,0,63,0,0,0,0,11,male,West Indies tour of India,ODI,AR Nurse,lbw,West Indies,India,2018-10-21,,6
4a745f65,1157755,5,1,7,0,0,0,0,0,0,3,0,48,2,1,1,0,28,male,West Indies tour of India,ODI,AR Nurse,caught,West Indies,India,2018-10-24,,6
4a745f65,1157756,40,1,23,4,2,0,0,0,0,5,0,43,2,0,1,0,30,male,West Indies tour of India,ODI,AR Nurse,lbw,West Indies,India,2018-10-27,,6
4a745f65,1157757,8,1,13,1,0,0,0,0,0,9,0,57,1,0,0,0,21,male,West Indies tour of India,ODI,AR Nurse,caught,West Indies,India,2018-10-29,,6
4a745f65,1158066,25,0,8,1,3,0,0,0,0,1,0,69,0,0,0,0,22,male,England tour of West Indies,ODI,AR Nurse,0,West Indies,England,2019-02-20,,6
4a745f65,1158067,13,0,17,0,0,0,0,0,0,4,0,28,0,0,0,0,19,male,England tour of West Indies,ODI,AR Nurse,0,West Indies,England,2019-02-22,,6
4a745f65,1158069,43,1,41,5,0,0,0,0,0,17,0,68,1,0,0,0,29,male,England tour of West Indies,ODI,AR Nurse,0,West Indies,England,2019-02-27,,6
4a745f65,1158070,0,0,0,0,0,0,0,0,0,0,0,24,0,0,0,0,11,male,England tour of West Indies,ODI,AR Nurse,0,West Indies,England,2019-03-02,,6
4a745f65,1158071,13,0,10,2,0,0,0,0,0,4,0,32,1,0,0,0,8,male,England tour of West Indies,T20,AR Nurse,0,West Indies,England,2019-03-05,,6
4a745f65,1168508,0,0,0,0,0,0,0,0,0,0,0,51,3,1,1,0,18,male,Ireland Tri-Nation Series,ODI,AR Nurse,0,West Indies,Ireland,2019-05-05,,6
4a745f65,1168509,19,1,18,0,1,0,0,0,0,6,0,46,0,0,0,0,13,male,Ireland Tri-Nation Series,ODI,AR Nurse,0,West Indies,Bangladesh,2019-05-07,,6
4a745f65,1168511,0,0,0,0,0,1,0,0,0,0,0,37,0,0,0,0,6,male,Ireland Tri-Nation Series,ODI,AR Nurse,0,West Indies,Ireland,2019-05-11,,6
4a745f65,1168512,14,1,12,1,0,0,0,0,0,3,0,53,3,1,0,0,25,male,Ireland Tri-Nation Series,ODI,AR Nurse,caught,West Indies,Bangladesh,2019-05-13,,6
4a745f65,1168514,0,0,0,0,0,0,0,0,0,0,0,35,0,0,0,0,6,male,Ireland Tri-Nation Series,ODI,AR Nurse,0,West Indies,Bangladesh,2019-05-17,,6
4a745f65,1144484,0,0,0,0,0,0,0,0,0,0,0,0,0,0,0,0,0,male,World Cup,ODI,AR Nurse,0,West Indies,Pakistan,2019-05-31,,6
4a745f65,1144492,19,0,18,4,0,0,0,0,0,11,0,31,0,0,0,0,10,male,World Cup,ODI,AR Nurse,0,West Indies,Australia,2019-06-06,,6
4a745f65,1144497,0,0,0,0,0,0,0,0,0,0,0,0,0,0,0,0,0,male,World Cup,ODI,AR Nurse,0,West Indies,South Africa,2019-06-10,,6
4a745f65,1144511,1,1,8,0,0,0,0,0,0,7,0,57,0,0,0,0,13,male,World Cup,ODI,AR Nurse,0,West Indies,New Zealand,2019-06-22,,6
4a745f65,1185842,40,1,26,3,3,1,0,0,0,11,0,39,0,0,0,0,4,male,Caribbean Premier League,T20,AR Nurse,0,Barbados Tridents,Guyana Amazon Warriors,2019-09-08,,6
4a745f65,1185844,0,0,0,0,0,2,0,0,0,0,0,0,0,0,0,0,0,male,Caribbean Premier League,T20,AR Nurse,0,Barbados Tridents,St Kitts and Nevis Patriots,2019-09-11,,6
4a745f65,1185848,37,1,18,4,3,0,0,0,0,8,0,15,0,0,0,0,4,male,Caribbean Premier League,T20,AR Nurse,caught,Barbados Tridents,Jamaica Tallawahs,2019-09-15,,6
4a745f65,1185853,15,1,10,0,2,1,0,0,0,5,0,0,0,0,0,0,0,male,Caribbean Premier League,T20,AR Nurse,bowled,Barbados Tridents,St Lucia Zouks,2019-09-20,,6
4a745f65,1185855,11,1,11,0,1,0,0,0,0,5,0,16,0,0,0,0,2,male,Caribbean Premier League,T20,AR Nurse,stumped,Barbados Tridents,Guyana Amazon Warriors,2019-09-22,,6
4a745f65,1185856,4,1,6,0,0,1,0,0,0,3,0,0,0,0,0,0,0,male,Caribbean Premier League,T20,AR Nurse,0,Barbados Tridents,Jamaica Tallawahs,2019-09-23,,6
4a745f65,1185859,5,0,11,0,0,1,0,0,0,7,0,0,0,0,0,0,0,male,Caribbean Premier League,T20,AR Nurse,0,Barbados Tridents,Trinbago Knight Riders,2019-09-26,,6
4a745f65,1185861,2,1,4,0,0,0,0,0,0,3,0,0,0,0,0,0,0,male,Caribbean Premier League,T20,AR Nurse,0,Barbados Tridents,St Kitts and Nevis Patriots,2019-09-28,,6
4a745f65,1185862,8,0,3,0,1,0,0,0,0,1,0,0,0,0,0,0,0,male,Caribbean Premier League,T20,AR Nurse,0,Barbados Tridents,St Lucia Zouks,2019-09-29,,6
4a745f65,1185864,10,0,13,1,0,0,0,0,0,6,0,0,0,0,0,0,0,male,Caribbean Premier League,T20,AR Nurse,0,Barbados Tridents,Trinbago Knight Riders,2019-10-02,,6
4a745f65,1185867,13,0,10,0,1,0,0,0,0,2,0,0,0,0,0,0,0,male,Caribbean Premier League,T20,AR Nurse,0,Barbados Tridents,Guyana Amazon Warriors,2019-10-06,,6
4a745f65,1185869,24,0,9,0,3,1,0,0,0,1,0,14,2,0,0,0,13,male,Caribbean Premier League,T20,AR Nurse,0,Barbados Tridents,Trinbago Knight Riders,2019-10-10,,6
4a745f65,1185870,19,0,15,1,1,0,0,0,0,5,0,17,1,0,0,0,11,male,Caribbean Premier League,T20,AR Nurse,0,Barbados Tridents,Guyana Amazon Warriors,2019-10-12,,6
4a745f65,1227866,4,1,9,0,0,0,0,0,0,6,0,10,0,0,0,0,1,male,Caribbean Premier League,T20,AR Nurse,0,Barbados Tridents,St Kitts and Nevis Patriots,2020-08-18,,6
4a745f65,1227869,16,0,16,1,0,0,0,0,0,5,0,0,0,0,0,0,0,male,Caribbean Premier League,T20,AR Nurse,0,Barbados Tridents,St Lucia Zouks,2020-08-20,,6
4a745f65,1227873,21,1,13,1,1,0,0,0,0,4,0,21,1,0,0,0,10,male,Caribbean Premier League,T20,AR Nurse,0,Barbados Tridents,Trinbago Knight Riders,2020-08-23,,6
4a745f65,1227875,25,1,19,1,2,0,0,0,0,9,0,0,0,0,0,0,0,male,Caribbean Premier League,T20,AR Nurse,caught,Barbados Tridents,St Kitts and Nevis Patriots,2020-08-25,,6
4a745f65,1227878,2,1,3,0,0,0,0,0,0,1,0,7,0,0,0,0,9,male,Caribbean Premier League,T20,AR Nurse,0,Barbados Tridents,Jamaica Tallawahs,2020-08-26,,6
4a745f65,1227881,19,1,9,3,1,1,0,0,0,4,0,13,0,0,0,0,3,male,Caribbean Premier League,T20,AR Nurse,caught,Barbados Tridents,Trinbago Knight Riders,2020-08-29,,6
4a745f65,1227883,12,1,21,0,0,0,0,0,0,11,0,15,1,0,0,0,11,male,Caribbean Premier League,T20,AR Nurse,0,Barbados Tridents,St Lucia Zouks,2020-08-30,,6
4a745f65,1227886,1,1,5,0,0,0,0,0,0,4,0,12,0,0,0,0,4,male,Caribbean Premier League,T20,AR Nurse,caught,Barbados Tridents,Guyana Amazon Warriors,2020-09-01,,6
4a745f65,1227890,7,0,8,0,0,1,0,0,0,3,0,0,0,0,0,0,0,male,Caribbean Premier League,T20,AR Nurse,0,Barbados Tridents,Guyana Amazon Warriors,2020-09-03,,6
4a745f65,1227892,0,0,0,0,0,0,0,0,0,0,0,0,0,0,0,0,0,male,Caribbean Premier League,T20,AR Nurse,0,Barbados Tridents,Jamaica Tallawahs,2020-09-05,,6
4a745f65,1269701,8,1,12,1,0,0,0,0,0,7,0,0,0,0,0,0,0,male,Caribbean Premier League,T20,AR Nurse,run out,Barbados Royals,St Kitts and Nevis Patriots,2021-08-26,,6
4a745f65,1269703,8,0,16,0,0,1,0,0,0,9,0,19,0,0,0,0,4,male,Caribbean Premier League,T20,AR Nurse,0,Barbados Royals,Trinbago Knight Riders,2021-08-27,,6
4a745f65,1269713,5,0,6,0,0,0,0,0,0,2,0,26,1,1,0,0,9,male,Caribbean Premier League,T20,AR Nurse,0,Barbados Royals,St Kitts and Nevis Patriots,2021-09-02,,6
4a745f65,1269715,1,1,2,0,0,0,0,0,0,1,0,25,0,0,0,0,11,male,Caribbean Premier League,T20,AR Nurse,0,Barbados Royals,Guyana Amazon Warriors,2021-09-04,,6
4a745f65,1269719,1,1,4,0,0,1,0,0,0,3,0,23,0,0,0,0,5,male,Caribbean Premier League,T20,AR Nurse,0,Barbados Royals,Guyana Amazon Warriors,2021-09-07,,6
