player_id,match_id,runs_scored,player_out,balls_faced,fours_scored,sixes_scored,catches_taken,run_out_direct,run_out_throw,stumpings_done,dot_balls_as_batsman,order_seenballs_bowled,runs_conceded,wickets_taken,bowled_done,lbw_done,maidens,dot_balls_as_bowler,gender,series_name,match_type,name,out_kind,player_team,opposition_team,start_date,end_date,balls_per_over
ac0edb42,423387,14,1,40,1,0,0,0,0,0,31,0,0,0,0,0,0,0,female,West Indies Women in South Africa ODI Series,ODI,B Cooper,0,West Indies,South Africa,2009-10-21,,6
ac0edb42,423391,7,1,6,1,0,0,0,0,0,3,0,0,0,0,0,0,0,female,West Indies Women in South Africa T20I Series,T20,B Cooper,0,West Indies,South Africa,2009-10-28,,6
ac0edb42,412717,14,1,12,0,1,0,0,0,0,6,0,0,0,0,0,0,0,female,ICC Women's World Twenty20,T20,B Cooper,0,West Indies,New Zealand,2010-05-14,,6
ac0edb42,551593,5,0,11,0,0,1,0,0,0,8,0,0,0,0,0,0,0,female,West Indies Women in England T20I Series,T20,B Cooper,0,West Indies,England,2012-09-08,,6
ac0edb42,551594,20,1,20,2,0,0,0,0,0,9,0,0,0,0,0,0,0,female,West Indies Women in England T20I Series,T20,B Cooper,caught,West Indies,England,2012-09-10,,6
ac0edb42,551595,1,1,6,0,0,0,0,0,0,5,0,0,0,0,0,0,0,female,West Indies Women in England T20I Series,T20,B Cooper,caught,West Indies,England,2012-09-13,,6
ac0edb42,551596,7,1,12,0,0,0,0,0,0,6,0,0,0,0,0,0,0,female,West Indies Women in England T20I Series,T20,B Cooper,caught,West Indies,England,2012-09-15,,6
ac0edb42,551597,4,1,11,0,0,0,0,0,0,8,0,0,0,0,0,0,0,female,West Indies Women in England T20I Series,T20,B Cooper,0,West Indies,England,2012-09-16,,6
ac0edb42,533300,0,0,0,0,0,0,0,0,0,0,0,0,0,0,0,0,0,female,ICC Women's World Twenty20,T20,B Cooper,0,West Indies,New Zealand,2012-09-26,,6
ac0edb42,533304,3,1,4,0,0,0,0,0,0,2,0,0,0,0,0,0,0,female,ICC Women's World Twenty20,T20,B Cooper,0,West Indies,Sri Lanka,2012-09-28,,6
ac0edb42,754801,18,1,16,2,0,0,0,0,0,4,0,0,0,0,0,0,0,female,West Indies Women in Australia T20I Series,T20,B Cooper,0,West Indies,Australia,2014-11-02,,6
ac0edb42,754805,0,1,1,0,0,0,0,0,0,1,0,0,0,0,0,0,0,female,West Indies Women in Australia T20I Series,T20,B Cooper,bowled,West Indies,Australia,2014-11-07,,6
ac0edb42,754811,25,1,23,4,0,0,1,0,0,11,0,0,0,0,0,0,0,female,ICC Women's Championship,ODI,B Cooper,caught,West Indies,Australia,2014-11-13,,6
ac0edb42,754813,2,1,6,0,0,0,0,0,0,4,0,0,0,0,0,0,0,female,ICC Women's Championship,ODI,B Cooper,0,West Indies,Australia,2014-11-16,,6
ac0edb42,754815,33,1,47,3,2,1,0,0,0,34,0,0,0,0,0,0,0,female,West Indies Women in Australia ODI Series,ODI,B Cooper,0,West Indies,Australia,2014-11-18,,6
ac0edb42,856117,17,1,27,2,0,0,0,0,0,18,0,0,0,0,0,0,0,female,West Indies Women tour of Sri Lanka,T20,B Cooper,0,West Indies,Sri Lanka,2015-05-23,,6
ac0edb42,856119,6,0,10,0,0,0,0,0,0,6,0,0,0,0,0,0,0,female,West Indies Women in Sri Lanka T20I Series,T20,B Cooper,0,West Indies,Sri Lanka,2015-05-25,,6
ac0edb42,856121,0,0,0,0,0,0,0,0,0,0,0,0,0,0,0,0,0,female,West Indies Women in Sri Lanka T20I Series,T20,B Cooper,0,West Indies,Sri Lanka,2015-05-26,,6
ac0edb42,892043,0,0,0,0,0,1,0,0,0,0,0,0,0,0,0,0,0,female,Pakistan Women in West Indies T20I Series,T20,B Cooper,0,West Indies,Pakistan,2015-10-29,,6
ac0edb42,907389,55,0,67,6,1,0,1,0,0,37,0,0,0,0,0,0,0,female,ICC Women's Championship,ODI,B Cooper,0,West Indies,South Africa,2016-02-24,,6
ac0edb42,907391,21,1,30,3,0,0,0,0,0,19,0,0,0,0,0,0,0,female,ICC Women's Championship,ODI,B Cooper,caught,West Indies,South Africa,2016-02-27,,6
ac0edb42,907393,10,1,24,1,0,0,0,0,0,18,0,0,0,0,0,0,0,female,ICC Women's Championship,ODI,B Cooper,caught,West Indies,South Africa,2016-02-29,,6
ac0edb42,951379,1,0,2,0,0,0,0,0,0,1,0,0,0,0,0,0,0,female,Women's World T20,T20,B Cooper,0,West Indies,Pakistan,2016-03-16,,6
ac0edb42,951389,9,1,7,1,0,0,0,0,0,2,0,0,0,0,0,0,0,female,Women's World T20,T20,B Cooper,0,West Indies,Bangladesh,2016-03-20,,6
ac0edb42,951399,1,0,2,0,0,0,0,0,0,1,0,0,0,0,0,0,0,female,Women's World T20,T20,B Cooper,0,West Indies,England,2016-03-24,,6
ac0edb42,951417,61,1,48,5,2,0,0,1,0,16,0,0,0,0,0,0,0,female,Women's World T20,T20,B Cooper,0,West Indies,New Zealand,2016-03-31,,6
ac0edb42,951419,3,0,3,0,0,0,0,0,0,1,0,0,0,0,0,0,0,female,Women's World T20,T20,B Cooper,0,West Indies,Australia,2016-04-03,,6
ac0edb42,1122902,23,1,18,4,0,1,0,0,0,8,0,0,0,0,0,0,0,female,Sri Lanka Women tour of West Indies,T20,B Cooper,0,West Indies,Sri Lanka,2017-10-21,,6
ac0edb42,1138191,9,1,6,2,0,1,0,0,0,3,0,0,0,0,0,0,0,female,ICC Women's Championship,ODI,B Cooper,0,West Indies,New Zealand,2018-03-04,,6
ac0edb42,1138192,0,1,8,0,0,0,0,0,0,8,0,0,0,0,0,0,0,female,ICC Women's Championship,ODI,B Cooper,caught,West Indies,New Zealand,2018-03-08,,6
ac0edb42,1138193,17,1,40,2,0,0,0,0,0,32,0,0,0,0,0,0,0,female,ICC Women's Championship,ODI,B Cooper,lbw,West Indies,New Zealand,2018-03-11,,6
ac0edb42,1138195,5,1,19,0,0,0,0,0,0,14,0,0,0,0,0,0,0,female,West Indies Women tour of New Zealand,T20,B Cooper,caught,West Indies,New Zealand,2018-03-16,,6
ac0edb42,1138196,2,1,3,0,0,0,0,0,0,2,0,0,0,0,0,0,0,female,West Indies Women tour of New Zealand,T20,B Cooper,stumped,West Indies,New Zealand,2018-03-20,,6
ac0edb42,1150535,8,1,18,0,0,0,0,0,0,10,0,0,0,0,0,0,0,female,ICC Women's T20 World Cup,T20,B Cooper,0,West Indies,Bangladesh,2018-11-09,,6
ac0edb42,1150544,0,1,3,0,0,1,0,0,0,3,0,0,0,0,0,0,0,female,ICC Women's T20 World Cup,T20,B Cooper,0,West Indies,South Africa,2018-11-14,,6
ac0edb42,1150548,6,0,2,0,1,0,0,0,0,1,0,0,0,0,0,0,0,female,ICC Women's T20 World Cup,T20,B Cooper,0,West Indies,Sri Lanka,2018-11-16,,6
ac0edb42,1150551,7,1,6,1,0,0,0,0,0,2,0,0,0,0,0,0,0,female,ICC Women's T20 World Cup,T20,B Cooper,0,West Indies,England,2018-11-18,,6
ac0edb42,1150553,2,1,11,0,0,1,0,0,0,9,0,0,0,0,0,0,0,female,ICC Women's T20 World Cup,T20,B Cooper,0,West Indies,Australia,2018-11-22,,6
ac0edb42,wi_201706,20,1,19,1,1,0,0,0,0,9,0,0,0,0,0,0,0,female,Women's T20 Blaze,T20,B Cooper,0,Trinidad and Tobago,Windward Islands,2019-03-29,,6
ac0edb42,1185154,17,1,37,2,0,0,0,0,0,28,0,0,0,0,0,0,0,female,West Indies Women tour of England and Ireland,T20,B Cooper,caught,West Indies,Ireland,2019-05-26,,6
ac0edb42,1185155,20,1,12,3,0,1,0,0,0,4,0,0,0,0,0,0,0,female,West Indies Women tour of England and Ireland,T20,B Cooper,caught and bowled,West Indies,Ireland,2019-05-28,,6
ac0edb42,1185156,10,1,16,1,0,1,0,0,0,11,0,0,0,0,0,0,0,female,West Indies Women tour of England and Ireland,T20,B Cooper,caught,West Indies,Ireland,2019-05-29,,6
ac0edb42,1168017,6,1,19,1,0,0,0,0,0,16,0,0,0,0,0,0,0,female,ICC Women's Championship,ODI,B Cooper,0,West Indies,England,2019-06-09,,6
ac0edb42,1168018,4,1,13,0,0,1,0,0,0,10,0,0,0,0,0,0,0,female,ICC Women's Championship,ODI,B Cooper,caught,West Indies,England,2019-06-13,,6
ac0edb42,1168020,0,1,1,0,0,0,0,0,0,1,0,0,0,0,0,0,0,female,West Indies Women tour of England and Ireland,T20,B Cooper,lbw,West Indies,England,2019-06-21,,6
ac0edb42,1198474,16,1,53,1,0,0,0,0,0,44,0,0,0,0,0,0,0,female,ICC Women's Championship,ODI,B Cooper,0,West Indies,Australia,2019-09-11,,6
ac0edb42,1198475,0,1,3,0,0,0,0,0,0,3,0,0,0,0,0,0,0,female,Australia Women tour of West Indies,T20,B Cooper,0,West Indies,Australia,2019-09-14,,6
ac0edb42,1198476,39,0,33,6,1,0,0,0,0,18,0,0,0,0,0,0,0,female,Australia Women tour of West Indies,T20,B Cooper,0,West Indies,Australia,2019-09-16,,6
ac0edb42,1198477,29,1,36,4,0,0,0,0,0,20,0,0,0,0,0,0,0,female,Australia Women tour of West Indies,T20,B Cooper,0,West Indies,Australia,2019-09-18,,6
ac0edb42,1173063,15,1,17,2,0,1,0,0,0,8,0,0,0,0,0,0,0,female,ICC Women's T20 World Cup,T20,B Cooper,stumped,West Indies,England,2020-03-01,,6
ac0edb42,1230855,0,0,3,0,0,1,0,0,0,3,0,0,0,0,0,0,0,female,West Indies Women tour of England,T20,B Cooper,0,West Indies,England,2020-09-21,,6
ac0edb42,1230856,0,1,3,0,0,1,0,0,0,3,0,0,0,0,0,0,0,female,West Indies Women tour of England,T20,B Cooper,0,West Indies,England,2020-09-23,,6
ac0edb42,1267324,0,0,0,0,0,1,0,0,0,0,0,0,0,0,0,0,0,female,Pakistan Women tour of West Indies,T20,B Cooper,0,West Indies,Pakistan,2021-07-04,,6
ac0edb42,1267325,17,0,23,3,0,1,1,0,0,15,0,0,0,0,0,0,0,female,Pakistan Women tour of West Indies,ODI,B Cooper,0,West Indies,Pakistan,2021-07-07,,6
ac0edb42,1267326,0,0,0,0,0,0,0,0,0,0,0,0,0,0,0,0,0,female,Pakistan Women tour of West Indies,ODI,B Cooper,0,West Indies,Pakistan,2021-07-09,,6
ac0edb42,1267327,45,1,69,3,0,1,0,0,0,42,0,0,0,0,0,0,0,female,Pakistan Women tour of West Indies,ODI,B Cooper,caught,West Indies,Pakistan,2021-07-12,,6
ac0edb42,1267328,0,1,2,0,0,0,0,0,0,2,0,0,0,0,0,0,0,female,Pakistan Women tour of West Indies,ODI,B Cooper,0,West Indies,Pakistan,2021-07-15,,6
ac0edb42,1267329,40,1,54,3,1,2,0,0,0,32,0,0,0,0,0,0,0,female,Pakistan Women tour of West Indies,ODI,B Cooper,0,West Indies,Pakistan,2021-07-18,,6
ac0edb42,1273415,0,0,0,0,0,1,0,1,0,0,0,0,0,0,0,0,0,female,South Africa Women tour of West Indies,T20,B Cooper,0,West Indies,South Africa,2021-08-31,,6
ac0edb42,1273416,26,1,15,3,1,1,0,0,0,5,0,0,0,0,0,0,0,female,South Africa Women tour of West Indies,T20,B Cooper,bowled,West Indies,South Africa,2021-09-02,,6
ac0edb42,1273417,0,1,2,0,0,1,0,0,0,2,0,0,0,0,0,0,0,female,South Africa Women tour of West Indies,T20,B Cooper,caught,West Indies,South Africa,2021-09-04,,6
ac0edb42,1273418,25,1,57,2,0,0,0,0,0,40,0,0,0,0,0,0,0,female,South Africa Women tour of West Indies,ODI,B Cooper,0,West Indies,South Africa,2021-09-07,,6
ac0edb42,1313197,32,0,23,2,1,0,0,0,0,5,0,0,0,0,0,0,0,female,FairBreak Invitational Tournament,T20,B Cooper,0,Falcons,Barmy Army,2022-05-06,,6
ac0edb42,wi_211826,8,1,5,2,0,1,0,0,0,3,0,0,0,0,0,0,0,female,T20 Blaze,T20,B Cooper,0,Trinidad and Tobago,Jamaica,2022-06-07,,6
ac0edb42,wi_211832,3,1,6,0,0,0,0,0,0,4,0,0,0,0,0,0,0,female,T20 Blaze,T20,B Cooper,0,Trinidad and Tobago,Leeward Islands,2022-06-11,,6
ac0edb42,wi_211834,47,0,41,5,0,0,0,0,0,14,0,0,0,0,0,0,0,female,T20 Blaze,T20,B Cooper,0,Trinidad and Tobago,Windward Islands,2022-06-13,,6
ac0edb42,wi_211976,0,0,0,0,0,1,0,0,0,0,0,0,0,0,0,0,0,female,CG United Women's Super50,ODM,B Cooper,0,Trinidad and Tobago,Leeward Islands,2022-06-17,,6
ac0edb42,wi_212061,5,1,3,1,0,0,0,0,0,1,0,0,0,0,0,0,0,female,CG United Women's Super50,ODM,B Cooper,bowled,Trinidad and Tobago,Barbados,2022-06-22,,6
ac0edb42,1323178,4,1,6,0,0,0,0,0,0,3,0,0,0,0,0,0,0,female,Women's Caribbean Premier League,T20,B Cooper,caught,Barbados Royals,Trinbago Knight Riders,2022-08-31,,6
ac0edb42,1323180,0,1,1,0,0,1,0,2,0,1,0,0,0,0,0,0,0,female,Women's Caribbean Premier League,T20,B Cooper,0,Barbados Royals,Guyana Amazon Warriors,2022-09-03,,6
ac0edb42,1323181,0,1,5,0,0,0,0,0,0,5,0,0,0,0,0,0,0,female,Women's Caribbean Premier League,T20,B Cooper,caught,Barbados Royals,Trinbago Knight Riders,2022-09-04,,6
ac0edb42,1344512,15,1,14,3,0,1,0,1,0,9,0,0,0,0,0,0,0,female,South Africa Women's T20I Tri-Series,T20,B Cooper,caught,West Indies,South Africa,2023-01-21,,6
ac0edb42,1344513,0,1,1,0,0,0,0,0,0,1,0,0,0,0,0,0,0,female,South Africa Women's T20I Tri-Series,T20,B Cooper,0,West Indies,India,2023-01-23,,6
ac0edb42,1344514,10,1,26,1,0,0,0,0,0,21,0,0,0,0,0,0,0,female,South Africa Women's T20I Tri-Series,T20,B Cooper,caught,West Indies,South Africa,2023-01-25,,6
ac0edb42,1380590,4,1,6,0,0,0,0,0,0,4,0,0,0,0,0,0,0,female,Women's Caribbean Premier League,T20,B Cooper,run out,Trinbago Knight Riders,Barbados Royals,2023-09-02,,6
ac0edb42,1380592,5,1,3,1,0,1,0,1,0,1,0,0,0,0,0,0,0,female,Women's Caribbean Premier League,T20,B Cooper,0,Trinbago Knight Riders,Guyana Amazon Warriors,2023-09-05,,6
ac0edb42,1380593,0,0,0,0,0,1,0,0,0,0,0,0,0,0,0,0,0,female,Women's Caribbean Premier League,T20,B Cooper,0,Trinbago Knight Riders,Barbados Royals,2023-09-06,,6
