player_id,match_id,runs_scored,player_out,balls_faced,fours_scored,sixes_scored,catches_taken,run_out_direct,run_out_throw,stumpings_done,dot_balls_as_batsman,order_seenballs_bowled,runs_conceded,wickets_taken,bowled_done,lbw_done,maidens,dot_balls_as_bowler,gender,series_name,match_type,name,out_kind,player_team,opposition_team,start_date,end_date,balls_per_over
7fca84b7,1094673,11,1,17,1,0,1,0,0,0,9,0,0,0,0,0,0,0,male,Caribbean Premier League,T20,BA King,bowled,St Kitts and Nevis Patriots,Guyana Amazon Warriors,2017-08-05,,6
7fca84b7,1094675,39,0,38,2,2,0,0,0,0,15,0,0,0,0,0,0,0,male,Caribbean Premier League,T20,BA King,0,St Kitts and Nevis Patriots,Guyana Amazon Warriors,2017-08-06,,6
7fca84b7,1094681,11,1,13,2,0,0,0,0,0,8,0,0,0,0,0,0,0,male,Caribbean Premier League,T20,BA King,caught,St Kitts and Nevis Patriots,St Lucia Stars,2017-08-12,,6
7fca84b7,1094684,9,1,7,0,1,0,0,0,0,3,0,0,0,0,0,0,0,male,Caribbean Premier League,T20,BA King,0,St Kitts and Nevis Patriots,Trinbago Knight Riders,2017-08-14,,6
7fca84b7,1094687,0,0,0,0,0,0,0,0,0,0,0,0,0,0,0,0,0,male,Caribbean Premier League,T20,BA King,0,St Kitts and Nevis Patriots,Barbados Tridents,2017-08-18,,6
7fca84b7,1094689,0,0,0,0,0,0,0,0,0,0,0,0,0,0,0,0,0,male,Caribbean Premier League,T20,BA King,0,St Kitts and Nevis Patriots,St Lucia Stars,2017-08-19,,6
7fca84b7,1094691,6,0,1,0,1,0,0,0,0,0,0,0,0,0,0,0,0,male,Caribbean Premier League,T20,BA King,0,St Kitts and Nevis Patriots,Jamaica Tallawahs,2017-08-21,,6
7fca84b7,1094693,0,0,0,0,0,0,0,0,0,0,0,0,0,0,0,0,0,male,Caribbean Premier League,T20,BA King,0,St Kitts and Nevis Patriots,Trinbago Knight Riders,2017-08-23,,6
7fca84b7,1094701,0,0,0,0,0,0,0,0,0,0,0,0,0,0,0,0,0,male,Caribbean Premier League,T20,BA King,0,St Kitts and Nevis Patriots,Barbados Tridents,2017-09-03,,6
7fca84b7,1094702,30,1,28,1,3,0,0,0,0,17,0,0,0,0,0,0,0,male,Caribbean Premier League,T20,BA King,0,St Kitts and Nevis Patriots,Trinbago Knight Riders,2017-09-05,,6
7fca84b7,1094705,19,1,22,1,1,1,0,0,0,12,0,0,0,0,0,0,0,male,Caribbean Premier League,T20,BA King,lbw,St Kitts and Nevis Patriots,Trinbago Knight Riders,2017-09-09,,6
7fca84b7,1148648,1,0,1,0,0,0,0,0,0,0,0,0,0,0,0,0,0,male,Caribbean Premier League,T20,BA King,0,St Kitts and Nevis Patriots,Guyana Amazon Warriors,2018-08-09,,6
7fca84b7,1148659,17,1,11,1,2,0,0,0,0,7,0,0,0,0,0,0,0,male,Caribbean Premier League,T20,BA King,lbw,St Kitts and Nevis Patriots,St Lucia Stars,2018-08-21,,6
7fca84b7,1148662,60,1,51,4,5,0,0,0,0,31,0,0,0,0,0,0,0,male,Caribbean Premier League,T20,BA King,caught,St Kitts and Nevis Patriots,Barbados Tridents,2018-08-25,,6
7fca84b7,1148665,3,1,8,0,0,0,0,0,0,5,0,0,0,0,0,0,0,male,Caribbean Premier League,T20,BA King,bowled,St Kitts and Nevis Patriots,Guyana Amazon Warriors,2018-08-28,,6
7fca84b7,1148669,7,1,6,1,0,0,0,0,0,2,0,0,0,0,0,0,0,male,Caribbean Premier League,T20,BA King,caught,St Kitts and Nevis Patriots,Trinbago Knight Riders,2018-09-01,,6
7fca84b7,1148678,21,1,9,0,3,0,0,0,0,3,0,0,0,0,0,0,0,male,Caribbean Premier League,T20,BA King,bowled,St Kitts and Nevis Patriots,Jamaica Tallawahs,2018-09-12,,6
7fca84b7,1148679,33,1,22,3,1,1,0,0,0,6,0,0,0,0,0,0,0,male,Caribbean Premier League,T20,BA King,bowled,St Kitts and Nevis Patriots,Trinbago Knight Riders,2018-09-14,,6
7fca84b7,1185838,7,1,10,1,0,0,0,0,0,6,0,0,0,0,0,0,0,male,Caribbean Premier League,T20,BA King,caught,Guyana Amazon Warriors,St Lucia Zouks,2019-09-05,,6
7fca84b7,1185840,27,1,22,3,1,3,0,0,0,10,0,0,0,0,0,0,0,male,Caribbean Premier League,T20,BA King,caught,Guyana Amazon Warriors,St Kitts and Nevis Patriots,2019-09-07,,6
7fca84b7,1185842,1,1,5,0,0,0,0,0,0,4,0,0,0,0,0,0,0,male,Caribbean Premier League,T20,BA King,0,Guyana Amazon Warriors,Barbados Tridents,2019-09-08,,6
7fca84b7,1185847,49,1,24,7,3,1,0,0,0,12,0,0,0,0,0,0,0,male,Caribbean Premier League,T20,BA King,run out,Guyana Amazon Warriors,St Kitts and Nevis Patriots,2019-09-14,,6
7fca84b7,1185851,59,1,38,4,6,1,0,0,0,22,0,0,0,0,0,0,0,male,Caribbean Premier League,T20,BA King,0,Guyana Amazon Warriors,Jamaica Tallawahs,2019-09-18,,6
7fca84b7,1185855,51,0,35,5,3,0,0,0,0,14,0,0,0,0,0,0,0,male,Caribbean Premier League,T20,BA King,0,Guyana Amazon Warriors,Barbados Tridents,2019-09-22,,6
7fca84b7,1185858,81,0,63,2,6,0,0,0,0,21,0,0,0,0,0,0,0,male,Caribbean Premier League,T20,BA King,0,Guyana Amazon Warriors,St Lucia Zouks,2019-09-25,,6
7fca84b7,1185863,12,1,12,1,1,0,0,0,0,8,0,0,0,0,0,0,0,male,Caribbean Premier League,T20,BA King,caught,Guyana Amazon Warriors,Trinbago Knight Riders,2019-09-30,,6
7fca84b7,1185865,1,1,5,0,0,0,0,0,0,4,0,0,0,0,0,0,0,male,Caribbean Premier League,T20,BA King,0,Guyana Amazon Warriors,Jamaica Tallawahs,2019-10-03,,6
7fca84b7,1185866,33,1,24,7,0,0,0,0,0,12,0,0,0,0,0,0,0,male,Caribbean Premier League,T20,BA King,lbw,Guyana Amazon Warriors,Trinbago Knight Riders,2019-10-04,,6
7fca84b7,1185867,132,0,74,10,11,1,0,0,0,29,0,0,0,0,0,0,0,male,Caribbean Premier League,T20,BA King,0,Guyana Amazon Warriors,Barbados Tridents,2019-10-06,,6
7fca84b7,1185870,43,1,33,4,1,1,0,0,0,9,0,0,0,0,0,0,0,male,Caribbean Premier League,T20,BA King,0,Guyana Amazon Warriors,Barbados Tridents,2019-10-12,,6
7fca84b7,1193499,39,1,57,5,1,1,0,0,0,39,0,0,0,0,0,0,0,male,Afghanistan tour of India,ODI,BA King,0,West Indies,Afghanistan,2019-11-11,,6
7fca84b7,1193494,4,1,4,1,0,1,0,0,0,3,0,0,0,0,0,0,0,male,Afghanistan tour of India,T20,BA King,bowled,West Indies,Afghanistan,2019-11-14,,6
7fca84b7,1193495,12,1,14,1,0,1,0,0,0,7,0,0,0,0,0,0,0,male,Afghanistan tour of India,T20,BA King,0,West Indies,Afghanistan,2019-11-16,,6
7fca84b7,1193496,1,1,5,0,0,1,0,0,0,4,0,0,0,0,0,0,0,male,Afghanistan tour of India,T20,BA King,bowled,West Indies,Afghanistan,2019-11-17,,6
7fca84b7,1187018,31,1,25,3,1,0,0,0,0,9,0,0,0,0,0,0,0,male,West Indies tour of India,T20,BA King,0,West Indies,India,2019-12-06,,6
7fca84b7,1187019,0,0,0,0,0,1,0,0,0,0,0,0,0,0,0,0,0,male,West Indies tour of India,T20,BA King,0,West Indies,India,2019-12-08,,6
7fca84b7,1187020,5,1,4,1,0,0,0,0,0,2,0,0,0,0,0,0,0,male,West Indies tour of India,T20,BA King,caught,West Indies,India,2019-12-11,,6
7fca84b7,1203673,20,1,40,2,0,1,0,0,0,29,0,0,0,0,0,0,0,male,Ireland tour of West Indies,ODI,BA King,caught,West Indies,Ireland,2020-01-07,,6
7fca84b7,1203674,0,1,5,0,0,0,0,0,0,5,0,0,0,0,0,0,0,male,Ireland tour of West Indies,ODI,BA King,caught,West Indies,Ireland,2020-01-09,,6
7fca84b7,1203675,38,1,43,4,1,1,0,0,0,26,0,0,0,0,0,0,0,male,Ireland tour of West Indies,ODI,BA King,caught,West Indies,Ireland,2020-01-12,,6
7fca84b7,1213874,33,1,25,5,1,0,0,0,0,12,0,0,0,0,0,0,0,male,West Indies tour of Sri Lanka,T20,BA King,caught,West Indies,Sri Lanka,2020-03-04,,6
7fca84b7,1213875,43,1,22,6,2,0,0,0,0,8,0,0,0,0,0,0,0,male,West Indies tour of Sri Lanka,T20,BA King,caught,West Indies,Sri Lanka,2020-03-06,,6
7fca84b7,1227865,0,1,4,0,0,3,0,0,0,4,0,0,0,0,0,0,0,male,Caribbean Premier League,T20,BA King,0,Guyana Amazon Warriors,Trinbago Knight Riders,2020-08-18,,6
7fca84b7,1227868,10,1,10,2,0,0,0,0,0,6,0,0,0,0,0,0,0,male,Caribbean Premier League,T20,BA King,caught,Guyana Amazon Warriors,St Kitts and Nevis Patriots,2020-08-19,,6
7fca84b7,1227872,29,1,22,3,2,0,0,0,0,12,0,0,0,0,0,0,0,male,Caribbean Premier League,T20,BA King,0,Guyana Amazon Warriors,Jamaica Tallawahs,2020-08-22,,6
7fca84b7,1227874,1,1,4,0,0,1,0,0,0,3,0,0,0,0,0,0,0,male,Caribbean Premier League,T20,BA King,0,Guyana Amazon Warriors,St Lucia Zouks,2020-08-23,,6
7fca84b7,1227876,0,1,1,0,0,0,0,0,0,1,0,0,0,0,0,0,0,male,Caribbean Premier League,T20,BA King,0,Guyana Amazon Warriors,Jamaica Tallawahs,2020-08-25,,6
7fca84b7,1227880,6,1,9,1,0,0,0,0,0,6,0,0,0,0,0,0,0,male,Caribbean Premier League,T20,BA King,bowled,Guyana Amazon Warriors,Trinbago Knight Riders,2020-08-27,,6
7fca84b7,1227884,14,1,14,2,0,0,0,0,0,7,0,0,0,0,0,0,0,male,Caribbean Premier League,T20,BA King,caught,Guyana Amazon Warriors,St Kitts and Nevis Patriots,2020-08-30,,6
7fca84b7,1227886,51,0,53,4,2,0,0,0,0,28,0,0,0,0,0,0,0,male,Caribbean Premier League,T20,BA King,0,Guyana Amazon Warriors,Barbados Tridents,2020-09-01,,6
7fca84b7,1227888,5,1,8,1,0,0,0,0,0,6,0,0,0,0,0,0,0,male,Caribbean Premier League,T20,BA King,0,Guyana Amazon Warriors,St Lucia Zouks,2020-09-02,,6
7fca84b7,1227890,0,1,2,0,0,1,0,0,0,2,0,0,0,0,0,0,0,male,Caribbean Premier League,T20,BA King,0,Guyana Amazon Warriors,Barbados Tridents,2020-09-03,,6
7fca84b7,1227896,0,1,3,0,0,0,0,0,0,3,0,0,0,0,0,0,0,male,Caribbean Premier League,T20,BA King,caught,Guyana Amazon Warriors,St Lucia Zouks,2020-09-08,,6
7fca84b7,1233954,13,1,12,2,0,0,0,0,0,7,0,0,0,0,0,0,0,male,West Indies tour of New Zealand,T20,BA King,0,West Indies,New Zealand,2020-11-27,,6
7fca84b7,1233955,0,1,1,0,0,0,0,0,0,1,0,0,0,0,0,0,0,male,West Indies tour of New Zealand,T20,BA King,0,West Indies,New Zealand,2020-11-29,,6
7fca84b7,1233956,11,1,8,1,1,0,0,0,0,5,0,0,0,0,0,0,0,male,West Indies tour of New Zealand,T20,BA King,caught,West Indies,New Zealand,2020-11-30,,6
7fca84b7,1247036,46,0,23,5,3,0,0,0,0,11,0,0,0,0,0,0,0,male,Pakistan Super League,T20,BA King,0,Islamabad United,Peshawar Zalmi,2021-06-17,,6
7fca84b7,1247040,5,1,7,1,0,0,0,0,0,5,0,0,0,0,0,0,0,male,Pakistan Super League,T20,BA King,bowled,Islamabad United,Multan Sultans,2021-06-19,,6
7fca84b7,1247043,18,1,16,1,1,0,0,0,0,8,0,0,0,0,0,0,0,male,Pakistan Super League,T20,BA King,0,Islamabad United,Peshawar Zalmi,2021-06-22,,6
7fca84b7,1269700,9,1,19,1,0,1,0,0,0,14,0,0,0,0,0,0,0,male,Caribbean Premier League,T20,BA King,caught,Guyana Amazon Warriors,Trinbago Knight Riders,2021-08-26,,6
7fca84b7,1269704,11,1,11,2,0,0,0,0,0,7,0,0,0,0,0,0,0,male,Caribbean Premier League,T20,BA King,0,Guyana Amazon Warriors,St Kitts and Nevis Patriots,2021-08-28,,6
7fca84b7,1269707,6,0,5,1,0,0,0,0,0,2,0,0,0,0,0,0,0,male,Caribbean Premier League,T20,BA King,0,Guyana Amazon Warriors,St Kitts and Nevis Patriots,2021-08-29,,6
7fca84b7,1269710,10,1,8,0,1,2,0,0,0,3,0,0,0,0,0,0,0,male,Caribbean Premier League,T20,BA King,0,Guyana Amazon Warriors,Trinbago Knight Riders,2021-09-01,,6
7fca84b7,1269712,1,1,5,0,0,0,0,0,0,4,0,0,0,0,0,0,0,male,Caribbean Premier League,T20,BA King,caught,Guyana Amazon Warriors,St Lucia Kings,2021-09-02,,6
7fca84b7,1269715,19,1,18,2,0,3,0,0,0,7,0,0,0,0,0,0,0,male,Caribbean Premier League,T20,BA King,lbw,Guyana Amazon Warriors,Barbados Royals,2021-09-04,,6
7fca84b7,1269719,5,1,3,1,0,0,0,0,0,1,0,0,0,0,0,0,0,male,Caribbean Premier League,T20,BA King,caught,Guyana Amazon Warriors,Barbados Royals,2021-09-07,,6
7fca84b7,1269721,77,1,57,8,3,0,0,0,0,22,0,0,0,0,0,0,0,male,Caribbean Premier League,T20,BA King,0,Guyana Amazon Warriors,St Lucia Kings,2021-09-08,,6
7fca84b7,1269725,12,1,9,1,1,0,0,0,0,5,0,0,0,0,0,0,0,male,Caribbean Premier League,T20,BA King,0,Guyana Amazon Warriors,Jamaica Tallawahs,2021-09-11,,6
7fca84b7,1269728,12,1,10,1,1,0,0,0,0,6,0,0,0,0,0,0,0,male,Caribbean Premier League,T20,BA King,0,Guyana Amazon Warriors,Jamaica Tallawahs,2021-09-12,,6
7fca84b7,1269731,27,1,19,1,2,0,0,0,0,8,0,0,0,0,0,0,0,male,Caribbean Premier League,T20,BA King,0,Guyana Amazon Warriors,St Kitts and Nevis Patriots,2021-09-14,,6
7fca84b7,1287773,1,1,2,0,0,0,0,0,0,1,0,0,0,0,0,0,0,male,West Indies tour of Pakistan,T20,BA King,caught,West Indies,Pakistan,2021-12-13,,6
7fca84b7,1287774,67,1,46,6,3,0,0,0,0,15,0,0,0,0,0,0,0,male,West Indies tour of Pakistan,T20,BA King,caught,West Indies,Pakistan,2021-12-14,,6
7fca84b7,1287775,43,1,21,7,2,0,0,0,0,9,0,0,0,0,0,0,0,male,West Indies tour of Pakistan,T20,BA King,0,West Indies,Pakistan,2021-12-16,,6
7fca84b7,1256720,52,0,49,4,1,0,0,0,0,18,0,0,0,0,0,0,0,male,England tour of West Indies,T20,BA King,0,West Indies,England,2022-01-22,,6
7fca84b7,1256721,0,1,2,0,0,1,0,0,0,2,0,0,0,0,0,0,0,male,England tour of West Indies,T20,BA King,0,West Indies,England,2022-01-23,,6
7fca84b7,1256722,10,1,10,2,0,0,0,0,0,6,0,0,0,0,0,0,0,male,England tour of West Indies,T20,BA King,0,West Indies,England,2022-01-26,,6
7fca84b7,1256723,26,1,27,4,0,2,0,0,0,13,0,0,0,0,0,0,0,male,England tour of West Indies,T20,BA King,caught,West Indies,England,2022-01-29,,6
7fca84b7,1256724,34,1,32,2,2,0,0,0,0,14,0,0,0,0,0,0,0,male,England tour of West Indies,T20,BA King,caught,West Indies,England,2022-01-30,,6
7fca84b7,1278676,13,1,27,2,0,0,0,0,0,22,0,0,0,0,0,0,0,male,West Indies tour of India,ODI,BA King,0,West Indies,India,2022-02-06,,6
7fca84b7,1278677,18,1,20,2,1,0,0,0,0,14,0,0,0,0,0,0,0,male,West Indies tour of India,ODI,BA King,caught,West Indies,India,2022-02-09,,6
7fca84b7,1278678,14,1,13,2,0,0,0,0,0,8,0,0,0,0,0,0,0,male,West Indies tour of India,ODI,BA King,0,West Indies,India,2022-02-11,,6
7fca84b7,1278679,4,1,5,1,0,0,0,0,0,4,0,0,0,0,0,0,0,male,West Indies tour of India,T20,BA King,0,West Indies,India,2022-02-16,,6
7fca84b7,1278680,22,1,32,2,0,1,0,0,0,17,0,0,0,0,0,0,0,male,West Indies tour of India,T20,BA King,0,West Indies,India,2022-02-18,,6
7fca84b7,1302349,58,0,51,5,2,0,0,0,0,22,0,0,0,0,0,0,0,male,West Indies tour of Netherlands,ODI,BA King,0,West Indies,Netherlands,2022-05-31,,6
7fca84b7,1302350,91,0,92,9,3,0,0,0,0,47,0,0,0,0,0,0,0,male,West Indies tour of Netherlands,ODI,BA King,0,West Indies,Netherlands,2022-06-02,,6
7fca84b7,1302351,10,1,13,1,0,0,0,0,0,6,0,0,0,0,0,0,0,male,West Indies tour of Netherlands,ODI,BA King,0,West Indies,Netherlands,2022-06-04,,6
7fca84b7,1315038,4,1,9,0,0,0,0,0,0,5,0,0,0,0,0,0,0,male,West Indies tour of Pakistan,ODI,BA King,0,West Indies,Pakistan,2022-06-08,,6
7fca84b7,1315039,0,1,2,0,0,0,0,0,0,2,0,0,0,0,0,0,0,male,West Indies tour of Pakistan,ODI,BA King,0,West Indies,Pakistan,2022-06-10,,6
7fca84b7,1317149,0,0,0,0,0,2,0,0,0,0,0,0,0,0,0,0,0,male,Bangladesh tour of West Indies,T20,BA King,0,West Indies,Bangladesh,2022-07-02,,6
7fca84b7,1317150,57,1,43,7,1,1,0,0,0,15,0,0,0,0,0,0,0,male,Bangladesh tour of West Indies,T20,BA King,0,West Indies,Bangladesh,2022-07-03,,6
7fca84b7,1317151,7,1,6,0,1,0,0,0,0,4,0,0,0,0,0,0,0,male,Bangladesh tour of West Indies,T20,BA King,0,West Indies,Bangladesh,2022-07-07,,6
7fca84b7,1317152,8,1,32,0,0,0,0,0,0,25,0,0,0,0,0,0,0,male,Bangladesh tour of West Indies,ODI,BA King,caught,West Indies,Bangladesh,2022-07-10,,6
7fca84b7,1317153,11,1,44,0,0,0,0,0,0,33,0,0,0,0,0,0,0,male,Bangladesh tour of West Indies,ODI,BA King,bowled,West Indies,Bangladesh,2022-07-13,,6
7fca84b7,1317154,8,1,9,1,0,0,0,0,0,6,0,0,0,0,0,0,0,male,Bangladesh tour of West Indies,ODI,BA King,bowled,West Indies,Bangladesh,2022-07-16,,6
7fca84b7,1317900,54,1,66,2,2,0,0,0,0,32,0,0,0,0,0,0,0,male,India tour of West Indies,ODI,BA King,0,West Indies,India,2022-07-22,,6
7fca84b7,1317901,0,1,5,0,0,0,0,0,0,5,0,0,0,0,0,0,0,male,India tour of West Indies,ODI,BA King,0,West Indies,India,2022-07-24,,6
7fca84b7,1317902,42,1,37,5,1,0,0,0,0,15,0,0,0,0,0,0,0,male,India tour of West Indies,ODI,BA King,bowled,West Indies,India,2022-07-27,,6
7fca84b7,1317904,68,1,52,8,2,0,0,0,0,20,0,0,0,0,0,0,0,male,India tour of West Indies,T20,BA King,bowled,West Indies,India,2022-08-01,,6
7fca84b7,1317905,20,1,20,3,0,0,0,0,0,11,0,0,0,0,0,0,0,male,India tour of West Indies,T20,BA King,bowled,West Indies,India,2022-08-02,,6
7fca84b7,1317906,13,1,9,3,0,1,0,0,0,5,0,0,0,0,0,0,0,male,West Indies v India T20I Series,T20,BA King,caught and bowled,West Indies,India,2022-08-06,,6
7fca84b7,1317910,53,1,35,4,3,1,0,0,0,9,0,0,0,0,0,0,0,male,New Zealand tour of West Indies,T20,BA King,caught,West Indies,New Zealand,2022-08-14,,6
7fca84b7,1317912,2,1,7,0,0,0,0,0,0,5,0,0,0,0,0,0,0,male,New Zealand tour of West Indies,ODI,BA King,0,West Indies,New Zealand,2022-08-19,,6
7fca84b7,1317913,1,1,2,0,0,0,0,0,0,1,0,0,0,0,0,0,0,male,New Zealand tour of West Indies,ODI,BA King,caught,West Indies,New Zealand,2022-08-21,,6
7fca84b7,1323144,89,1,63,8,6,0,0,0,0,29,0,0,0,0,0,0,0,male,Caribbean Premier League,T20,BA King,caught,Jamaica Tallawahs,St Kitts and Nevis Patriots,2022-08-31,,6
7fca84b7,1323147,32,1,26,4,1,1,0,0,0,11,0,0,0,0,0,0,0,male,Caribbean Premier League,T20,BA King,0,Jamaica Tallawahs,Guyana Amazon Warriors,2022-09-03,,6
7fca84b7,1323152,19,1,18,2,0,1,0,0,0,6,0,0,0,0,0,0,0,male,Caribbean Premier League,T20,BA King,0,Jamaica Tallawahs,St Lucia Kings,2022-09-07,,6
7fca84b7,1323155,7,1,7,1,0,1,0,0,0,3,0,0,0,0,0,0,0,male,Caribbean Premier League,T20,BA King,0,Jamaica Tallawahs,Trinbago Knight Riders,2022-09-10,,6
7fca84b7,1323157,0,1,3,0,0,0,0,0,0,3,0,0,0,0,0,0,0,male,Caribbean Premier League,T20,BA King,0,Jamaica Tallawahs,Barbados Royals,2022-09-11,,6
7fca84b7,1323160,22,1,24,3,0,0,0,0,0,11,0,0,0,0,0,0,0,male,Caribbean Premier League,T20,BA King,bowled,Jamaica Tallawahs,St Kitts and Nevis Patriots,2022-09-14,,6
7fca84b7,1323162,46,1,34,3,2,0,0,0,0,12,0,0,0,0,0,0,0,male,Caribbean Premier League,T20,BA King,0,Jamaica Tallawahs,Barbados Royals,2022-09-15,,6
7fca84b7,1323164,7,1,10,1,0,0,0,0,0,6,0,0,0,0,0,0,0,male,Caribbean Premier League,T20,BA King,0,Jamaica Tallawahs,Trinbago Knight Riders,2022-09-17,,6
7fca84b7,1323168,104,1,69,8,7,0,0,0,0,26,0,0,0,0,0,0,0,male,Caribbean Premier League,T20,BA King,0,Jamaica Tallawahs,Guyana Amazon Warriors,2022-09-21,,6
7fca84b7,1323175,7,1,13,1,0,0,0,0,0,9,0,0,0,0,0,0,0,male,Caribbean Premier League,T20,BA King,0,Jamaica Tallawahs,St Lucia Kings,2022-09-27,,6
7fca84b7,1323176,6,1,9,1,0,0,0,0,0,6,0,0,0,0,0,0,0,male,Caribbean Premier League,T20,BA King,0,Jamaica Tallawahs,Guyana Amazon Warriors,2022-09-28,,6
7fca84b7,1323177,83,0,54,13,2,1,0,0,0,20,0,0,0,0,0,0,0,male,Caribbean Premier League,T20,BA King,0,Jamaica Tallawahs,Barbados Royals,2022-09-30,,6
7fca84b7,1317482,12,1,9,1,1,1,0,0,0,5,0,0,0,0,0,0,0,male,West Indies tour of Australia,T20,BA King,0,West Indies,Australia,2022-10-05,,6
7fca84b7,1317483,23,1,19,3,1,0,0,0,0,12,0,0,0,0,0,0,0,male,West Indies tour of Australia,T20,BA King,0,West Indies,Australia,2022-10-07,,6
7fca84b7,1298137,17,1,16,3,0,1,0,0,0,8,0,0,0,0,0,0,0,male,ICC Men's T20 World Cup,T20,BA King,bowled,West Indies,Scotland,2022-10-17,,6
7fca84b7,1298145,62,0,50,6,1,0,0,0,0,14,0,0,0,0,0,0,0,male,ICC Men's T20 World Cup,T20,BA King,0,West Indies,Ireland,2022-10-21,,6
7fca84b7,1346916,8,1,7,1,0,1,0,0,0,3,0,0,0,0,0,0,0,male,International League T20,T20,BA King,caught,Abu Dhabi Knight Riders,Dubai Capitals,2023-01-13,,6
7fca84b7,1346918,4,1,8,0,0,1,0,0,0,4,0,0,0,0,0,0,0,male,International League T20,T20,BA King,caught,Abu Dhabi Knight Riders,Gulf Giants,2023-01-15,,6
7fca84b7,1346922,57,1,44,5,2,0,0,0,0,14,0,0,0,0,0,0,0,male,International League T20,T20,BA King,0,Abu Dhabi Knight Riders,Desert Vipers,2023-01-18,,6
7fca84b7,1346924,6,1,6,0,1,0,0,0,0,5,0,0,0,0,0,0,0,male,International League T20,T20,BA King,0,Abu Dhabi Knight Riders,Desert Vipers,2023-01-20,,6
7fca84b7,1346926,6,1,13,1,0,0,0,0,0,10,0,0,0,0,0,0,0,male,International League T20,T20,BA King,0,Abu Dhabi Knight Riders,MI Emirates,2023-01-21,,6
7fca84b7,1346934,1,0,1,0,0,0,0,0,0,0,0,0,0,0,0,0,0,male,International League T20,T20,BA King,0,Abu Dhabi Knight Riders,Sharjah Warriors,2023-01-28,,6
7fca84b7,1346937,7,1,11,1,0,0,0,0,0,7,0,0,0,0,0,0,0,male,International League T20,T20,BA King,lbw,Abu Dhabi Knight Riders,Dubai Capitals,2023-01-30,,6
7fca84b7,1346941,19,1,13,3,1,0,0,0,0,8,0,0,0,0,0,0,0,male,International League T20,T20,BA King,0,Abu Dhabi Knight Riders,MI Emirates,2023-02-03,,6
7fca84b7,1346943,20,1,19,2,0,0,0,0,0,7,0,0,0,0,0,0,0,male,International League T20,T20,BA King,0,Abu Dhabi Knight Riders,Sharjah Warriors,2023-02-04,,6
7fca84b7,1339602,30,1,32,4,0,0,0,0,0,17,0,0,0,0,0,0,0,male,West Indies tour of South Africa,ODI,BA King,0,West Indies,South Africa,2023-03-18,,6
7fca84b7,1339603,72,1,72,11,1,0,0,0,0,41,0,0,0,0,0,0,0,male,West Indies tour of South Africa,ODI,BA King,bowled,West Indies,South Africa,2023-03-21,,6
7fca84b7,1339604,23,1,8,2,2,0,0,0,0,1,0,0,0,0,0,0,0,male,West Indies tour of South Africa,T20,BA King,0,West Indies,South Africa,2023-03-25,,6
7fca84b7,1339605,1,1,2,0,0,1,0,0,0,1,0,0,0,0,0,0,0,male,West Indies tour of South Africa,T20,BA King,caught,West Indies,South Africa,2023-03-26,,6
7fca84b7,1339606,36,1,26,4,2,0,0,0,0,12,0,0,0,0,0,0,0,male,West Indies tour of South Africa,T20,BA King,bowled,West Indies,South Africa,2023-03-28,,6
7fca84b7,1377005,112,1,113,12,4,2,0,0,0,61,0,0,0,0,0,0,0,male,West Indies tour of United Arab Emirates,ODI,BA King,0,West Indies,United Arab Emirates,2023-06-04,,6
7fca84b7,1377006,64,1,72,4,4,0,0,0,0,41,0,0,0,0,0,0,0,male,West Indies tour of United Arab Emirates,ODI,BA King,0,West Indies,United Arab Emirates,2023-06-06,,6
7fca84b7,1377747,0,1,7,0,0,0,0,0,0,7,0,0,0,0,0,0,0,male,ICC Cricket World Cup Qualifier,ODI,BA King,0,West Indies,United States of America,2023-06-18,,6
7fca84b7,1377754,32,1,42,2,2,0,0,0,0,27,0,0,0,0,0,0,0,male,ICC Cricket World Cup Qualifier,ODI,BA King,bowled,West Indies,Nepal,2023-06-22,,6
7fca84b7,1377758,20,1,12,2,1,1,0,0,0,4,0,0,0,0,0,0,0,male,ICC Cricket World Cup Qualifier,ODI,BA King,0,West Indies,Zimbabwe,2023-06-24,,6
7fca84b7,1377763,76,1,82,13,0,0,0,0,0,47,0,0,0,0,0,0,0,male,ICC Cricket World Cup Qualifier,ODI,BA King,lbw,West Indies,Netherlands,2023-06-26,,6
7fca84b7,1377769,22,1,23,5,0,0,0,0,0,16,0,0,0,0,0,0,0,male,ICC Cricket World Cup Qualifier,ODI,BA King,caught and bowled,West Indies,Scotland,2023-07-01,,6
7fca84b7,1377775,100,1,105,15,0,0,0,0,0,52,0,0,0,0,0,0,0,male,ICC Cricket World Cup Qualifier,ODI,BA King,0,West Indies,Oman,2023-07-05,,6
7fca84b7,1377778,10,1,18,1,0,0,0,0,0,12,0,0,0,0,0,0,0,male,ICC Cricket World Cup Qualifier,ODI,BA King,0,West Indies,Sri Lanka,2023-07-07,,6
7fca84b7,1381214,17,1,25,3,0,1,0,0,0,17,0,0,0,0,0,0,0,male,India tour of West Indies,ODI,BA King,bowled,West Indies,India,2023-07-27,,6
7fca84b7,1381215,15,1,23,3,0,2,0,0,0,17,0,0,0,0,0,0,0,male,India tour of West Indies and United States of America,ODI,BA King,lbw,West Indies,India,2023-07-29,,6
7fca84b7,1381216,0,1,6,0,0,1,0,0,0,6,0,0,0,0,0,0,0,male,India tour of West Indies and United States of America,ODI,BA King,caught,West Indies,India,2023-08-01,,6
7fca84b7,1381217,28,1,19,4,1,0,0,0,0,9,0,0,0,0,0,0,0,male,India tour of West Indies and United States of America,T20,BA King,lbw,West Indies,India,2023-08-03,,6
7fca84b7,1381218,0,1,1,0,0,0,0,0,0,1,0,0,0,0,0,0,0,male,India tour of West Indies and United States of America,T20,BA King,0,West Indies,India,2023-08-06,,6
7fca84b7,1381219,42,1,43,5,1,1,0,0,0,21,0,0,0,0,0,0,0,male,India tour of West Indies and United States of America,T20,BA King,caught and bowled,West Indies,India,2023-08-08,,6
7fca84b7,1381220,18,1,16,0,2,0,0,0,0,8,0,0,0,0,0,0,0,male,India tour of West Indies and United States of America,T20,BA King,0,West Indies,India,2023-08-12,,6
7fca84b7,1381221,85,0,55,5,6,0,0,0,0,20,0,0,0,0,0,0,0,male,India tour of West Indies and United States of America,T20,BA King,0,West Indies,India,2023-08-13,,6
7fca84b7,1369558,81,1,55,9,3,0,0,0,0,21,0,0,0,0,0,0,0,male,Caribbean Premier League,T20,BA King,0,Jamaica Tallawahs,St Lucia Kings,2023-08-16,,6
7fca84b7,1369564,67,1,34,7,4,0,0,0,0,10,0,0,0,0,0,0,0,male,Caribbean Premier League,T20,BA King,0,Jamaica Tallawahs,St Kitts and Nevis Patriots,2023-08-23,,6
7fca84b7,1369568,1,1,6,0,0,1,0,0,0,5,0,0,0,0,0,0,0,male,Caribbean Premier League,T20,BA King,0,Jamaica Tallawahs,Guyana Amazon Warriors,2023-08-27,,6
7fca84b7,1369571,1,1,6,0,0,0,0,0,0,5,0,0,0,0,0,0,0,male,Caribbean Premier League,T20,BA King,caught,Jamaica Tallawahs,Barbados Royals,2023-08-31,,6
7fca84b7,1369574,36,1,25,4,2,0,0,0,0,11,0,0,0,0,0,0,0,male,Caribbean Premier League,T20,BA King,caught,Jamaica Tallawahs,Trinbago Knight Riders,2023-09-03,,6
7fca84b7,1369579,8,1,8,0,1,0,0,0,0,5,0,0,0,0,0,0,0,male,Caribbean Premier League,T20,BA King,0,Jamaica Tallawahs,Trinbago Knight Riders,2023-09-09,,6
7fca84b7,1369582,52,1,33,10,1,0,0,0,0,17,0,0,0,0,0,0,0,male,Caribbean Premier League,T20,BA King,bowled,Jamaica Tallawahs,Guyana Amazon Warriors,2023-09-13,,6
7fca84b7,1369584,7,1,8,0,1,0,0,0,0,6,0,0,0,0,0,0,0,male,Caribbean Premier League,T20,BA King,caught,Jamaica Tallawahs,St Kitts and Nevis Patriots,2023-09-16,,6
7fca84b7,1369588,30,1,21,3,2,0,0,0,0,10,0,0,0,0,0,0,0,male,Caribbean Premier League,T20,BA King,0,Jamaica Tallawahs,St Lucia Kings,2023-09-19,,6
7fca84b7,1369590,5,1,10,0,0,0,0,0,0,6,0,0,0,0,0,0,0,male,Caribbean Premier League,T20,BA King,0,Jamaica Tallawahs,Guyana Amazon Warriors,2023-09-22,,6
7fca84b7,1373576,35,1,46,4,1,0,0,0,0,29,0,0,0,0,0,0,0,male,England tour of West Indies,ODI,BA King,bowled,West Indies,England,2023-12-03,,6
7fca84b7,1373577,17,1,19,3,0,0,0,0,0,12,0,0,0,0,0,0,0,male,England tour of West Indies,ODI,BA King,0,West Indies,England,2023-12-06,,6
7fca84b7,1373578,1,1,3,0,0,1,0,0,0,2,0,0,0,0,0,0,0,male,England tour of West Indies,ODI,BA King,caught,West Indies,England,2023-12-09,,6
7fca84b7,1373579,22,1,12,2,2,1,0,0,0,6,0,0,0,0,0,0,0,male,England tour of West Indies,T20,BA King,0,West Indies,England,2023-12-12,,6
7fca84b7,1373580,82,0,54,8,5,0,0,0,0,21,0,0,0,0,0,0,0,male,England tour of West Indies,T20,BA King,0,West Indies,England,2023-12-14,,6
7fca84b7,1373581,8,1,5,2,0,0,0,0,0,3,0,0,0,0,0,0,0,male,England tour of West Indies,T20,BA King,0,West Indies,England,2023-12-16,,6
7fca84b7,1373582,0,1,1,0,0,0,0,0,0,1,0,0,0,0,0,0,0,male,England tour of West Indies,T20,BA King,caught,West Indies,England,2023-12-19,,6
7fca84b7,1373583,3,1,5,0,0,0,0,0,0,2,0,0,0,0,0,0,0,male,England tour of West Indies,T20,BA King,0,West Indies,England,2023-12-21,,6
7fca84b7,1412276,0,1,1,0,0,1,0,0,0,1,0,0,0,0,0,0,0,male,Bangladesh Premier League,T20,BA King,0,Rangpur Riders,Fortune Barishal,2024-01-20,,6
7fca84b7,1412282,1,1,6,0,0,1,0,0,0,5,0,0,0,0,0,0,0,male,Bangladesh Premier League,T20,BA King,bowled,Rangpur Riders,Khulna Tigers,2024-01-26,,6
7fca84b7,1412285,20,1,13,3,1,2,0,0,0,7,0,0,0,0,0,0,0,male,Bangladesh Premier League,T20,BA King,caught,Rangpur Riders,Durdanto Dhaka,2024-01-27,,6
7fca84b7,1412288,14,1,12,1,1,0,0,0,0,6,0,0,0,0,0,0,0,male,Bangladesh Premier League,T20,BA King,stumped,Rangpur Riders,Comilla Victorians,2024-01-30,,6
7fca84b7,1412293,1,1,3,0,0,2,0,0,0,2,0,0,0,0,0,0,0,male,Bangladesh Premier League,T20,BA King,0,Rangpur Riders,Sylhet Strikers,2024-02-03,,6
7fca84b7,1375850,53,1,38,7,1,1,0,0,0,13,0,0,0,0,0,0,0,male,West Indies tour of Australia,T20,BA King,0,West Indies,Australia,2024-02-09,,6
7fca84b7,1375851,5,1,9,1,0,1,0,0,0,7,0,0,0,0,0,0,0,male,West Indies tour of Australia,T20,BA King,0,West Indies,Australia,2024-02-11,,6
7fca84b7,1412307,2,1,10,0,0,0,0,0,0,8,0,0,0,0,0,0,0,male,Bangladesh Premier League,T20,BA King,caught,Rangpur Riders,Chattogram Challengers,2024-02-16,,6
7fca84b7,1412311,45,1,22,3,4,0,0,0,0,8,0,0,0,0,0,0,0,male,Bangladesh Premier League,T20,BA King,stumped,Rangpur Riders,Fortune Barishal,2024-02-19,,6
7fca84b7,1412313,4,1,6,1,0,0,0,0,0,5,0,0,0,0,0,0,0,male,Bangladesh Premier League,T20,BA King,caught,Rangpur Riders,Comilla Victorians,2024-02-20,,6
7fca84b7,1433362,79,1,49,6,6,1,0,0,0,22,0,0,0,0,0,0,0,male,South Africa tour of West Indies,T20,BA King,caught,West Indies,South Africa,2024-05-23,,6
7fca84b7,1433363,36,1,22,2,3,0,0,0,0,9,0,0,0,0,0,0,0,male,South Africa tour of West Indies,T20,BA King,caught,West Indies,South Africa,2024-05-25,,6
7fca84b7,1433364,44,1,28,2,4,1,0,0,0,10,0,0,0,0,0,0,0,male,South Africa tour of West Indies,T20,BA King,0,West Indies,South Africa,2024-05-26,,6
7fca84b7,1415702,34,1,29,7,0,0,0,0,0,17,0,0,0,0,0,0,0,male,ICC Men's T20 World Cup,T20,BA King,0,West Indies,Papua New Guinea,2024-06-02,,6
7fca84b7,1415718,13,1,8,2,0,0,0,0,0,2,0,0,0,0,0,0,0,male,ICC Men's T20 World Cup,T20,BA King,0,West Indies,Uganda,2024-06-08,,6
7fca84b7,1415726,9,1,12,0,1,1,0,0,0,8,0,0,0,0,0,0,0,male,ICC Men's T20 World Cup,T20,BA King,caught,West Indies,New Zealand,2024-06-12,,6
7fca84b7,1415740,7,1,6,1,0,0,0,1,0,3,0,0,0,0,0,0,0,male,ICC Men's T20 World Cup,T20,BA King,0,West Indies,Afghanistan,2024-06-17,,6
7fca84b7,1415742,23,1,15,3,1,0,0,0,0,6,0,0,0,0,0,0,0,male,ICC Men's T20 World Cup,T20,BA King,0,West Indies,England,2024-06-19,,6
7fca84b7,1428688,29,1,17,3,2,1,0,0,0,7,0,0,0,0,0,0,0,male,Caribbean Premier League,T20,BA King,lbw,Antigua and Barbuda Falcons,St Kitts and Nevis Patriots,2024-09-08,,6
7fca84b7,1428690,27,1,19,5,0,0,0,0,0,8,0,0,0,0,0,0,0,male,Caribbean Premier League,T20,BA King,0,Antigua and Barbuda Falcons,Barbados Royals,2024-09-11,,6
7fca84b7,1428697,0,1,3,0,0,0,0,0,0,3,0,0,0,0,0,0,0,male,Caribbean Premier League,T20,BA King,caught,Antigua and Barbuda Falcons,Trinbago Knight Riders,2024-09-19,,6
7fca84b7,1428700,3,1,11,0,0,1,0,0,0,8,0,0,0,0,0,0,0,male,Caribbean Premier League,T20,BA King,0,Antigua and Barbuda Falcons,Guyana Amazon Warriors,2024-09-21,,6
7fca84b7,1451814,63,1,34,11,1,0,0,0,0,12,0,0,0,0,0,0,0,male,West Indies tour of Sri Lanka,T20,BA King,0,West Indies,Sri Lanka,2024-10-13,,6
7fca84b7,1451815,5,1,8,1,0,0,0,0,0,6,0,0,0,0,0,0,0,male,West Indies tour of Sri Lanka,T20,BA King,0,West Indies,Sri Lanka,2024-10-15,,6
7fca84b7,1451816,23,1,19,3,1,0,0,0,0,11,0,0,0,0,0,0,0,male,West Indies tour of Sri Lanka,T20,BA King,0,West Indies,Sri Lanka,2024-10-17,,6
7fca84b7,1451817,14,1,27,2,0,1,0,0,0,19,0,0,0,0,0,0,0,male,West Indies tour of Sri Lanka,ODI,BA King,0,West Indies,Sri Lanka,2024-10-20,,6
7fca84b7,1451818,16,1,18,3,0,1,0,1,0,12,0,0,0,0,0,0,0,male,West Indies tour of Sri Lanka,ODI,BA King,caught and bowled,West Indies,Sri Lanka,2024-10-23,,6
7fca84b7,1451819,16,1,20,2,0,0,0,0,0,11,0,0,0,0,0,0,0,male,West Indies tour of Sri Lanka,ODI,BA King,caught,West Indies,Sri Lanka,2024-10-26,,6
7fca84b7,1433370,30,1,57,3,0,1,0,0,0,40,0,0,0,0,0,0,0,male,England tour of West Indies,ODI,BA King,0,West Indies,England,2024-10-31,,6
7fca84b7,1433371,7,1,10,1,0,0,0,0,0,7,0,0,0,0,0,0,0,male,England tour of West Indies,ODI,BA King,0,West Indies,England,2024-11-02,,6
7fca84b7,1433372,102,1,120,13,1,0,0,0,0,67,0,0,0,0,0,0,0,male,England tour of West Indies,ODI,BA King,0,West Indies,England,2024-11-06,,6
7fca84b7,1433373,3,1,5,0,0,0,0,0,0,2,0,0,0,0,0,0,0,male,England tour of West Indies,T20,BA King,caught,West Indies,England,2024-11-09,,6
7fca84b7,1433374,1,1,4,0,0,1,0,0,0,3,0,0,0,0,0,0,0,male,England tour of West Indies,T20,BA King,caught,West Indies,England,2024-11-10,,6
