player_id,match_id,runs_scored,player_out,balls_faced,fours_scored,sixes_scored,catches_taken,run_out_direct,run_out_throw,stumpings_done,dot_balls_as_batsman,order_seenballs_bowled,runs_conceded,wickets_taken,bowled_done,lbw_done,maidens,dot_balls_as_bowler,gender,series_name,match_type,name,out_kind,player_team,opposition_team,start_date,end_date,balls_per_over
d666d3a8,317581,25,1,43,4,0,0,0,0,0,31,0,0,0,0,0,0,0,male,West Indies in Zimbabwe ODI Series,ODI,BA Parchment,caught,West Indies,Zimbabwe,2007-12-07,,6
d666d3a8,319112,10,1,6,1,1,0,0,0,0,4,0,0,0,0,0,0,0,male,West Indies in South Africa T20I Series,T20,BA Parchment,0,West Indies,South Africa,2007-12-16,,6
d666d3a8,298803,31,2,74,3,0,0,0,0,0,62,0,0,0,0,0,0,0,male,Sir Vivian Richards Trophy,Test,BA Parchment,0,West Indies,South Africa,2008-01-10,2008-01-11,6
d666d3a8,298805,19,1,25,3,0,0,0,0,0,18,0,0,0,0,0,0,0,male,West Indies in South Africa ODI Series,ODI,BA Parchment,lbw,West Indies,South Africa,2008-01-20,,6
d666d3a8,298806,8,1,17,1,0,0,0,0,0,13,0,0,0,0,0,0,0,male,West Indies in South Africa ODI Series,ODI,BA Parchment,caught,West Indies,South Africa,2008-01-25,,6
d666d3a8,298807,5,1,20,0,0,0,0,0,0,16,0,0,0,0,0,0,0,male,West Indies in South Africa ODI Series,ODI,BA Parchment,caught,West Indies,South Africa,2008-01-27,,6
d666d3a8,298808,48,1,80,5,1,0,0,0,0,59,0,0,0,0,0,0,0,male,West Indies in South Africa ODI Series,ODI,BA Parchment,0,West Indies,South Africa,2008-02-01,,6
d666d3a8,298809,2,1,13,0,0,0,0,0,0,11,0,0,0,0,0,0,0,male,West Indies in South Africa ODI Series,ODI,BA Parchment,0,West Indies,South Africa,2008-02-03,,6
d666d3a8,319139,24,2,90,2,0,1,0,0,0,76,0,0,0,0,0,0,0,male,The Frank Worrell Trophy,Test,BA Parchment,0,West Indies,Australia,2008-05-22,2008-05-23,6
