player_id,match_id,runs_scored,player_out,balls_faced,fours_scored,sixes_scored,catches_taken,run_out_direct,run_out_throw,stumpings_done,dot_balls_as_batsman,order_seenballs_bowled,runs_conceded,wickets_taken,bowled_done,lbw_done,maidens,dot_balls_as_bowler,gender,series_name,match_type,name,out_kind,player_team,opposition_team,start_date,end_date,balls_per_over
0d51e658,489212,11,0,10,0,1,1,0,0,0,5,0,7,0,0,0,0,0,male,,T20,CD Barnwell,0,West Indies,Pakistan,2011-04-21,,6
0d51e658,489220,34,0,16,2,3,1,0,0,0,5,0,24,1,1,0,0,6,male,,T20,CD Barnwell,0,West Indies,India,2011-06-04,,6
0d51e658,525816,0,1,1,0,0,0,0,0,0,1,0,12,0,0,0,0,4,male,West Indies in England T20I Series,T20,CD Barnwell,0,West Indies,England,2011-09-23,,6
0d51e658,525817,16,1,22,0,0,0,0,1,0,10,0,0,0,0,0,0,0,male,West Indies in England T20I Series,T20,CD Barnwell,caught,West Indies,England,2011-09-25,,6
0d51e658,593987,7,1,11,0,0,0,0,0,0,5,0,8,0,0,0,0,1,male,Zimbabwe in West Indies T20I Series,T20,CD Barnwell,bowled,West Indies,Zimbabwe,2013-03-03,,6
0d51e658,645647,10,1,5,2,0,0,0,0,0,1,0,0,0,0,0,0,0,male,Pakistan in West Indies T20I Series,T20,CD Barnwell,0,West Indies,Pakistan,2013-07-28,,6
0d51e658,635216,0,1,2,0,0,1,0,0,0,2,0,9,0,0,0,0,1,male,Caribbean Premier League,T20,CD Barnwell,0,Guyana Amazon Warriors,Trinidad & Tobago Red Steel,2013-07-31,,6
0d51e658,635218,0,0,0,0,0,1,0,0,0,0,0,0,0,0,0,0,0,male,Caribbean Premier League,T20,CD Barnwell,0,Guyana Amazon Warriors,Jamaica Tallawahs,2013-08-02,,6
0d51e658,635221,29,0,15,2,2,0,0,0,0,4,0,0,0,0,0,0,0,male,Caribbean Premier League,T20,CD Barnwell,0,Guyana Amazon Warriors,St Lucia Zouks,2013-08-04,,6
0d51e658,635225,23,0,19,1,1,0,0,0,0,7,0,23,1,0,0,0,11,male,Caribbean Premier League,T20,CD Barnwell,0,Guyana Amazon Warriors,Trinidad & Tobago Red Steel,2013-08-09,,6
0d51e658,635227,0,1,3,0,0,0,0,0,0,3,0,12,0,0,0,0,8,male,Caribbean Premier League,T20,CD Barnwell,caught,Guyana Amazon Warriors,Barbados Tridents,2013-08-11,,6
0d51e658,635230,11,1,10,0,1,1,0,0,0,4,0,4,2,0,0,0,3,male,Caribbean Premier League,T20,CD Barnwell,run out,Guyana Amazon Warriors,Jamaica Tallawahs,2013-08-15,,6
0d51e658,635233,16,1,12,2,0,0,0,0,0,3,0,48,1,0,0,0,10,male,Caribbean Premier League,T20,CD Barnwell,caught,Guyana Amazon Warriors,Antigua Hawksbills,2013-08-17,,6
0d51e658,635236,0,0,0,0,0,1,0,0,0,0,0,0,0,0,0,0,0,male,Caribbean Premier League,T20,CD Barnwell,0,Guyana Amazon Warriors,Trinidad & Tobago Red Steel,2013-08-22,,6
0d51e658,635238,9,0,7,1,0,0,0,0,0,1,0,26,1,0,0,0,3,male,Caribbean Premier League,T20,CD Barnwell,0,Guyana Amazon Warriors,Jamaica Tallawahs,2013-08-24,,6
0d51e658,743137,5,1,6,1,0,0,0,0,0,4,0,0,0,0,0,0,0,male,Caribbean Premier League,T20,CD Barnwell,caught,Guyana Amazon Warriors,Antigua Hawksbills,2014-07-11,,6
0d51e658,743149,0,0,0,0,0,1,0,0,0,0,0,0,0,0,0,0,0,male,Caribbean Premier League,T20,CD Barnwell,0,Guyana Amazon Warriors,St Lucia Zouks,2014-07-19,,6
0d51e658,743153,10,0,5,0,1,0,0,0,0,1,0,0,0,0,0,0,0,male,Caribbean Premier League,T20,CD Barnwell,0,Guyana Amazon Warriors,Jamaica Tallawahs,2014-07-20,,6
0d51e658,743157,23,1,8,1,2,3,0,0,0,0,0,0,0,0,0,0,0,male,Caribbean Premier League,T20,CD Barnwell,run out,Guyana Amazon Warriors,Trinidad & Tobago Red Steel,2014-07-24,,6
0d51e658,743163,4,1,6,0,0,0,0,0,0,2,0,0,0,0,0,0,0,male,Caribbean Premier League,T20,CD Barnwell,caught,Guyana Amazon Warriors,Barbados Tridents,2014-07-26,,6
0d51e658,743171,23,1,18,2,1,0,0,0,0,6,0,0,0,0,0,0,0,male,Caribbean Premier League,T20,CD Barnwell,caught,Guyana Amazon Warriors,Jamaica Tallawahs,2014-08-02,,6
0d51e658,743179,37,1,21,1,4,0,0,0,0,8,0,0,0,0,0,0,0,male,Caribbean Premier League,T20,CD Barnwell,0,Guyana Amazon Warriors,Antigua Hawksbills,2014-08-07,,6
0d51e658,743187,14,0,5,0,2,0,0,0,0,1,0,0,0,0,0,0,0,male,Caribbean Premier League,T20,CD Barnwell,0,Guyana Amazon Warriors,St Lucia Zouks,2014-08-10,,6
0d51e658,743193,0,0,0,0,0,0,0,0,0,0,0,0,0,0,0,0,0,male,Caribbean Premier League,T20,CD Barnwell,0,Guyana Amazon Warriors,Jamaica Tallawahs,2014-08-14,,6
0d51e658,743195,17,0,10,0,1,0,0,0,0,1,0,0,0,0,0,0,0,male,Caribbean Premier League,T20,CD Barnwell,0,Guyana Amazon Warriors,Barbados Tridents,2014-08-16,,6
0d51e658,857703,6,1,12,0,0,1,0,0,0,7,0,22,0,0,0,0,3,male,Caribbean Premier League,T20,CD Barnwell,0,Guyana Amazon Warriors,Barbados Tridents,2015-06-20,,6
0d51e658,857713,26,1,18,1,2,0,0,0,0,6,0,0,0,0,0,0,0,male,Caribbean Premier League,T20,CD Barnwell,caught,Guyana Amazon Warriors,St Lucia Zouks,2015-06-26,,6
0d51e658,857723,0,0,0,0,0,1,0,0,0,0,0,0,0,0,0,0,0,male,Caribbean Premier League,T20,CD Barnwell,0,Guyana Amazon Warriors,St Kitts and Nevis Patriots,2015-07-03,,6
0d51e658,857729,6,1,7,1,0,1,0,0,0,4,0,0,0,0,0,0,0,male,Caribbean Premier League,T20,CD Barnwell,0,Guyana Amazon Warriors,Trinidad & Tobago Red Steel,2015-07-04,,6
0d51e658,857735,0,0,0,0,0,0,0,0,0,0,0,24,0,0,0,0,2,male,Caribbean Premier League,T20,CD Barnwell,0,Guyana Amazon Warriors,St Kitts and Nevis Patriots,2015-07-08,,6
0d51e658,857745,0,0,0,0,0,1,0,0,0,0,0,0,0,0,0,0,0,male,Caribbean Premier League,T20,CD Barnwell,0,Guyana Amazon Warriors,Jamaica Tallawahs,2015-07-12,,6
0d51e658,857753,7,1,7,1,0,0,0,0,0,4,0,0,0,0,0,0,0,male,Caribbean Premier League,T20,CD Barnwell,bowled,Guyana Amazon Warriors,St Lucia Zouks,2015-07-17,,6
0d51e658,857757,24,1,13,2,1,0,0,0,0,3,0,0,0,0,0,0,0,male,Caribbean Premier League,T20,CD Barnwell,bowled,Guyana Amazon Warriors,Barbados Tridents,2015-07-18,,6
0d51e658,857761,0,0,0,0,0,1,0,0,0,0,0,0,0,0,0,0,0,male,Caribbean Premier League,T20,CD Barnwell,0,Guyana Amazon Warriors,Trinidad & Tobago Red Steel,2015-07-21,,6
0d51e658,857765,12,0,18,1,0,0,0,0,0,11,0,0,0,0,0,0,0,male,Caribbean Premier League,T20,CD Barnwell,0,Guyana Amazon Warriors,Trinidad & Tobago Red Steel,2015-07-25,,6
0d51e658,994669,5,1,11,0,0,0,0,0,0,7,0,0,0,0,0,0,0,male,Caribbean Premier League,T20,CD Barnwell,caught,Guyana Amazon Warriors,St Kitts and Nevis Patriots,2016-06-30,,6
0d51e658,1025987,0,1,2,0,0,0,0,0,0,2,0,0,0,0,0,0,0,male,Caribbean Premier League,T20,CD Barnwell,0,Guyana Amazon Warriors,Trinbago Knight Riders,2016-07-02,,6
0d51e658,1018873,10,1,13,0,1,0,0,0,0,8,0,0,0,0,0,0,0,male,Caribbean Premier League,T20,CD Barnwell,0,Guyana Amazon Warriors,Trinbago Knight Riders,2016-07-10,,6
0d51e658,1019769,8,1,8,1,0,0,0,0,0,3,0,0,0,0,0,0,0,male,Caribbean Premier League,T20,CD Barnwell,run out,Guyana Amazon Warriors,Jamaica Tallawahs,2016-07-15,,6
0d51e658,994677,15,0,12,1,1,1,0,0,0,6,0,30,1,0,0,0,5,male,Caribbean Premier League,T20,CD Barnwell,0,Guyana Amazon Warriors,Barbados Tridents,2016-07-28,,6
0d51e658,994683,16,0,9,1,1,0,0,0,0,2,0,26,0,0,0,0,2,male,Caribbean Premier League,T20,CD Barnwell,0,Guyana Amazon Warriors,Barbados Tridents,2016-07-30,,6
0d51e658,1025665,4,1,6,0,0,0,0,0,0,2,0,13,1,1,0,0,6,male,Caribbean Premier League,T20,CD Barnwell,caught,Guyana Amazon Warriors,Jamaica Tallawahs,2016-08-03,,6
0d51e658,1025671,10,1,16,0,1,0,0,0,0,11,0,0,0,0,0,0,0,male,Caribbean Premier League,T20,CD Barnwell,0,Guyana Amazon Warriors,Jamaica Tallawahs,2016-08-07,,6
0d51e658,1094674,1,1,3,0,0,0,0,0,0,2,0,0,0,0,0,0,0,male,Caribbean Premier League,T20,CD Barnwell,bowled,Barbados Tridents,Jamaica Tallawahs,2017-08-05,,6
0d51e658,1094676,13,1,19,0,0,0,0,0,0,8,0,0,0,0,0,0,0,male,Caribbean Premier League,T20,CD Barnwell,caught,Barbados Tridents,Jamaica Tallawahs,2017-08-06,,6
0d51e658,1094679,3,0,4,0,0,0,0,0,0,2,0,0,0,0,0,0,0,male,Caribbean Premier League,T20,CD Barnwell,0,Barbados Tridents,St Lucia Stars,2017-08-10,,6
0d51e658,1094682,1,0,1,0,0,0,0,0,0,0,0,0,0,0,0,0,0,male,Caribbean Premier League,T20,CD Barnwell,0,Barbados Tridents,Trinbago Knight Riders,2017-08-12,,6
0d51e658,1094687,1,1,2,0,0,0,0,0,0,1,0,0,0,0,0,0,0,male,Caribbean Premier League,T20,CD Barnwell,lbw,Barbados Tridents,St Kitts and Nevis Patriots,2017-08-18,,6
0d51e658,1094698,26,0,13,3,1,0,0,0,0,1,0,22,0,0,0,0,5,male,Caribbean Premier League,T20,CD Barnwell,0,Barbados Tridents,St Lucia Stars,2017-08-31,,6
0d51e658,1094700,8,1,10,0,1,0,0,0,0,7,0,0,0,0,0,0,0,male,Caribbean Premier League,T20,CD Barnwell,0,Barbados Tridents,Trinbago Knight Riders,2017-09-02,,6
0d51e658,1185838,7,1,9,1,0,1,0,0,0,5,0,8,0,0,0,0,1,male,Caribbean Premier League,T20,CD Barnwell,0,St Lucia Zouks,Guyana Amazon Warriors,2019-09-05,,6
0d51e658,1185853,6,1,7,0,0,1,0,0,0,2,0,0,0,0,0,0,0,male,Caribbean Premier League,T20,CD Barnwell,0,St Lucia Zouks,Barbados Tridents,2019-09-20,,6
0d51e658,1185854,0,0,0,0,0,0,0,0,0,0,0,0,0,0,0,0,0,male,Caribbean Premier League,T20,CD Barnwell,0,St Lucia Zouks,Trinbago Knight Riders,2019-09-21,,6
0d51e658,1185857,27,0,24,1,1,1,0,0,0,7,0,11,0,0,0,0,6,male,Caribbean Premier League,T20,CD Barnwell,0,St Lucia Zouks,St Kitts and Nevis Patriots,2019-09-24,,6
0d51e658,1185858,23,1,13,0,3,0,0,0,0,5,0,21,0,0,0,0,1,male,Caribbean Premier League,T20,CD Barnwell,bowled,St Lucia Zouks,Guyana Amazon Warriors,2019-09-25,,6
0d51e658,1185860,13,1,18,0,0,1,0,0,0,7,0,0,0,0,0,0,0,male,Caribbean Premier League,T20,CD Barnwell,0,St Lucia Zouks,Jamaica Tallawahs,2019-09-27,,6
0d51e658,1185862,7,1,16,0,0,0,0,0,0,9,0,0,0,0,0,0,0,male,Caribbean Premier League,T20,CD Barnwell,0,St Lucia Zouks,Barbados Tridents,2019-09-29,,6
