player_id,match_id,runs_scored,player_out,balls_faced,fours_scored,sixes_scored,catches_taken,run_out_direct,run_out_throw,stumpings_done,dot_balls_as_batsman,order_seenballs_bowled,runs_conceded,wickets_taken,bowled_done,lbw_done,maidens,dot_balls_as_bowler,gender,series_name,match_type,name,out_kind,player_team,opposition_team,start_date,end_date,balls_per_over
87b177e8,65249,0,0,0,0,0,0,0,0,0,0,0,0,0,0,0,0,0,male,ICC World Cup,ODI,CD Collymore,0,West Indies,Bangladesh,2003-02-18,,6
87b177e8,64820,0,0,0,0,0,1,0,0,0,0,0,49,0,0,0,0,27,male,Australia tour of West Indies,ODI,CD Collymore,0,West Indies,Australia,2003-05-17,,6
87b177e8,64825,0,0,0,0,0,0,0,0,0,0,0,51,2,0,0,1,38,male,Australia tour of West Indies,ODI,CD Collymore,0,West Indies,Australia,2003-05-30,,6
87b177e8,64826,0,0,0,0,0,0,0,0,0,0,0,40,0,0,0,0,30,male,Australia tour of West Indies,ODI,CD Collymore,0,West Indies,Australia,2003-06-01,,6
87b177e8,64827,3,1,6,0,0,0,1,0,0,5,0,44,1,0,0,0,39,male,Sri Lanka tour of West Indies,ODI,CD Collymore,0,West Indies,Sri Lanka,2003-06-07,,6
87b177e8,64829,0,0,0,0,0,0,0,0,0,0,0,28,3,1,0,0,42,male,Sri Lanka tour of West Indies,ODI,CD Collymore,0,West Indies,Sri Lanka,2003-06-11,,6
87b177e8,64055,16,1,30,1,0,0,0,0,0,23,0,100,6,2,3,12,202,male,West Indies tour of Zimbabwe,Test,CD Collymore,bowled,West Indies,Zimbabwe,2003-11-12,2003-11-13,6
87b177e8,64848,2,1,7,0,0,0,0,0,0,5,0,27,2,1,0,1,30,male,West Indies tour of Zimbabwe,ODI,CD Collymore,bowled,West Indies,Zimbabwe,2003-11-23,,6
87b177e8,64849,2,1,3,0,0,0,0,0,0,2,0,46,0,0,0,0,36,male,West Indies tour of Zimbabwe,ODI,CD Collymore,lbw,West Indies,Zimbabwe,2003-11-26,,6
87b177e8,64851,0,0,0,0,0,1,0,0,0,0,0,0,0,0,0,0,0,male,West Indies tour of Zimbabwe,ODI,CD Collymore,0,West Indies,Zimbabwe,2003-11-29,,6
87b177e8,64852,0,0,0,0,0,0,0,0,0,0,0,22,0,0,0,1,33,male,West Indies tour of Zimbabwe,ODI,CD Collymore,0,West Indies,Zimbabwe,2003-11-30,,6
87b177e8,64063,1,1,18,0,0,0,0,0,0,17,0,139,3,2,0,5,150,male,West Indies tour of South Africa,Test,CD Collymore,0,West Indies,South Africa,2003-12-12,2003-12-13,6
87b177e8,64862,0,1,3,0,0,0,0,0,0,3,0,48,1,1,0,1,34,male,West Indies tour of South Africa,ODI,CD Collymore,0,West Indies,South Africa,2004-01-25,,6
87b177e8,64864,0,0,0,0,0,0,0,0,0,0,0,9,0,0,0,0,6,male,West Indies tour of South Africa,ODI,CD Collymore,0,West Indies,South Africa,2004-01-30,,6
87b177e8,64865,0,0,0,0,0,0,0,0,0,0,0,55,0,0,0,0,33,male,West Indies tour of South Africa,ODI,CD Collymore,0,West Indies,South Africa,2004-02-01,,6
87b177e8,64080,0,0,0,0,0,0,0,0,0,0,0,108,0,0,0,8,178,male,England tour of West Indies,Test,CD Collymore,0,West Indies,England,2004-04-10,2004-04-11,6
87b177e8,64889,0,0,0,0,0,0,0,0,0,0,0,0,0,0,0,0,0,male,England tour of West Indies,ODI,CD Collymore,0,West Indies,England,2004-04-24,,6
87b177e8,64094,12,2,22,2,0,0,0,0,0,18,0,165,2,0,0,7,173,male,West Indies tour of England,Test,CD Collymore,0,West Indies,England,2004-07-29,2004-07-30,6
87b177e8,64096,11,2,27,1,0,0,0,0,0,21,0,60,1,0,0,7,119,male,West Indies tour of England,Test,CD Collymore,0,West Indies,England,2004-08-19,2004-08-20,6
87b177e8,66206,0,0,0,0,0,0,0,0,0,0,0,54,0,0,0,0,27,male,ICC Champions Trophy,ODI,CD Collymore,0,West Indies,South Africa,2004-09-18,2004-09-19,6
87b177e8,66209,0,0,0,0,0,0,0,0,0,0,0,26,2,2,0,2,49,male,ICC Champions Trophy,ODI,CD Collymore,0,West Indies,Pakistan,2004-09-22,,6
87b177e8,66210,0,0,0,0,0,0,0,0,0,0,0,43,0,0,0,1,45,male,ICC Champions Trophy,ODI,CD Collymore,0,West Indies,England,2004-09-25,,6
87b177e8,208835,0,0,0,0,0,0,0,0,0,0,0,35,0,0,0,0,22,male,South Africa tour of West Indies,ODI,CD Collymore,0,West Indies,South Africa,2005-05-08,,6
87b177e8,209339,0,0,0,0,0,0,0,0,0,0,0,34,1,1,0,0,4,male,South Africa tour of West Indies,ODI,CD Collymore,0,West Indies,South Africa,2005-05-15,,6
87b177e8,209582,1,0,3,0,0,0,0,0,0,2,0,24,1,0,0,1,25,male,Pakistan tour of West Indies,ODI,CD Collymore,0,West Indies,Pakistan,2005-05-18,,6
87b177e8,209768,0,0,0,0,0,0,0,0,0,0,0,52,2,1,0,0,30,male,Pakistan tour of West Indies,ODI,CD Collymore,0,West Indies,Pakistan,2005-05-22,,6
87b177e8,226120,3,1,17,0,0,0,0,0,0,15,0,56,2,0,1,10,141,male,West Indies tour of Australia,Test,CD Collymore,0,West Indies,Australia,2005-11-17,2005-11-18,6
87b177e8,239911,0,0,0,0,0,1,0,0,0,0,0,18,0,0,0,2,48,male,Zimbabwe in West Indies ODI Series,ODI,CD Collymore,0,West Indies,Zimbabwe,2006-05-10,,6
87b177e8,239912,0,0,0,0,0,0,0,0,0,0,0,23,0,0,0,0,23,male,Zimbabwe in West Indies ODI Series,ODI,CD Collymore,0,West Indies,Zimbabwe,2006-05-13,,6
87b177e8,239918,0,0,0,0,0,1,0,0,0,0,0,50,1,0,0,2,32,male,India in West Indies ODI Series,ODI,CD Collymore,0,West Indies,India,2006-05-26,,6
87b177e8,239919,0,0,0,0,0,0,0,0,0,0,0,0,0,0,0,0,0,male,India in West Indies ODI Series,ODI,CD Collymore,0,West Indies,India,2006-05-28,,6
87b177e8,239920,1,1,9,0,0,0,0,0,0,8,0,79,4,0,0,15,211,male,India tour of West Indies,Test,CD Collymore,0,West Indies,India,2006-06-02,2006-06-03,6
87b177e8,239921,2,0,18,0,0,0,0,0,0,17,0,94,0,0,0,1,83,male,India tour of West Indies,Test,CD Collymore,0,West Indies,India,2006-06-10,2006-06-11,6
87b177e8,239922,0,1,2,0,0,0,0,0,0,2,0,103,4,0,2,7,188,male,India tour of West Indies,Test,CD Collymore,0,West Indies,India,2006-06-22,2006-06-23,6
87b177e8,239923,0,1,3,0,0,0,0,0,0,3,0,66,7,1,0,20,230,male,India tour of West Indies,Test,CD Collymore,0,West Indies,India,2006-06-30,2006-07-01,6
87b177e8,256612,0,1,5,0,0,0,0,0,0,5,0,41,1,1,0,1,43,male,DLF Cup,ODI,CD Collymore,lbw,West Indies,India,2006-09-20,,6
87b177e8,249742,0,0,0,0,0,0,0,0,0,0,0,36,2,1,1,0,32,male,ICC Champions Trophy,ODI,CD Collymore,0,West Indies,Bangladesh,2006-10-11,,6
87b177e8,249744,8,0,12,1,0,0,0,0,0,7,0,21,0,0,0,0,21,male,ICC Champions Trophy,ODI,CD Collymore,0,West Indies,Sri Lanka,2006-10-14,,6
87b177e8,249755,0,0,0,0,0,0,0,0,0,0,0,46,0,0,0,1,40,male,ICC Champions Trophy,ODI,CD Collymore,0,West Indies,England,2006-10-28,,6
87b177e8,249759,0,1,5,0,0,0,0,0,0,5,0,19,0,0,0,1,26,male,ICC Champions Trophy,ODI,CD Collymore,0,West Indies,Australia,2006-11-05,,6
87b177e8,257765,2,0,20,0,0,1,0,0,0,18,0,67,1,0,1,7,138,male,West Indies tour of Pakistan,Test,CD Collymore,0,West Indies,Pakistan,2006-11-11,2006-11-12,6
87b177e8,257766,1,0,1,0,0,0,0,0,0,0,0,150,2,0,0,13,290,male,West Indies tour of Pakistan,Test,CD Collymore,0,West Indies,Pakistan,2006-11-19,2006-11-20,6
87b177e8,257769,1,0,3,0,0,0,0,0,0,2,0,20,3,0,0,2,51,male,West Indies in Pakistan ODI Series,ODI,CD Collymore,0,West Indies,Pakistan,2006-12-07,,6
87b177e8,257770,0,0,0,0,0,0,0,0,0,0,0,26,1,0,0,1,32,male,West Indies in Pakistan ODI Series,ODI,CD Collymore,0,West Indies,Pakistan,2006-12-10,,6
87b177e8,257772,0,0,0,0,0,0,0,0,0,0,0,44,1,0,0,0,37,male,West Indies in Pakistan ODI Series,ODI,CD Collymore,0,West Indies,Pakistan,2006-12-16,,6
87b177e8,247457,8,0,2,0,1,0,0,0,0,0,0,27,1,0,0,4,34,male,ICC World Cup,ODI,CD Collymore,0,West Indies,Pakistan,2007-03-13,,6
87b177e8,247469,0,0,0,0,0,0,0,0,0,0,0,30,0,0,0,0,36,male,ICC World Cup,ODI,CD Collymore,0,West Indies,Zimbabwe,2007-03-19,,6
87b177e8,247481,1,0,2,0,0,0,0,0,0,1,0,59,0,0,0,0,34,male,ICC World Cup,ODI,CD Collymore,0,West Indies,Australia,2007-03-27,2007-03-28,6
87b177e8,247483,0,1,5,0,0,0,0,0,0,5,0,43,0,0,0,0,34,male,ICC World Cup,ODI,CD Collymore,0,West Indies,New Zealand,2007-03-29,,6
87b177e8,247493,12,0,13,0,1,0,0,0,0,7,0,43,2,0,0,0,38,male,ICC World Cup,ODI,CD Collymore,0,West Indies,South Africa,2007-04-10,,6
87b177e8,247502,0,0,0,0,0,0,0,0,0,0,0,11,2,0,0,1,35,male,ICC World Cup,ODI,CD Collymore,0,West Indies,Bangladesh,2007-04-19,,6
87b177e8,247504,1,1,2,0,0,0,0,0,0,1,0,67,1,0,0,0,33,male,ICC World Cup,ODI,CD Collymore,run out,West Indies,England,2007-04-21,,6
87b177e8,258459,1,1,3,0,0,0,0,0,0,2,0,176,4,0,0,5,208,male,West Indies tour of England and Ireland,Test,CD Collymore,0,West Indies,England,2007-05-17,2007-05-18,6
87b177e8,258460,3,1,12,0,0,0,0,0,0,10,0,112,2,0,0,1,116,male,West Indies tour of England and Ireland,Test,CD Collymore,0,West Indies,England,2007-05-25,2007-05-26,6
87b177e8,258461,4,2,14,1,0,0,0,0,0,13,0,91,3,1,0,6,161,male,West Indies tour of England and Ireland,Test,CD Collymore,caught,West Indies,England,2007-06-07,2007-06-08,6
87b177e8,258462,29,1,70,2,0,0,0,0,0,52,0,118,2,1,0,4,143,male,West Indies tour of England and Ireland,Test,CD Collymore,lbw,West Indies,England,2007-06-15,2007-06-16,6
