player_id,match_id,runs_scored,player_out,balls_faced,fours_scored,sixes_scored,catches_taken,run_out_direct,run_out_throw,stumpings_done,dot_balls_as_batsman,order_seenballs_bowled,runs_conceded,wickets_taken,bowled_done,lbw_done,maidens,dot_balls_as_bowler,gender,series_name,match_type,name,out_kind,player_team,opposition_team,start_date,end_date,balls_per_over
db584dad,65235,2,1,21,0,0,0,0,0,0,19,0,62,2,1,0,0,36,male,ICC World Cup,ODI,CH Gayle,0,West Indies,South Africa,2003-02-09,,6
db584dad,65242,22,1,32,5,0,0,0,0,0,25,0,37,1,1,0,0,14,male,ICC World Cup,ODI,CH Gayle,0,West Indies,New Zealand,2003-02-13,,6
db584dad,65249,0,1,6,0,0,1,0,0,0,6,0,0,0,0,0,0,0,male,ICC World Cup,ODI,CH Gayle,caught,West Indies,Bangladesh,2003-02-18,,6
db584dad,65256,8,1,14,1,0,1,0,0,0,10,0,29,0,0,0,1,38,male,ICC World Cup,ODI,CH Gayle,0,West Indies,Canada,2003-02-23,,6
db584dad,65266,55,1,78,8,0,0,0,0,0,52,0,45,1,0,0,0,28,male,ICC World Cup,ODI,CH Gayle,lbw,West Indies,Sri Lanka,2003-02-28,,6
db584dad,64027,19,2,73,1,1,0,0,0,0,64,0,39,1,0,0,1,53,male,Australia tour of West Indies,Test,CH Gayle,bowled,West Indies,Australia,2003-05-09,2003-05-10,6
db584dad,64820,37,1,50,6,0,1,0,0,0,33,0,44,1,0,0,0,28,male,Australia tour of West Indies,ODI,CH Gayle,0,West Indies,Australia,2003-05-17,,6
db584dad,64825,18,1,21,3,0,1,0,0,0,13,0,39,3,0,0,1,37,male,Australia tour of West Indies,ODI,CH Gayle,0,West Indies,Australia,2003-05-30,,6
db584dad,64826,60,1,69,8,0,0,0,0,0,39,0,47,4,1,0,0,33,male,Australia tour of West Indies,ODI,CH Gayle,0,West Indies,Australia,2003-06-01,,6
db584dad,64827,0,1,9,0,0,0,0,0,0,9,0,16,0,0,0,0,3,male,Sri Lanka tour of West Indies,ODI,CH Gayle,0,West Indies,Sri Lanka,2003-06-07,,6
db584dad,64829,21,1,76,1,0,0,0,0,0,61,0,29,1,1,0,0,18,male,Sri Lanka tour of West Indies,ODI,CH Gayle,0,West Indies,Sri Lanka,2003-06-11,,6
db584dad,64055,47,2,74,9,0,1,0,0,0,58,0,23,0,0,0,1,26,male,West Indies tour of Zimbabwe,Test,CH Gayle,0,West Indies,Zimbabwe,2003-11-12,2003-11-13,6
db584dad,64848,8,1,15,1,0,0,0,0,0,11,0,16,0,0,0,1,14,male,West Indies tour of Zimbabwe,ODI,CH Gayle,caught,West Indies,Zimbabwe,2003-11-23,,6
db584dad,64849,61,1,117,7,0,0,0,0,0,83,0,10,0,0,0,0,6,male,West Indies tour of Zimbabwe,ODI,CH Gayle,0,West Indies,Zimbabwe,2003-11-26,,6
db584dad,64851,51,1,37,7,3,0,0,0,0,22,0,20,1,0,0,2,36,male,West Indies tour of Zimbabwe,ODI,CH Gayle,caught,West Indies,Zimbabwe,2003-11-29,,6
db584dad,64852,112,0,80,17,2,0,0,0,0,40,0,24,4,0,0,1,42,male,West Indies tour of Zimbabwe,ODI,CH Gayle,0,West Indies,Zimbabwe,2003-11-30,,6
db584dad,64063,34,2,37,8,0,0,0,0,0,27,0,0,0,0,0,0,0,male,West Indies tour of South Africa,Test,CH Gayle,0,West Indies,South Africa,2003-12-12,2003-12-13,6
db584dad,64862,4,1,15,1,0,0,0,0,0,14,0,47,0,0,0,0,29,male,West Indies tour of South Africa,ODI,CH Gayle,caught,West Indies,South Africa,2004-01-25,,6
db584dad,64864,1,1,16,0,0,0,0,0,0,15,0,0,0,0,0,0,0,male,West Indies tour of South Africa,ODI,CH Gayle,0,West Indies,South Africa,2004-01-30,,6
db584dad,64865,26,1,24,2,2,1,0,0,0,16,0,55,1,1,0,0,31,male,West Indies tour of South Africa,ODI,CH Gayle,caught,West Indies,South Africa,2004-02-01,,6
db584dad,64080,69,1,80,12,0,2,0,0,0,51,0,40,0,0,0,6,88,male,England tour of West Indies,Test,CH Gayle,0,West Indies,England,2004-04-10,2004-04-11,6
db584dad,64889,20,1,47,2,0,0,0,0,0,36,0,0,0,0,0,0,0,male,England tour of West Indies,ODI,CH Gayle,caught,West Indies,England,2004-04-24,,6
db584dad,64894,9,1,12,1,0,0,0,0,0,8,0,40,2,1,1,0,32,male,England tour of West Indies,ODI,CH Gayle,lbw,West Indies,England,2004-05-02,,6
db584dad,64896,0,1,9,0,0,1,0,0,0,9,0,31,0,0,0,0,30,male,Bangladesh tour of West Indies,ODI,CH Gayle,0,West Indies,Bangladesh,2004-05-15,,6
db584dad,64897,7,1,22,1,0,1,0,0,0,18,0,26,0,0,0,0,12,male,Bangladesh tour of West Indies,ODI,CH Gayle,0,West Indies,Bangladesh,2004-05-16,,6
db584dad,66304,60,0,97,9,0,1,0,0,0,69,0,0,0,0,0,0,0,male,NatWest Series,ODI,CH Gayle,0,West Indies,England,2004-06-27,,6
db584dad,66306,23,0,29,5,0,1,0,0,0,21,0,0,0,0,0,0,0,male,NatWest Series,ODI,CH Gayle,0,West Indies,England,2004-07-01,,6
db584dad,66309,132,0,167,12,1,0,0,0,0,90,0,57,3,0,0,0,33,male,NatWest Series,ODI,CH Gayle,0,West Indies,England,2004-07-06,,6
db584dad,66311,4,1,13,0,0,2,0,0,0,10,0,51,1,0,0,0,21,male,NatWest Series,ODI,CH Gayle,0,West Indies,New Zealand,2004-07-10,,6
db584dad,64094,89,2,111,16,1,2,0,0,0,77,0,34,4,1,1,5,71,male,West Indies tour of England,Test,CH Gayle,caught,West Indies,England,2004-07-29,2004-07-30,6
db584dad,64096,117,2,107,20,1,0,0,0,0,61,0,19,1,1,0,2,36,male,West Indies tour of England,Test,CH Gayle,0,West Indies,England,2004-08-19,2004-08-20,6
db584dad,66203,99,1,137,6,0,0,0,0,0,80,0,12,2,0,0,0,19,male,ICC Champions Trophy,ODI,CH Gayle,caught,West Indies,Bangladesh,2004-09-15,,6
db584dad,66206,16,1,19,3,0,0,0,0,0,13,0,51,3,2,0,0,28,male,ICC Champions Trophy,ODI,CH Gayle,bowled,West Indies,South Africa,2004-09-18,2004-09-19,6
db584dad,66209,1,1,10,0,0,0,0,0,0,9,0,11,0,0,0,0,5,male,ICC Champions Trophy,ODI,CH Gayle,lbw,West Indies,Pakistan,2004-09-22,,6
db584dad,66210,23,1,38,5,0,0,0,0,0,30,0,53,0,0,0,0,22,male,ICC Champions Trophy,ODI,CH Gayle,caught and bowled,West Indies,England,2004-09-25,,6
db584dad,65659,82,1,102,7,0,1,0,0,0,52,0,0,0,0,0,0,0,male,VB Series,ODI,CH Gayle,caught,West Indies,Pakistan,2005-01-19,,6
db584dad,65660,26,1,22,3,1,1,0,0,0,13,0,0,0,0,0,0,0,male,VB Series,ODI,CH Gayle,bowled,West Indies,Australia,2005-01-21,,6
db584dad,65662,2,1,11,0,0,0,0,0,0,9,0,0,0,0,0,0,0,male,VB Series,ODI,CH Gayle,0,West Indies,Australia,2005-01-26,,6
db584dad,65665,0,1,3,0,0,0,0,0,0,3,0,51,0,0,0,0,8,male,VB Series,ODI,CH Gayle,caught,West Indies,Pakistan,2005-02-01,,6
db584dad,207334,5,2,23,0,0,0,0,0,0,20,0,85,3,0,0,3,112,male,South Africa tour of West Indies,Test,CH Gayle,caught,West Indies,South Africa,2005-04-21,2005-04-22,6
db584dad,208321,317,1,485,37,3,0,0,0,0,315,0,68,1,0,0,11,150,male,South Africa tour of West Indies,Test,CH Gayle,0,West Indies,South Africa,2005-04-29,2005-04-30,6
db584dad,208835,11,1,15,2,0,0,0,0,0,10,0,0,0,0,0,0,0,male,South Africa tour of West Indies,ODI,CH Gayle,0,West Indies,South Africa,2005-05-08,,6
db584dad,209339,28,1,21,5,1,0,0,0,0,13,0,24,0,0,0,0,6,male,South Africa tour of West Indies,ODI,CH Gayle,caught,West Indies,South Africa,2005-05-15,,6
db584dad,209582,22,1,21,5,0,0,0,0,0,14,0,50,3,1,1,0,26,male,Pakistan tour of West Indies,ODI,CH Gayle,0,West Indies,Pakistan,2005-05-18,,6
db584dad,209768,124,1,139,13,0,0,0,0,0,66,0,55,0,0,0,0,18,male,Pakistan tour of West Indies,ODI,CH Gayle,0,West Indies,Pakistan,2005-05-22,,6
db584dad,221083,54,1,48,8,1,0,0,0,0,25,0,0,0,0,0,0,0,male,ICC World XI tour of Australia,ODI,CH Gayle,0,ICC World XI,Australia,2005-10-07,,6
db584dad,221337,0,1,2,0,0,0,0,0,0,2,0,42,0,0,0,0,8,male,ICC World XI tour of Australia,ODI,CH Gayle,bowled,ICC World XI,Australia,2005-10-09,,6
db584dad,226120,60,2,120,8,2,0,0,0,0,96,0,33,1,0,0,2,53,male,West Indies tour of Australia,Test,CH Gayle,0,West Indies,Australia,2005-11-17,2005-11-18,6
db584dad,237242,10,1,13,2,0,0,0,0,0,10,0,22,2,1,0,0,7,male,,T20,CH Gayle,caught,West Indies,New Zealand,2006-02-16,,6
db584dad,237568,6,1,5,1,0,0,0,0,0,2,0,43,2,1,0,1,25,male,West Indies in New Zealand ODI Series,ODI,CH Gayle,caught,West Indies,New Zealand,2006-02-18,,6
db584dad,238176,0,1,17,0,0,1,0,0,0,17,0,38,0,0,0,0,23,male,West Indies in New Zealand ODI Series,ODI,CH Gayle,bowled,West Indies,New Zealand,2006-02-22,,6
db584dad,238177,38,1,23,6,2,1,0,0,0,13,0,71,1,0,0,0,11,male,West Indies in New Zealand ODI Series,ODI,CH Gayle,caught,West Indies,New Zealand,2006-02-25,,6
db584dad,238178,5,1,12,1,0,0,0,0,0,10,0,50,3,0,0,0,23,male,West Indies in New Zealand ODI Series,ODI,CH Gayle,lbw,West Indies,New Zealand,2006-03-01,,6
db584dad,238179,2,1,22,0,0,1,0,0,0,20,0,36,0,0,0,0,30,male,West Indies in New Zealand ODI Series,ODI,CH Gayle,0,West Indies,New Zealand,2006-03-04,,6
db584dad,238180,107,2,197,16,2,1,0,0,0,153,0,81,6,3,0,6,160,male,West Indies tour of New Zealand,Test,CH Gayle,0,West Indies,New Zealand,2006-03-09,2006-03-10,6
db584dad,239907,35,1,78,3,1,0,0,1,0,60,0,30,2,0,0,0,21,male,Zimbabwe in West Indies ODI Series,ODI,CH Gayle,0,West Indies,Zimbabwe,2006-04-29,,6
db584dad,239908,49,1,75,7,0,2,0,0,0,53,0,21,2,0,0,3,41,male,Zimbabwe in West Indies ODI Series,ODI,CH Gayle,0,West Indies,Zimbabwe,2006-04-30,,6
db584dad,239911,95,0,95,13,1,0,0,0,0,48,0,24,1,0,0,1,34,male,Zimbabwe in West Indies ODI Series,ODI,CH Gayle,0,West Indies,Zimbabwe,2006-05-10,,6
db584dad,239912,2,1,20,0,0,0,0,0,0,18,0,14,0,0,0,0,7,male,Zimbabwe in West Indies ODI Series,ODI,CH Gayle,0,West Indies,Zimbabwe,2006-05-13,,6
db584dad,239913,11,1,35,0,0,0,0,0,0,28,0,17,1,0,0,2,44,male,Zimbabwe in West Indies ODI Series,ODI,CH Gayle,0,West Indies,Zimbabwe,2006-05-14,,6
db584dad,239916,0,1,8,0,0,0,0,0,0,8,0,33,1,0,0,0,36,male,India in West Indies ODI Series,ODI,CH Gayle,0,West Indies,India,2006-05-20,,6
db584dad,239917,40,1,68,5,1,0,1,0,0,49,0,35,0,0,0,0,32,male,India in West Indies ODI Series,ODI,CH Gayle,0,West Indies,India,2006-05-23,,6
db584dad,239918,46,1,72,6,1,1,0,0,0,52,0,28,0,0,0,0,18,male,India in West Indies ODI Series,ODI,CH Gayle,0,West Indies,India,2006-05-26,,6
db584dad,239919,51,1,63,10,0,2,0,0,0,44,0,46,1,0,0,0,29,male,India in West Indies ODI Series,ODI,CH Gayle,0,West Indies,India,2006-05-28,,6
db584dad,239920,141,2,280,22,4,1,0,0,0,230,0,73,1,0,0,5,111,male,India tour of West Indies,Test,CH Gayle,caught,West Indies,India,2006-06-02,2006-06-03,6
db584dad,239921,48,2,109,7,1,0,0,0,0,90,0,52,1,0,0,6,93,male,India tour of West Indies,Test,CH Gayle,caught,West Indies,India,2006-06-10,2006-06-11,6
db584dad,239922,86,2,135,8,5,2,0,0,0,100,0,42,0,0,0,2,74,male,India tour of West Indies,Test,CH Gayle,0,West Indies,India,2006-06-22,2006-06-23,6
db584dad,239923,0,2,6,0,0,0,0,0,0,6,0,10,0,0,0,0,8,male,India tour of West Indies,Test,CH Gayle,bowled,West Indies,India,2006-06-30,2006-07-01,6
db584dad,256607,45,1,37,9,0,0,0,0,0,22,0,50,1,1,0,0,29,male,DLF Cup,ODI,CH Gayle,caught,West Indies,India,2006-09-14,,6
db584dad,256610,79,1,100,7,3,1,0,0,0,59,0,46,0,0,0,0,20,male,DLF Cup,ODI,CH Gayle,0,West Indies,Australia,2006-09-18,,6
db584dad,256612,1,1,8,0,0,1,0,0,0,7,0,14,2,1,0,0,22,male,DLF Cup,ODI,CH Gayle,lbw,West Indies,India,2006-09-20,,6
db584dad,256615,0,1,1,0,0,2,0,0,0,1,0,46,1,0,0,0,28,male,DLF Cup,ODI,CH Gayle,lbw,West Indies,Australia,2006-09-24,,6
db584dad,249740,0,0,0,0,0,0,0,0,0,0,0,3,3,1,1,2,17,male,ICC Champions Trophy,ODI,CH Gayle,0,West Indies,Zimbabwe,2006-10-08,,6
db584dad,249740,41,1,34,7,1,0,0,0,0,20,0,0,0,0,0,0,0,male,ICC Champions Trophy,ODI,CH Gayle,caught,West Indies,Zimbabwe,2006-10-08,,6
db584dad,249742,104,0,122,11,3,1,0,0,0,71,0,25,1,0,1,0,29,male,ICC Champions Trophy,ODI,CH Gayle,0,West Indies,Bangladesh,2006-10-11,,6
db584dad,249744,0,1,5,0,0,0,0,0,0,5,0,0,0,0,0,0,0,male,ICC Champions Trophy,ODI,CH Gayle,0,West Indies,Sri Lanka,2006-10-14,,6
db584dad,249748,24,1,27,4,0,0,0,1,0,15,0,39,1,1,0,0,38,male,ICC Champions Trophy,ODI,CH Gayle,caught,West Indies,Australia,2006-10-18,,6
db584dad,249753,34,1,39,7,0,0,0,0,0,28,0,34,0,0,0,0,4,male,ICC Champions Trophy,ODI,CH Gayle,0,West Indies,India,2006-10-26,,6
db584dad,249755,101,0,130,10,1,1,0,0,0,74,0,31,3,1,0,1,36,male,ICC Champions Trophy,ODI,CH Gayle,0,West Indies,England,2006-10-28,,6
db584dad,249758,133,1,141,17,3,1,0,0,0,80,0,48,0,0,0,0,26,male,ICC Champions Trophy,ODI,CH Gayle,retired hurt,West Indies,South Africa,2006-11-02,,6
db584dad,249759,37,1,29,6,2,1,0,0,0,20,0,5,0,0,0,0,3,male,ICC Champions Trophy,ODI,CH Gayle,bowled,West Indies,Australia,2006-11-05,,6
db584dad,257765,45,2,38,8,0,0,0,0,0,21,0,26,1,0,0,2,46,male,West Indies tour of Pakistan,Test,CH Gayle,caught,West Indies,Pakistan,2006-11-11,2006-11-12,6
db584dad,257766,93,1,182,11,1,0,0,0,0,131,0,137,1,0,0,11,225,male,West Indies tour of Pakistan,Test,CH Gayle,0,West Indies,Pakistan,2006-11-19,2006-11-20,6
db584dad,257769,0,1,4,0,0,0,0,0,0,4,0,26,0,0,0,0,28,male,West Indies in Pakistan ODI Series,ODI,CH Gayle,0,West Indies,Pakistan,2006-12-07,,6
db584dad,257770,41,1,39,7,1,0,0,0,0,24,0,33,2,0,0,0,19,male,West Indies in Pakistan ODI Series,ODI,CH Gayle,lbw,West Indies,Pakistan,2006-12-10,,6
db584dad,257771,9,1,14,2,0,3,0,0,0,11,0,0,0,0,0,0,0,male,West Indies in Pakistan ODI Series,ODI,CH Gayle,bowled,West Indies,Pakistan,2006-12-13,,6
db584dad,257772,7,1,10,1,0,0,0,0,0,6,0,41,1,0,0,0,15,male,West Indies in Pakistan ODI Series,ODI,CH Gayle,lbw,West Indies,Pakistan,2006-12-16,,6
db584dad,267708,0,1,1,0,0,0,0,0,0,1,0,57,2,0,0,0,19,male,West Indies in India ODI Series,ODI,CH Gayle,0,West Indies,India,2007-01-27,,6
db584dad,267709,6,1,11,1,0,1,0,0,0,8,0,38,0,0,0,0,24,male,West Indies in India ODI Series,ODI,CH Gayle,0,West Indies,India,2007-01-31,,6
db584dad,247457,2,1,6,0,0,0,0,0,0,4,0,0,0,0,0,0,0,male,ICC World Cup,ODI,CH Gayle,caught,West Indies,Pakistan,2007-03-13,,6
db584dad,247469,40,1,51,3,3,0,0,0,0,35,0,32,0,0,0,1,38,male,ICC World Cup,ODI,CH Gayle,0,West Indies,Zimbabwe,2007-03-19,,6
db584dad,247477,18,1,15,3,0,1,0,0,0,7,0,23,2,0,0,0,39,male,ICC World Cup,ODI,CH Gayle,0,West Indies,Ireland,2007-03-23,,6
db584dad,247481,2,1,24,0,0,0,0,0,0,22,0,29,0,0,0,0,9,male,ICC World Cup,ODI,CH Gayle,caught,West Indies,Australia,2007-03-27,2007-03-28,6
db584dad,247483,44,1,58,8,0,0,0,0,0,40,0,35,0,0,0,0,16,male,ICC World Cup,ODI,CH Gayle,0,West Indies,New Zealand,2007-03-29,,6
db584dad,247486,10,1,21,1,0,0,0,0,0,15,0,63,0,0,0,0,25,male,ICC World Cup,ODI,CH Gayle,0,West Indies,Sri Lanka,2007-04-01,,6
db584dad,247493,32,1,35,3,0,0,0,0,0,17,0,42,1,1,0,0,12,male,ICC World Cup,ODI,CH Gayle,0,West Indies,South Africa,2007-04-10,,6
db584dad,247502,1,1,12,0,0,1,0,0,0,11,0,28,2,1,1,1,31,male,ICC World Cup,ODI,CH Gayle,lbw,West Indies,Bangladesh,2007-04-19,,6
db584dad,247504,79,1,63,10,3,0,0,0,0,30,0,34,0,0,0,0,6,male,ICC World Cup,ODI,CH Gayle,caught,West Indies,England,2007-04-21,,6
db584dad,258459,77,1,106,12,0,0,0,0,0,72,0,114,2,0,1,4,102,male,West Indies tour of England and Ireland,Test,CH Gayle,0,West Indies,England,2007-05-17,2007-05-18,6
db584dad,258460,24,2,47,3,0,1,0,0,0,35,0,79,1,0,1,1,43,male,West Indies tour of England and Ireland,Test,CH Gayle,caught,West Indies,England,2007-05-25,2007-05-26,6
db584dad,258461,39,2,83,8,0,1,0,0,0,68,0,60,1,0,1,0,59,male,West Indies tour of England and Ireland,Test,CH Gayle,0,West Indies,England,2007-06-07,2007-06-08,6
db584dad,258462,80,2,96,10,1,1,0,0,0,63,0,36,1,0,0,3,55,male,West Indies tour of England and Ireland,Test,CH Gayle,lbw,West Indies,England,2007-06-15,2007-06-16,6
db584dad,258463,5,1,8,1,0,0,0,0,0,6,0,0,0,0,0,0,0,male,West Indies in England T20I Series,T20,CH Gayle,bowled,West Indies,England,2007-06-28,,6
db584dad,258464,61,1,38,8,1,0,0,0,0,11,0,9,0,0,0,0,1,male,West Indies in England T20I Series,T20,CH Gayle,0,West Indies,England,2007-06-29,,6
db584dad,258465,6,1,14,1,0,0,0,1,0,11,0,0,0,0,0,0,0,male,NatWest Series,ODI,CH Gayle,caught,West Indies,England,2007-07-01,,6
db584dad,258466,36,1,40,2,3,0,0,0,0,27,0,0,0,0,0,0,0,male,NatWest Series,ODI,CH Gayle,0,West Indies,England,2007-07-04,,6
db584dad,258467,82,1,128,8,0,2,0,0,0,80,0,11,0,0,0,0,4,male,NatWest Series,ODI,CH Gayle,0,West Indies,England,2007-07-07,,6
db584dad,295788,0,0,0,0,0,0,0,0,0,0,0,0,0,0,0,0,0,male,Quadrangular Series (Ireland),ODI,CH Gayle,0,West Indies,Ireland,2007-07-14,,6
db584dad,287853,117,1,64,7,10,1,0,0,0,24,0,0,0,0,0,0,0,male,ICC World Twenty20,T20,CH Gayle,0,West Indies,South Africa,2007-09-11,,6
db584dad,287857,0,1,3,0,0,1,0,0,0,3,0,22,0,0,0,0,6,male,ICC World Twenty20,T20,CH Gayle,0,West Indies,Bangladesh,2007-09-13,,6
db584dad,317578,2,1,9,0,0,0,0,0,0,8,0,36,2,0,2,0,13,male,West Indies in Zimbabwe ODI Series,ODI,CH Gayle,0,West Indies,Zimbabwe,2007-11-30,,6
db584dad,317579,58,0,81,4,2,0,0,0,0,51,0,0,0,0,0,0,0,male,West Indies in Zimbabwe ODI Series,ODI,CH Gayle,0,West Indies,Zimbabwe,2007-12-02,,6
db584dad,298801,95,2,72,18,1,1,0,0,0,38,0,0,0,0,0,0,0,male,West Indies tour of Zimbabwe and South Africa,Test,CH Gayle,0,West Indies,South Africa,2007-12-26,2007-12-27,6
db584dad,298802,84,2,97,6,5,3,0,0,0,65,0,0,0,0,0,0,0,male,Sir Vivian Richards Trophy,Test,CH Gayle,0,West Indies,South Africa,2008-01-02,2008-01-03,6
db584dad,319132,51,1,142,7,1,0,0,0,0,121,0,123,3,0,1,5,155,male,Sri Lanka in West Indies Test Series,Test,CH Gayle,0,West Indies,Sri Lanka,2008-03-22,2008-03-23,6
db584dad,319133,55,2,58,11,0,1,0,0,0,39,0,31,1,0,0,2,75,male,Sri Lanka in West Indies Test Series,Test,CH Gayle,caught,West Indies,Sri Lanka,2008-04-03,2008-04-04,6
db584dad,319134,52,1,82,8,1,1,0,0,0,61,0,6,0,0,0,0,1,male,Sri Lanka in West Indies ODI Series,ODI,CH Gayle,0,West Indies,Sri Lanka,2008-04-10,,6
db584dad,319135,11,1,20,1,0,0,0,0,0,13,0,6,2,1,0,1,4,male,Sri Lanka in West Indies ODI Series,ODI,CH Gayle,caught,West Indies,Sri Lanka,2008-04-12,,6
db584dad,319136,0,0,0,0,0,0,0,0,0,0,0,42,1,0,0,0,28,male,Sri Lanka in West Indies ODI Series,ODI,CH Gayle,0,West Indies,Sri Lanka,2008-04-15,,6
db584dad,319141,40,2,59,7,0,1,0,0,0,42,0,51,0,0,0,5,101,male,The Frank Worrell Trophy,Test,CH Gayle,0,West Indies,Australia,2008-06-12,2008-06-13,6
db584dad,319143,20,1,26,3,0,1,0,0,0,18,0,60,1,0,0,0,32,male,Australia in West Indies ODI Series,ODI,CH Gayle,lbw,West Indies,Australia,2008-06-24,,6
db584dad,319144,10,1,25,2,0,1,0,0,0,21,0,16,0,0,0,0,10,male,Australia in West Indies ODI Series,ODI,CH Gayle,0,West Indies,Australia,2008-06-27,,6
db584dad,319145,53,0,55,5,3,0,0,0,0,34,0,26,1,0,0,0,11,male,Australia in West Indies ODI Series,ODI,CH Gayle,0,West Indies,Australia,2008-06-29,,6
db584dad,319146,92,1,95,6,4,0,0,0,0,44,0,26,1,0,0,1,16,male,Australia in West Indies ODI Series,ODI,CH Gayle,0,West Indies,Australia,2008-07-04,,6
db584dad,319147,5,1,9,1,0,0,0,0,0,7,0,34,0,0,0,0,3,male,Australia in West Indies ODI Series,ODI,CH Gayle,0,West Indies,Australia,2008-07-06,,6
db584dad,374059,113,1,107,11,5,0,0,0,0,55,0,33,0,0,0,0,9,male,Pakistan v West Indies ODI Series,ODI,CH Gayle,caught,West Indies,Pakistan,2008-11-12,,6
db584dad,374060,0,1,7,0,0,1,0,0,0,7,0,44,0,0,0,0,21,male,Pakistan v West Indies ODI Series,ODI,CH Gayle,bowled,West Indies,Pakistan,2008-11-14,,6
db584dad,366707,92,2,48,6,8,0,0,0,0,17,0,17,2,0,0,0,6,male,West Indies tour of New Zealand,T20,CH Gayle,0,West Indies,New Zealand,2008-12-26,,6
db584dad,366708,1,1,4,0,0,0,0,0,0,3,0,31,2,0,0,0,8,male,West Indies in New Zealand T20I Series,T20,CH Gayle,caught,West Indies,New Zealand,2008-12-28,,6
db584dad,366709,25,1,37,1,1,0,0,0,0,22,0,0,0,0,0,0,0,male,West Indies in New Zealand ODI Series,ODI,CH Gayle,caught,West Indies,New Zealand,2008-12-31,,6
db584dad,366711,18,1,25,3,0,0,0,0,0,17,0,11,0,0,0,0,4,male,West Indies in New Zealand ODI Series,ODI,CH Gayle,0,West Indies,New Zealand,2009-01-07,,6
db584dad,352661,104,1,193,5,5,0,0,0,0,141,0,41,1,0,0,10,124,male,The Wisden Trophy,Test,CH Gayle,0,West Indies,England,2009-02-04,2009-02-05,6
db584dad,352662,0,0,0,0,0,0,0,0,0,0,0,0,0,0,0,0,0,male,The Wisden Trophy,Test,CH Gayle,0,West Indies,England,2009-02-13,2009-02-14,6
db584dad,390680,76,2,100,13,1,0,0,0,0,71,0,41,1,0,0,1,56,male,The Wisden Trophy,Test,CH Gayle,caught,West Indies,England,2009-02-15,2009-02-16,6
db584dad,352663,6,1,16,1,0,0,0,0,0,14,0,74,1,1,0,9,150,male,The Wisden Trophy,Test,CH Gayle,0,West Indies,England,2009-02-26,2009-02-27,6
db584dad,352664,106,2,212,11,2,0,1,0,0,157,0,98,1,0,0,1,99,male,The Wisden Trophy,Test,CH Gayle,0,West Indies,England,2009-03-06,2009-03-07,6
db584dad,352665,2,1,11,0,0,0,0,0,0,9,0,14,0,0,0,0,11,male,England in West Indies ODI Series,ODI,CH Gayle,lbw,West Indies,England,2009-03-20,,6
db584dad,352666,20,1,20,4,0,0,0,1,0,12,0,8,0,0,0,0,4,male,England in West Indies ODI Series,ODI,CH Gayle,bowled,West Indies,England,2009-03-22,,6
db584dad,352667,80,1,43,5,8,1,0,0,0,20,0,0,0,0,0,0,0,male,England in West Indies ODI Series,ODI,CH Gayle,bowled,West Indies,England,2009-03-27,,6
db584dad,352668,46,1,39,3,5,0,0,0,0,27,0,0,0,0,0,0,0,male,England in West Indies ODI Series,ODI,CH Gayle,0,West Indies,England,2009-03-29,,6
db584dad,352669,0,1,4,0,0,0,0,0,0,4,0,3,0,0,0,0,3,male,England in West Indies ODI Series,ODI,CH Gayle,0,West Indies,England,2009-04-03,,6
db584dad,392184,10,1,12,1,1,0,0,0,0,10,0,14,0,0,0,0,2,male,Indian Premier League,T20,CH Gayle,caught,Kolkata Knight Riders,Deccan Chargers,2009-04-19,,6
db584dad,392186,44,0,29,2,4,1,0,0,0,13,0,14,0,0,0,0,3,male,Indian Premier League,T20,CH Gayle,0,Kolkata Knight Riders,Kings XI Punjab,2009-04-21,,6
db584dad,392190,54,2,44,5,4,2,0,0,0,26,0,20,0,0,0,0,9,male,Indian Premier League,T20,CH Gayle,0,Kolkata Knight Riders,Rajasthan Royals,2009-04-23,,6
db584dad,392197,12,1,12,0,1,1,0,0,0,6,0,24,0,0,0,0,0,male,Indian Premier League,T20,CH Gayle,0,Kolkata Knight Riders,Mumbai Indians,2009-04-27,,6
db584dad,392199,40,1,38,6,0,0,0,0,0,17,0,31,0,0,0,0,8,male,Indian Premier League,T20,CH Gayle,caught,Kolkata Knight Riders,Royal Challengers Bangalore,2009-04-29,,6
db584dad,392203,7,1,7,1,0,1,0,0,0,3,0,22,1,0,0,0,11,male,Indian Premier League,T20,CH Gayle,bowled,Kolkata Knight Riders,Mumbai Indians,2009-05-01,,6
db584dad,392207,17,1,17,3,0,0,0,0,0,10,0,21,0,0,0,0,7,male,Indian Premier League,T20,CH Gayle,0,Kolkata Knight Riders,Kings XI Punjab,2009-05-03,,6
db584dad,380712,28,2,45,6,0,0,0,0,0,35,0,11,0,0,0,0,13,male,The Wisden Trophy,Test,CH Gayle,0,West Indies,England,2009-05-06,2009-05-07,6
db584dad,380713,73,2,68,10,2,1,0,0,0,41,0,31,1,0,0,2,62,male,The Wisden Trophy,Test,CH Gayle,caught,West Indies,England,2009-05-14,2009-05-15,6
db584dad,380715,31,1,30,3,2,1,0,0,0,20,0,0,0,0,0,0,0,male,NatWest Series,ODI,CH Gayle,bowled,West Indies,England,2009-05-24,,6
db584dad,380716,11,1,11,2,0,0,0,0,0,7,0,31,0,0,0,0,7,male,NatWest Series,ODI,CH Gayle,caught,West Indies,England,2009-05-26,,6
db584dad,355993,88,1,54,6,6,0,0,0,0,21,0,13,0,0,0,0,4,male,ICC World Twenty20,T20,CH Gayle,0,West Indies,Australia,2009-06-06,,6
db584dad,356006,22,1,28,4,0,0,0,0,0,18,0,13,0,0,0,0,7,male,ICC World Twenty20,T20,CH Gayle,caught,West Indies,India,2009-06-12,,6
db584dad,356007,5,1,8,0,0,1,0,0,0,4,0,7,0,0,0,0,3,male,ICC World Twenty20,T20,CH Gayle,0,West Indies,South Africa,2009-06-13,,6
db584dad,356011,15,1,9,3,0,0,0,0,0,4,0,25,1,0,1,0,6,male,ICC World Twenty20,T20,CH Gayle,bowled,West Indies,England,2009-06-15,,6
db584dad,356016,63,0,54,8,2,0,0,0,0,27,0,36,0,0,0,0,6,male,ICC World Twenty20,T20,CH Gayle,0,West Indies,Sri Lanka,2009-06-19,,6
db584dad,377313,37,1,33,5,1,0,0,0,0,17,0,28,0,0,0,0,6,male,India in West Indies ODI Series,ODI,CH Gayle,0,West Indies,India,2009-06-26,,6
db584dad,377314,64,1,48,8,2,2,0,0,0,21,0,14,0,0,0,0,13,male,India in West Indies ODI Series,ODI,CH Gayle,0,West Indies,India,2009-06-28,,6
db584dad,377315,27,1,14,6,0,0,0,0,0,6,0,11,0,0,0,0,5,male,India in West Indies ODI Series,ODI,CH Gayle,0,West Indies,India,2009-07-03,,6
db584dad,377316,0,1,2,0,0,0,0,0,0,2,0,0,0,0,0,0,0,male,India in West Indies ODI Series,ODI,CH Gayle,caught,West Indies,India,2009-07-05,,6
db584dad,406189,32,2,47,5,0,1,0,0,0,34,0,36,0,0,0,0,36,male,The Frank Worrell Trophy,Test,CH Gayle,lbw,West Indies,Australia,2009-11-26,2009-11-27,6
db584dad,406190,191,2,309,20,2,1,0,0,0,206,0,23,0,0,0,2,54,male,The Frank Worrell Trophy,Test,CH Gayle,0,West Indies,Australia,2009-12-04,2009-12-05,6
db584dad,406191,123,2,105,11,6,1,0,0,0,57,0,0,0,0,0,0,0,male,The Frank Worrell Trophy,Test,CH Gayle,caught,West Indies,Australia,2009-12-16,2009-12-17,6
db584dad,406192,7,1,6,1,0,0,0,0,0,3,0,32,1,0,0,0,13,male,West Indies in Australia ODI Series,ODI,CH Gayle,caught,West Indies,Australia,2010-02-07,,6
db584dad,406193,0,1,1,0,0,0,0,0,0,1,0,0,0,0,0,0,0,male,West Indies in Australia ODI Series,ODI,CH Gayle,lbw,West Indies,Australia,2010-02-09,,6
db584dad,406194,0,0,8,0,0,0,0,0,0,8,0,7,0,0,0,0,2,male,West Indies in Australia ODI Series,ODI,CH Gayle,0,West Indies,Australia,2010-02-12,,6
db584dad,406195,34,1,23,6,0,0,0,0,0,11,0,9,0,0,0,0,1,male,West Indies in Australia ODI Series,ODI,CH Gayle,0,West Indies,Australia,2010-02-14,,6
db584dad,406196,14,1,5,0,2,0,0,0,0,1,0,17,0,0,0,0,4,male,West Indies in Australia ODI Series,ODI,CH Gayle,caught,West Indies,Australia,2010-02-19,,6
db584dad,406197,5,1,6,1,0,0,0,0,0,4,0,15,2,0,0,0,3,male,West Indies in Australia T20I Series,T20,CH Gayle,bowled,West Indies,Australia,2010-02-21,,6
db584dad,406198,12,1,17,1,1,0,0,0,0,13,0,0,0,0,0,0,0,male,West Indies in Australia T20I Series,T20,CH Gayle,caught,West Indies,Australia,2010-02-23,,6
db584dad,439140,57,1,68,2,3,0,0,0,0,34,0,0,0,0,0,0,0,male,Zimbabwe in West Indies ODI Series,ODI,CH Gayle,lbw,West Indies,Zimbabwe,2010-03-04,,6
db584dad,439141,88,1,117,7,2,1,0,1,0,66,0,25,1,0,1,0,40,male,Zimbabwe in West Indies ODI Series,ODI,CH Gayle,bowled,West Indies,Zimbabwe,2010-03-06,,6
db584dad,439142,33,1,54,3,1,2,0,0,0,39,0,0,0,0,0,0,0,male,Zimbabwe in West Indies ODI Series,ODI,CH Gayle,stumped,West Indies,Zimbabwe,2010-03-10,,6
db584dad,439143,32,1,21,4,2,0,0,0,0,11,0,0,0,0,0,0,0,male,Zimbabwe in West Indies ODI Series,ODI,CH Gayle,caught,West Indies,Zimbabwe,2010-03-12,,6
db584dad,439144,63,1,42,8,2,1,0,0,0,19,0,0,0,0,0,0,0,male,Zimbabwe in West Indies ODI Series,ODI,CH Gayle,caught,West Indies,Zimbabwe,2010-03-14,,6
db584dad,419122,75,1,65,7,2,0,0,0,0,26,0,31,0,0,0,0,10,male,Indian Premier League,T20,CH Gayle,lbw,Kolkata Knight Riders,Mumbai Indians,2010-03-22,,6
db584dad,419127,14,1,13,3,0,0,0,0,0,9,0,23,0,0,0,0,7,male,Indian Premier League,T20,CH Gayle,0,Kolkata Knight Riders,Kings XI Punjab,2010-03-27,,6
db584dad,419131,30,1,22,2,2,0,0,0,0,8,0,38,0,0,0,0,6,male,Indian Premier League,T20,CH Gayle,caught,Kolkata Knight Riders,Delhi Daredevils,2010-03-29,,6
db584dad,419135,4,1,7,1,0,0,0,0,0,6,0,9,1,0,0,0,2,male,Indian Premier League,T20,CH Gayle,0,Kolkata Knight Riders,Deccan Chargers,2010-04-01,,6
db584dad,419139,88,1,44,6,8,0,0,0,0,15,0,17,0,0,0,0,1,male,Indian Premier League,T20,CH Gayle,0,Kolkata Knight Riders,Kings XI Punjab,2010-04-04,,6
db584dad,419144,40,1,22,5,2,0,0,0,0,7,0,0,0,0,0,0,0,male,Indian Premier League,T20,CH Gayle,0,Kolkata Knight Riders,Delhi Daredevils,2010-04-07,,6
db584dad,419148,34,1,17,6,1,1,0,0,0,6,0,0,0,0,0,0,0,male,Indian Premier League,T20,CH Gayle,0,Kolkata Knight Riders,Royal Challengers Bangalore,2010-04-10,,6
db584dad,419153,7,1,4,0,1,0,0,0,0,2,0,35,1,1,0,0,10,male,Indian Premier League,T20,CH Gayle,stumped,Kolkata Knight Riders,Chennai Super Kings,2010-04-13,,6
db584dad,419158,0,1,3,0,0,1,0,0,0,3,0,0,0,0,0,0,0,male,Indian Premier League,T20,CH Gayle,bowled,Kolkata Knight Riders,Rajasthan Royals,2010-04-17,,6
db584dad,412685,25,1,15,2,2,0,0,0,0,7,0,11,1,1,0,0,1,male,ICC World Twenty20,T20,CH Gayle,caught,West Indies,England,2010-05-03,,6
db584dad,412692,5,1,5,1,0,0,0,0,0,3,0,0,0,0,0,0,0,male,ICC World Twenty20,T20,CH Gayle,0,West Indies,Sri Lanka,2010-05-07,,6
db584dad,412695,98,1,68,5,7,0,0,0,0,25,0,22,1,0,0,0,5,male,ICC World Twenty20,T20,CH Gayle,0,West Indies,India,2010-05-09,,6
db584dad,412700,4,1,3,1,0,1,0,0,0,2,0,5,1,0,0,0,3,male,ICC World Twenty20,T20,CH Gayle,0,West Indies,Australia,2010-05-11,,6
db584dad,439146,14,1,17,2,0,0,0,0,0,11,0,12,0,0,0,0,0,male,South Africa in West Indies T20I Series,T20,CH Gayle,caught,West Indies,South Africa,2010-05-19,,6
db584dad,447539,0,1,3,0,0,0,0,0,0,3,0,0,0,0,0,0,0,male,South Africa in West Indies T20I Series,T20,CH Gayle,lbw,West Indies,South Africa,2010-05-20,,6
db584dad,439147,45,1,40,8,0,1,0,0,0,22,0,27,0,0,0,0,6,male,South Africa in West Indies ODI Series,ODI,CH Gayle,0,West Indies,South Africa,2010-05-22,,6
db584dad,439148,26,1,36,3,1,0,0,0,0,27,0,41,0,0,0,0,14,male,South Africa in West Indies ODI Series,ODI,CH Gayle,0,West Indies,South Africa,2010-05-24,,6
db584dad,439149,16,1,20,1,1,0,0,0,0,12,0,0,0,0,0,0,0,male,South Africa in West Indies ODI Series,ODI,CH Gayle,caught,West Indies,South Africa,2010-05-28,,6
db584dad,439150,29,1,28,4,0,0,0,0,0,14,0,60,1,0,0,0,18,male,South Africa in West Indies ODI Series,ODI,CH Gayle,0,West Indies,South Africa,2010-05-30,,6
db584dad,439151,12,1,19,1,0,0,0,0,0,10,0,38,2,0,0,1,31,male,South Africa in West Indies ODI Series,ODI,CH Gayle,0,West Indies,South Africa,2010-06-03,,6
db584dad,439152,79,2,138,9,1,0,0,0,0,97,0,2,1,0,0,0,5,male,South Africa in West Indies Test Series,Test,CH Gayle,bowled,West Indies,South Africa,2010-06-10,2010-06-11,6
db584dad,439153,50,1,84,8,0,1,0,0,0,59,0,0,0,0,0,0,0,male,South Africa in West Indies Test Series,Test,CH Gayle,0,West Indies,South Africa,2010-06-18,2010-06-19,6
db584dad,439154,30,2,43,5,0,1,0,0,0,31,0,2,0,0,0,1,10,male,South Africa in West Indies Test Series,Test,CH Gayle,caught,West Indies,South Africa,2010-06-26,2010-06-27,6
db584dad,464987,333,1,442,34,9,0,0,0,0,271,0,3,0,0,0,0,3,male,West Indies in Sri Lanka Test Series,Test,CH Gayle,0,West Indies,Sri Lanka,2010-11-15,2010-11-16,6
db584dad,464988,33,2,48,7,0,1,0,0,0,37,0,0,0,0,0,0,0,male,West Indies in Sri Lanka Test Series,Test,CH Gayle,0,West Indies,Sri Lanka,2010-11-23,2010-11-24,6
db584dad,464989,0,1,1,0,0,0,0,0,0,1,0,0,0,0,0,0,0,male,West Indies in Sri Lanka Test Series,Test,CH Gayle,lbw,West Indies,Sri Lanka,2010-12-01,2010-12-02,6
db584dad,464990,4,1,12,0,0,0,0,0,0,9,0,0,0,0,0,0,0,male,West Indies in Sri Lanka ODI Series,ODI,CH Gayle,caught,West Indies,Sri Lanka,2011-01-31,,6
db584dad,464991,28,1,31,4,1,1,0,0,0,22,0,18,0,0,0,0,11,male,West Indies in Sri Lanka ODI Series,ODI,CH Gayle,caught,West Indies,Sri Lanka,2011-02-03,,6
db584dad,464992,0,1,1,0,0,0,0,0,0,1,0,34,0,0,0,0,40,male,West Indies in Sri Lanka ODI Series,ODI,CH Gayle,0,West Indies,Sri Lanka,2011-02-06,,6
db584dad,433564,2,1,3,0,0,0,0,0,0,2,0,26,0,0,0,0,16,male,ICC Cricket World Cup,ODI,CH Gayle,0,West Indies,South Africa,2011-02-24,,6
db584dad,433569,80,1,114,7,2,1,0,0,0,67,0,0,0,0,0,0,0,male,ICC Cricket World Cup,ODI,CH Gayle,caught,West Indies,Netherlands,2011-02-28,,6
db584dad,433576,37,0,38,6,0,0,0,0,0,21,0,0,0,0,0,0,0,male,ICC Cricket World Cup,ODI,CH Gayle,0,West Indies,Bangladesh,2011-03-04,,6
db584dad,433593,43,1,21,8,1,2,0,0,0,8,0,0,0,0,0,0,0,male,ICC Cricket World Cup,ODI,CH Gayle,lbw,West Indies,England,2011-03-17,,6
db584dad,433600,8,1,10,2,0,0,0,0,0,8,0,0,0,0,0,0,0,male,ICC Cricket World Cup,ODI,CH Gayle,caught,West Indies,Pakistan,2011-03-23,,6
db584dad,501222,102,0,57,10,7,1,0,0,0,21,0,9,0,0,0,0,5,male,Indian Premier League,T20,CH Gayle,0,Royal Challengers Bangalore,Kolkata Knight Riders,2011-04-22,,6
db584dad,501227,26,1,14,4,1,0,0,0,0,5,0,20,0,0,0,0,2,male,Indian Premier League,T20,CH Gayle,caught,Royal Challengers Bangalore,Delhi Daredevils,2011-04-26,,6
db584dad,501232,49,1,26,4,4,0,0,0,0,11,0,9,1,0,0,0,5,male,Indian Premier League,T20,CH Gayle,lbw,Royal Challengers Bangalore,Pune Warriors,2011-04-29,,6
db584dad,501244,107,1,49,10,9,0,0,0,0,18,0,21,3,1,1,0,7,male,Indian Premier League,T20,CH Gayle,0,Royal Challengers Bangalore,Kings XI Punjab,2011-05-06,,6
db584dad,501247,44,1,17,3,5,0,0,0,0,8,0,26,1,1,0,0,19,male,Indian Premier League,T20,CH Gayle,bowled,Royal Challengers Bangalore,Kochi Tuskers Kerala,2011-05-08,,6
db584dad,501252,70,0,44,7,4,0,0,0,0,16,0,23,1,0,0,0,9,male,Indian Premier League,T20,CH Gayle,0,Royal Challengers Bangalore,Rajasthan Royals,2011-05-11,,6
db584dad,501255,38,1,12,6,2,0,0,0,0,3,0,11,0,0,0,0,1,male,Indian Premier League,T20,CH Gayle,0,Royal Challengers Bangalore,Kolkata Knight Riders,2011-05-14,,6
db584dad,501260,0,1,7,0,0,1,0,0,0,7,0,41,0,0,0,0,8,male,Indian Premier League,T20,CH Gayle,caught,Royal Challengers Bangalore,Kings XI Punjab,2011-05-17,,6
db584dad,501266,75,0,54,4,6,0,0,0,0,21,0,31,0,0,0,0,7,male,Indian Premier League,T20,CH Gayle,0,Royal Challengers Bangalore,Chennai Super Kings,2011-05-22,,6
db584dad,501268,8,1,9,0,1,0,0,0,0,6,0,19,0,0,0,0,11,male,Indian Premier League,T20,CH Gayle,0,Royal Challengers Bangalore,Chennai Super Kings,2011-05-24,,6
db584dad,501270,89,1,50,9,5,0,0,0,0,15,0,11,0,0,0,0,10,male,Indian Premier League,T20,CH Gayle,0,Royal Challengers Bangalore,Mumbai Indians,2011-05-27,,6
db584dad,501271,0,1,3,0,0,0,0,0,0,3,0,41,2,1,0,0,11,male,Indian Premier League,T20,CH Gayle,caught,Royal Challengers Bangalore,Chennai Super Kings,2011-05-28,,6
db584dad,524916,4,1,4,1,0,0,0,1,0,3,0,15,0,0,0,0,8,male,Big Bash League,T20,CH Gayle,0,Sydney Thunder,Melbourne Stars,2011-12-17,,6
db584dad,524922,100,0,54,3,11,0,0,0,0,19,0,9,0,0,0,0,2,male,Big Bash League,T20,CH Gayle,0,Sydney Thunder,Adelaide Strikers,2011-12-23,,6
db584dad,524926,75,1,57,3,5,0,0,0,0,21,0,14,0,0,0,0,5,male,Big Bash League,T20,CH Gayle,0,Sydney Thunder,Melbourne Renegades,2011-12-30,,6
db584dad,524927,53,1,34,2,5,1,0,0,0,14,0,16,0,0,0,0,3,male,Big Bash League,T20,CH Gayle,0,Sydney Thunder,Hobart Hurricanes,2012-01-01,,6
db584dad,524933,0,1,6,0,0,0,0,0,0,6,0,18,1,0,0,0,7,male,Big Bash League,T20,CH Gayle,caught,Sydney Thunder,Sydney Sixers,2012-01-08,,6
db584dad,524939,0,1,1,0,0,0,0,0,0,1,0,31,0,0,0,0,6,male,Big Bash League,T20,CH Gayle,caught,Sydney Thunder,Brisbane Heat,2012-01-17,,6
db584dad,551048,39,1,24,4,2,0,0,0,0,8,0,19,1,1,0,0,5,male,Bangladesh Premier League,T20,CH Gayle,0,Barisal Burners,Duronto Rajshahi,2012-02-11,,6
db584dad,551054,116,1,65,6,11,0,0,0,0,24,0,38,0,0,0,0,3,male,Bangladesh Premier League,T20,CH Gayle,bowled,Barisal Burners,Dhaka Gladiators,2012-02-14,,6
db584dad,551057,30,1,17,2,3,0,0,0,0,9,0,0,0,0,0,0,0,male,Bangladesh Premier League,T20,CH Gayle,0,Barisal Burners,Chittagong Kings,2012-02-16,,6
db584dad,548315,2,1,8,0,0,1,0,0,0,6,0,0,0,0,0,0,0,male,Indian Premier League,T20,CH Gayle,caught,Royal Challengers Bangalore,Kolkata Knight Riders,2012-04-10,,6
db584dad,548318,68,1,40,2,6,0,0,0,0,10,0,0,0,0,0,0,0,male,Indian Premier League,T20,CH Gayle,caught,Royal Challengers Bangalore,Chennai Super Kings,2012-04-12,,6
db584dad,548324,8,1,9,0,1,0,0,0,0,6,0,21,0,0,0,0,1,male,Indian Premier League,T20,CH Gayle,0,Royal Challengers Bangalore,Rajasthan Royals,2012-04-15,,6
db584dad,548327,81,1,49,4,8,0,0,0,0,20,0,0,0,0,0,0,0,male,Indian Premier League,T20,CH Gayle,bowled,Royal Challengers Bangalore,Pune Warriors,2012-04-17,,6
db584dad,548331,87,1,61,8,4,0,0,0,0,25,0,0,0,0,0,0,0,male,Indian Premier League,T20,CH Gayle,caught,Royal Challengers Bangalore,Kings XI Punjab,2012-04-20,,6
db584dad,548336,4,1,8,0,0,0,0,0,0,5,0,0,0,0,0,0,0,male,Indian Premier League,T20,CH Gayle,0,Royal Challengers Bangalore,Rajasthan Royals,2012-04-23,,6
db584dad,548344,86,1,59,7,6,0,0,0,0,25,0,0,0,0,0,0,0,male,Indian Premier League,T20,CH Gayle,0,Royal Challengers Bangalore,Kolkata Knight Riders,2012-04-28,,6
db584dad,548350,71,1,44,6,4,0,0,0,0,13,0,0,0,0,0,0,0,male,Indian Premier League,T20,CH Gayle,caught,Royal Challengers Bangalore,Kings XI Punjab,2012-05-02,,6
db584dad,548356,26,1,23,1,2,0,0,0,0,10,0,6,0,0,0,0,3,male,Indian Premier League,T20,CH Gayle,0,Royal Challengers Bangalore,Deccan Chargers,2012-05-06,,6
db584dad,548360,82,0,59,5,6,0,0,0,0,24,0,0,0,0,0,0,0,male,Indian Premier League,T20,CH Gayle,0,Royal Challengers Bangalore,Mumbai Indians,2012-05-09,,6
db584dad,548362,57,1,32,3,6,0,0,0,0,14,0,0,0,0,0,0,0,male,Indian Premier League,T20,CH Gayle,0,Royal Challengers Bangalore,Pune Warriors,2012-05-11,,6
db584dad,548367,6,1,8,0,1,0,0,0,0,7,0,40,0,0,0,0,4,male,Indian Premier League,T20,CH Gayle,bowled,Royal Challengers Bangalore,Mumbai Indians,2012-05-14,,6
db584dad,548372,128,0,62,7,13,0,0,0,0,21,0,0,0,0,0,0,0,male,Indian Premier League,T20,CH Gayle,0,Royal Challengers Bangalore,Delhi Daredevils,2012-05-17,,6
db584dad,548376,27,1,10,3,2,1,0,0,0,3,0,0,0,0,0,0,0,male,Indian Premier League,T20,CH Gayle,bowled,Royal Challengers Bangalore,Deccan Chargers,2012-05-20,,6
db584dad,534210,53,1,51,3,5,1,0,0,0,32,0,0,0,0,0,0,0,male,NatWest Series,ODI,CH Gayle,lbw,West Indies,England,2012-06-19,,6
db584dad,534208,2,1,9,0,0,0,0,0,0,7,0,0,0,0,0,0,0,male,,T20,CH Gayle,0,West Indies,England,2012-06-24,,6
db584dad,560921,85,0,62,7,5,0,0,0,0,26,0,0,0,0,0,0,0,male,New Zealand v West Indies T20I Series,T20,CH Gayle,0,West Indies,New Zealand,2012-06-30,,6
db584dad,560922,53,1,40,3,4,1,0,0,0,18,0,0,0,0,0,0,0,male,New Zealand v West Indies T20I Series,T20,CH Gayle,0,West Indies,New Zealand,2012-07-01,,6
db584dad,560923,63,0,59,4,5,0,0,0,0,35,0,0,0,0,0,0,0,male,New Zealand in West Indies ODI Series,ODI,CH Gayle,0,West Indies,New Zealand,2012-07-05,,6
db584dad,560924,125,1,112,8,9,0,0,0,0,59,0,0,0,0,0,0,0,male,New Zealand in West Indies ODI Series,ODI,CH Gayle,0,West Indies,New Zealand,2012-07-07,,6
db584dad,560925,11,1,22,2,0,2,0,0,0,17,0,0,0,0,0,0,0,male,New Zealand in West Indies ODI Series,ODI,CH Gayle,caught,West Indies,New Zealand,2012-07-11,,6
db584dad,560926,16,1,19,1,1,0,0,0,0,13,0,0,0,0,0,0,0,male,New Zealand in West Indies ODI Series,ODI,CH Gayle,lbw,West Indies,New Zealand,2012-07-14,,6
db584dad,560927,5,1,14,1,0,1,0,0,0,12,0,0,0,0,0,0,0,male,New Zealand in West Indies ODI Series,ODI,CH Gayle,0,West Indies,New Zealand,2012-07-16,,6
db584dad,560929,214,1,256,25,6,1,0,0,0,162,0,0,0,0,0,0,0,male,New Zealand in West Indies Test Series,Test,CH Gayle,caught,West Indies,New Zealand,2012-07-25,2012-07-26,6
db584dad,560930,16,2,66,0,1,1,0,0,0,57,0,0,0,0,0,0,0,male,New Zealand in West Indies Test Series,Test,CH Gayle,0,West Indies,New Zealand,2012-08-02,2012-08-03,6
db584dad,533279,54,1,35,5,4,0,0,0,0,17,0,0,0,0,0,0,0,male,ICC World Twenty20,T20,CH Gayle,caught and bowled,West Indies,Australia,2012-09-22,,6
db584dad,533282,0,0,0,0,0,1,0,0,0,0,0,23,2,1,0,0,7,male,ICC World Twenty20,T20,CH Gayle,0,West Indies,Ireland,2012-09-24,,6
db584dad,533285,58,1,35,6,4,1,0,0,0,15,0,27,1,0,0,0,6,male,ICC World Twenty20,T20,CH Gayle,0,West Indies,England,2012-09-27,,6
db584dad,533289,2,1,9,0,0,0,0,0,0,7,0,2,0,0,0,0,1,male,ICC World Twenty20,T20,CH Gayle,caught,West Indies,Sri Lanka,2012-09-29,,6
db584dad,533292,38,1,20,3,3,1,0,0,0,7,0,15,0,0,0,0,0,male,ICC World Twenty20,T20,CH Gayle,0,West Indies,New Zealand,2012-10-01,,6
db584dad,533297,75,0,44,5,6,0,0,0,0,15,0,0,0,0,0,0,0,male,ICC World Twenty20,T20,CH Gayle,0,West Indies,Australia,2012-10-05,,6
db584dad,533298,3,1,18,0,0,0,0,0,0,15,0,14,0,0,0,0,2,male,ICC World Twenty20,T20,CH Gayle,lbw,West Indies,Sri Lanka,2012-10-07,,6
db584dad,587469,43,2,39,3,3,1,0,0,0,23,0,14,0,0,0,0,13,male,West Indies in Bangladesh Test Series,Test,CH Gayle,caught,West Indies,Bangladesh,2012-11-13,2012-11-14,6
db584dad,587470,45,1,64,8,0,0,0,0,0,46,0,16,0,0,0,0,16,male,West Indies in Bangladesh Test Series,Test,CH Gayle,0,West Indies,Bangladesh,2012-11-21,2012-11-22,6
db584dad,587471,35,1,40,4,2,0,0,0,0,27,0,0,0,0,0,0,0,male,West Indies in Bangladesh ODI Series,ODI,CH Gayle,0,West Indies,Bangladesh,2012-11-30,,6
db584dad,587472,15,1,22,2,1,1,0,0,0,18,0,0,0,0,0,0,0,male,West Indies in Bangladesh ODI Series,ODI,CH Gayle,0,West Indies,Bangladesh,2012-12-02,,6
db584dad,587473,4,1,12,1,0,1,0,0,0,11,0,36,1,0,0,1,46,male,West Indies in Bangladesh ODI Series,ODI,CH Gayle,caught,West Indies,Bangladesh,2012-12-05,,6
db584dad,587474,16,1,25,1,1,0,0,0,0,18,0,0,0,0,0,0,0,male,West Indies in Bangladesh ODI Series,ODI,CH Gayle,caught,West Indies,Bangladesh,2012-12-07,,6
db584dad,587475,2,1,21,0,0,0,0,0,0,20,0,0,0,0,0,0,0,male,West Indies in Bangladesh ODI Series,ODI,CH Gayle,0,West Indies,Bangladesh,2012-12-08,,6
db584dad,587476,6,1,7,1,0,0,0,0,0,4,0,20,0,0,0,0,7,male,,T20,CH Gayle,bowled,West Indies,Bangladesh,2012-12-10,,6
db584dad,571238,12,0,13,0,1,0,1,0,0,7,0,9,0,0,0,0,3,male,Big Bash League,T20,CH Gayle,0,Sydney Thunder,Melbourne Renegades,2012-12-14,,6
db584dad,571243,8,1,20,0,0,2,0,0,0,13,0,20,0,0,0,0,2,male,Big Bash League,T20,CH Gayle,caught,Sydney Thunder,Adelaide Strikers,2012-12-20,,6
db584dad,571250,28,1,32,1,2,0,0,0,0,17,0,0,0,0,0,0,0,male,Big Bash League,T20,CH Gayle,caught,Sydney Thunder,Brisbane Heat,2012-12-28,,6
db584dad,571252,9,1,18,0,1,1,0,0,0,15,0,17,2,1,0,0,15,male,Big Bash League,T20,CH Gayle,0,Sydney Thunder,Sydney Sixers,2012-12-30,,6
db584dad,571256,2,1,10,0,0,0,0,0,0,8,0,8,0,0,0,0,1,male,Big Bash League,T20,CH Gayle,0,Sydney Thunder,Perth Scorchers,2013-01-04,,6
db584dad,571260,65,1,43,6,4,0,1,0,0,20,0,5,2,1,0,0,2,male,Big Bash League,T20,CH Gayle,0,Sydney Thunder,Melbourne Stars,2013-01-08,,6
db584dad,573022,4,1,14,1,0,0,0,0,0,13,0,0,0,0,0,0,0,male,West Indies in Australia ODI Series,ODI,CH Gayle,0,West Indies,Australia,2013-02-01,,6
db584dad,573023,4,1,8,0,0,0,0,0,0,5,0,0,0,0,0,0,0,male,West Indies in Australia ODI Series,ODI,CH Gayle,0,West Indies,Australia,2013-02-03,,6
db584dad,573024,2,1,5,0,0,0,0,0,0,3,0,36,0,0,0,0,11,male,West Indies in Australia ODI Series,ODI,CH Gayle,bowled,West Indies,Australia,2013-02-06,,6
db584dad,573027,8,1,7,0,1,0,0,0,0,4,0,0,0,0,0,0,0,male,,T20,CH Gayle,caught,West Indies,Australia,2013-02-13,,6
db584dad,599907,114,1,53,5,12,0,0,0,0,17,0,0,0,0,0,0,0,male,Bangladesh Premier League,T20,CH Gayle,0,Dhaka Gladiators,Sylhet Royals,2013-02-15,,6
db584dad,593988,44,1,89,8,0,0,0,0,0,70,0,0,0,0,0,0,0,male,Clive Lloyd Trophy,Test,CH Gayle,0,West Indies,Zimbabwe,2013-03-12,2013-03-13,6
db584dad,593989,101,1,145,12,4,1,0,0,0,104,0,0,0,0,0,0,0,male,Clive Lloyd Trophy,Test,CH Gayle,caught,West Indies,Zimbabwe,2013-03-20,2013-03-21,6
db584dad,597999,92,0,61,11,5,0,0,0,0,28,0,0,0,0,0,0,0,male,Indian Premier League,T20,CH Gayle,0,Royal Challengers Bangalore,Mumbai Indians,2013-04-04,,6
db584dad,598004,11,1,6,0,1,0,0,0,0,1,0,0,0,0,0,0,0,male,Indian Premier League,T20,CH Gayle,0,Royal Challengers Bangalore,Sunrisers Hyderabad,2013-04-07,,6
db584dad,598048,13,1,15,2,0,0,0,0,0,9,0,0,0,0,0,0,0,male,Indian Premier League,T20,CH Gayle,0,Royal Challengers Bangalore,Sunrisers Hyderabad,2013-04-09,,6
db584dad,598008,85,0,55,4,9,0,0,0,0,28,0,0,0,0,0,0,0,male,Indian Premier League,T20,CH Gayle,0,Royal Challengers Bangalore,Kolkata Knight Riders,2013-04-11,,6
db584dad,598012,4,1,11,1,0,0,0,0,0,10,0,0,0,0,0,0,0,male,Indian Premier League,T20,CH Gayle,caught,Royal Challengers Bangalore,Chennai Super Kings,2013-04-13,,6
db584dad,598017,15,1,12,0,2,1,0,0,0,7,0,0,0,0,0,0,0,male,Indian Premier League,T20,CH Gayle,caught,Royal Challengers Bangalore,Delhi Daredevils,2013-04-16,,6
db584dad,598023,49,0,49,4,1,0,0,0,0,20,0,0,0,0,0,0,0,male,Indian Premier League,T20,CH Gayle,0,Royal Challengers Bangalore,Rajasthan Royals,2013-04-20,,6
db584dad,598027,175,0,69,13,17,0,0,0,0,18,0,5,1,1,0,0,4,male,Indian Premier League,T20,CH Gayle,0,Royal Challengers Bangalore,Pune Warriors,2013-04-23,,6
db584dad,598033,18,1,20,2,1,0,0,0,0,13,0,0,0,0,0,0,0,male,Indian Premier League,T20,CH Gayle,0,Royal Challengers Bangalore,Mumbai Indians,2013-04-27,,6
db584dad,598036,34,1,17,6,1,0,0,0,0,8,0,0,0,0,0,0,0,male,Indian Premier League,T20,CH Gayle,caught,Royal Challengers Bangalore,Rajasthan Royals,2013-04-29,,6
db584dad,598042,21,1,21,2,1,1,0,0,0,11,0,6,1,0,1,0,4,male,Indian Premier League,T20,CH Gayle,caught,Royal Challengers Bangalore,Pune Warriors,2013-05-02,,6
db584dad,598064,61,1,34,6,3,0,0,0,0,12,0,22,0,0,0,0,2,male,Indian Premier League,T20,CH Gayle,0,Royal Challengers Bangalore,Kings XI Punjab,2013-05-06,,6
db584dad,598054,4,1,7,1,0,0,0,0,0,6,0,8,0,0,0,0,2,male,Indian Premier League,T20,CH Gayle,bowled,Royal Challengers Bangalore,Delhi Daredevils,2013-05-10,,6
db584dad,598057,33,1,37,1,1,1,0,0,0,14,0,0,0,0,0,0,0,male,Indian Premier League,T20,CH Gayle,0,Royal Challengers Bangalore,Kolkata Knight Riders,2013-05-12,,6
db584dad,598045,77,1,56,4,6,0,0,0,0,24,0,0,0,0,0,0,0,male,Indian Premier League,T20,CH Gayle,0,Royal Challengers Bangalore,Kings XI Punjab,2013-05-14,,6
db584dad,598068,28,1,14,0,4,1,0,0,0,6,0,0,0,0,0,0,0,male,Indian Premier League,T20,CH Gayle,caught,Royal Challengers Bangalore,Chennai Super Kings,2013-05-18,,6
db584dad,578615,39,1,47,4,1,1,0,0,0,27,0,0,0,0,0,0,0,male,ICC Champions Trophy,ODI,CH Gayle,bowled,West Indies,Pakistan,2013-06-07,,6
db584dad,578619,21,1,19,4,0,0,0,0,0,12,0,11,0,0,0,0,3,male,ICC Champions Trophy,ODI,CH Gayle,caught,West Indies,India,2013-06-11,,6
db584dad,578622,36,1,28,5,1,1,0,0,0,13,0,0,0,0,0,0,0,male,ICC Champions Trophy,ODI,CH Gayle,0,West Indies,South Africa,2013-06-14,,6
db584dad,597923,109,1,102,9,7,0,0,0,0,56,0,0,0,0,0,0,0,male,West Indies Tri-Nation Series,ODI,CH Gayle,caught,West Indies,Sri Lanka,2013-06-28,,6
db584dad,597924,11,1,11,2,0,1,0,0,0,7,0,0,0,0,0,0,0,male,West Indies Tri-Nation Series,ODI,CH Gayle,caught,West Indies,India,2013-06-30,,6
db584dad,597926,10,1,15,2,0,0,0,0,0,12,0,0,0,0,0,0,0,male,West Indies Tri-Nation Series,ODI,CH Gayle,0,West Indies,India,2013-07-05,,6
db584dad,597927,14,1,18,3,0,0,0,0,0,13,0,0,0,0,0,0,0,male,West Indies Tri-Nation Series,ODI,CH Gayle,0,West Indies,Sri Lanka,2013-07-07,2013-07-08,6
db584dad,645635,1,0,8,0,0,0,0,0,0,7,0,0,0,0,0,0,0,male,Pakistan in West Indies ODI Series,ODI,CH Gayle,0,West Indies,Pakistan,2013-07-14,,6
db584dad,645637,1,1,5,0,0,0,0,0,0,4,0,0,0,0,0,0,0,male,Pakistan in West Indies ODI Series,ODI,CH Gayle,0,West Indies,Pakistan,2013-07-16,,6
db584dad,645639,8,1,12,1,0,0,0,0,0,8,0,0,0,0,0,0,0,male,Pakistan in West Indies ODI Series,ODI,CH Gayle,0,West Indies,Pakistan,2013-07-19,,6
db584dad,645641,30,1,47,3,1,0,0,0,0,33,0,0,0,0,0,0,0,male,Pakistan in West Indies ODI Series,ODI,CH Gayle,0,West Indies,Pakistan,2013-07-21,,6
db584dad,645643,21,1,34,2,1,0,1,0,0,25,0,0,0,0,0,0,0,male,Pakistan in West Indies ODI Series,ODI,CH Gayle,0,West Indies,Pakistan,2013-07-24,,6
db584dad,645645,5,1,6,1,0,0,0,0,0,4,0,0,0,0,0,0,0,male,Pakistan in West Indies T20I Series,T20,CH Gayle,0,West Indies,Pakistan,2013-07-27,,6
db584dad,645647,1,1,3,0,0,0,0,0,0,2,0,0,0,0,0,0,0,male,Pakistan in West Indies T20I Series,T20,CH Gayle,caught,West Indies,Pakistan,2013-07-28,,6
db584dad,635218,6,0,10,1,0,0,0,0,0,7,0,20,0,0,0,0,8,male,Caribbean Premier League,T20,CH Gayle,0,Jamaica Tallawahs,Guyana Amazon Warriors,2013-08-02,,6
db584dad,635220,11,1,20,0,0,1,0,0,0,10,0,24,2,1,0,0,13,male,Caribbean Premier League,T20,CH Gayle,0,Jamaica Tallawahs,Antigua Hawksbills,2013-08-04,,6
db584dad,635223,28,1,29,3,1,0,0,0,0,16,0,3,1,0,0,0,3,male,Caribbean Premier League,T20,CH Gayle,0,Jamaica Tallawahs,Trinidad & Tobago Red Steel,2013-08-07,,6
db584dad,635226,40,1,34,2,3,1,0,0,0,15,0,9,0,0,0,0,7,male,Caribbean Premier League,T20,CH Gayle,0,Jamaica Tallawahs,St Lucia Zouks,2013-08-10,,6
db584dad,635230,43,1,48,3,2,1,0,0,0,27,0,16,1,0,1,0,10,male,Caribbean Premier League,T20,CH Gayle,bowled,Jamaica Tallawahs,Guyana Amazon Warriors,2013-08-15,,6
db584dad,635232,5,1,4,1,0,1,0,0,0,2,0,9,0,0,0,0,3,male,Caribbean Premier League,T20,CH Gayle,bowled,Jamaica Tallawahs,Barbados Tridents,2013-08-17,,6
db584dad,635235,51,1,26,4,5,0,0,0,0,13,0,24,2,0,0,0,14,male,Caribbean Premier League,T20,CH Gayle,caught,Jamaica Tallawahs,Trinidad & Tobago Red Steel,2013-08-18,,6
db584dad,635237,3,1,9,0,0,1,0,0,0,6,0,15,1,0,0,0,10,male,Caribbean Premier League,T20,CH Gayle,0,Jamaica Tallawahs,Barbados Tridents,2013-08-23,,6
db584dad,635238,47,0,55,6,0,0,0,0,0,29,0,45,1,1,0,0,5,male,Caribbean Premier League,T20,CH Gayle,0,Jamaica Tallawahs,Guyana Amazon Warriors,2013-08-24,,6
db584dad,676525,51,2,67,11,0,1,0,0,0,49,0,0,0,0,0,0,0,male,West Indies in India Test Series,Test,CH Gayle,caught,West Indies,India,2013-11-06,2013-11-07,6
db584dad,676527,46,2,70,5,1,0,0,0,0,48,0,0,0,0,0,0,0,male,West Indies in India Test Series,Test,CH Gayle,caught,West Indies,India,2013-11-14,2013-11-15,6
db584dad,676529,0,1,2,0,0,0,0,0,0,2,0,0,0,0,0,0,0,male,West Indies in India ODI Series,ODI,CH Gayle,run out,West Indies,India,2013-11-21,,6
db584dad,702141,18,1,21,3,0,0,0,0,0,12,0,0,0,0,0,0,0,male,Ireland in West Indies T20I Series,T20,CH Gayle,caught,West Indies,Ireland,2014-02-19,,6
db584dad,636536,43,1,35,5,2,0,0,0,0,17,0,0,0,0,0,0,0,male,England in West Indies T20I Series,T20,CH Gayle,0,West Indies,England,2014-03-09,,6
db584dad,636537,36,1,31,1,4,0,0,0,0,18,0,0,0,0,0,0,0,male,England in West Indies T20I Series,T20,CH Gayle,bowled,West Indies,England,2014-03-11,,6
db584dad,682929,34,0,37,1,2,1,0,0,0,17,0,0,0,0,0,0,0,male,World T20,T20,CH Gayle,0,West Indies,India,2014-03-23,,6
db584dad,682935,48,1,49,3,2,0,0,0,0,22,0,0,0,0,0,0,0,male,World T20,T20,CH Gayle,0,West Indies,Bangladesh,2014-03-25,,6
db584dad,682941,53,1,37,6,2,0,0,0,0,16,0,0,0,0,0,0,0,male,World T20,T20,CH Gayle,caught,West Indies,Australia,2014-03-28,,6
db584dad,682959,5,1,5,1,0,1,0,0,0,3,0,0,0,0,0,0,0,male,World T20,T20,CH Gayle,0,West Indies,Pakistan,2014-04-01,,6
db584dad,682961,3,1,15,0,0,0,0,0,0,12,0,9,0,0,0,0,1,male,World T20,T20,CH Gayle,bowled,West Indies,Sri Lanka,2014-04-03,,6
db584dad,729313,20,1,7,2,2,0,0,0,0,3,0,0,0,0,0,0,0,male,Indian Premier League,T20,CH Gayle,bowled,Royal Challengers Bangalore,Kings XI Punjab,2014-04-28,,6
db584dad,733977,27,1,20,3,2,1,0,0,0,12,0,0,0,0,0,0,0,male,Indian Premier League,T20,CH Gayle,caught,Royal Challengers Bangalore,Sunrisers Hyderabad,2014-05-04,,6
db584dad,733983,38,1,25,3,3,0,0,0,0,12,0,0,0,0,0,0,0,male,Indian Premier League,T20,CH Gayle,bowled,Royal Challengers Bangalore,Mumbai Indians,2014-05-06,,6
db584dad,733991,4,1,7,1,0,0,0,0,0,6,0,0,0,0,0,0,0,male,Indian Premier League,T20,CH Gayle,0,Royal Challengers Bangalore,Kings XI Punjab,2014-05-09,,6
db584dad,733999,19,1,25,3,0,0,0,0,0,15,0,0,0,0,0,0,0,male,Indian Premier League,T20,CH Gayle,caught,Royal Challengers Bangalore,Rajasthan Royals,2014-05-11,,6
db584dad,734005,22,1,23,1,2,0,0,0,0,15,0,0,0,0,0,0,0,male,Indian Premier League,T20,CH Gayle,bowled,Royal Challengers Bangalore,Delhi Daredevils,2014-05-13,,6
db584dad,734013,46,1,52,3,3,1,0,0,0,30,0,0,0,0,0,0,0,male,Indian Premier League,T20,CH Gayle,0,Royal Challengers Bangalore,Chennai Super Kings,2014-05-18,,6
db584dad,734021,14,1,20,1,0,0,0,0,0,12,0,0,0,0,0,0,0,male,Indian Premier League,T20,CH Gayle,0,Royal Challengers Bangalore,Sunrisers Hyderabad,2014-05-20,,6
db584dad,734027,6,1,9,1,0,0,0,0,0,6,0,0,0,0,0,0,0,male,Indian Premier League,T20,CH Gayle,0,Royal Challengers Bangalore,Kolkata Knight Riders,2014-05-22,,6
db584dad,730277,74,2,138,13,0,2,0,0,0,108,0,17,0,0,0,0,19,male,New Zealand in West Indies Test Series,Test,CH Gayle,0,West Indies,New Zealand,2014-06-08,2014-06-09,6
db584dad,730279,81,1,57,7,6,3,0,0,0,31,0,30,0,0,0,3,59,male,New Zealand in West Indies Test Series,Test,CH Gayle,0,West Indies,New Zealand,2014-06-16,2014-06-17,6
db584dad,730281,53,2,87,6,1,1,0,0,0,61,0,0,0,0,0,0,0,male,New Zealand in West Indies Test Series,Test,CH Gayle,0,West Indies,New Zealand,2014-06-26,2014-06-27,6
db584dad,743143,37,1,33,3,3,0,0,0,0,20,0,0,0,0,0,0,0,male,Caribbean Premier League,T20,CH Gayle,0,Jamaica Tallawahs,Antigua Hawksbills,2014-07-17,,6
db584dad,743153,11,1,20,1,0,0,0,0,0,13,0,0,0,0,0,0,0,male,Caribbean Premier League,T20,CH Gayle,caught,Jamaica Tallawahs,Guyana Amazon Warriors,2014-07-20,,6
db584dad,743161,60,1,48,5,3,0,0,0,0,21,0,34,0,0,0,0,8,male,Caribbean Premier League,T20,CH Gayle,0,Jamaica Tallawahs,Trinidad & Tobago Red Steel,2014-07-26,,6
db584dad,743167,59,0,38,2,6,1,0,0,0,17,0,0,0,0,0,0,0,male,Caribbean Premier League,T20,CH Gayle,0,Jamaica Tallawahs,Antigua Hawksbills,2014-07-31,,6
db584dad,743171,22,1,23,3,0,0,0,0,0,11,0,9,0,0,0,0,2,male,Caribbean Premier League,T20,CH Gayle,0,Jamaica Tallawahs,Guyana Amazon Warriors,2014-08-02,,6
db584dad,743175,39,1,43,2,2,0,0,0,0,21,0,0,0,0,0,0,0,male,Caribbean Premier League,T20,CH Gayle,0,Jamaica Tallawahs,Barbados Tridents,2014-08-03,,6
db584dad,743183,3,1,10,0,0,0,0,0,0,7,0,0,0,0,0,0,0,male,Caribbean Premier League,T20,CH Gayle,0,Jamaica Tallawahs,St Lucia Zouks,2014-08-09,,6
db584dad,743189,1,1,5,0,0,0,0,0,0,4,0,0,0,0,0,0,0,male,Caribbean Premier League,T20,CH Gayle,0,Jamaica Tallawahs,Barbados Tridents,2014-08-10,,6
db584dad,743191,1,1,4,0,0,1,0,0,0,3,0,0,0,0,0,0,0,male,Caribbean Premier League,T20,CH Gayle,0,Jamaica Tallawahs,Trinidad & Tobago Red Steel,2014-08-13,,6
db584dad,743193,19,1,24,3,0,0,0,0,0,14,0,0,0,0,0,0,0,male,Caribbean Premier League,T20,CH Gayle,0,Jamaica Tallawahs,Guyana Amazon Warriors,2014-08-14,,6
db584dad,730287,3,1,18,0,0,0,0,1,0,16,0,19,1,0,0,0,9,male,Bangladesh in West Indies ODI Series,ODI,CH Gayle,0,West Indies,Bangladesh,2014-08-20,,6
db584dad,730289,58,1,68,3,5,1,0,0,0,45,0,0,0,0,0,0,0,male,Bangladesh in West Indies ODI Series,ODI,CH Gayle,0,West Indies,Bangladesh,2014-08-22,,6
db584dad,730291,6,1,17,1,0,0,0,0,0,14,0,58,0,0,0,0,25,male,Bangladesh in West Indies ODI Series,ODI,CH Gayle,caught,West Indies,Bangladesh,2014-08-25,,6
db584dad,730293,0,0,0,0,0,0,0,0,0,0,0,0,0,0,0,0,0,male,,T20,CH Gayle,0,West Indies,Bangladesh,2014-08-27,,6
db584dad,730295,73,1,115,12,1,0,0,0,0,87,0,50,1,0,0,3,77,male,Bangladesh in West Indies Test Series,Test,CH Gayle,0,West Indies,Bangladesh,2014-09-05,2014-09-06,6
db584dad,736259,56,1,44,6,2,0,0,0,0,19,0,36,4,0,2,0,8,male,Ram Slam T20 Challenge,T20,CH Gayle,0,Lions,Dolphins,2014-11-02,,6
db584dad,736265,108,0,57,10,7,0,0,0,0,19,0,0,0,0,0,0,0,male,Ram Slam T20 Challenge,T20,CH Gayle,0,Lions,Warriors,2014-11-07,,6
db584dad,736291,11,1,11,1,1,0,0,0,0,8,0,20,1,0,0,0,2,male,Ram Slam T20 Challenge,T20,CH Gayle,caught,Lions,Titans,2014-11-21,,6
db584dad,736293,3,1,8,0,0,0,0,0,0,6,0,0,0,0,0,0,0,male,Ram Slam T20 Challenge,T20,CH Gayle,0,Lions,Cape Cobras,2014-11-23,,6
db584dad,736303,8,1,9,1,0,0,0,0,0,5,0,0,0,0,0,0,0,male,Ram Slam T20 Challenge,T20,CH Gayle,caught,Lions,Titans,2014-11-28,,6
db584dad,736305,6,1,9,1,0,1,0,0,0,6,0,0,0,0,0,0,0,male,Ram Slam T20 Challenge,T20,CH Gayle,0,Lions,Dolphins,2014-11-30,,6
db584dad,736315,15,1,17,2,1,1,0,0,0,13,0,10,0,0,0,0,0,male,Ram Slam T20 Challenge,T20,CH Gayle,caught,Lions,Knights,2014-12-07,,6
db584dad,722335,77,1,31,5,8,1,0,0,0,10,0,0,0,0,0,0,0,male,West Indies in South Africa T20I Series,T20,CH Gayle,0,West Indies,South Africa,2015-01-09,,6
db584dad,722337,90,1,44,9,7,0,0,0,0,17,0,0,0,0,0,0,0,male,West Indies in South Africa T20I Series,T20,CH Gayle,caught,West Indies,South Africa,2015-01-11,,6
db584dad,722339,41,1,24,5,2,0,0,0,0,11,0,0,0,0,0,0,0,male,West Indies in South Africa ODI Series,ODI,CH Gayle,caught,West Indies,South Africa,2015-01-16,,6
db584dad,722341,19,1,14,2,1,0,0,0,0,7,0,0,0,0,0,0,0,male,West Indies in South Africa ODI Series,ODI,CH Gayle,caught,West Indies,South Africa,2015-01-18,,6
db584dad,722343,1,1,5,0,0,0,0,0,0,4,0,5,0,0,0,0,2,male,West Indies in South Africa ODI Series,ODI,CH Gayle,caught,West Indies,South Africa,2015-01-21,,6
db584dad,722345,10,1,19,1,0,0,0,0,0,13,0,4,0,0,0,0,2,male,West Indies in South Africa ODI Series,ODI,CH Gayle,caught,West Indies,South Africa,2015-01-25,,6
db584dad,722347,0,1,1,0,0,0,0,0,0,1,0,0,0,0,0,0,0,male,West Indies in South Africa ODI Series,ODI,CH Gayle,caught,West Indies,South Africa,2015-01-28,,6
db584dad,656407,36,1,66,3,1,1,0,0,0,46,0,41,1,0,0,0,20,male,ICC Cricket World Cup,ODI,CH Gayle,0,West Indies,Ireland,2015-02-16,,6
db584dad,656417,4,1,14,0,0,1,0,0,0,11,0,0,0,0,0,0,0,male,ICC Cricket World Cup,ODI,CH Gayle,0,West Indies,Pakistan,2015-02-21,,6
db584dad,656427,215,1,151,10,16,1,0,0,0,63,0,37,2,1,1,0,21,male,ICC Cricket World Cup,ODI,CH Gayle,caught,West Indies,Zimbabwe,2015-02-24,,6
db584dad,656435,3,1,4,0,0,0,0,0,0,3,0,21,2,0,1,0,12,male,ICC Cricket World Cup,ODI,CH Gayle,bowled,West Indies,South Africa,2015-02-27,,6
db584dad,656453,21,1,30,2,1,0,0,0,0,22,0,0,0,0,0,0,0,male,ICC Cricket World Cup,ODI,CH Gayle,0,West Indies,India,2015-03-06,,6
db584dad,656489,61,1,35,2,8,2,0,0,0,20,0,0,0,0,0,0,0,male,ICC Cricket World Cup,ODI,CH Gayle,0,West Indies,New Zealand,2015-03-21,,6
db584dad,829713,96,1,57,7,7,0,0,0,0,18,0,0,0,0,0,0,0,male,Indian Premier League,T20,CH Gayle,run out,Royal Challengers Bangalore,Kolkata Knight Riders,2015-04-11,,6
db584dad,829719,21,1,16,3,1,0,0,0,0,10,0,0,0,0,0,0,0,male,Indian Premier League,T20,CH Gayle,0,Royal Challengers Bangalore,Sunrisers Hyderabad,2015-04-13,,6
db584dad,829737,10,1,31,0,0,0,0,0,0,22,0,0,0,0,0,0,0,male,Indian Premier League,T20,CH Gayle,bowled,Royal Challengers Bangalore,Mumbai Indians,2015-04-19,,6
db584dad,829749,20,1,17,3,1,0,0,0,0,11,0,0,0,0,0,0,0,male,Indian Premier League,T20,CH Gayle,0,Royal Challengers Bangalore,Rajasthan Royals,2015-04-24,,6
db584dad,829757,62,0,42,6,4,0,0,0,0,19,0,0,0,0,0,0,0,male,Indian Premier League,T20,CH Gayle,0,Royal Challengers Bangalore,Delhi Daredevils,2015-04-26,,6
db584dad,829763,10,1,4,1,1,0,0,0,0,2,0,0,0,0,0,0,0,male,Indian Premier League,T20,CH Gayle,caught,Royal Challengers Bangalore,Rajasthan Royals,2015-04-29,,6
db584dad,829771,21,1,12,0,3,0,0,0,0,6,0,0,0,0,0,0,0,male,Indian Premier League,T20,CH Gayle,0,Royal Challengers Bangalore,Kolkata Knight Riders,2015-05-02,,6
db584dad,829785,117,1,63,7,12,0,0,0,0,27,0,0,0,0,0,0,0,male,Indian Premier League,T20,CH Gayle,0,Royal Challengers Bangalore,Kings XI Punjab,2015-05-06,,6
db584dad,829795,13,1,13,1,1,0,0,0,0,8,0,0,0,0,0,0,0,male,Indian Premier League,T20,CH Gayle,0,Royal Challengers Bangalore,Mumbai Indians,2015-05-10,,6
db584dad,829803,17,1,15,1,1,0,0,0,0,7,0,0,0,0,0,0,0,male,Indian Premier League,T20,CH Gayle,caught,Royal Challengers Bangalore,Kings XI Punjab,2015-05-13,,6
db584dad,829807,35,1,11,4,3,0,0,0,0,3,0,0,0,0,0,0,0,male,Indian Premier League,T20,CH Gayle,caught,Royal Challengers Bangalore,Sunrisers Hyderabad,2015-05-15,,6
db584dad,829813,1,0,5,0,0,1,0,0,0,4,0,16,0,0,0,0,5,male,Indian Premier League,T20,CH Gayle,0,Royal Challengers Bangalore,Delhi Daredevils,2015-05-17,,6
db584dad,829819,27,1,28,4,1,0,0,0,0,18,0,0,0,0,0,0,0,male,Indian Premier League,T20,CH Gayle,bowled,Royal Challengers Bangalore,Rajasthan Royals,2015-05-20,,6
db584dad,829821,41,1,45,2,3,0,0,0,0,27,0,0,0,0,0,0,0,male,Indian Premier League,T20,CH Gayle,0,Royal Challengers Bangalore,Chennai Super Kings,2015-05-22,,6
db584dad,804491,92,1,64,8,6,1,0,0,0,26,0,0,0,0,0,0,0,male,NatWest T20 Blast,T20,CH Gayle,0,Somerset,Essex,2015-05-29,,6
db584dad,804505,151,0,63,10,15,0,0,0,0,18,0,0,0,0,0,0,0,male,NatWest T20 Blast,T20,CH Gayle,0,Somerset,Kent,2015-05-31,,6
db584dad,804519,85,0,50,4,8,0,0,0,0,18,0,0,0,0,0,0,0,male,NatWest T20 Blast,T20,CH Gayle,0,Somerset,Hampshire,2015-06-05,,6
db584dad,857707,9,1,17,1,0,0,0,0,0,11,0,0,0,0,0,0,0,male,Caribbean Premier League,T20,CH Gayle,0,Jamaica Tallawahs,Barbados Tridents,2015-06-23,,6
db584dad,857717,90,0,37,6,9,1,0,0,0,12,0,0,0,0,0,0,0,male,Caribbean Premier League,T20,CH Gayle,0,Jamaica Tallawahs,St Lucia Zouks,2015-06-28,,6
db584dad,857719,72,0,55,6,2,0,0,0,0,16,0,0,0,0,0,0,0,male,Caribbean Premier League,T20,CH Gayle,0,Jamaica Tallawahs,St Kitts and Nevis Patriots,2015-06-30,,6
db584dad,857727,8,1,12,2,0,0,0,0,0,10,0,0,0,0,0,0,0,male,Caribbean Premier League,T20,CH Gayle,bowled,Jamaica Tallawahs,St Kitts and Nevis Patriots,2015-07-04,,6
db584dad,857733,64,0,43,3,5,0,0,0,0,17,0,0,0,0,0,0,0,male,Caribbean Premier League,T20,CH Gayle,0,Jamaica Tallawahs,St Lucia Zouks,2015-07-07,,6
db584dad,857737,105,1,59,6,9,2,0,0,0,18,0,15,0,0,0,0,1,male,Caribbean Premier League,T20,CH Gayle,0,Jamaica Tallawahs,Trinidad & Tobago Red Steel,2015-07-09,,6
db584dad,857743,14,1,13,1,1,0,0,0,0,8,0,0,0,0,0,0,0,male,Caribbean Premier League,T20,CH Gayle,caught,Jamaica Tallawahs,Barbados Tridents,2015-07-11,,6
db584dad,857745,11,1,9,1,1,0,0,0,0,6,0,0,0,0,0,0,0,male,Caribbean Premier League,T20,CH Gayle,caught,Jamaica Tallawahs,Guyana Amazon Warriors,2015-07-12,,6
db584dad,857759,27,1,15,2,3,0,0,0,0,9,0,0,0,0,0,0,0,male,Caribbean Premier League,T20,CH Gayle,caught,Jamaica Tallawahs,Trinidad & Tobago Red Steel,2015-07-19,,6
db584dad,857763,30,1,21,2,3,0,0,0,0,13,0,0,0,0,0,0,0,male,Caribbean Premier League,T20,CH Gayle,caught and bowled,Jamaica Tallawahs,Trinidad & Tobago Red Steel,2015-07-23,,6
db584dad,935323,8,1,8,0,1,0,0,0,0,5,0,8,0,0,0,0,7,male,Bangladesh Premier League,T20,CH Gayle,0,Barisal Bulls,Sylhet Super Stars,2015-12-06,,6
db584dad,935327,8,1,11,1,0,0,0,0,0,6,0,0,0,0,0,0,0,male,Bangladesh Premier League,T20,CH Gayle,0,Barisal Bulls,Comilla Victorians,2015-12-07,,6
db584dad,935337,92,1,48,6,9,0,0,0,0,19,0,0,0,0,0,0,0,male,Bangladesh Premier League,T20,CH Gayle,run out,Barisal Bulls,Chittagong Vikings,2015-12-09,,6
db584dad,935345,31,1,19,4,2,1,0,0,0,11,0,0,0,0,0,0,0,male,Bangladesh Premier League,T20,CH Gayle,bowled,Barisal Bulls,Dhaka Dynamites,2015-12-12,,6
db584dad,897699,23,1,17,2,2,0,0,0,0,10,0,6,0,0,0,0,2,male,Big Bash League,T20,CH Gayle,caught,Melbourne Renegades,Brisbane Heat,2015-12-19,,6
db584dad,897709,46,1,35,3,3,0,0,0,0,13,0,14,0,0,0,0,2,male,Big Bash League,T20,CH Gayle,0,Melbourne Renegades,Sydney Sixers,2015-12-23,,6
db584dad,897719,41,1,36,2,3,0,0,0,0,19,0,0,0,0,0,0,0,male,Big Bash League,T20,CH Gayle,caught,Melbourne Renegades,Perth Scorchers,2015-12-30,,6
db584dad,897725,4,1,10,0,0,0,0,0,0,6,0,0,0,0,0,0,0,male,Big Bash League,T20,CH Gayle,caught,Melbourne Renegades,Melbourne Stars,2016-01-02,,6
db584dad,897731,41,1,15,4,3,0,0,0,0,2,0,0,0,0,0,0,0,male,Big Bash League,T20,CH Gayle,caught,Melbourne Renegades,Hobart Hurricanes,2016-01-04,,6
db584dad,897741,21,1,24,0,2,0,0,0,0,13,0,0,0,0,0,0,0,male,Big Bash League,T20,CH Gayle,0,Melbourne Renegades,Melbourne Stars,2016-01-09,,6
db584dad,897747,28,1,20,5,0,0,0,0,0,9,0,0,0,0,0,0,0,male,Big Bash League,T20,CH Gayle,0,Melbourne Renegades,Sydney Thunder,2016-01-11,,6
db584dad,897757,56,1,19,2,7,1,0,0,0,6,0,0,0,0,0,0,0,male,Big Bash League,T20,CH Gayle,0,Melbourne Renegades,Adelaide Strikers,2016-01-18,,6
db584dad,959177,6,1,4,1,0,0,0,0,0,2,0,0,0,0,0,0,0,male,Pakistan Super League,T20,CH Gayle,caught,Lahore Qalandars,Karachi Kings,2016-02-05,,6
db584dad,959183,0,1,1,0,0,0,0,0,0,1,0,5,0,0,0,0,1,male,Pakistan Super League,T20,CH Gayle,0,Lahore Qalandars,Peshawar Zalmi,2016-02-06,,6
db584dad,959197,37,1,31,3,2,0,0,0,0,13,0,0,0,0,0,0,0,male,Pakistan Super League,T20,CH Gayle,0,Lahore Qalandars,Karachi Kings,2016-02-12,,6
db584dad,959203,0,1,2,0,0,0,0,0,0,2,0,0,0,0,0,0,0,male,Pakistan Super League,T20,CH Gayle,lbw,Lahore Qalandars,Peshawar Zalmi,2016-02-13,,6
db584dad,959209,60,1,35,3,6,0,0,0,0,15,0,0,0,0,0,0,0,male,Pakistan Super League,T20,CH Gayle,0,Lahore Qalandars,Quetta Gladiators,2016-02-16,,6
db584dad,951331,100,0,53,5,11,0,0,0,0,23,0,0,0,0,0,0,0,male,World T20,T20,CH Gayle,0,West Indies,England,2016-03-16,,6
db584dad,951345,0,0,0,0,0,1,0,0,0,0,0,0,0,0,0,0,0,male,World T20,T20,CH Gayle,0,West Indies,Sri Lanka,2016-03-20,,6
db584dad,951357,4,1,2,1,0,0,0,0,0,1,0,17,2,1,0,0,9,male,World T20,T20,CH Gayle,bowled,West Indies,South Africa,2016-03-25,,6
db584dad,951371,5,1,6,1,0,0,0,0,0,4,0,0,0,0,0,0,0,male,World T20,T20,CH Gayle,bowled,West Indies,India,2016-03-31,,6
db584dad,951373,4,1,2,1,0,1,0,0,0,1,0,0,0,0,0,0,0,male,World T20,T20,CH Gayle,0,West Indies,England,2016-04-03,,6
db584dad,980907,1,1,5,0,0,0,0,0,0,4,0,0,0,0,0,0,0,male,Indian Premier League,T20,CH Gayle,bowled,Royal Challengers Bangalore,Sunrisers Hyderabad,2016-04-12,,6
db584dad,980921,0,1,3,0,0,0,0,0,0,3,0,0,0,0,0,0,0,male,Indian Premier League,T20,CH Gayle,caught,Royal Challengers Bangalore,Delhi Daredevils,2016-04-17,,6
db584dad,980959,7,1,7,0,1,0,0,0,0,5,0,0,0,0,0,0,0,male,Indian Premier League,T20,CH Gayle,caught,Royal Challengers Bangalore,Kolkata Knight Riders,2016-05-02,,6
db584dad,980981,5,1,6,1,0,0,0,0,0,4,0,0,0,0,0,0,0,male,Indian Premier League,T20,CH Gayle,caught,Royal Challengers Bangalore,Mumbai Indians,2016-05-11,,6
db584dad,980987,6,1,13,1,0,0,0,0,0,10,0,3,0,0,0,0,11,male,Indian Premier League,T20,CH Gayle,bowled,Royal Challengers Bangalore,Gujarat Lions,2016-05-14,,6
db584dad,980995,49,1,31,5,4,0,0,0,0,17,0,0,0,0,0,0,0,male,Indian Premier League,T20,CH Gayle,0,Royal Challengers Bangalore,Kolkata Knight Riders,2016-05-16,,6
db584dad,980999,73,1,35,4,8,1,0,0,0,14,0,26,0,0,0,0,1,male,Indian Premier League,T20,CH Gayle,0,Royal Challengers Bangalore,Kings XI Punjab,2016-05-18,,6
db584dad,981011,1,1,4,0,0,1,0,0,0,3,0,12,2,0,0,0,6,male,Indian Premier League,T20,CH Gayle,bowled,Royal Challengers Bangalore,Delhi Daredevils,2016-05-22,,6
db584dad,981013,9,1,14,2,0,2,0,0,0,11,0,0,0,0,0,0,0,male,Indian Premier League,T20,CH Gayle,bowled,Royal Challengers Bangalore,Gujarat Lions,2016-05-24,,6
db584dad,981019,76,1,41,4,8,0,0,0,0,19,0,24,0,0,0,0,10,male,Indian Premier League,T20,CH Gayle,0,Royal Challengers Bangalore,Sunrisers Hyderabad,2016-05-29,,6
db584dad,947121,5,1,5,1,0,0,0,0,0,3,0,0,0,0,0,0,0,male,NatWest T20 Blast,T20,CH Gayle,bowled,Somerset,Sussex,2016-06-01,,6
db584dad,947131,49,1,28,5,4,0,0,0,0,14,0,0,0,0,0,0,0,male,NatWest T20 Blast,T20,CH Gayle,caught,Somerset,Essex,2016-06-03,,6
db584dad,947163,31,1,13,1,4,1,0,0,0,6,0,0,0,0,0,0,0,male,NatWest T20 Blast,T20,CH Gayle,0,Somerset,Surrey,2016-06-10,,6
db584dad,947185,40,1,27,6,2,0,0,0,0,15,0,0,0,0,0,0,0,male,NatWest T20 Blast,T20,CH Gayle,caught,Somerset,Gloucestershire,2016-06-17,,6
db584dad,947195,52,1,41,4,3,1,0,0,0,18,0,0,0,0,0,0,0,male,NatWest T20 Blast,T20,CH Gayle,0,Somerset,Hampshire,2016-06-19,,6
db584dad,994671,51,1,39,4,3,0,0,0,0,16,0,0,0,0,0,0,0,male,Caribbean Premier League,T20,CH Gayle,caught,Jamaica Tallawahs,St Kitts and Nevis Patriots,2016-07-02,,6
db584dad,1025989,108,1,57,6,11,0,0,0,0,22,0,0,0,0,0,0,0,male,Caribbean Premier League,T20,CH Gayle,run out,Jamaica Tallawahs,Trinbago Knight Riders,2016-07-04,,6
db584dad,1019643,47,0,23,2,5,0,0,0,0,8,0,0,0,0,0,0,0,male,Caribbean Premier League,T20,CH Gayle,0,Jamaica Tallawahs,Barbados Tridents,2016-07-11,,6
db584dad,1019769,45,0,31,2,4,0,0,0,0,12,0,0,0,0,0,0,0,male,Caribbean Premier League,T20,CH Gayle,0,Jamaica Tallawahs,Guyana Amazon Warriors,2016-07-15,,6
db584dad,1019771,1,1,5,0,0,0,0,0,0,4,0,0,0,0,0,0,0,male,Caribbean Premier League,T20,CH Gayle,0,Jamaica Tallawahs,St Kitts and Nevis Patriots,2016-07-16,,6
db584dad,1019773,0,1,10,0,0,0,0,0,0,10,0,0,0,0,0,0,0,male,Caribbean Premier League,T20,CH Gayle,0,Jamaica Tallawahs,Trinbago Knight Riders,2016-07-18,,6
db584dad,1019775,8,1,9,2,0,1,0,0,0,7,0,8,1,0,0,0,3,male,Caribbean Premier League,T20,CH Gayle,caught,Jamaica Tallawahs,Barbados Tridents,2016-07-20,,6
db584dad,994681,13,1,6,0,2,0,0,0,0,3,0,0,0,0,0,0,0,male,Caribbean Premier League,T20,CH Gayle,caught,Jamaica Tallawahs,St Lucia Zouks,2016-07-30,,6
db584dad,994687,30,1,15,3,2,0,0,0,0,6,0,0,0,0,0,0,0,male,Caribbean Premier League,T20,CH Gayle,0,Jamaica Tallawahs,St Lucia Zouks,2016-07-31,,6
db584dad,1025665,33,1,37,2,1,0,0,0,0,17,0,0,0,0,0,0,0,male,Caribbean Premier League,T20,CH Gayle,0,Jamaica Tallawahs,Guyana Amazon Warriors,2016-08-03,,6
db584dad,1025669,35,1,27,2,3,0,0,0,0,15,0,0,0,0,0,0,0,male,Caribbean Premier League,T20,CH Gayle,0,Jamaica Tallawahs,Trinbago Knight Riders,2016-08-05,,6
db584dad,1025671,54,1,29,3,6,1,0,0,0,14,0,0,0,0,0,0,0,male,Caribbean Premier League,T20,CH Gayle,caught,Jamaica Tallawahs,Guyana Amazon Warriors,2016-08-07,,6
db584dad,1063078,40,1,27,2,4,0,0,0,0,15,0,0,0,0,0,0,0,male,Bangladesh Premier League,T20,CH Gayle,0,Chittagong Vikings,Rangpur Riders,2016-11-27,,6
db584dad,1063080,19,1,11,3,1,1,0,0,0,6,0,0,0,0,0,0,0,male,Bangladesh Premier League,T20,CH Gayle,0,Chittagong Vikings,Khulna Titans,2016-11-29,,6
db584dad,1063084,1,1,6,0,0,0,0,0,0,5,0,0,0,0,0,0,0,male,Bangladesh Premier League,T20,CH Gayle,caught,Chittagong Vikings,Dhaka Dynamites,2016-12-02,,6
db584dad,1063086,5,1,15,0,0,0,0,0,0,10,0,0,0,0,0,0,0,male,Bangladesh Premier League,T20,CH Gayle,bowled,Chittagong Vikings,Rajshahi Kings,2016-12-03,,6
db584dad,1063089,44,1,32,2,5,0,0,0,0,19,0,0,0,0,0,0,0,male,Bangladesh Premier League,T20,CH Gayle,0,Chittagong Vikings,Rajshahi Kings,2016-12-06,,6
db584dad,1075988,2,1,9,0,0,0,0,0,0,7,0,0,0,0,0,0,0,male,Pakistan Super League,T20,CH Gayle,lbw,Karachi Kings,Peshawar Zalmi,2017-02-10,,6
db584dad,1075990,10,1,14,0,1,0,0,0,0,9,0,0,0,0,0,0,0,male,Pakistan Super League,T20,CH Gayle,0,Karachi Kings,Quetta Gladiators,2017-02-11,,6
db584dad,1075993,5,1,8,1,0,0,0,0,0,6,0,0,0,0,0,0,0,male,Pakistan Super League,T20,CH Gayle,0,Karachi Kings,Lahore Qalandars,2017-02-16,,6
db584dad,1075995,2,1,3,0,0,0,0,0,0,2,0,0,0,0,0,0,0,male,Pakistan Super League,T20,CH Gayle,0,Karachi Kings,Islamabad United,2017-02-17,,6
db584dad,1075998,11,1,9,0,1,2,0,0,0,3,0,0,0,0,0,0,0,male,Pakistan Super League,T20,CH Gayle,0,Karachi Kings,Peshawar Zalmi,2017-02-19,,6
db584dad,1076000,29,1,39,1,2,0,0,0,0,23,0,0,0,0,0,0,0,male,Pakistan Super League,T20,CH Gayle,0,Karachi Kings,Quetta Gladiators,2017-02-23,,6
db584dad,1076005,44,1,18,2,5,1,0,0,0,6,0,0,0,0,0,0,0,male,Pakistan Super League,T20,CH Gayle,caught,Karachi Kings,Islamabad United,2017-02-26,,6
db584dad,1076007,17,1,15,2,1,0,0,0,0,9,0,0,0,0,0,0,0,male,Pakistan Super League,T20,CH Gayle,bowled,Karachi Kings,Islamabad United,2017-03-01,,6
db584dad,1076008,40,1,32,2,4,0,0,0,0,18,0,0,0,0,0,0,0,male,Pakistan Super League,T20,CH Gayle,bowled,Karachi Kings,Peshawar Zalmi,2017-03-03,,6
db584dad,1082591,32,1,23,2,3,0,0,0,0,13,0,0,0,0,0,0,0,male,Indian Premier League,T20,CH Gayle,0,Royal Challengers Bangalore,Sunrisers Hyderabad,2017-04-05,,6
db584dad,1082595,6,1,9,1,0,0,0,0,0,6,0,0,0,0,0,0,0,male,Indian Premier League,T20,CH Gayle,caught,Royal Challengers Bangalore,Delhi Daredevils,2017-04-08,,6
db584dad,1082602,22,1,28,2,1,2,0,0,0,17,0,0,0,0,0,0,0,male,Indian Premier League,T20,CH Gayle,0,Royal Challengers Bangalore,Mumbai Indians,2017-04-14,,6
db584dad,1082610,77,1,40,5,7,0,0,0,0,15,0,0,0,0,0,0,0,male,Indian Premier League,T20,CH Gayle,0,Royal Challengers Bangalore,Gujarat Lions,2017-04-18,,6
db584dad,1082617,7,1,18,1,0,0,0,0,0,14,0,0,0,0,0,0,0,male,Indian Premier League,T20,CH Gayle,0,Royal Challengers Bangalore,Kolkata Knight Riders,2017-04-23,,6
db584dad,1082621,8,1,12,1,0,0,0,0,0,7,0,0,0,0,0,0,0,male,Indian Premier League,T20,CH Gayle,0,Royal Challengers Bangalore,Gujarat Lions,2017-04-27,,6
db584dad,1082633,0,1,2,0,0,0,0,0,0,2,0,0,0,0,0,0,0,male,Indian Premier League,T20,CH Gayle,caught,Royal Challengers Bangalore,Kings XI Punjab,2017-05-05,,6
db584dad,1082636,0,1,1,0,0,0,0,0,0,1,0,0,0,0,0,0,0,male,Indian Premier League,T20,CH Gayle,0,Royal Challengers Bangalore,Kolkata Knight Riders,2017-05-07,,6
db584dad,1082646,48,1,39,3,3,0,0,0,0,15,0,0,0,0,0,0,0,male,Indian Premier League,T20,CH Gayle,0,Royal Challengers Bangalore,Delhi Daredevils,2017-05-14,,6
db584dad,1098211,18,1,20,1,1,0,0,0,0,10,0,0,0,0,0,0,0,male,,T20,CH Gayle,0,West Indies,India,2017-07-09,,6
db584dad,1094673,15,1,16,1,1,0,0,0,0,9,0,0,0,0,0,0,0,male,Caribbean Premier League,T20,CH Gayle,caught,St Kitts and Nevis Patriots,Guyana Amazon Warriors,2017-08-05,,6
db584dad,1094675,66,1,59,4,2,0,0,0,0,20,0,0,0,0,0,0,0,male,Caribbean Premier League,T20,CH Gayle,0,St Kitts and Nevis Patriots,Guyana Amazon Warriors,2017-08-06,,6
db584dad,1094681,12,1,10,2,0,0,0,0,0,5,0,0,0,0,0,0,0,male,Caribbean Premier League,T20,CH Gayle,bowled,St Kitts and Nevis Patriots,St Lucia Stars,2017-08-12,,6
db584dad,1094684,4,1,14,0,0,0,0,0,0,11,0,0,0,0,0,0,0,male,Caribbean Premier League,T20,CH Gayle,0,St Kitts and Nevis Patriots,Trinbago Knight Riders,2017-08-14,,6
db584dad,1094687,38,0,32,4,2,0,0,0,0,16,0,0,0,0,0,0,0,male,Caribbean Premier League,T20,CH Gayle,0,St Kitts and Nevis Patriots,Barbados Tridents,2017-08-18,,6
db584dad,1094689,0,0,0,0,0,0,0,0,0,0,0,0,0,0,0,0,0,male,Caribbean Premier League,T20,CH Gayle,0,St Kitts and Nevis Patriots,St Lucia Stars,2017-08-19,,6
db584dad,1094691,71,0,58,4,4,0,0,0,0,21,0,0,0,0,0,0,0,male,Caribbean Premier League,T20,CH Gayle,0,St Kitts and Nevis Patriots,Jamaica Tallawahs,2017-08-21,,6
db584dad,1094693,93,1,50,5,8,0,0,0,0,18,0,0,0,0,0,0,0,male,Caribbean Premier League,T20,CH Gayle,caught,St Kitts and Nevis Patriots,Trinbago Knight Riders,2017-08-23,,6
db584dad,1094697,0,1,3,0,0,0,0,0,0,3,0,0,0,0,0,0,0,male,Caribbean Premier League,T20,CH Gayle,0,St Kitts and Nevis Patriots,Jamaica Tallawahs,2017-08-30,,6
db584dad,1094701,22,0,16,3,1,0,0,0,0,8,0,0,0,0,0,0,0,male,Caribbean Premier League,T20,CH Gayle,0,St Kitts and Nevis Patriots,Barbados Tridents,2017-09-03,,6
db584dad,1094702,54,0,53,3,3,2,0,0,0,29,0,9,1,0,0,0,4,male,Caribbean Premier League,T20,CH Gayle,0,St Kitts and Nevis Patriots,Trinbago Knight Riders,2017-09-05,,6
db584dad,1094705,1,1,7,0,0,0,0,0,0,6,0,0,0,0,0,0,0,male,Caribbean Premier League,T20,CH Gayle,caught,St Kitts and Nevis Patriots,Trinbago Knight Riders,2017-09-09,,6
db584dad,1031665,40,1,21,3,4,0,0,0,0,10,0,0,0,0,0,0,0,male,West Indies tour of England,T20,CH Gayle,0,West Indies,England,2017-09-16,,6
db584dad,1031667,37,1,28,2,3,0,0,0,0,15,0,0,0,0,0,0,0,male,West Indies tour of England,ODI,CH Gayle,0,West Indies,England,2017-09-19,,6
db584dad,1031671,94,1,81,9,6,0,0,0,0,45,0,0,0,0,0,0,0,male,West Indies tour of England,ODI,CH Gayle,0,West Indies,England,2017-09-24,,6
db584dad,1031673,2,1,4,0,0,1,0,0,0,3,0,0,0,0,0,0,0,male,West Indies tour of England,ODI,CH Gayle,caught,West Indies,England,2017-09-27,,6
db584dad,1031675,40,1,29,1,5,0,0,0,0,18,0,0,0,0,0,0,0,male,West Indies tour of England,ODI,CH Gayle,caught,West Indies,England,2017-09-29,,6
db584dad,1121264,17,1,13,3,0,0,0,0,0,6,0,0,0,0,0,0,0,male,Bangladesh Premier League,T20,CH Gayle,0,Rangpur Riders,Comilla Victorians,2017-11-18,,6
db584dad,1121266,50,1,39,2,5,0,0,0,0,22,0,0,0,0,0,0,0,male,Bangladesh Premier League,T20,CH Gayle,bowled,Rangpur Riders,Sylhet Sixers,2017-11-20,,6
db584dad,1121268,51,1,30,5,4,0,1,0,0,15,0,0,0,0,0,0,0,male,Bangladesh Premier League,T20,CH Gayle,0,Rangpur Riders,Dhaka Dynamites,2017-11-21,,6
db584dad,1121269,16,1,9,2,1,0,0,0,0,4,0,0,0,0,0,0,0,male,Bangladesh Premier League,T20,CH Gayle,caught,Rangpur Riders,Khulna Titans,2017-11-24,,6
db584dad,1121272,33,1,26,1,3,0,0,0,0,11,0,0,0,0,0,0,0,male,Bangladesh Premier League,T20,CH Gayle,0,Rangpur Riders,Chittagong Vikings,2017-11-25,,6
db584dad,1121275,5,1,3,1,0,0,0,0,0,1,0,0,0,0,0,0,0,male,Bangladesh Premier League,T20,CH Gayle,caught,Rangpur Riders,Sylhet Sixers,2017-11-28,,6
db584dad,1121279,0,1,1,0,0,1,0,0,0,1,0,0,0,0,0,0,0,male,Bangladesh Premier League,T20,CH Gayle,bowled,Rangpur Riders,Comilla Victorians,2017-12-02,,6
db584dad,1121282,38,1,27,4,2,0,0,0,0,12,0,0,0,0,0,0,0,male,Bangladesh Premier League,T20,CH Gayle,0,Rangpur Riders,Khulna Titans,2017-12-03,,6
db584dad,1121287,126,0,57,6,14,0,0,0,0,19,0,0,0,0,0,0,0,male,Bangladesh Premier League,T20,CH Gayle,0,Rangpur Riders,Khulna Titans,2017-12-08,,6
db584dad,1121289,3,1,10,0,0,0,0,0,0,7,0,0,0,0,0,0,0,male,Bangladesh Premier League,T20,CH Gayle,0,Rangpur Riders,Comilla Victorians,2017-12-10,2017-12-11,6
db584dad,1121290,146,0,71,5,18,1,0,0,0,30,0,2,0,0,0,0,4,male,Bangladesh Premier League,T20,CH Gayle,0,Rangpur Riders,Dhaka Dynamites,2017-12-12,,6
db584dad,1115795,22,1,31,3,1,0,0,0,0,23,0,0,0,0,0,0,0,male,West Indies tour of New Zealand,ODI,CH Gayle,0,West Indies,New Zealand,2017-12-20,,6
db584dad,1115797,4,1,6,1,0,2,0,0,0,5,0,0,0,0,0,0,0,male,West Indies tour of New Zealand,ODI,CH Gayle,caught,West Indies,New Zealand,2017-12-26,,6
db584dad,1115798,12,1,8,2,0,0,0,0,0,3,0,0,0,0,0,0,0,male,West Indies tour of New Zealand,T20,CH Gayle,0,West Indies,New Zealand,2017-12-29,,6
db584dad,1115799,0,0,0,0,0,0,0,0,0,0,0,0,0,0,0,0,0,male,West Indies tour of New Zealand,T20,CH Gayle,0,West Indies,New Zealand,2018-01-01,,6
db584dad,1115800,0,1,2,0,0,0,0,0,0,2,0,0,0,0,0,0,0,male,West Indies tour of New Zealand,T20,CH Gayle,caught,West Indies,New Zealand,2018-01-03,,6
db584dad,1133003,123,1,92,7,11,0,0,0,0,48,0,0,0,0,0,0,0,male,ICC Cricket World Cup Qualifier (ICC Trophy),ODI,CH Gayle,0,West Indies,United Arab Emirates,2018-03-06,,6
db584dad,1133010,14,1,28,1,1,0,0,0,0,22,0,0,0,0,0,0,0,male,ICC Cricket World Cup Qualifier (ICC Trophy),ODI,CH Gayle,caught,West Indies,Ireland,2018-03-10,,6
db584dad,1133014,46,1,32,2,5,1,0,0,0,19,0,0,0,0,0,0,0,male,ICC Cricket World Cup Qualifier,ODM,CH Gayle,0,West Indies,Netherlands,2018-03-12,,6
db584dad,1133018,1,1,9,0,0,1,0,0,0,8,0,0,0,0,0,0,0,male,ICC Cricket World Cup Qualifier (ICC Trophy),ODI,CH Gayle,bowled,West Indies,Afghanistan,2018-03-15,,6
db584dad,1133026,17,1,13,0,2,0,0,0,0,7,0,14,0,0,0,0,5,male,ICC Cricket World Cup Qualifier (ICC Trophy),ODI,CH Gayle,caught,West Indies,Zimbabwe,2018-03-19,,6
db584dad,1133028,0,1,1,0,0,0,0,0,0,1,0,0,0,0,0,0,0,male,ICC Cricket World Cup Qualifier (ICC Trophy),ODI,CH Gayle,0,West Indies,Scotland,2018-03-21,,6
db584dad,1133031,10,1,18,1,0,1,0,0,0,12,0,38,1,0,0,0,16,male,ICC Cricket World Cup Qualifier (ICC Trophy),ODI,CH Gayle,0,West Indies,Afghanistan,2018-03-25,,6
db584dad,1136572,63,1,34,7,4,0,0,0,0,12,0,0,0,0,0,0,0,male,Indian Premier League,T20,CH Gayle,0,Kings XI Punjab,Chennai Super Kings,2018-04-15,,6
db584dad,1136576,104,0,65,1,11,0,0,0,0,23,0,0,0,0,0,0,0,male,Indian Premier League,T20,CH Gayle,0,Kings XI Punjab,Sunrisers Hyderabad,2018-04-19,,6
db584dad,1136578,62,0,39,5,6,0,0,0,0,22,0,0,0,0,0,0,0,male,Indian Premier League,T20,CH Gayle,0,Kings XI Punjab,Kolkata Knight Riders,2018-04-21,,6
db584dad,1136585,23,1,22,1,2,0,0,0,0,12,0,0,0,0,0,0,0,male,Indian Premier League,T20,CH Gayle,caught and bowled,Kings XI Punjab,Sunrisers Hyderabad,2018-04-26,,6
db584dad,1136594,50,1,44,6,2,0,0,0,0,22,0,0,0,0,0,0,0,male,Indian Premier League,T20,CH Gayle,caught,Kings XI Punjab,Mumbai Indians,2018-05-04,,6
db584dad,1136598,8,1,11,2,0,1,0,0,0,9,0,0,0,0,0,0,0,male,Indian Premier League,T20,CH Gayle,0,Kings XI Punjab,Rajasthan Royals,2018-05-06,,6
db584dad,1136600,1,1,2,0,0,0,0,0,0,1,0,0,0,0,0,0,0,male,Indian Premier League,T20,CH Gayle,stumped,Kings XI Punjab,Rajasthan Royals,2018-05-08,,6
db584dad,1136604,21,1,17,2,1,0,0,0,0,7,0,0,0,0,0,0,0,male,Indian Premier League,T20,CH Gayle,0,Kings XI Punjab,Kolkata Knight Riders,2018-05-12,,6
db584dad,1136608,18,1,14,4,0,0,0,0,0,8,0,0,0,0,0,0,0,male,Indian Premier League,T20,CH Gayle,caught,Kings XI Punjab,Royal Challengers Bangalore,2018-05-14,,6
db584dad,1136610,18,1,11,2,1,0,0,0,0,4,0,0,0,0,0,0,0,male,Indian Premier League,T20,CH Gayle,0,Kings XI Punjab,Mumbai Indians,2018-05-16,,6
db584dad,1136616,0,1,2,0,0,1,0,0,0,2,0,0,0,0,0,0,0,male,Indian Premier League,T20,CH Gayle,caught,Kings XI Punjab,Chennai Super Kings,2018-05-20,,6
db584dad,1141232,18,1,29,1,0,0,0,0,0,16,0,0,0,0,0,0,0,male,ICC World XI tour of England,T20,CH Gayle,0,West Indies,ICC World XI,2018-05-31,,6
db584dad,1146720,40,0,61,1,2,0,0,0,0,35,0,0,0,0,0,0,0,male,Bangladesh tour of West Indies and United States of America,ODI,CH Gayle,0,West Indies,Bangladesh,2018-07-22,,6
db584dad,1146721,29,1,38,3,1,0,0,0,0,24,0,28,0,0,0,0,24,male,Bangladesh tour of West Indies and United States of America,ODI,CH Gayle,0,West Indies,Bangladesh,2018-07-25,,6
db584dad,1146722,73,1,67,6,5,1,0,0,0,37,0,14,0,0,0,0,5,male,Bangladesh tour of West Indies and United States of America,ODI,CH Gayle,caught,West Indies,Bangladesh,2018-07-28,,6
db584dad,1148648,86,1,68,7,5,0,0,0,0,31,0,0,0,0,0,0,0,male,Caribbean Premier League,T20,CH Gayle,0,St Kitts and Nevis Patriots,Guyana Amazon Warriors,2018-08-09,,6
db584dad,1148651,35,1,32,1,3,1,0,0,0,16,0,0,0,0,0,0,0,male,Caribbean Premier League,T20,CH Gayle,0,St Kitts and Nevis Patriots,Trinbago Knight Riders,2018-08-11,,6
db584dad,1148654,24,1,26,1,3,0,0,0,0,20,0,0,0,0,0,0,0,male,Caribbean Premier League,T20,CH Gayle,0,St Kitts and Nevis Patriots,Jamaica Tallawahs,2018-08-15,,6
db584dad,1148659,0,0,0,0,0,1,0,0,0,0,0,0,0,0,0,0,0,male,Caribbean Premier League,T20,CH Gayle,0,St Kitts and Nevis Patriots,St Lucia Stars,2018-08-21,,6
db584dad,1148662,0,1,1,0,0,0,0,0,0,1,0,0,0,0,0,0,0,male,Caribbean Premier League,T20,CH Gayle,caught,St Kitts and Nevis Patriots,Barbados Tridents,2018-08-25,,6
db584dad,1148665,40,1,31,4,3,0,0,0,0,18,0,0,0,0,0,0,0,male,Caribbean Premier League,T20,CH Gayle,caught,St Kitts and Nevis Patriots,Guyana Amazon Warriors,2018-08-28,,6
db584dad,1148669,9,1,12,2,0,0,0,0,0,9,0,0,0,0,0,0,0,male,Caribbean Premier League,T20,CH Gayle,caught,St Kitts and Nevis Patriots,Trinbago Knight Riders,2018-09-01,,6
db584dad,1148671,41,1,26,6,2,0,0,0,0,14,0,0,0,0,0,0,0,male,Caribbean Premier League,T20,CH Gayle,caught,St Kitts and Nevis Patriots,Jamaica Tallawahs,2018-09-02,,6
db584dad,1148672,22,1,18,5,0,0,0,0,0,11,0,0,0,0,0,0,0,male,Caribbean Premier League,T20,CH Gayle,caught,St Kitts and Nevis Patriots,Barbados Tridents,2018-09-04,,6
db584dad,1148678,26,1,30,2,1,0,0,0,0,16,0,0,0,0,0,0,0,male,Caribbean Premier League,T20,CH Gayle,caught,St Kitts and Nevis Patriots,Jamaica Tallawahs,2018-09-12,,6
db584dad,1148679,0,1,3,0,0,1,0,0,0,3,0,34,1,0,1,0,8,male,Caribbean Premier League,T20,CH Gayle,0,St Kitts and Nevis Patriots,Trinbago Knight Riders,2018-09-14,,6
db584dad,1160575,20,1,11,1,2,0,0,0,0,4,0,0,0,0,0,0,0,male,Afghanistan Premier League,T20,CH Gayle,0,Balkh Legends,Paktia Panthers,2018-10-10,,6
db584dad,1160577,20,1,26,2,1,0,0,0,0,17,0,0,0,0,0,0,0,male,Afghanistan Premier League,T20,CH Gayle,0,Balkh Legends,Nangarhar Leopards,2018-10-11,,6
db584dad,1160580,12,1,15,2,0,0,0,0,0,10,0,0,0,0,0,0,0,male,Afghanistan Premier League,T20,CH Gayle,caught,Balkh Legends,Paktia Panthers,2018-10-13,,6
db584dad,1160582,80,0,52,2,10,0,0,0,0,28,0,0,0,0,0,0,0,male,Afghanistan Premier League,T20,CH Gayle,0,Balkh Legends,Kabul Zwanan,2018-10-14,,6
db584dad,1160587,73,1,22,5,8,0,0,0,0,4,0,0,0,0,0,0,0,male,Afghanistan Premier League,T20,CH Gayle,0,Balkh Legends,Kandahar Knights,2018-10-18,,6
db584dad,1160589,54,1,31,9,2,1,0,0,0,15,0,0,0,0,0,0,0,male,Afghanistan Premier League,T20,CH Gayle,caught,Balkh Legends,Nangarhar Leopards,2018-10-19,,6
db584dad,1160591,56,1,39,4,4,0,0,0,0,16,0,0,0,0,0,0,0,male,Afghanistan Premier League,T20,CH Gayle,0,Balkh Legends,Kabul Zwanan,2018-10-21,,6
db584dad,1162642,23,1,21,4,1,0,0,0,0,15,0,0,0,0,0,0,0,male,Mzansi Super League,T20,CH Gayle,lbw,Jozi Stars,Nelson Mandela Bay Giants,2018-11-17,,6
db584dad,1162660,6,1,9,1,0,0,0,0,0,6,0,0,0,0,0,0,0,male,Mzansi Super League,T20,CH Gayle,caught,Jozi Stars,Cape Town Blitz,2018-12-04,,6
db584dad,1162663,5,1,9,1,0,1,0,0,0,7,0,0,0,0,0,0,0,male,Mzansi Super League,T20,CH Gayle,caught,Jozi Stars,Durban Heat,2018-12-07,,6
db584dad,1162666,9,1,8,0,1,0,0,0,0,4,0,0,0,0,0,0,0,male,Mzansi Super League,T20,CH Gayle,0,Jozi Stars,Paarl Rocks,2018-12-09,,6
db584dad,1169384,1,1,6,0,0,1,0,0,0,5,0,0,0,0,0,0,0,male,Bangladesh Premier League,T20,CH Gayle,0,Rangpur Riders,Comilla Victorians,2019-01-08,,6
db584dad,1169387,8,1,10,0,1,0,0,0,0,7,0,0,0,0,0,0,0,male,Bangladesh Premier League,T20,CH Gayle,0,Rangpur Riders,Dhaka Dynamites,2019-01-11,,6
db584dad,1169396,7,1,7,1,0,0,0,1,0,3,0,35,0,0,0,0,2,male,Bangladesh Premier League,T20,CH Gayle,caught,Rangpur Riders,Sylhet Sixers,2019-01-16,,6
db584dad,1169399,0,1,2,0,0,0,0,0,0,2,0,34,0,0,0,0,4,male,Bangladesh Premier League,T20,CH Gayle,0,Rangpur Riders,Sylhet Sixers,2019-01-19,,6
db584dad,1169403,55,1,44,2,5,0,0,0,0,20,0,23,1,0,0,0,6,male,Bangladesh Premier League,T20,CH Gayle,caught,Rangpur Riders,Khulna Titans,2019-01-22,,6
db584dad,1169408,2,1,7,0,0,0,0,0,0,5,0,0,0,0,0,0,0,male,Bangladesh Premier League,T20,CH Gayle,lbw,Rangpur Riders,Chittagong Vikings,2019-01-25,,6
db584dad,1169412,1,1,8,0,0,0,0,0,0,7,0,0,0,0,0,0,0,male,Bangladesh Premier League,T20,CH Gayle,0,Rangpur Riders,Dhaka Dynamites,2019-01-28,,6
db584dad,1169414,10,1,15,2,0,0,0,0,0,11,0,0,0,0,0,0,0,male,Bangladesh Premier League,T20,CH Gayle,0,Rangpur Riders,Rajshahi Kings,2019-01-29,,6
db584dad,1169419,35,0,30,3,2,0,0,0,0,14,0,0,0,0,0,0,0,male,Bangladesh Premier League,T20,CH Gayle,0,Rangpur Riders,Comilla Victorians,2019-02-02,,6
db584dad,1169422,46,1,45,6,1,0,0,0,0,26,0,0,0,0,0,0,0,male,Bangladesh Premier League,T20,CH Gayle,caught,Rangpur Riders,Comilla Victorians,2019-02-04,,6
db584dad,1169423,15,1,13,0,2,0,0,0,0,8,0,0,0,0,0,0,0,male,Bangladesh Premier League,T20,CH Gayle,0,Rangpur Riders,Dhaka Dynamites,2019-02-06,,6
db584dad,1158066,135,1,135,3,12,0,0,0,0,71,0,0,0,0,0,0,0,male,England tour of West Indies,ODI,CH Gayle,0,West Indies,England,2019-02-20,,6
db584dad,1158067,50,1,65,1,4,0,0,0,0,39,0,15,0,0,0,0,7,male,England tour of West Indies,ODI,CH Gayle,0,West Indies,England,2019-02-22,,6
db584dad,1158069,162,1,101,11,14,0,0,0,0,43,0,0,0,0,0,0,0,male,England tour of West Indies,ODI,CH Gayle,0,West Indies,England,2019-02-27,,6
db584dad,1158070,77,1,28,5,9,0,0,0,0,11,0,0,0,0,0,0,0,male,England tour of West Indies,ODI,CH Gayle,bowled,West Indies,England,2019-03-02,,6
db584dad,1158071,15,1,13,0,2,1,0,0,0,8,0,0,0,0,0,0,0,male,England tour of West Indies,T20,CH Gayle,0,West Indies,England,2019-03-05,,6
db584dad,1158072,5,1,4,1,0,0,0,0,0,2,0,0,0,0,0,0,0,male,England tour of West Indies,T20,CH Gayle,0,West Indies,England,2019-03-08,,6
db584dad,1175359,79,1,52,8,4,0,0,0,0,20,0,0,0,0,0,0,0,male,Indian Premier League,T20,CH Gayle,0,Kings XI Punjab,Rajasthan Royals,2019-03-25,,6
db584dad,1175361,20,1,14,2,2,0,0,0,0,10,0,0,0,0,0,0,0,male,Indian Premier League,T20,CH Gayle,caught,Kings XI Punjab,Kolkata Knight Riders,2019-03-27,,6
db584dad,1175364,40,1,25,3,4,0,0,0,0,14,0,0,0,0,0,0,0,male,Indian Premier League,T20,CH Gayle,caught and bowled,Kings XI Punjab,Mumbai Indians,2019-03-30,,6
db584dad,1178393,5,1,8,1,0,0,0,0,0,6,0,0,0,0,0,0,0,male,Indian Premier League,T20,CH Gayle,caught,Kings XI Punjab,Chennai Super Kings,2019-04-06,,6
db584dad,1178397,16,1,14,1,1,0,0,0,0,7,0,0,0,0,0,0,0,male,Indian Premier League,T20,CH Gayle,caught,Kings XI Punjab,Sunrisers Hyderabad,2019-04-08,,6
db584dad,1178399,63,1,38,3,7,0,0,0,0,19,0,0,0,0,0,0,0,male,Indian Premier League,T20,CH Gayle,0,Kings XI Punjab,Mumbai Indians,2019-04-10,,6
db584dad,1178403,99,0,68,10,5,0,0,0,0,26,0,0,0,0,0,0,0,male,Indian Premier League,T20,CH Gayle,0,Kings XI Punjab,Royal Challengers Bangalore,2019-04-13,,6
db584dad,1178407,30,1,22,2,3,0,0,0,0,13,0,0,0,0,0,0,0,male,Indian Premier League,T20,CH Gayle,caught,Kings XI Punjab,Rajasthan Royals,2019-04-16,,6
db584dad,1178412,69,1,37,6,5,0,0,0,0,11,0,0,0,0,0,0,0,male,Indian Premier League,T20,CH Gayle,0,Kings XI Punjab,Delhi Capitals,2019-04-20,,6
db584dad,1178417,23,1,11,4,1,0,0,0,0,5,0,0,0,0,0,0,0,male,Indian Premier League,T20,CH Gayle,0,Kings XI Punjab,Royal Challengers Bangalore,2019-04-24,,6
db584dad,1178423,4,1,3,1,0,0,0,0,0,2,0,0,0,0,0,0,0,male,Indian Premier League,T20,CH Gayle,0,Kings XI Punjab,Sunrisers Hyderabad,2019-04-29,,6
db584dad,1178427,14,1,14,2,0,0,0,0,0,7,0,0,0,0,0,0,0,male,Indian Premier League,T20,CH Gayle,caught,Kings XI Punjab,Kolkata Knight Riders,2019-05-03,,6
db584dad,1178430,28,1,32,2,2,0,0,0,0,20,0,0,0,0,0,0,0,male,Indian Premier League,T20,CH Gayle,0,Kings XI Punjab,Chennai Super Kings,2019-05-05,,6
db584dad,1144484,50,1,34,6,3,1,0,0,0,18,0,0,0,0,0,0,0,male,World Cup,ODI,CH Gayle,caught,West Indies,Pakistan,2019-05-31,,6
db584dad,1144492,21,1,19,4,0,0,0,0,0,12,0,0,0,0,0,0,0,male,World Cup,ODI,CH Gayle,lbw,West Indies,Australia,2019-06-06,,6
db584dad,1144497,0,0,0,0,0,1,0,0,0,0,0,0,0,0,0,0,0,male,World Cup,ODI,CH Gayle,0,West Indies,South Africa,2019-06-10,,6
db584dad,1144501,36,1,42,5,1,0,0,0,0,26,0,23,0,0,0,0,16,male,World Cup,ODI,CH Gayle,0,West Indies,England,2019-06-14,,6
db584dad,1144505,0,1,14,0,0,1,0,0,0,14,0,23,0,0,0,0,3,male,World Cup,ODI,CH Gayle,0,West Indies,Bangladesh,2019-06-17,,6
db584dad,1144511,87,1,87,8,6,0,0,0,0,55,0,8,1,0,0,0,6,male,World Cup,ODI,CH Gayle,0,West Indies,New Zealand,2019-06-22,,6
db584dad,1144516,6,1,19,1,0,0,0,0,0,16,0,0,0,0,0,0,0,male,World Cup,ODI,CH Gayle,0,West Indies,India,2019-06-27,,6
db584dad,1144521,35,1,48,1,2,0,0,0,0,27,0,0,0,0,0,0,0,male,World Cup,ODI,CH Gayle,caught,West Indies,Sri Lanka,2019-07-01,,6
db584dad,1144524,7,1,18,1,0,1,0,0,0,14,0,28,1,0,1,0,17,male,World Cup,ODI,CH Gayle,caught,West Indies,Afghanistan,2019-07-04,,6
db584dad,1188624,4,1,31,0,0,0,0,0,0,27,0,0,0,0,0,0,0,male,India tour of United States of America and West Indies,ODI,CH Gayle,bowled,West Indies,India,2019-08-08,,6
db584dad,1188625,11,1,25,1,0,0,0,0,0,18,0,0,0,0,0,0,0,male,India tour of United States of America and West Indies,ODI,CH Gayle,lbw,West Indies,India,2019-08-11,,6
db584dad,1188626,72,1,42,8,5,0,0,0,0,21,0,0,0,0,0,0,0,male,India tour of United States of America and West Indies,ODI,CH Gayle,0,West Indies,India,2019-08-14,,6
db584dad,1185839,28,1,20,1,3,0,0,0,0,10,0,0,0,0,0,0,0,male,Caribbean Premier League,T20,CH Gayle,caught,Jamaica Tallawahs,Trinbago Knight Riders,2019-09-06,,6
db584dad,1185843,116,1,67,7,10,0,0,0,0,26,0,0,0,0,0,0,0,male,Caribbean Premier League,T20,CH Gayle,0,Jamaica Tallawahs,St Kitts and Nevis Patriots,2019-09-10,,6
db584dad,1185845,0,1,1,0,0,0,0,0,0,1,0,0,0,0,0,0,0,male,Caribbean Premier League,T20,CH Gayle,0,Jamaica Tallawahs,St Lucia Zouks,2019-09-12,,6
db584dad,1185846,39,1,24,5,2,0,0,0,0,11,0,0,0,0,0,0,0,male,Caribbean Premier League,T20,CH Gayle,0,Jamaica Tallawahs,Trinbago Knight Riders,2019-09-13,,6
db584dad,1185848,22,1,19,1,2,2,0,0,0,11,0,0,0,0,0,0,0,male,Caribbean Premier League,T20,CH Gayle,0,Jamaica Tallawahs,Barbados Tridents,2019-09-15,,6
db584dad,1185851,7,1,6,0,1,0,0,0,0,4,0,0,0,0,0,0,0,male,Caribbean Premier League,T20,CH Gayle,caught,Jamaica Tallawahs,Guyana Amazon Warriors,2019-09-18,,6
db584dad,1185852,1,1,10,0,0,1,0,0,0,9,0,0,0,0,0,0,0,male,Caribbean Premier League,T20,CH Gayle,caught,Jamaica Tallawahs,St Kitts and Nevis Patriots,2019-09-19,,6
db584dad,1185856,1,1,3,0,0,0,0,0,0,2,0,0,0,0,0,0,0,male,Caribbean Premier League,T20,CH Gayle,0,Jamaica Tallawahs,Barbados Tridents,2019-09-23,,6
db584dad,1185860,29,1,33,4,1,1,0,0,0,21,0,4,0,0,0,0,0,male,Caribbean Premier League,T20,CH Gayle,0,Jamaica Tallawahs,St Lucia Zouks,2019-09-27,,6
db584dad,1185865,0,1,1,0,0,0,0,0,0,1,0,0,0,0,0,0,0,male,Caribbean Premier League,T20,CH Gayle,0,Jamaica Tallawahs,Guyana Amazon Warriors,2019-10-03,,6
db584dad,1201970,17,1,14,4,0,0,0,0,0,9,0,0,0,0,0,0,0,male,Mzansi Super League,T20,CH Gayle,caught,Jozi Stars,Cape Town Blitz,2019-11-08,,6
db584dad,1201973,18,1,20,1,1,0,0,0,0,11,0,0,0,0,0,0,0,male,Mzansi Super League,T20,CH Gayle,0,Jozi Stars,Nelson Mandela Bay Giants,2019-11-10,,6
db584dad,1201975,0,1,5,0,0,0,0,0,0,5,0,0,0,0,0,0,0,male,Mzansi Super League,T20,CH Gayle,0,Jozi Stars,Cape Town Blitz,2019-11-14,,6
db584dad,1201977,11,1,10,1,1,0,0,0,0,7,0,0,0,0,0,0,0,male,Mzansi Super League,T20,CH Gayle,0,Jozi Stars,Nelson Mandela Bay Giants,2019-11-16,,6
db584dad,1201982,1,1,4,0,0,0,0,0,0,3,0,5,0,0,0,0,3,male,Mzansi Super League,T20,CH Gayle,0,Jozi Stars,Paarl Rocks,2019-11-22,,6
db584dad,1201985,54,1,27,6,4,0,0,0,0,12,0,0,0,0,0,0,0,male,Mzansi Super League,T20,CH Gayle,bowled,Jozi Stars,Tshwane Spartans,2019-11-24,,6
db584dad,1208102,23,1,10,1,3,0,0,0,0,5,0,0,0,0,0,0,0,male,Bangladesh Premier League,T20,CH Gayle,0,Chattogram Challengers,Rajshahi Royals,2020-01-07,,6
db584dad,1208107,23,1,22,1,2,0,0,0,0,13,0,0,0,0,0,0,0,male,Bangladesh Premier League,T20,CH Gayle,caught,Chattogram Challengers,Rajshahi Royals,2020-01-11,,6
db584dad,1208109,38,1,51,1,2,0,0,0,0,26,0,0,0,0,0,0,0,male,Bangladesh Premier League,T20,CH Gayle,0,Chattogram Challengers,Dhaka Platoon,2020-01-13,,6
db584dad,1208111,60,1,24,6,5,0,0,0,0,8,0,0,0,0,0,0,0,male,Bangladesh Premier League,T20,CH Gayle,bowled,Chattogram Challengers,Rajshahi Royals,2020-01-15,,6
db584dad,1216531,53,0,48,1,5,0,0,0,0,23,0,0,0,0,0,0,0,male,Indian Premier League,T20,CH Gayle,0,Kings XI Punjab,Royal Challengers Bangalore,2020-10-15,,6
db584dad,1216517,31,1,25,1,3,0,0,0,0,14,0,0,0,0,0,0,0,male,Indian Premier League,T20,CH Gayle,0,Kings XI Punjab,Mumbai Indians,2020-10-18,,6
db584dad,1216546,29,1,14,3,2,0,0,0,0,5,0,0,0,0,0,0,0,male,Indian Premier League,T20,CH Gayle,bowled,Kings XI Punjab,Delhi Capitals,2020-10-20,,6
db584dad,1216498,20,1,21,2,1,0,0,0,0,12,0,0,0,0,0,0,0,male,Indian Premier League,T20,CH Gayle,caught,Kings XI Punjab,Sunrisers Hyderabad,2020-10-24,,6
db584dad,1216520,51,1,29,2,5,1,0,0,0,11,0,0,0,0,0,0,0,male,Indian Premier League,T20,CH Gayle,caught,Kings XI Punjab,Kolkata Knight Riders,2020-10-26,,6
db584dad,1216537,99,1,69,6,8,0,0,0,0,30,0,0,0,0,0,0,0,male,Indian Premier League,T20,CH Gayle,bowled,Kings XI Punjab,Rajasthan Royals,2020-10-30,,6
db584dad,1216506,12,1,19,0,0,0,0,0,0,7,0,5,0,0,0,0,0,male,Indian Premier League,T20,CH Gayle,0,Kings XI Punjab,Chennai Super Kings,2020-11-01,,6
db584dad,1247011,39,1,25,4,2,0,0,0,0,11,0,0,0,0,0,0,0,male,Pakistan Super League,T20,CH Gayle,0,Quetta Gladiators,Karachi Kings,2021-02-20,,6
db584dad,1247014,68,1,42,5,5,0,0,0,0,15,0,0,0,0,0,0,0,male,Pakistan Super League,T20,CH Gayle,bowled,Quetta Gladiators,Lahore Qalandars,2021-02-22,,6
db584dad,1252066,0,1,1,0,0,0,0,0,0,1,0,0,0,0,0,0,0,male,Sri Lanka tour of West Indies,T20,CH Gayle,0,West Indies,Sri Lanka,2021-03-03,,6
db584dad,1252067,16,1,16,2,1,0,0,0,0,11,0,0,0,0,0,0,0,male,Sri Lanka tour of West Indies,T20,CH Gayle,caught,West Indies,Sri Lanka,2021-03-05,,6
db584dad,1252068,13,1,23,1,0,0,0,0,0,13,0,0,0,0,0,0,0,male,Sri Lanka tour of West Indies,T20,CH Gayle,0,West Indies,Sri Lanka,2021-03-07,,6
db584dad,1254061,40,1,29,4,2,0,0,0,0,13,0,0,0,0,0,0,0,male,Indian Premier League,T20,CH Gayle,caught,Punjab Kings,Rajasthan Royals,2021-04-12,,6
db584dad,1254065,10,1,10,2,0,0,0,0,0,6,0,0,0,0,0,0,0,male,Indian Premier League,T20,CH Gayle,caught,Punjab Kings,Chennai Super Kings,2021-04-16,,6
db584dad,1254068,11,1,9,0,1,1,0,0,0,3,0,0,0,0,0,0,0,male,Indian Premier League,T20,CH Gayle,caught,Punjab Kings,Delhi Capitals,2021-04-18,,6
db584dad,1254071,15,1,17,2,0,0,0,0,0,8,0,0,0,0,0,0,0,male,Indian Premier League,T20,CH Gayle,0,Punjab Kings,Sunrisers Hyderabad,2021-04-21,,6
db584dad,1254074,43,0,38,5,2,1,0,0,0,20,0,0,0,0,0,0,0,male,Indian Premier League,T20,CH Gayle,0,Punjab Kings,Mumbai Indians,2021-04-23,,6
db584dad,1254078,0,1,1,0,0,0,0,0,0,1,0,0,0,0,0,0,0,male,Indian Premier League,T20,CH Gayle,caught,Punjab Kings,Kolkata Knight Riders,2021-04-26,,6
db584dad,1254083,46,1,25,6,2,0,0,0,0,8,0,0,0,0,0,0,0,male,Indian Premier League,T20,CH Gayle,0,Punjab Kings,Royal Challengers Bangalore,2021-04-30,,6
db584dad,1254086,13,1,9,1,1,0,0,0,0,4,0,0,0,0,0,0,0,male,Indian Premier League,T20,CH Gayle,0,Punjab Kings,Delhi Capitals,2021-05-02,,6
db584dad,1263151,32,0,26,1,3,0,0,0,0,12,0,0,0,0,0,0,0,male,South Africa tour of West Indies,T20,CH Gayle,0,West Indies,South Africa,2021-06-26,,6
db584dad,1263152,8,1,6,1,0,0,0,0,0,2,0,0,0,0,0,0,0,male,South Africa tour of West Indies,T20,CH Gayle,0,West Indies,South Africa,2021-06-27,,6
db584dad,1263154,5,1,8,1,0,2,0,0,0,6,0,11,0,0,0,0,6,male,South Africa tour of West Indies,T20,CH Gayle,0,West Indies,South Africa,2021-07-01,,6
db584dad,1263155,11,1,9,0,1,1,0,0,0,3,0,15,0,0,0,0,5,male,South Africa tour of West Indies,T20,CH Gayle,0,West Indies,South Africa,2021-07-03,,6
db584dad,1263156,4,1,11,1,0,0,0,0,0,10,0,0,0,0,0,0,0,male,Australia tour of West Indies,T20,CH Gayle,caught,West Indies,Australia,2021-07-09,,6
db584dad,1263157,13,1,18,2,0,0,0,0,0,11,0,1,1,1,0,0,1,male,Australia tour of West Indies,T20,CH Gayle,bowled,West Indies,Australia,2021-07-10,,6
db584dad,1263158,67,1,39,4,7,0,0,0,0,19,0,9,0,0,0,0,1,male,Australia tour of West Indies,T20,CH Gayle,0,West Indies,Australia,2021-07-12,,6
db584dad,1263159,1,1,3,0,0,0,0,0,0,2,0,0,0,0,0,0,0,male,Australia tour of West Indies,T20,CH Gayle,0,West Indies,Australia,2021-07-14,,6
db584dad,1263160,21,1,7,2,2,0,0,0,0,2,0,10,0,0,0,0,9,male,Australia tour of West Indies,T20,CH Gayle,caught,West Indies,Australia,2021-07-16,,6
db584dad,1263164,7,1,7,0,1,0,0,0,0,5,0,0,0,0,0,0,0,male,Pakistan tour of West Indies,T20,CH Gayle,caught,West Indies,Pakistan,2021-07-28,,6
db584dad,1263165,16,1,20,0,1,0,0,0,0,12,0,11,0,0,0,0,4,male,Pakistan tour of West Indies,T20,CH Gayle,bowled,West Indies,Pakistan,2021-07-31,,6
db584dad,1263166,1,0,2,0,0,0,0,0,0,1,0,0,0,0,0,0,0,male,Pakistan tour of West Indies,T20,CH Gayle,0,West Indies,Pakistan,2021-08-01,,6
db584dad,1263167,12,0,6,2,0,0,0,0,0,1,0,0,0,0,0,0,0,male,Pakistan tour of West Indies,T20,CH Gayle,0,West Indies,Pakistan,2021-08-03,,6
db584dad,1269701,12,1,11,1,1,0,0,0,0,8,0,0,0,0,0,0,0,male,Caribbean Premier League,T20,CH Gayle,0,St Kitts and Nevis Patriots,Barbados Royals,2021-08-26,,6
db584dad,1269713,42,1,39,3,2,1,0,0,0,18,0,0,0,0,0,0,0,male,Caribbean Premier League,T20,CH Gayle,0,St Kitts and Nevis Patriots,Barbados Royals,2021-09-02,,6
db584dad,1269714,14,1,10,0,2,0,0,0,0,6,0,0,0,0,0,0,0,male,Caribbean Premier League,T20,CH Gayle,0,St Kitts and Nevis Patriots,St Lucia Kings,2021-09-04,,6
db584dad,1269716,3,1,7,0,0,0,0,0,0,5,0,0,0,0,0,0,0,male,Caribbean Premier League,T20,CH Gayle,0,St Kitts and Nevis Patriots,St Lucia Kings,2021-09-05,,6
db584dad,1269720,12,1,10,1,1,0,0,0,0,6,0,0,0,0,0,0,0,male,Caribbean Premier League,T20,CH Gayle,0,St Kitts and Nevis Patriots,Jamaica Tallawahs,2021-09-08,,6
db584dad,1269726,35,1,20,6,1,0,0,0,0,8,0,9,0,0,0,0,3,male,Caribbean Premier League,T20,CH Gayle,caught,St Kitts and Nevis Patriots,Trinbago Knight Riders,2021-09-11,,6
db584dad,1269729,5,1,7,1,0,0,0,0,0,5,0,0,0,0,0,0,0,male,Caribbean Premier League,T20,CH Gayle,caught,St Kitts and Nevis Patriots,Trinbago Knight Riders,2021-09-12,,6
db584dad,1269731,42,1,28,5,3,0,0,0,0,16,0,18,0,0,0,0,1,male,Caribbean Premier League,T20,CH Gayle,0,St Kitts and Nevis Patriots,Guyana Amazon Warriors,2021-09-14,,6
db584dad,1269732,0,1,5,0,0,0,0,0,0,5,0,0,0,0,0,0,0,male,Caribbean Premier League,T20,CH Gayle,0,St Kitts and Nevis Patriots,St Lucia Kings,2021-09-15,,6
db584dad,1254107,14,1,18,1,0,1,0,0,0,8,0,0,0,0,0,0,0,male,Indian Premier League,T20,CH Gayle,0,Punjab Kings,Sunrisers Hyderabad,2021-09-25,,6
db584dad,1254099,1,1,4,0,0,0,0,0,0,3,0,0,0,0,0,0,0,male,Indian Premier League,T20,CH Gayle,caught,Punjab Kings,Mumbai Indians,2021-09-28,,6
db584dad,1273725,13,1,13,3,0,1,0,0,0,9,0,0,0,0,0,0,0,male,ICC Men's T20 World Cup,T20,CH Gayle,caught,West Indies,England,2021-10-23,,6
db584dad,1273729,12,1,14,0,1,0,0,0,0,7,0,0,0,0,0,0,0,male,ICC Men's T20 World Cup,T20,CH Gayle,0,West Indies,South Africa,2021-10-26,,6
db584dad,1273734,4,1,11,0,0,1,0,0,0,7,0,0,0,0,0,0,0,male,ICC Men's T20 World Cup,T20,CH Gayle,0,West Indies,Bangladesh,2021-10-29,,6
db584dad,1273746,1,1,5,0,0,0,0,0,0,4,0,0,0,0,0,0,0,male,ICC Men's T20 World Cup,T20,CH Gayle,caught,West Indies,Sri Lanka,2021-11-04,,6
db584dad,1273749,15,1,9,0,2,0,0,0,0,5,0,7,1,0,0,0,5,male,ICC Men's T20 World Cup,T20,CH Gayle,0,West Indies,Australia,2021-11-06,,6
db584dad,1296689,36,1,31,3,2,0,0,0,0,14,0,0,0,0,0,0,0,male,Bangladesh Premier League,T20,CH Gayle,0,Fortune Barishal,Minister Group Dhaka,2022-01-24,,6
db584dad,1296692,7,1,8,1,0,1,0,0,0,4,0,0,0,0,0,0,0,male,Bangladesh Premier League,T20,CH Gayle,0,Fortune Barishal,Comilla Victorians,2022-01-25,,6
db584dad,1296695,45,1,37,6,2,0,0,0,0,21,0,0,0,0,0,0,0,male,Bangladesh Premier League,T20,CH Gayle,0,Fortune Barishal,Khulna Tigers,2022-01-29,,6
db584dad,1296698,4,1,9,1,0,0,0,0,0,8,0,0,0,0,0,0,0,male,Bangladesh Premier League,T20,CH Gayle,bowled,Fortune Barishal,Khulna Tigers,2022-01-31,,6
db584dad,1296700,25,1,19,1,3,0,0,0,0,12,0,25,0,0,0,0,5,male,Bangladesh Premier League,T20,CH Gayle,caught,Fortune Barishal,Chattogram Challengers,2022-02-01,,6
db584dad,1296705,10,1,8,2,0,1,0,0,0,4,0,10,0,0,0,0,3,male,Bangladesh Premier League,T20,CH Gayle,caught,Fortune Barishal,Comilla Victorians,2022-02-07,,6
db584dad,1296708,52,0,51,4,2,0,0,0,0,21,0,0,0,0,0,0,0,male,Bangladesh Premier League,T20,CH Gayle,0,Fortune Barishal,Sylhet Sunrisers,2022-02-08,,6
db584dad,1296712,7,1,11,1,0,0,0,0,0,8,0,0,0,0,0,0,0,male,Bangladesh Premier League,T20,CH Gayle,0,Fortune Barishal,Minister Group Dhaka,2022-02-11,,6
db584dad,1296716,22,1,22,4,0,1,0,0,0,12,0,0,0,0,0,0,0,male,Bangladesh Premier League,T20,CH Gayle,caught,Fortune Barishal,Comilla Victorians,2022-02-14,,6
db584dad,1296718,33,1,35,1,2,0,0,0,0,16,0,0,0,0,0,0,0,male,Bangladesh Premier League,T20,CH Gayle,0,Fortune Barishal,Comilla Victorians,2022-02-18,,6
