player_id,match_id,runs_scored,player_out,balls_faced,fours_scored,sixes_scored,catches_taken,run_out_direct,run_out_throw,stumpings_done,dot_balls_as_batsman,order_seenballs_bowled,runs_conceded,wickets_taken,bowled_done,lbw_done,maidens,dot_balls_as_bowler,gender,series_name,match_type,name,out_kind,player_team,opposition_team,start_date,end_date,balls_per_over
f7c3d426,1148666,4,0,2,1,0,0,0,0,0,1,0,34,1,0,0,0,10,male,Caribbean Premier League,T20,CK Holder,0,Barbados Tridents,Jamaica Tallawahs,2018-08-29,,6
f7c3d426,1148668,0,0,0,0,0,0,0,0,0,0,0,32,0,0,0,0,7,male,Caribbean Premier League,T20,CK Holder,0,Barbados Tridents,Guyana Amazon Warriors,2018-08-31,,6
f7c3d426,1148674,0,0,0,0,0,0,0,0,0,0,0,42,2,1,0,0,15,male,Caribbean Premier League,T20,CK Holder,0,Barbados Tridents,Trinbago Knight Riders,2018-09-07,,6
f7c3d426,1185861,0,0,2,0,0,0,0,0,0,2,0,23,0,0,0,0,4,male,Caribbean Premier League,T20,CK Holder,0,Barbados Tridents,St Kitts and Nevis Patriots,2019-09-28,,6
f7c3d426,1227874,0,0,0,0,0,0,0,0,0,0,0,32,2,1,0,0,12,male,Caribbean Premier League,T20,CK Holder,0,St Lucia Zouks,Guyana Amazon Warriors,2020-08-23,,6
f7c3d426,1227877,0,0,0,0,0,0,0,0,0,0,0,21,1,0,0,0,4,male,Caribbean Premier League,T20,CK Holder,0,St Lucia Zouks,Trinbago Knight Riders,2020-08-26,,6
f7c3d426,1227888,0,0,0,0,0,0,0,0,0,0,0,33,0,0,0,0,4,male,Caribbean Premier League,T20,CK Holder,0,St Lucia Zouks,Guyana Amazon Warriors,2020-09-02,,6
f7c3d426,1233958,21,0,37,3,0,0,0,0,0,28,0,114,2,0,1,1,109,male,West Indies tour of New Zealand,Test,CK Holder,0,West Indies,New Zealand,2020-12-11,2020-12-12,6
f7c3d426,1244022,0,0,3,0,0,0,0,0,0,3,0,26,0,0,0,0,11,male,ICC Men's Cricket World Cup Super League,ODI,CK Holder,0,West Indies,Bangladesh,2021-01-20,,6
f7c3d426,1271382,6,1,8,1,0,0,0,0,0,5,0,75,0,0,0,3,94,male,County Championship,MDM,CK Holder,lbw,Warwickshire,Lancashire,2021-08-30,2021-08-31,6
f7c3d426,1271391,0,1,6,0,0,0,0,0,0,6,0,112,2,0,0,4,108,male,County Championship,MDM,CK Holder,0,Warwickshire,Hampshire,2021-09-05,2021-09-06,6
f7c3d426,1410248,0,0,0,0,0,1,0,0,0,0,0,78,0,0,0,0,69,male,County Championship,MDM,CK Holder,0,Durham,Lancashire,2024-09-09,2024-09-10,6
f7c3d426,1410256,0,2,6,0,0,0,0,0,0,6,0,81,2,1,0,0,103,male,County Championship,MDM,CK Holder,0,Durham,Surrey,2024-09-17,2024-09-18,6
f7c3d426,1410258,2,0,3,0,0,0,0,0,0,1,0,57,1,0,0,0,65,male,County Championship,MDM,CK Holder,0,Durham,Kent,2024-09-26,2024-09-27,6
