player_id,match_id,runs_scored,player_out,balls_faced,fours_scored,sixes_scored,catches_taken,run_out_direct,run_out_throw,stumpings_done,dot_balls_as_batsman,order_seenballs_bowled,runs_conceded,wickets_taken,bowled_done,lbw_done,maidens,dot_balls_as_bowler,gender,series_name,match_type,name,out_kind,player_team,opposition_team,start_date,end_date,balls_per_over
61dab16a,65235,40,1,40,3,0,2,0,0,0,14,0,63,1,1,0,0,29,male,ICC World Cup,ODI,CL Hooper,caught,West Indies,South Africa,2003-02-09,,6
61dab16a,65242,3,1,11,0,0,1,0,0,0,9,0,42,0,0,0,0,22,male,ICC World Cup,ODI,CL Hooper,caught,West Indies,New Zealand,2003-02-13,,6
61dab16a,65249,45,1,58,0,1,0,0,0,0,20,0,0,0,0,0,0,0,male,ICC World Cup,ODI,CL Hooper,caught and bowled,West Indies,Bangladesh,2003-02-18,,6
61dab16a,65256,5,0,8,0,0,2,0,0,0,3,0,31,0,0,0,1,29,male,ICC World Cup,ODI,CL Hooper,0,West Indies,Canada,2003-02-23,,6
61dab16a,65266,0,1,1,0,0,0,0,0,0,1,0,30,1,0,0,0,16,male,ICC World Cup,ODI,CL Hooper,lbw,West Indies,Sri Lanka,2003-02-28,,6
