player_id,match_id,runs_scored,player_out,balls_faced,fours_scored,sixes_scored,catches_taken,run_out_direct,run_out_throw,stumpings_done,dot_balls_as_batsman,order_seenballs_bowled,runs_conceded,wickets_taken,bowled_done,lbw_done,maidens,dot_balls_as_bowler,gender,series_name,match_type,name,out_kind,player_team,opposition_team,start_date,end_date,balls_per_over
e342e5fb,531982,1,1,2,0,0,0,0,0,0,1,0,25,1,0,0,0,5,male,,T20,CR Brathwaite,caught,West Indies,Bangladesh,2011-10-11,,6
e342e5fb,531985,11,1,20,1,0,0,0,0,0,13,0,0,0,0,0,0,0,male,West Indies in Bangladesh ODI Series,ODI,CR Brathwaite,0,West Indies,Bangladesh,2011-10-18,,6
e342e5fb,635227,18,1,14,1,1,0,0,0,0,6,0,22,0,0,0,0,8,male,Caribbean Premier League,T20,CR Brathwaite,0,Barbados Tridents,Guyana Amazon Warriors,2013-08-11,,6
e342e5fb,743137,0,1,1,0,0,2,0,0,0,1,0,24,1,1,0,0,6,male,Caribbean Premier League,T20,CR Brathwaite,caught,Antigua Hawksbills,Guyana Amazon Warriors,2014-07-11,,6
e342e5fb,743143,11,1,20,0,0,0,0,0,0,9,0,11,2,0,0,0,12,male,Caribbean Premier League,T20,CR Brathwaite,0,Antigua Hawksbills,Jamaica Tallawahs,2014-07-17,,6
e342e5fb,743147,0,0,0,0,0,0,0,0,0,0,0,37,2,0,0,0,7,male,Caribbean Premier League,T20,CR Brathwaite,0,Antigua Hawksbills,Barbados Tridents,2014-07-19,,6
e342e5fb,743151,3,1,3,0,0,0,0,0,0,1,0,33,0,0,0,0,11,male,Caribbean Premier League,T20,CR Brathwaite,0,Antigua Hawksbills,Trinidad & Tobago Red Steel,2014-07-20,,6
e342e5fb,743167,24,1,16,2,1,0,0,0,0,3,0,16,0,0,0,0,3,male,Caribbean Premier League,T20,CR Brathwaite,0,Antigua Hawksbills,Jamaica Tallawahs,2014-07-31,,6
e342e5fb,743177,20,0,9,0,2,1,0,0,0,1,0,24,1,0,1,0,7,male,Caribbean Premier League,T20,CR Brathwaite,0,Antigua Hawksbills,St Lucia Zouks,2014-08-03,,6
e342e5fb,743179,0,0,0,0,0,0,0,0,0,0,0,41,1,0,0,0,10,male,Caribbean Premier League,T20,CR Brathwaite,0,Antigua Hawksbills,Guyana Amazon Warriors,2014-08-07,,6
e342e5fb,743185,20,0,4,0,3,0,0,0,0,0,0,17,0,0,0,0,5,male,Caribbean Premier League,T20,CR Brathwaite,0,Antigua Hawksbills,Trinidad & Tobago Red Steel,2014-08-09,,6
e342e5fb,736063,1,1,2,0,0,0,0,0,0,1,0,42,0,0,0,0,10,male,West Indies in South Africa T20I Series,T20,CR Brathwaite,caught,West Indies,South Africa,2015-01-14,,6
e342e5fb,722343,4,1,10,0,0,0,0,0,0,8,0,32,0,0,0,0,12,male,West Indies in South Africa ODI Series,ODI,CR Brathwaite,lbw,West Indies,South Africa,2015-01-21,,6
e342e5fb,722345,11,1,15,0,1,0,0,0,0,9,0,39,0,0,0,1,36,male,West Indies in South Africa ODI Series,ODI,CR Brathwaite,run out,West Indies,South Africa,2015-01-25,,6
e342e5fb,722347,1,1,9,0,0,0,0,0,0,8,0,51,0,0,0,0,31,male,West Indies in South Africa ODI Series,ODI,CR Brathwaite,caught,West Indies,South Africa,2015-01-28,,6
e342e5fb,857715,22,0,10,1,2,1,0,0,0,1,0,21,0,0,0,0,8,male,Caribbean Premier League,T20,CR Brathwaite,0,St Kitts and Nevis Patriots,Barbados Tridents,2015-06-27,,6
e342e5fb,857719,0,1,1,0,0,0,0,0,0,1,0,13,1,1,0,0,3,male,Caribbean Premier League,T20,CR Brathwaite,caught,St Kitts and Nevis Patriots,Jamaica Tallawahs,2015-06-30,,6
e342e5fb,857723,23,1,12,0,3,0,0,0,0,4,0,28,0,0,0,0,9,male,Caribbean Premier League,T20,CR Brathwaite,0,St Kitts and Nevis Patriots,Guyana Amazon Warriors,2015-07-03,,6
e342e5fb,857727,36,0,19,2,3,1,0,0,0,7,0,20,0,0,0,0,6,male,Caribbean Premier League,T20,CR Brathwaite,0,St Kitts and Nevis Patriots,Jamaica Tallawahs,2015-07-04,,6
e342e5fb,857731,5,0,6,1,0,2,0,0,0,4,0,35,0,0,0,0,11,male,Caribbean Premier League,T20,CR Brathwaite,0,St Kitts and Nevis Patriots,Barbados Tridents,2015-07-06,,6
e342e5fb,857735,14,1,8,1,1,0,0,0,0,2,0,28,0,0,0,0,7,male,Caribbean Premier League,T20,CR Brathwaite,0,St Kitts and Nevis Patriots,Guyana Amazon Warriors,2015-07-08,,6
e342e5fb,857739,13,1,14,0,1,1,0,0,0,6,0,40,3,2,0,0,8,male,Caribbean Premier League,T20,CR Brathwaite,0,St Kitts and Nevis Patriots,St Lucia Zouks,2015-07-10,,6
e342e5fb,857741,7,1,6,1,0,0,0,0,0,2,0,27,1,1,0,0,16,male,Caribbean Premier League,T20,CR Brathwaite,0,St Kitts and Nevis Patriots,Trinidad & Tobago Red Steel,2015-07-11,,6
e342e5fb,857755,3,1,5,0,0,0,0,0,0,3,0,36,0,0,0,0,5,male,Caribbean Premier League,T20,CR Brathwaite,0,St Kitts and Nevis Patriots,Trinidad & Tobago Red Steel,2015-07-18,,6
e342e5fb,915777,9,1,6,0,1,1,0,0,0,2,0,37,2,0,0,0,16,male,West Indies in Sri Lanka ODI Series,ODI,CR Brathwaite,0,West Indies,Sri Lanka,2015-11-01,,6
e342e5fb,915779,17,0,13,1,1,1,0,0,0,4,0,35,0,0,0,0,10,male,West Indies in Sri Lanka ODI Series,ODI,CR Brathwaite,0,West Indies,Sri Lanka,2015-11-04,,6
e342e5fb,915781,18,1,14,3,0,0,0,0,0,5,0,40,1,0,0,0,25,male,West Indies in Sri Lanka ODI Series,ODI,CR Brathwaite,0,West Indies,Sri Lanka,2015-11-07,,6
e342e5fb,892517,61,2,130,2,1,0,0,0,0,94,0,142,1,0,0,3,154,male,The Frank Worrell Trophy,Test,CR Brathwaite,caught and bowled,West Indies,Australia,2015-12-26,2015-12-27,6
e342e5fb,892519,69,1,71,7,4,0,0,0,0,48,0,23,0,0,0,0,29,male,The Frank Worrell Trophy,Test,CR Brathwaite,0,West Indies,Australia,2016-01-03,2016-01-04,6
e342e5fb,951331,0,0,0,0,0,1,0,0,0,0,0,16,0,0,0,0,2,male,World T20,T20,CR Brathwaite,0,West Indies,England,2016-03-16,,6
e342e5fb,951345,0,0,0,0,0,0,0,0,0,0,0,39,1,0,1,0,11,male,World T20,T20,CR Brathwaite,0,West Indies,Sri Lanka,2016-03-20,,6
e342e5fb,951357,10,0,11,0,1,0,0,0,0,6,0,11,0,0,0,0,3,male,World T20,T20,CR Brathwaite,0,West Indies,South Africa,2016-03-25,,6
e342e5fb,951365,13,1,8,0,2,0,0,0,0,5,0,21,0,0,0,0,2,male,World T20,T20,CR Brathwaite,caught,West Indies,Afghanistan,2016-03-27,,6
e342e5fb,951371,0,0,0,0,0,0,0,0,0,0,0,38,0,0,0,0,5,male,World T20,T20,CR Brathwaite,0,West Indies,India,2016-03-31,,6
e342e5fb,951373,34,0,10,1,4,0,0,0,0,0,0,24,3,0,0,0,9,male,World T20,T20,CR Brathwaite,0,West Indies,England,2016-04-03,,6
e342e5fb,980903,6,1,5,0,1,0,0,0,0,4,0,11,0,0,0,0,8,male,Indian Premier League,T20,CR Brathwaite,0,Delhi Daredevils,Kolkata Knight Riders,2016-04-10,,6
e342e5fb,980913,0,0,0,0,0,1,0,0,0,0,0,33,0,0,0,0,10,male,Indian Premier League,T20,CR Brathwaite,0,Delhi Daredevils,Kings XI Punjab,2016-04-15,,6
e342e5fb,980921,0,0,0,0,0,0,0,0,0,0,0,19,1,0,0,0,5,male,Indian Premier League,T20,CR Brathwaite,0,Delhi Daredevils,Royal Challengers Bangalore,2016-04-17,,6
e342e5fb,980951,34,1,11,3,3,0,0,0,0,2,0,47,3,0,0,0,4,male,Indian Premier League,T20,CR Brathwaite,0,Delhi Daredevils,Kolkata Knight Riders,2016-04-30,,6
e342e5fb,980965,20,1,8,0,3,0,0,0,0,3,0,17,0,0,0,0,2,male,Indian Premier League,T20,CR Brathwaite,0,Delhi Daredevils,Rising Pune Supergiants,2016-05-05,,6
e342e5fb,980971,12,1,6,1,1,1,0,0,0,3,0,20,0,0,0,0,1,male,Indian Premier League,T20,CR Brathwaite,0,Delhi Daredevils,Kings XI Punjab,2016-05-07,,6
e342e5fb,981003,10,1,8,2,0,1,1,0,0,4,0,27,2,1,0,0,10,male,Indian Premier League,T20,CR Brathwaite,caught,Delhi Daredevils,Sunrisers Hyderabad,2016-05-20,,6
e342e5fb,981011,1,1,2,0,0,0,0,0,0,1,0,18,1,1,0,0,6,male,Indian Premier League,T20,CR Brathwaite,0,Delhi Daredevils,Royal Challengers Bangalore,2016-05-22,,6
e342e5fb,932849,8,1,14,1,0,1,0,0,0,9,0,35,2,2,0,0,22,male,West Indies Tri-Nation Series,ODI,CR Brathwaite,caught,West Indies,South Africa,2016-06-03,,6
e342e5fb,932851,21,1,48,1,1,0,0,0,0,36,0,14,0,0,0,0,9,male,West Indies Tri-Nation Series,ODI,CR Brathwaite,0,West Indies,Australia,2016-06-05,,6
e342e5fb,932857,3,0,7,0,0,0,0,0,0,5,0,60,2,0,0,0,23,male,West Indies Tri-Nation Series,ODI,CR Brathwaite,0,West Indies,Australia,2016-06-13,,6
e342e5fb,932859,0,1,1,0,0,0,0,0,0,1,0,69,1,0,0,0,18,male,West Indies Tri-Nation Series,ODI,CR Brathwaite,bowled,West Indies,South Africa,2016-06-15,,6
e342e5fb,932863,7,1,6,1,0,0,0,0,0,3,0,64,1,0,0,0,21,male,West Indies Tri-Nation Series,ODI,CR Brathwaite,bowled,West Indies,Australia,2016-06-21,,6
e342e5fb,932865,33,0,45,2,1,0,0,0,0,23,0,39,2,0,0,2,39,male,West Indies Tri-Nation Series,ODI,CR Brathwaite,0,West Indies,South Africa,2016-06-24,,6
e342e5fb,932867,14,1,13,1,1,0,1,0,0,7,0,32,1,1,0,2,31,male,West Indies Tri-Nation Series,ODI,CR Brathwaite,0,West Indies,Australia,2016-06-26,,6
e342e5fb,994669,5,1,3,1,0,0,0,0,0,1,0,35,2,0,0,0,8,male,Caribbean Premier League,T20,CR Brathwaite,0,St Kitts and Nevis Patriots,Guyana Amazon Warriors,2016-06-30,,6
e342e5fb,994671,1,1,2,0,0,0,0,0,0,1,0,30,0,0,0,0,11,male,Caribbean Premier League,T20,CR Brathwaite,bowled,St Kitts and Nevis Patriots,Jamaica Tallawahs,2016-07-02,,6
e342e5fb,994673,8,1,8,0,0,0,0,0,0,1,0,32,1,1,0,0,6,male,Caribbean Premier League,T20,CR Brathwaite,0,St Kitts and Nevis Patriots,St Lucia Zouks,2016-07-03,,6
e342e5fb,1022593,51,1,83,3,2,0,0,0,0,56,0,80,0,0,0,5,111,male,India in West Indies Test Series,Test,CR Brathwaite,0,West Indies,India,2016-07-21,2016-07-22,6
e342e5fb,1041615,14,0,10,1,1,0,0,0,0,4,0,47,0,0,0,0,3,male,West Indies v India T20I Series,T20,CR Brathwaite,0,West Indies,India,2016-08-27,,6
e342e5fb,1041617,18,1,11,2,1,0,0,0,0,5,0,0,0,0,0,0,0,male,West Indies v India T20I Series,T20,CR Brathwaite,bowled,West Indies,India,2016-08-28,,6
e342e5fb,1050217,0,1,2,0,0,0,0,0,0,2,0,29,0,0,0,0,6,male,Pakistan v West Indies T20I Series,T20,CR Brathwaite,caught,West Indies,Pakistan,2016-09-23,,6
e342e5fb,1050219,8,1,6,1,0,0,0,0,0,1,0,25,1,0,0,0,9,male,Pakistan v West Indies T20I Series,T20,CR Brathwaite,0,West Indies,Pakistan,2016-09-24,,6
e342e5fb,1050221,0,0,0,0,0,0,0,0,0,0,0,18,0,0,0,0,2,male,Pakistan v West Indies T20I Series,T20,CR Brathwaite,0,West Indies,Pakistan,2016-09-27,,6
e342e5fb,1050223,15,1,16,0,2,0,1,0,0,11,0,56,3,1,0,0,29,male,Pakistan v West Indies ODI Series,ODI,CR Brathwaite,bowled,West Indies,Pakistan,2016-09-30,,6
e342e5fb,1050225,14,0,13,2,0,1,0,0,0,6,0,61,0,0,0,0,15,male,Pakistan v West Indies ODI Series,ODI,CR Brathwaite,0,West Indies,Pakistan,2016-10-02,,6
e342e5fb,1059711,14,1,13,1,0,0,0,0,0,3,0,34,1,0,0,0,40,male,Zimbabwe Tri-Nation Series,ODI,CR Brathwaite,caught,West Indies,Sri Lanka,2016-11-16,,6
e342e5fb,1059712,9,1,5,0,1,0,0,1,0,1,0,48,4,1,0,0,29,male,Zimbabwe Tri-Nation Series,ODI,CR Brathwaite,caught,West Indies,Zimbabwe,2016-11-19,,6
e342e5fb,1059714,19,1,18,0,1,0,0,0,0,5,0,64,1,1,0,0,17,male,Zimbabwe Tri-Nation Series,ODI,CR Brathwaite,bowled,West Indies,Sri Lanka,2016-11-23,,6
e342e5fb,1059715,0,0,0,0,0,0,0,0,0,0,0,52,0,0,0,0,19,male,Zimbabwe Tri-Nation Series,ODI,CR Brathwaite,0,West Indies,Zimbabwe,2016-11-25,,6
e342e5fb,1023619,6,1,4,0,0,0,0,0,0,2,0,31,2,0,0,0,4,male,Big Bash League,T20,CR Brathwaite,0,Sydney Thunder,Hobart Hurricanes,2017-01-08,,6
e342e5fb,1023629,0,0,0,0,0,1,0,0,0,0,0,21,3,1,0,0,14,male,Big Bash League,T20,CR Brathwaite,0,Sydney Thunder,Sydney Sixers,2017-01-14,,6
e342e5fb,1023637,1,1,3,0,0,0,0,1,0,2,0,34,1,0,1,0,10,male,Big Bash League,T20,CR Brathwaite,bowled,Sydney Thunder,Adelaide Strikers,2017-01-18,,6
e342e5fb,1027315,12,1,12,1,0,1,1,0,0,3,0,54,0,0,0,1,28,male,England in West Indies ODI Series,ODI,CR Brathwaite,caught,West Indies,England,2017-03-03,,6
e342e5fb,1027317,23,1,25,2,0,1,0,0,0,11,0,38,0,0,0,0,6,male,England in West Indies ODI Series,ODI,CR Brathwaite,0,West Indies,England,2017-03-05,,6
e342e5fb,1027319,7,1,24,0,0,1,0,0,0,18,0,56,0,0,0,0,29,male,England in West Indies ODI Series,ODI,CR Brathwaite,lbw,West Indies,England,2017-03-09,,6
e342e5fb,1077947,34,0,28,2,2,0,0,0,0,12,0,18,1,0,0,0,6,male,Pakistan in West Indies T20I Series,T20,CR Brathwaite,0,West Indies,Pakistan,2017-03-26,,6
e342e5fb,1077948,15,1,23,1,0,2,1,0,0,11,0,37,3,0,0,0,10,male,Pakistan in West Indies T20I Series,T20,CR Brathwaite,0,West Indies,Pakistan,2017-03-30,,6
e342e5fb,1085495,0,0,0,0,0,0,0,0,0,0,0,16,1,0,0,0,6,male,Pakistan in West Indies T20I Series,T20,CR Brathwaite,0,West Indies,Pakistan,2017-04-01,,6
e342e5fb,1085496,37,0,24,2,2,0,0,0,0,6,0,13,0,0,0,0,6,male,Pakistan in West Indies T20I Series,T20,CR Brathwaite,0,West Indies,Pakistan,2017-04-02,,6
e342e5fb,1082595,1,1,5,0,0,0,0,0,0,4,0,29,0,0,0,0,2,male,Indian Premier League,T20,CR Brathwaite,0,Delhi Daredevils,Royal Challengers Bangalore,2017-04-08,,6
e342e5fb,1082640,11,1,11,2,0,0,0,0,0,6,0,38,1,0,0,0,6,male,Indian Premier League,T20,CR Brathwaite,0,Delhi Daredevils,Gujarat Lions,2017-05-10,,6
e342e5fb,1089776,0,0,0,0,0,0,0,1,0,0,0,17,2,0,0,0,9,male,Afghanistan in West Indies T20I Series,T20,CR Brathwaite,0,West Indies,Afghanistan,2017-06-02,,6
e342e5fb,1089777,8,0,5,0,1,1,0,0,0,2,0,26,2,1,0,0,10,male,Afghanistan in West Indies T20I Series,T20,CR Brathwaite,0,West Indies,Afghanistan,2017-06-03,,6
e342e5fb,1089778,0,0,0,0,0,0,0,0,0,0,0,3,0,0,0,0,4,male,Afghanistan in West Indies T20I Series,T20,CR Brathwaite,0,West Indies,Afghanistan,2017-06-05,,6
e342e5fb,1098211,0,0,0,0,0,0,0,0,0,0,0,26,0,0,0,0,8,male,,T20,CR Brathwaite,0,West Indies,India,2017-07-09,,6
e342e5fb,1094673,31,1,19,2,3,0,0,0,0,10,0,20,1,0,0,0,8,male,Caribbean Premier League,T20,CR Brathwaite,0,St Kitts and Nevis Patriots,Guyana Amazon Warriors,2017-08-05,,6
e342e5fb,1094675,2,0,1,0,0,1,0,0,0,0,0,42,1,1,0,0,9,male,Caribbean Premier League,T20,CR Brathwaite,0,St Kitts and Nevis Patriots,Guyana Amazon Warriors,2017-08-06,,6
e342e5fb,1094681,21,1,14,2,1,1,0,0,0,5,0,16,0,0,0,0,5,male,Caribbean Premier League,T20,CR Brathwaite,caught,St Kitts and Nevis Patriots,St Lucia Stars,2017-08-12,,6
e342e5fb,1094684,19,1,12,1,1,0,0,0,0,3,0,45,1,0,0,0,9,male,Caribbean Premier League,T20,CR Brathwaite,0,St Kitts and Nevis Patriots,Trinbago Knight Riders,2017-08-14,,6
e342e5fb,1094687,0,0,0,0,0,0,0,0,0,0,0,37,1,0,0,0,8,male,Caribbean Premier League,T20,CR Brathwaite,0,St Kitts and Nevis Patriots,Barbados Tridents,2017-08-18,,6
e342e5fb,1094689,0,0,0,0,0,0,0,0,0,0,0,5,0,0,0,0,3,male,Caribbean Premier League,T20,CR Brathwaite,0,St Kitts and Nevis Patriots,St Lucia Stars,2017-08-19,,6
e342e5fb,1094691,26,1,14,2,2,0,0,0,0,4,0,28,1,0,0,0,7,male,Caribbean Premier League,T20,CR Brathwaite,0,St Kitts and Nevis Patriots,Jamaica Tallawahs,2017-08-21,,6
e342e5fb,1094693,1,0,1,0,0,0,0,0,0,0,0,16,0,0,0,0,2,male,Caribbean Premier League,T20,CR Brathwaite,0,St Kitts and Nevis Patriots,Trinbago Knight Riders,2017-08-23,,6
e342e5fb,1094697,7,1,7,0,0,0,0,0,0,2,0,0,0,0,0,0,0,male,Caribbean Premier League,T20,CR Brathwaite,0,St Kitts and Nevis Patriots,Jamaica Tallawahs,2017-08-30,,6
e342e5fb,1094701,0,0,0,0,0,0,0,0,0,0,0,15,4,0,0,0,13,male,Caribbean Premier League,T20,CR Brathwaite,0,St Kitts and Nevis Patriots,Barbados Tridents,2017-09-03,,6
e342e5fb,1094702,14,1,11,2,0,1,0,0,0,3,0,18,1,0,0,0,9,male,Caribbean Premier League,T20,CR Brathwaite,0,St Kitts and Nevis Patriots,Trinbago Knight Riders,2017-09-05,,6
e342e5fb,1094705,30,0,25,2,1,0,0,0,0,10,0,18,0,0,0,0,11,male,Caribbean Premier League,T20,CR Brathwaite,0,St Kitts and Nevis Patriots,Trinbago Knight Riders,2017-09-09,,6
e342e5fb,1031665,2,1,4,0,0,1,0,0,0,2,0,25,3,2,0,0,11,male,West Indies tour of England,T20,CR Brathwaite,0,West Indies,England,2017-09-16,,6
e342e5fb,1121248,0,1,1,0,0,0,0,0,0,1,0,34,1,0,0,0,16,male,Bangladesh Premier League,T20,CR Brathwaite,0,Khulna Titans,Dhaka Dynamites,2017-11-05,,6
e342e5fb,1121252,23,0,16,0,2,0,0,0,0,4,0,24,0,0,0,0,8,male,Bangladesh Premier League,T20,CR Brathwaite,0,Khulna Titans,Sylhet Sixers,2017-11-08,,6
e342e5fb,1121255,30,1,14,2,3,1,0,0,0,6,0,33,1,0,0,0,15,male,Bangladesh Premier League,T20,CR Brathwaite,0,Khulna Titans,Chittagong Vikings,2017-11-12,,6
e342e5fb,1121257,64,0,29,4,6,1,0,0,0,9,0,35,0,0,0,0,8,male,Bangladesh Premier League,T20,CR Brathwaite,0,Khulna Titans,Dhaka Dynamites,2017-11-14,,6
e342e5fb,1121262,10,0,2,1,1,1,0,0,0,0,0,21,0,0,0,0,2,male,Bangladesh Premier League,T20,CR Brathwaite,0,Khulna Titans,Chittagong Vikings,2017-11-17,,6
e342e5fb,1121267,12,1,17,1,0,0,0,0,0,8,0,35,1,1,0,0,8,male,Bangladesh Premier League,T20,CR Brathwaite,0,Khulna Titans,Rajshahi Kings,2017-11-21,,6
e342e5fb,1121269,11,1,6,1,1,0,1,0,0,3,0,35,0,0,0,0,6,male,Bangladesh Premier League,T20,CR Brathwaite,caught,Khulna Titans,Rangpur Riders,2017-11-24,,6
e342e5fb,1121274,34,1,15,3,3,0,0,0,0,6,0,18,0,0,0,0,5,male,Bangladesh Premier League,T20,CR Brathwaite,0,Khulna Titans,Rajshahi Kings,2017-11-27,,6
e342e5fb,1121276,13,1,14,2,0,0,0,0,0,7,0,0,0,0,0,0,0,male,Bangladesh Premier League,T20,CR Brathwaite,caught,Khulna Titans,Comilla Victorians,2017-11-28,,6
e342e5fb,1121282,6,1,8,0,1,0,0,0,0,7,0,10,1,0,0,0,3,male,Bangladesh Premier League,T20,CR Brathwaite,caught,Khulna Titans,Rangpur Riders,2017-12-03,,6
e342e5fb,1121283,22,0,13,3,1,1,0,0,0,5,0,16,1,0,0,0,9,male,Bangladesh Premier League,T20,CR Brathwaite,0,Khulna Titans,Comilla Victorians,2017-12-05,,6
e342e5fb,1121287,25,0,9,3,1,0,0,0,0,0,0,30,0,0,0,0,4,male,Bangladesh Premier League,T20,CR Brathwaite,0,Khulna Titans,Rangpur Riders,2017-12-08,,6
e342e5fb,1115798,21,1,14,0,2,1,0,0,0,4,0,38,2,0,0,0,5,male,West Indies tour of New Zealand,T20,CR Brathwaite,0,West Indies,New Zealand,2017-12-29,,6
e342e5fb,1115799,0,0,0,0,0,1,0,0,0,0,0,21,0,0,0,0,1,male,West Indies tour of New Zealand,T20,CR Brathwaite,0,West Indies,New Zealand,2018-01-01,,6
e342e5fb,1115800,15,1,14,1,1,0,0,0,0,7,0,54,2,1,0,0,6,male,West Indies tour of New Zealand,T20,CR Brathwaite,caught,West Indies,New Zealand,2018-01-03,,6
e342e5fb,1114883,0,0,0,0,0,0,0,0,0,0,0,31,1,0,1,0,9,male,Big Bash League,T20,CR Brathwaite,0,Sydney Sixers,Sydney Thunder,2018-01-13,,6
e342e5fb,1114885,0,0,0,0,0,0,0,0,0,0,0,28,1,0,0,0,13,male,Big Bash League,T20,CR Brathwaite,0,Sydney Sixers,Melbourne Stars,2018-01-16,,6
e342e5fb,1114887,0,0,0,0,0,2,0,0,0,0,0,20,2,1,0,0,6,male,Big Bash League,T20,CR Brathwaite,0,Sydney Sixers,Brisbane Heat,2018-01-18,,6
e342e5fb,1114891,9,1,7,2,0,0,0,0,0,4,0,31,2,0,0,0,10,male,Big Bash League,T20,CR Brathwaite,caught,Sydney Sixers,Melbourne Stars,2018-01-23,,6
e342e5fb,1133007,0,0,0,0,0,0,0,0,0,0,0,28,5,1,0,2,49,male,ICC Cricket World Cup Qualifier (ICC Trophy),ODI,CR Brathwaite,0,West Indies,Papua New Guinea,2018-03-08,,6
e342e5fb,1133010,11,0,16,1,0,1,0,0,0,9,0,36,0,0,0,0,30,male,ICC Cricket World Cup Qualifier (ICC Trophy),ODI,CR Brathwaite,0,West Indies,Ireland,2018-03-10,,6
e342e5fb,1133014,1,0,2,0,0,0,0,0,0,1,0,36,0,0,0,0,16,male,ICC Cricket World Cup Qualifier,ODM,CR Brathwaite,0,West Indies,Netherlands,2018-03-12,,6
e342e5fb,1133018,4,1,5,1,0,0,0,0,0,4,0,43,0,0,0,0,35,male,ICC Cricket World Cup Qualifier (ICC Trophy),ODI,CR Brathwaite,caught,West Indies,Afghanistan,2018-03-15,,6
e342e5fb,1133028,24,1,27,0,1,0,0,0,0,12,0,27,0,0,0,2,31,male,ICC Cricket World Cup Qualifier (ICC Trophy),ODI,CR Brathwaite,caught,West Indies,Scotland,2018-03-21,,6
e342e5fb,1133031,14,1,10,1,1,0,0,0,0,4,0,38,0,0,0,0,22,male,ICC Cricket World Cup Qualifier (ICC Trophy),ODI,CR Brathwaite,0,West Indies,Afghanistan,2018-03-25,,6
e342e5fb,1136614,3,1,4,0,0,0,0,0,0,1,0,22,2,0,0,0,8,male,Indian Premier League,T20,CR Brathwaite,0,Sunrisers Hyderabad,Kolkata Knight Riders,2018-05-19,,6
e342e5fb,1136617,43,1,33,1,4,1,0,0,0,15,0,32,0,0,0,0,8,male,Indian Premier League,T20,CR Brathwaite,0,Sunrisers Hyderabad,Chennai Super Kings,2018-05-22,,6
e342e5fb,1136619,8,1,5,0,1,1,0,0,0,2,0,15,2,0,0,0,6,male,Indian Premier League,T20,CR Brathwaite,0,Sunrisers Hyderabad,Kolkata Knight Riders,2018-05-25,,6
e342e5fb,1136620,21,1,12,0,3,0,0,0,0,6,0,27,1,0,0,0,4,male,Indian Premier League,T20,CR Brathwaite,caught,Sunrisers Hyderabad,Chennai Super Kings,2018-05-27,,6
e342e5fb,1141232,0,0,0,0,0,1,0,0,0,0,0,14,1,0,1,0,6,male,ICC World XI tour of England,T20,CR Brathwaite,0,West Indies,ICC World XI,2018-05-31,,6
e342e5fb,1127456,0,1,3,0,0,0,0,0,0,3,0,22,2,0,0,0,7,male,Vitality Blast,T20,CR Brathwaite,caught,Kent,Surrey,2018-07-06,,6
e342e5fb,1127467,0,0,0,0,0,0,0,0,0,0,0,21,4,2,0,0,14,male,Vitality Blast,T20,CR Brathwaite,0,Kent,Somerset,2018-07-08,,6
e342e5fb,1127470,2,1,5,0,0,0,0,0,0,3,0,30,2,0,0,0,8,male,Vitality Blast,T20,CR Brathwaite,bowled,Kent,Gloucestershire,2018-07-11,,6
e342e5fb,1127473,11,0,3,1,1,1,0,0,0,0,0,43,1,0,0,0,5,male,Vitality Blast,T20,CR Brathwaite,0,Kent,Hampshire,2018-07-13,,6
e342e5fb,1127489,0,0,0,0,0,1,0,0,0,0,0,56,0,0,0,0,2,male,Vitality Blast,T20,CR Brathwaite,0,Kent,Surrey,2018-07-20,,6
e342e5fb,1146723,0,0,0,0,0,0,0,0,0,0,0,22,0,0,0,0,13,male,Bangladesh tour of West Indies and United States of America,T20,CR Brathwaite,0,West Indies,Bangladesh,2018-07-31,,6
e342e5fb,1146724,11,1,7,1,1,1,0,0,0,4,0,30,0,0,0,0,4,male,Bangladesh tour of West Indies and United States of America,T20,CR Brathwaite,caught,West Indies,Bangladesh,2018-08-04,,6
e342e5fb,1146725,5,1,10,0,0,0,0,0,0,7,0,33,2,0,0,0,11,male,Bangladesh tour of West Indies and United States of America,T20,CR Brathwaite,0,West Indies,Bangladesh,2018-08-05,,6
e342e5fb,1148648,5,0,4,0,0,0,0,0,0,0,0,25,0,0,0,0,6,male,Caribbean Premier League,T20,CR Brathwaite,0,St Kitts and Nevis Patriots,Guyana Amazon Warriors,2018-08-09,,6
e342e5fb,1148651,41,1,16,1,5,0,0,0,0,5,0,19,2,0,0,1,17,male,Caribbean Premier League,T20,CR Brathwaite,caught,St Kitts and Nevis Patriots,Trinbago Knight Riders,2018-08-11,,6
e342e5fb,1148654,10,1,13,1,0,0,0,0,0,6,0,43,1,0,0,0,4,male,Caribbean Premier League,T20,CR Brathwaite,0,St Kitts and Nevis Patriots,Jamaica Tallawahs,2018-08-15,,6
e342e5fb,1148659,0,0,0,0,0,1,0,0,0,0,0,11,1,0,0,0,6,male,Caribbean Premier League,T20,CR Brathwaite,0,St Kitts and Nevis Patriots,St Lucia Stars,2018-08-21,,6
e342e5fb,1148662,0,0,0,0,0,0,0,0,0,0,0,37,0,0,0,0,11,male,Caribbean Premier League,T20,CR Brathwaite,0,St Kitts and Nevis Patriots,Barbados Tridents,2018-08-25,,6
e342e5fb,1148665,5,0,2,1,0,0,0,0,0,0,0,23,2,1,0,0,16,male,Caribbean Premier League,T20,CR Brathwaite,0,St Kitts and Nevis Patriots,Guyana Amazon Warriors,2018-08-28,,6
e342e5fb,1148669,21,1,19,2,1,0,0,0,0,10,0,40,1,0,0,0,9,male,Caribbean Premier League,T20,CR Brathwaite,caught,St Kitts and Nevis Patriots,Trinbago Knight Riders,2018-09-01,,6
e342e5fb,1148671,0,0,0,0,0,0,0,0,0,0,0,39,1,0,0,0,4,male,Caribbean Premier League,T20,CR Brathwaite,0,St Kitts and Nevis Patriots,Jamaica Tallawahs,2018-09-02,,6
e342e5fb,1148678,6,1,3,0,1,0,0,0,0,2,0,27,1,0,0,0,14,male,Caribbean Premier League,T20,CR Brathwaite,caught,St Kitts and Nevis Patriots,Jamaica Tallawahs,2018-09-12,,6
e342e5fb,1148679,16,1,15,0,1,0,0,0,0,6,0,26,1,0,0,0,11,male,Caribbean Premier League,T20,CR Brathwaite,0,St Kitts and Nevis Patriots,Trinbago Knight Riders,2018-09-14,,6
e342e5fb,1157759,4,1,11,0,0,0,0,0,0,8,0,12,2,0,0,1,19,male,West Indies tour of India,T20,CR Brathwaite,lbw,West Indies,India,2018-11-04,,6
e342e5fb,1157760,15,0,20,0,1,0,0,0,0,12,0,56,0,0,0,0,2,male,West Indies tour of India,T20,CR Brathwaite,0,West Indies,India,2018-11-06,,6
e342e5fb,1157761,0,0,0,0,0,1,0,0,0,0,0,41,0,0,0,0,12,male,West Indies tour of India,T20,CR Brathwaite,0,West Indies,India,2018-11-11,,6
e342e5fb,1153317,0,0,0,0,0,2,0,0,0,0,0,13,1,0,0,0,8,male,West Indies tour of Bangladesh,T20,CR Brathwaite,0,West Indies,Bangladesh,2018-12-17,,6
e342e5fb,1153318,7,1,4,0,1,1,0,0,0,2,0,47,0,0,0,0,13,male,West Indies tour of Bangladesh,T20,CR Brathwaite,0,West Indies,Bangladesh,2018-12-20,,6
e342e5fb,1153319,8,1,8,1,0,2,0,0,0,3,0,17,1,1,0,0,6,male,West Indies tour of Bangladesh,T20,CR Brathwaite,0,West Indies,Bangladesh,2018-12-22,,6
e342e5fb,1169382,6,0,4,1,0,0,0,0,0,1,0,43,1,0,0,0,6,male,Bangladesh Premier League,T20,CR Brathwaite,0,Khulna Titans,Rangpur Riders,2019-01-06,,6
e342e5fb,1169389,13,1,7,1,1,2,0,0,0,2,0,31,2,1,0,0,10,male,Bangladesh Premier League,T20,CR Brathwaite,0,Khulna Titans,Chittagong Vikings,2019-01-12,,6
e342e5fb,1169393,8,1,12,1,0,4,0,0,0,8,0,0,0,0,0,0,0,male,Bangladesh Premier League,T20,CR Brathwaite,lbw,Khulna Titans,Rajshahi Kings,2019-01-15,,6
e342e5fb,1169398,12,1,9,2,0,0,1,0,0,4,0,50,0,0,0,0,7,male,Bangladesh Premier League,T20,CR Brathwaite,0,Khulna Titans,Comilla Victorians,2019-01-18,,6
e342e5fb,1169411,22,1,13,1,2,0,0,0,0,4,0,43,2,0,0,0,14,male,Bangladesh Premier League,T20,CR Brathwaite,caught,Khulna Titans,Comilla Victorians,2019-01-28,,6
e342e5fb,1168820,6,1,6,1,0,0,0,0,0,3,0,26,1,0,0,0,6,male,Pakistan Super League,T20,CR Brathwaite,caught,Lahore Qalandars,Islamabad United,2019-02-14,,6
e342e5fb,1158066,3,1,5,0,0,0,0,0,0,3,0,66,0,0,0,0,18,male,England tour of West Indies,ODI,CR Brathwaite,caught,West Indies,England,2019-02-20,,6
e342e5fb,1158067,13,1,22,0,1,0,0,0,0,15,0,38,1,0,0,0,19,male,England tour of West Indies,ODI,CR Brathwaite,bowled,West Indies,England,2019-02-22,,6
e342e5fb,1158069,50,1,36,4,2,0,0,0,0,12,0,71,2,1,0,0,32,male,England tour of West Indies,ODI,CR Brathwaite,0,West Indies,England,2019-02-27,,6
e342e5fb,1158070,0,0,0,0,0,1,0,0,0,0,0,17,2,0,0,1,37,male,England tour of West Indies,ODI,CR Brathwaite,0,West Indies,England,2019-03-02,,6
e342e5fb,1158071,0,1,6,0,0,1,0,0,0,6,0,36,1,0,0,0,11,male,England tour of West Indies,T20,CR Brathwaite,0,West Indies,England,2019-03-05,,6
e342e5fb,1158072,10,1,4,0,1,1,0,0,0,1,0,34,1,0,0,0,8,male,England tour of West Indies,T20,CR Brathwaite,0,West Indies,England,2019-03-08,,6
e342e5fb,1158073,0,1,5,0,0,0,0,0,0,5,0,0,0,0,0,0,0,male,England tour of West Indies,T20,CR Brathwaite,0,West Indies,England,2019-03-10,,6
e342e5fb,1178401,6,1,7,0,0,0,0,0,0,1,0,13,0,0,0,0,0,male,Indian Premier League,T20,CR Brathwaite,0,Kolkata Knight Riders,Delhi Capitals,2019-04-12,,6
e342e5fb,1178418,5,1,3,1,0,0,0,0,0,1,0,16,0,0,0,0,9,male,Indian Premier League,T20,CR Brathwaite,0,Kolkata Knight Riders,Rajasthan Royals,2019-04-25,,6
e342e5fb,1144484,0,0,0,0,0,0,0,0,0,0,0,14,0,0,0,0,14,male,World Cup,ODI,CR Brathwaite,0,West Indies,Pakistan,2019-05-31,,6
e342e5fb,1144492,16,1,17,1,1,0,0,0,0,10,0,67,3,0,0,0,33,male,World Cup,ODI,CR Brathwaite,caught,West Indies,Australia,2019-06-06,,6
e342e5fb,1144497,0,0,0,0,0,0,0,0,0,0,0,0,0,0,0,0,0,male,World Cup,ODI,CR Brathwaite,0,West Indies,South Africa,2019-06-10,,6
e342e5fb,1144501,14,1,22,0,1,1,0,0,0,13,0,35,0,0,0,0,12,male,World Cup,ODI,CR Brathwaite,0,West Indies,England,2019-06-14,,6
e342e5fb,1144511,101,1,83,9,5,0,0,0,0,39,0,58,2,0,0,0,9,male,World Cup,ODI,CR Brathwaite,0,West Indies,New Zealand,2019-06-22,,6
e342e5fb,1144516,1,1,5,0,0,0,0,0,0,4,0,33,0,0,0,0,2,male,World Cup,ODI,CR Brathwaite,0,West Indies,India,2019-06-27,,6
e342e5fb,1144521,8,0,16,1,0,0,0,0,0,11,0,55,0,0,0,0,16,male,World Cup,ODI,CR Brathwaite,0,West Indies,Sri Lanka,2019-07-01,,6
e342e5fb,1144524,14,0,4,2,1,0,0,0,0,1,0,63,4,0,0,0,25,male,World Cup,ODI,CR Brathwaite,0,West Indies,Afghanistan,2019-07-04,,6
e342e5fb,1188621,9,1,24,0,0,0,0,0,0,16,0,12,0,0,0,0,3,male,India tour of United States of America and West Indies,T20,CR Brathwaite,0,West Indies,India,2019-08-03,,6
e342e5fb,1188622,0,0,0,0,0,0,0,0,0,0,0,22,0,0,0,0,4,male,India tour of United States of America and West Indies,T20,CR Brathwaite,0,West Indies,India,2019-08-04,,6
e342e5fb,1188623,10,1,7,0,1,0,0,0,0,2,0,25,0,0,0,0,1,male,India tour of United States of America and West Indies,T20,CR Brathwaite,0,West Indies,India,2019-08-06,,6
e342e5fb,1188624,0,0,0,0,0,0,0,0,0,0,0,0,0,0,0,0,0,male,India tour of United States of America and West Indies,ODI,CR Brathwaite,0,West Indies,India,2019-08-08,,6
e342e5fb,1188625,0,1,3,0,0,0,0,0,0,3,0,54,3,1,0,0,27,male,India tour of United States of America and West Indies,ODI,CR Brathwaite,caught,West Indies,India,2019-08-11,,6
e342e5fb,1188626,16,1,14,1,1,0,0,0,0,7,0,38,0,0,0,0,5,male,India tour of United States of America and West Indies,ODI,CR Brathwaite,caught,West Indies,India,2019-08-14,,6
e342e5fb,1185837,2,0,3,0,0,1,0,0,0,1,0,35,0,0,0,0,8,male,Caribbean Premier League,T20,CR Brathwaite,0,St Kitts and Nevis Patriots,Trinbago Knight Riders,2019-09-04,,6
e342e5fb,1185840,0,1,2,0,0,0,0,0,0,2,0,28,1,0,0,0,4,male,Caribbean Premier League,T20,CR Brathwaite,0,St Kitts and Nevis Patriots,Guyana Amazon Warriors,2019-09-07,,6
e342e5fb,1185843,0,1,3,0,0,4,0,0,0,3,0,42,0,0,0,0,11,male,Caribbean Premier League,T20,CR Brathwaite,caught,St Kitts and Nevis Patriots,Jamaica Tallawahs,2019-09-10,,6
e342e5fb,1185844,1,1,4,0,0,0,0,0,0,3,0,12,0,0,0,0,2,male,Caribbean Premier League,T20,CR Brathwaite,lbw,St Kitts and Nevis Patriots,Barbados Tridents,2019-09-11,,6
e342e5fb,1185847,3,1,9,0,0,0,0,0,0,6,0,9,0,0,0,0,6,male,Caribbean Premier League,T20,CR Brathwaite,0,St Kitts and Nevis Patriots,Guyana Amazon Warriors,2019-09-14,,6
e342e5fb,1185849,14,0,13,0,1,0,0,0,0,5,0,26,0,0,0,0,11,male,Caribbean Premier League,T20,CR Brathwaite,0,St Kitts and Nevis Patriots,St Lucia Zouks,2019-09-15,,6
e342e5fb,1185850,81,1,37,7,6,0,0,0,0,9,0,53,3,0,0,0,14,male,Caribbean Premier League,T20,CR Brathwaite,caught,St Kitts and Nevis Patriots,Trinbago Knight Riders,2019-09-17,,6
e342e5fb,1185852,3,1,6,0,0,2,0,0,0,4,0,17,1,0,0,0,4,male,Caribbean Premier League,T20,CR Brathwaite,0,St Kitts and Nevis Patriots,Jamaica Tallawahs,2019-09-19,,6
e342e5fb,1185857,2,1,3,0,0,0,0,0,0,1,0,27,0,0,0,0,6,male,Caribbean Premier League,T20,CR Brathwaite,0,St Kitts and Nevis Patriots,St Lucia Zouks,2019-09-24,,6
e342e5fb,1185861,7,1,5,1,0,3,0,0,0,1,0,30,3,1,0,0,6,male,Caribbean Premier League,T20,CR Brathwaite,0,St Kitts and Nevis Patriots,Barbados Tridents,2019-09-28,,6
e342e5fb,1185868,3,1,8,0,0,0,0,0,0,5,0,39,1,0,0,0,11,male,Caribbean Premier League,T20,CR Brathwaite,caught,St Kitts and Nevis Patriots,Trinbago Knight Riders,2019-10-06,,6
e342e5fb,1211656,8,1,6,0,1,0,0,0,0,3,0,13,1,0,0,0,5,male,Pakistan Super League,T20,CR Brathwaite,0,Peshawar Zalmi,Karachi Kings,2020-03-02,,6
e342e5fb,1211661,0,0,0,0,0,0,0,0,0,0,0,23,1,0,0,0,4,male,Pakistan Super League,T20,CR Brathwaite,0,Peshawar Zalmi,Islamabad United,2020-03-07,,6
e342e5fb,1211665,16,0,12,2,0,0,0,0,0,4,0,30,3,0,0,0,8,male,Pakistan Super League,T20,CR Brathwaite,0,Peshawar Zalmi,Lahore Qalandars,2020-03-10,,6
e342e5fb,1227867,18,0,9,1,1,1,0,0,0,1,0,24,0,0,0,0,6,male,Caribbean Premier League,T20,CR Brathwaite,0,Jamaica Tallawahs,St Lucia Zouks,2020-08-19,,6
e342e5fb,1227870,1,1,9,0,0,2,0,0,0,8,0,30,0,0,0,0,12,male,Caribbean Premier League,T20,CR Brathwaite,bowled,Jamaica Tallawahs,Trinbago Knight Riders,2020-08-20,,6
e342e5fb,1227872,5,1,14,0,0,0,0,0,0,11,0,14,3,0,0,1,11,male,Caribbean Premier League,T20,CR Brathwaite,bowled,Jamaica Tallawahs,Guyana Amazon Warriors,2020-08-22,,6
e342e5fb,1227876,0,0,0,0,0,0,0,0,0,0,0,10,0,0,0,0,7,male,Caribbean Premier League,T20,CR Brathwaite,0,Jamaica Tallawahs,Guyana Amazon Warriors,2020-08-25,,6
e342e5fb,1227878,1,1,2,0,0,0,0,0,0,1,0,45,1,0,0,0,7,male,Caribbean Premier League,T20,CR Brathwaite,lbw,Jamaica Tallawahs,Barbados Tridents,2020-08-26,,6
e342e5fb,1227882,0,1,2,0,0,0,0,0,0,2,0,11,3,1,0,1,14,male,Caribbean Premier League,T20,CR Brathwaite,bowled,Jamaica Tallawahs,St Kitts and Nevis Patriots,2020-08-29,,6
e342e5fb,1227885,21,0,17,2,1,0,0,0,0,7,0,39,2,0,0,0,13,male,Caribbean Premier League,T20,CR Brathwaite,0,Jamaica Tallawahs,Trinbago Knight Riders,2020-09-01,,6
e342e5fb,1227889,0,0,0,0,0,0,0,0,0,0,0,0,0,0,0,0,0,male,Caribbean Premier League,T20,CR Brathwaite,0,Jamaica Tallawahs,St Kitts and Nevis Patriots,2020-09-03,,6
e342e5fb,1227892,0,0,1,0,0,0,0,0,0,1,0,29,0,0,0,0,9,male,Caribbean Premier League,T20,CR Brathwaite,0,Jamaica Tallawahs,Barbados Tridents,2020-09-05,,6
e342e5fb,1227894,1,1,4,0,0,1,0,0,0,3,0,41,1,0,0,0,18,male,Caribbean Premier League,T20,CR Brathwaite,0,Jamaica Tallawahs,St Lucia Zouks,2020-09-06,,6
e342e5fb,1227895,13,0,22,0,1,0,0,0,0,14,0,14,0,0,0,0,3,male,Caribbean Premier League,T20,CR Brathwaite,0,Jamaica Tallawahs,Trinbago Knight Riders,2020-09-08,,6
e342e5fb,1211673,10,1,8,1,0,1,0,0,0,1,0,21,0,0,0,0,1,male,Pakistan Super League,T20,CR Brathwaite,caught,Peshawar Zalmi,Lahore Qalandars,2020-11-14,,6
e342e5fb,1226852,2,0,2,0,0,0,0,0,0,0,0,16,0,0,0,0,4,male,Big Bash League,T20,CR Brathwaite,0,Sydney Sixers,Hobart Hurricanes,2020-12-10,,6
e342e5fb,1226837,0,0,0,0,0,1,0,0,0,0,0,12,2,1,0,0,5,male,Big Bash League,T20,CR Brathwaite,0,Sydney Sixers,Melbourne Renegades,2020-12-13,,6
e342e5fb,1226873,0,0,0,0,0,0,0,0,0,0,0,25,2,1,0,0,11,male,Big Bash League,T20,CR Brathwaite,0,Sydney Sixers,Adelaide Strikers,2020-12-20,,6
e342e5fb,1226846,21,1,12,1,2,0,0,0,0,4,0,27,0,0,0,0,15,male,Big Bash League,T20,CR Brathwaite,0,Sydney Sixers,Melbourne Stars,2020-12-26,,6
e342e5fb,1226877,4,1,4,1,0,0,0,0,0,3,0,45,2,0,0,0,7,male,Big Bash League,T20,CR Brathwaite,caught,Sydney Sixers,Melbourne Renegades,2020-12-29,,6
e342e5fb,1226832,0,1,3,0,0,0,0,0,0,3,0,19,1,0,0,0,7,male,Big Bash League,T20,CR Brathwaite,0,Sydney Sixers,Brisbane Heat,2021-01-02,,6
e342e5fb,1226842,0,0,0,0,0,2,0,0,0,0,0,16,0,0,0,0,4,male,Big Bash League,T20,CR Brathwaite,0,Sydney Sixers,Adelaide Strikers,2021-01-03,,6
e342e5fb,1226829,2,1,3,0,0,0,0,0,0,1,0,9,0,0,0,0,1,male,Big Bash League,T20,CR Brathwaite,0,Sydney Sixers,Perth Scorchers,2021-01-06,,6
e342e5fb,1226855,2,1,4,0,0,0,0,0,0,2,0,18,4,0,0,0,10,male,Big Bash League,T20,CR Brathwaite,0,Sydney Sixers,Brisbane Heat,2021-01-10,,6
e342e5fb,1226861,4,0,1,1,0,0,0,0,0,0,0,30,0,0,0,0,7,male,Big Bash League,T20,CR Brathwaite,0,Sydney Sixers,Sydney Thunder,2021-01-13,,6
e342e5fb,1226865,0,0,0,0,0,0,0,0,0,0,0,13,2,0,0,0,9,male,Big Bash League,T20,CR Brathwaite,0,Sydney Sixers,Perth Scorchers,2021-01-16,,6
e342e5fb,1226880,2,0,3,0,0,0,0,0,0,1,0,40,1,0,0,0,9,male,Big Bash League,T20,CR Brathwaite,0,Sydney Sixers,Sydney Thunder,2021-01-22,,6
e342e5fb,1226827,6,1,9,0,0,0,0,0,0,3,0,27,0,0,0,0,3,male,Big Bash League,T20,CR Brathwaite,caught,Sydney Sixers,Hobart Hurricanes,2021-01-24,,6
e342e5fb,1226858,2,1,5,0,0,0,0,0,0,4,0,46,1,0,0,0,6,male,Big Bash League,T20,CR Brathwaite,0,Sydney Sixers,Melbourne Stars,2021-01-26,,6
e342e5fb,1226884,0,0,0,0,0,0,0,0,0,0,0,27,1,0,0,0,11,male,Big Bash League,T20,CR Brathwaite,0,Sydney Sixers,Perth Scorchers,2021-01-30,,6
e342e5fb,1226882,10,1,7,2,0,0,0,0,0,4,0,24,0,0,0,0,2,male,Big Bash League,T20,CR Brathwaite,0,Sydney Sixers,Perth Scorchers,2021-02-06,,6
e342e5fb,1247013,22,0,15,2,1,0,0,0,0,4,0,24,2,0,0,0,13,male,Pakistan Super League,T20,CR Brathwaite,0,Multan Sultans,Islamabad United,2021-02-21,,6
e342e5fb,1247015,0,0,0,0,0,1,0,0,0,0,0,42,0,0,0,0,4,male,Pakistan Super League,T20,CR Brathwaite,0,Multan Sultans,Peshawar Zalmi,2021-02-23,,6
e342e5fb,1247017,0,0,0,0,0,1,0,0,0,0,0,20,2,0,0,1,15,male,Pakistan Super League,T20,CR Brathwaite,0,Multan Sultans,Lahore Qalandars,2021-02-26,,6
e342e5fb,1247019,3,0,4,0,0,0,0,0,0,1,0,33,0,0,0,0,8,male,Pakistan Super League,T20,CR Brathwaite,0,Multan Sultans,Karachi Kings,2021-02-27,,6
e342e5fb,1247024,4,1,3,1,0,0,0,0,0,2,0,43,0,0,0,0,10,male,Pakistan Super League,T20,CR Brathwaite,0,Multan Sultans,Quetta Gladiators,2021-03-03,,6
e342e5fb,1250240,3,1,6,0,0,0,0,0,0,3,0,30,1,0,0,0,11,male,Vitality Blast,T20,CR Brathwaite,0,Birmingham Bears,Yorkshire,2021-06-10,,6
e342e5fb,1250250,44,1,18,3,4,0,0,0,0,3,0,28,2,0,0,0,6,male,Vitality Blast,T20,CR Brathwaite,caught,Birmingham Bears,Nottinghamshire,2021-06-11,,6
e342e5fb,1250257,16,1,11,3,0,0,1,0,0,4,0,24,2,0,0,0,10,male,Vitality Blast,T20,CR Brathwaite,0,Birmingham Bears,Derbyshire,2021-06-13,,6
e342e5fb,1250265,19,0,19,1,0,1,0,0,0,5,0,19,2,0,0,0,9,male,Vitality Blast,T20,CR Brathwaite,0,Birmingham Bears,Northamptonshire,2021-06-15,,6
e342e5fb,1250269,9,1,6,0,1,1,0,0,0,2,0,30,2,0,0,0,11,male,Vitality Blast,T20,CR Brathwaite,caught,Birmingham Bears,Leicestershire,2021-06-16,,6
e342e5fb,1250286,6,1,5,0,1,0,0,0,0,4,0,47,1,0,0,0,6,male,Vitality Blast,T20,CR Brathwaite,0,Birmingham Bears,Durham,2021-06-20,,6
e342e5fb,1250297,3,1,6,0,0,0,0,0,0,3,0,27,2,1,0,0,11,male,Vitality Blast,T20,CR Brathwaite,0,Birmingham Bears,Derbyshire,2021-06-24,,6
e342e5fb,1250308,4,1,5,0,0,0,0,0,0,1,0,32,3,0,0,0,17,male,Vitality Blast,T20,CR Brathwaite,0,Birmingham Bears,Durham,2021-06-26,,6
e342e5fb,1250321,0,0,0,0,0,0,0,0,0,0,0,7,3,1,0,0,8,male,Vitality Blast,T20,CR Brathwaite,0,Birmingham Bears,Yorkshire,2021-06-30,,6
e342e5fb,1250347,52,0,38,2,3,0,0,0,0,11,0,40,0,0,0,0,6,male,Vitality Blast,T20,CR Brathwaite,0,Birmingham Bears,Worcestershire,2021-07-16,,6
e342e5fb,1250357,27,1,11,1,3,2,0,0,0,2,0,38,0,0,0,0,2,male,Vitality Blast,T20,CR Brathwaite,0,Birmingham Bears,Northamptonshire,2021-07-18,,6
e342e5fb,1252666,37,1,32,2,1,1,0,0,0,11,0,25,0,0,0,0,2,male,The Hundred Men's Competition,T20,CR Brathwaite,0,Manchester Originals,Oval Invincibles,2021-07-22,,5
e342e5fb,1252671,4,0,2,1,0,0,0,0,0,1,0,13,2,0,0,0,5,male,The Hundred Men's Competition,T20,CR Brathwaite,0,Manchester Originals,Birmingham Phoenix,2021-07-25,,5
e342e5fb,1252677,1,0,1,0,0,2,0,0,0,0,0,34,1,0,0,0,5,male,The Hundred Men's Competition,T20,CR Brathwaite,0,Manchester Originals,Welsh Fire,2021-07-31,,5
e342e5fb,1252684,0,0,0,0,0,0,0,0,0,0,0,0,0,0,0,0,0,male,The Hundred Men's Competition,T20,CR Brathwaite,0,Manchester Originals,Southern Brave,2021-08-05,,5
e342e5fb,1252689,30,1,19,1,3,0,0,0,0,8,0,20,0,0,0,0,5,male,The Hundred Men's Competition,T20,CR Brathwaite,caught,Manchester Originals,London Spirit,2021-08-10,,5
e342e5fb,1252691,21,1,15,0,3,1,0,0,0,9,0,36,0,0,0,0,4,male,The Hundred Men's Competition,T20,CR Brathwaite,caught,Manchester Originals,Northern Superchargers,2021-08-12,,5
e342e5fb,1252694,1,1,2,0,0,1,0,0,0,1,0,22,0,0,0,0,5,male,The Hundred Men's Competition,T20,CR Brathwaite,0,Manchester Originals,Trent Rockets,2021-08-15,,5
e342e5fb,1269702,0,1,1,0,0,1,0,0,0,1,0,0,0,0,0,0,0,male,Caribbean Premier League,T20,CR Brathwaite,0,Jamaica Tallawahs,St Lucia Kings,2021-08-27,,6
e342e5fb,1269705,29,1,30,3,1,1,0,0,0,16,0,0,0,0,0,0,0,male,Caribbean Premier League,T20,CR Brathwaite,caught,Jamaica Tallawahs,Barbados Royals,2021-08-28,,6
e342e5fb,1269709,0,0,0,0,0,1,0,0,0,0,0,0,0,0,0,0,0,male,Caribbean Premier League,T20,CR Brathwaite,0,Jamaica Tallawahs,Barbados Royals,2021-08-31,,6
e342e5fb,1269711,27,1,16,2,2,0,0,0,0,6,0,0,0,0,0,0,0,male,Caribbean Premier League,T20,CR Brathwaite,0,Jamaica Tallawahs,St Kitts and Nevis Patriots,2021-09-01,,6
e342e5fb,1269717,58,1,41,7,2,0,0,0,0,16,0,8,0,0,0,0,3,male,Caribbean Premier League,T20,CR Brathwaite,0,Jamaica Tallawahs,Trinbago Knight Riders,2021-09-05,,6
e342e5fb,1269718,14,1,9,0,2,0,0,0,0,5,0,16,1,0,0,0,5,male,Caribbean Premier League,T20,CR Brathwaite,caught,Jamaica Tallawahs,Trinbago Knight Riders,2021-09-07,,6
e342e5fb,1269720,1,1,3,0,0,0,0,1,0,2,0,19,0,0,0,0,4,male,Caribbean Premier League,T20,CR Brathwaite,caught,Jamaica Tallawahs,St Kitts and Nevis Patriots,2021-09-08,,6
e342e5fb,1269723,2,1,3,0,0,1,0,0,0,1,0,14,2,0,0,0,8,male,Caribbean Premier League,T20,CR Brathwaite,0,Jamaica Tallawahs,St Lucia Kings,2021-09-09,,6
e342e5fb,1269725,1,1,3,0,0,0,0,0,0,2,0,35,1,0,0,0,8,male,Caribbean Premier League,T20,CR Brathwaite,caught,Jamaica Tallawahs,Guyana Amazon Warriors,2021-09-11,,6
e342e5fb,1269728,15,1,15,0,2,0,0,0,0,10,0,9,0,0,0,0,4,male,Caribbean Premier League,T20,CR Brathwaite,caught,Jamaica Tallawahs,Guyana Amazon Warriors,2021-09-12,,6
e342e5fb,1297796,1,0,1,0,0,0,0,0,0,0,0,25,1,0,0,0,7,male,Vitality Blast,T20,CR Brathwaite,0,Birmingham Bears,Northamptonshire,2022-05-26,,6
e342e5fb,1297806,10,1,3,1,1,2,0,0,0,1,0,41,0,0,0,0,6,male,Vitality Blast,T20,CR Brathwaite,0,Birmingham Bears,Derbyshire,2022-05-27,,6
e342e5fb,1297809,23,0,20,4,0,0,0,0,0,9,0,17,1,0,0,0,3,male,Vitality Blast,T20,CR Brathwaite,0,Birmingham Bears,Durham,2022-05-29,,6
e342e5fb,1297826,28,0,19,1,2,1,0,0,0,4,0,30,0,0,0,0,2,male,Vitality Blast,T20,CR Brathwaite,0,Birmingham Bears,Leicestershire,2022-06-02,,6
e342e5fb,1297833,5,0,2,1,0,1,0,0,0,0,0,49,2,0,0,0,5,male,Vitality Blast,T20,CR Brathwaite,0,Birmingham Bears,Worcestershire,2022-06-03,,6
e342e5fb,1297839,17,1,11,2,1,0,0,0,0,6,0,8,1,0,0,0,2,male,Vitality Blast,T20,CR Brathwaite,retired out,Birmingham Bears,Nottinghamshire,2022-06-05,,6
e342e5fb,1297851,0,0,0,0,0,0,0,0,0,0,0,37,1,0,0,0,8,male,Vitality Blast,T20,CR Brathwaite,0,Birmingham Bears,Durham,2022-06-08,,6
e342e5fb,1297857,4,1,10,0,0,0,0,0,0,6,0,23,0,0,0,0,8,male,Vitality Blast,T20,CR Brathwaite,0,Birmingham Bears,Yorkshire,2022-06-10,,6
e342e5fb,1297871,0,0,0,0,0,1,0,0,0,0,0,32,3,1,0,0,11,male,Vitality Blast,T20,CR Brathwaite,0,Birmingham Bears,Nottinghamshire,2022-06-17,,6
e342e5fb,1297877,18,1,14,2,1,0,0,0,0,7,0,34,1,0,0,0,9,male,Vitality Blast,T20,CR Brathwaite,0,Birmingham Bears,Derbyshire,2022-06-19,,6
e342e5fb,1297888,0,0,0,0,0,0,0,0,0,0,0,43,1,1,0,0,12,male,Vitality Blast,T20,CR Brathwaite,0,Birmingham Bears,Northamptonshire,2022-06-22,,6
e342e5fb,1297897,0,1,1,0,0,1,0,0,0,1,0,12,0,0,0,0,0,male,Vitality Blast,T20,CR Brathwaite,bowled,Birmingham Bears,Worcestershire,2022-06-24,,6
e342e5fb,1297904,6,0,1,0,1,2,0,0,0,0,0,34,3,0,0,0,12,male,Vitality Blast,T20,CR Brathwaite,0,Birmingham Bears,Yorkshire,2022-07-01,,6
e342e5fb,1297914,6,1,4,1,0,1,0,0,0,2,0,39,1,0,0,0,8,male,Vitality Blast,T20,CR Brathwaite,0,Birmingham Bears,Lancashire,2022-07-03,,6
e342e5fb,1297921,4,1,2,1,0,0,0,0,0,1,0,31,4,1,0,0,12,male,Vitality Blast,T20,CR Brathwaite,caught,Birmingham Bears,Hampshire,2022-07-07,,6
e342e5fb,1324520,20,0,13,2,0,0,0,0,0,1,0,22,1,0,0,0,5,male,Lanka Premier League,T20,CR Brathwaite,0,Kandy Falcons,Colombo Stars,2022-12-06,,6
e342e5fb,1324522,4,0,4,1,0,0,0,0,0,3,0,14,4,1,0,1,16,male,Lanka Premier League,T20,CR Brathwaite,0,Kandy Falcons,Galle Gladiators,2022-12-07,,6
e342e5fb,1324524,3,1,6,0,0,0,0,0,0,3,0,19,0,0,0,0,5,male,Lanka Premier League,T20,CR Brathwaite,0,Kandy Falcons,Jaffna Kings,2022-12-10,,6
e342e5fb,1324527,4,1,9,0,0,0,0,0,0,5,0,18,3,0,1,1,16,male,Lanka Premier League,T20,CR Brathwaite,caught,Kandy Falcons,Galle Gladiators,2022-12-12,,6
e342e5fb,1324529,0,0,0,0,0,0,0,0,0,0,0,25,3,0,1,0,10,male,Lanka Premier League,T20,CR Brathwaite,0,Kandy Falcons,Dambulla Aura,2022-12-13,,6
e342e5fb,1324531,0,1,1,0,0,0,0,0,0,1,0,19,4,0,0,0,12,male,Lanka Premier League,T20,CR Brathwaite,0,Kandy Falcons,Jaffna Kings,2022-12-14,,6
e342e5fb,1324539,12,1,10,0,1,0,0,0,0,4,0,32,2,0,0,0,11,male,Lanka Premier League,T20,CR Brathwaite,caught,Kandy Falcons,Jaffna Kings,2022-12-21,,6
e342e5fb,1324541,15,0,5,1,1,0,0,0,0,0,0,31,1,0,0,0,6,male,Lanka Premier League,T20,CR Brathwaite,0,Kandy Falcons,Colombo Stars,2022-12-22,,6
e342e5fb,1346942,6,0,7,0,0,0,0,0,0,2,0,34,1,0,0,0,12,male,International League T20,T20,CR Brathwaite,0,Gulf Giants,Desert Vipers,2023-02-04,,6
e342e5fb,1346945,0,0,0,0,0,0,0,0,0,0,0,16,2,0,0,0,9,male,International League T20,T20,CR Brathwaite,0,Gulf Giants,Sharjah Warriors,2023-02-06,,6
e342e5fb,1346946,18,1,18,1,1,0,0,0,0,9,0,33,1,1,0,0,11,male,International League T20,T20,CR Brathwaite,caught,Gulf Giants,Desert Vipers,2023-02-08,,6
e342e5fb,1346948,13,1,9,1,1,0,0,0,0,4,0,34,1,0,0,0,13,male,International League T20,T20,CR Brathwaite,0,Gulf Giants,MI Emirates,2023-02-10,,6
e342e5fb,1346949,0,0,0,0,0,1,0,1,0,0,0,19,3,1,0,0,14,male,International League T20,T20,CR Brathwaite,0,Gulf Giants,Desert Vipers,2023-02-12,,6
e342e5fb,1354928,0,0,0,0,0,1,0,0,0,0,0,24,1,1,0,0,7,male,Pakistan Super League,T20,CR Brathwaite,0,Multan Sultans,Peshawar Zalmi,2023-02-17,,6
e342e5fb,1354930,0,0,0,0,0,0,0,0,0,0,0,30,0,0,0,0,4,male,Pakistan Super League,T20,CR Brathwaite,0,Multan Sultans,Islamabad United,2023-02-19,,6
e342e5fb,1354934,0,0,0,0,0,0,0,0,0,0,0,19,0,0,0,0,1,male,Pakistan Super League,T20,CR Brathwaite,0,Multan Sultans,Karachi Kings,2023-02-22,,6
e342e5fb,1354937,1,1,4,0,0,0,0,0,0,3,0,11,0,0,0,0,1,male,Pakistan Super League,T20,CR Brathwaite,bowled,Multan Sultans,Karachi Kings,2023-02-26,,6
e342e5fb,1369575,0,0,0,0,0,0,0,0,0,0,0,67,1,0,0,0,4,male,Caribbean Premier League,T20,CR Brathwaite,0,Barbados Royals,St Kitts and Nevis Patriots,2023-09-03,,6
e342e5fb,1369580,12,1,7,2,0,1,0,0,0,2,0,27,4,1,0,0,13,male,Caribbean Premier League,T20,CR Brathwaite,caught,Barbados Royals,Guyana Amazon Warriors,2023-09-10,,6
e342e5fb,1369587,18,0,14,1,1,0,0,0,0,4,0,15,0,0,0,0,2,male,Caribbean Premier League,T20,CR Brathwaite,0,Barbados Royals,Guyana Amazon Warriors,2023-09-17,,6
e342e5fb,1406899,1,1,2,0,0,1,0,0,0,1,0,26,3,1,0,0,12,male,International League T20,T20,CR Brathwaite,bowled,Gulf Giants,Dubai Capitals,2024-01-27,,6
e342e5fb,1406904,1,0,1,0,0,1,0,0,0,0,0,29,0,0,0,0,9,male,International League T20,T20,CR Brathwaite,0,Gulf Giants,Abu Dhabi Knight Riders,2024-01-31,,6
e342e5fb,1406907,0,0,0,0,0,0,0,0,0,0,0,34,1,0,0,0,6,male,International League T20,T20,CR Brathwaite,0,Gulf Giants,Desert Vipers,2024-02-03,,6
e342e5fb,1406921,0,0,0,0,0,0,0,0,0,0,0,10,0,0,0,0,4,male,International League T20,T20,CR Brathwaite,0,Gulf Giants,Dubai Capitals,2024-02-15,,6
e342e5fb,1416475,6,1,4,1,0,0,0,0,0,2,0,0,0,0,0,0,0,male,Pakistan Super League,T20,CR Brathwaite,0,Lahore Qalandars,Quetta Gladiators,2024-02-19,,6
e342e5fb,1416478,15,0,10,1,1,0,0,0,0,4,0,7,0,0,0,0,4,male,Pakistan Super League,T20,CR Brathwaite,0,Lahore Qalandars,Multan Sultans,2024-02-21,,6
e342e5fb,1416483,6,0,2,0,1,0,0,0,0,1,0,35,0,0,0,0,4,male,Pakistan Super League,T20,CR Brathwaite,0,Lahore Qalandars,Peshawar Zalmi,2024-02-25,,6
e342e5fb,1416485,14,0,7,1,1,0,0,0,0,2,0,36,1,0,0,0,7,male,Pakistan Super League,T20,CR Brathwaite,0,Lahore Qalandars,Multan Sultans,2024-02-27,,6
