player_id,match_id,runs_scored,player_out,balls_faced,fours_scored,sixes_scored,catches_taken,run_out_direct,run_out_throw,stumpings_done,dot_balls_as_batsman,order_seenballs_bowled,runs_conceded,wickets_taken,bowled_done,lbw_done,maidens,dot_balls_as_bowler,gender,series_name,match_type,name,out_kind,player_team,opposition_team,start_date,end_date,balls_per_over
7a80ddf2,433593,0,0,1,0,0,0,0,0,0,1,0,34,3,0,0,0,33,male,ICC Cricket World Cup,ODI,D Bishoo,0,West Indies,England,2011-03-17,,6
7a80ddf2,433599,6,0,11,1,0,0,0,0,0,8,0,48,0,0,0,0,29,male,ICC Cricket World Cup,ODI,D Bishoo,0,West Indies,India,2011-03-20,,6
7a80ddf2,433600,0,1,3,0,0,0,0,0,0,3,0,24,0,0,0,1,21,male,ICC Cricket World Cup,ODI,D Bishoo,bowled,West Indies,Pakistan,2011-03-23,,6
7a80ddf2,489212,0,0,0,0,0,0,0,0,0,0,0,17,4,1,0,0,15,male,,T20,D Bishoo,0,West Indies,Pakistan,2011-04-21,,6
7a80ddf2,489213,0,0,0,0,0,0,0,0,0,0,0,48,1,0,0,0,36,male,Pakistan in West Indies ODI Series,ODI,D Bishoo,0,West Indies,Pakistan,2011-04-23,,6
7a80ddf2,489214,4,1,4,1,0,0,0,0,0,3,0,36,1,0,0,1,37,male,Pakistan in West Indies ODI Series,ODI,D Bishoo,0,West Indies,Pakistan,2011-04-25,,6
7a80ddf2,489215,0,1,1,0,0,1,0,0,0,1,0,44,3,1,1,0,34,male,Pakistan in West Indies ODI Series,ODI,D Bishoo,0,West Indies,Pakistan,2011-04-28,,6
7a80ddf2,489216,0,0,0,0,0,0,0,0,0,0,0,37,3,2,0,0,34,male,Pakistan in West Indies ODI Series,ODI,D Bishoo,0,West Indies,Pakistan,2011-05-02,,6
7a80ddf2,489217,0,0,0,0,0,0,0,0,0,0,0,26,1,0,1,0,26,male,Pakistan in West Indies ODI Series,ODI,D Bishoo,0,West Indies,Pakistan,2011-05-05,,6
7a80ddf2,489218,39,1,98,3,0,0,0,0,0,77,0,133,4,0,3,11,216,male,Pakistan in West Indies Test Series,Test,D Bishoo,0,West Indies,Pakistan,2011-05-12,2011-05-13,6
7a80ddf2,489219,4,2,17,0,0,1,0,0,0,14,0,229,5,1,1,16,314,male,Pakistan in West Indies Test Series,Test,D Bishoo,0,West Indies,Pakistan,2011-05-20,2011-05-21,6
7a80ddf2,489220,0,0,0,0,0,0,0,0,0,0,0,31,1,0,0,0,9,male,,T20,D Bishoo,0,West Indies,India,2011-06-04,,6
7a80ddf2,489221,0,1,5,0,0,0,0,0,0,5,0,37,1,0,0,1,35,male,India in West Indies ODI Series,ODI,D Bishoo,lbw,West Indies,India,2011-06-06,,6
7a80ddf2,489222,0,1,2,0,0,0,0,0,0,2,0,37,1,0,0,0,19,male,India in West Indies ODI Series,ODI,D Bishoo,0,West Indies,India,2011-06-08,,6
7a80ddf2,489223,0,0,0,0,0,0,0,0,0,0,0,41,2,0,0,0,31,male,India in West Indies ODI Series,ODI,D Bishoo,0,West Indies,India,2011-06-11,,6
7a80ddf2,489226,30,2,35,3,1,3,0,0,0,21,0,141,7,0,0,5,154,male,India in West Indies Test Series,Test,D Bishoo,0,West Indies,India,2011-06-20,2011-06-21,6
7a80ddf2,489227,13,1,18,1,0,0,0,0,0,12,0,113,2,0,0,4,176,male,India in West Indies Test Series,Test,D Bishoo,0,West Indies,India,2011-06-28,2011-06-29,6
7a80ddf2,489228,1,2,11,0,0,2,0,0,0,10,0,143,2,0,0,2,191,male,India in West Indies Test Series,Test,D Bishoo,caught,West Indies,India,2011-07-06,2011-07-07,6
7a80ddf2,525816,0,1,2,0,0,0,0,0,0,2,0,28,0,0,0,0,9,male,West Indies in England T20I Series,T20,D Bishoo,0,West Indies,England,2011-09-23,,6
7a80ddf2,525817,0,0,0,0,0,0,1,0,0,0,0,22,1,0,1,0,13,male,West Indies in England T20I Series,T20,D Bishoo,0,West Indies,England,2011-09-25,,6
7a80ddf2,531983,0,0,0,0,0,0,0,0,0,0,0,45,1,0,0,0,17,male,West Indies in Bangladesh ODI Series,ODI,D Bishoo,0,West Indies,Bangladesh,2011-10-13,,6
7a80ddf2,531984,0,0,0,0,0,1,0,0,0,0,0,21,0,0,0,0,12,male,West Indies in Bangladesh ODI Series,ODI,D Bishoo,0,West Indies,Bangladesh,2011-10-15,,6
7a80ddf2,531986,0,1,3,0,0,1,0,0,0,3,0,85,2,0,0,6,133,male,West Indies in Bangladesh Test Series,Test,D Bishoo,0,West Indies,Bangladesh,2011-10-21,2011-10-22,6
7a80ddf2,531987,2,0,9,0,0,0,0,1,0,7,0,156,8,3,2,9,202,male,West Indies in Bangladesh Test Series,Test,D Bishoo,0,West Indies,Bangladesh,2011-10-29,2011-10-30,6
7a80ddf2,535997,9,0,20,1,0,0,0,0,0,16,0,121,2,0,1,2,154,male,West Indies in India Test Series,Test,D Bishoo,0,West Indies,India,2011-11-06,2011-11-07,6
7a80ddf2,535998,8,1,29,1,0,0,0,0,0,24,0,157,1,0,0,2,154,male,West Indies in India Test Series,Test,D Bishoo,0,West Indies,India,2011-11-14,2011-11-15,6
7a80ddf2,535999,12,2,22,2,0,0,0,0,0,17,0,171,3,0,0,6,232,male,West Indies in India Test Series,Test,D Bishoo,0,West Indies,India,2011-11-22,2011-11-23,6
7a80ddf2,540176,25,0,69,3,0,1,0,0,0,55,0,171,1,0,0,9,226,male,The Frank Worrell Trophy,Test,D Bishoo,0,West Indies,Australia,2012-04-07,2012-04-08,6
7a80ddf2,635229,8,0,5,1,0,0,0,0,0,1,0,14,0,0,0,0,7,male,Caribbean Premier League,T20,D Bishoo,0,Barbados Tridents,Antigua Hawksbills,2013-08-13,,6
7a80ddf2,766931,45,1,78,6,0,0,0,0,0,60,0,213,3,0,0,10,246,male,The Wisden Trophy,Test,D Bishoo,lbw,West Indies,England,2015-04-21,2015-04-22,6
7a80ddf2,810423,10,1,43,1,0,0,0,0,0,37,0,82,5,2,0,10,161,male,The Frank Worrell Trophy,Test,D Bishoo,0,West Indies,Australia,2015-06-03,2015-06-04,6
7a80ddf2,857723,0,0,0,0,0,0,0,0,0,0,0,13,1,0,0,0,5,male,Caribbean Premier League,T20,D Bishoo,0,Guyana Amazon Warriors,St Kitts and Nevis Patriots,2015-07-03,,6
7a80ddf2,857729,5,0,6,0,0,0,0,0,0,1,0,26,2,1,0,0,12,male,Caribbean Premier League,T20,D Bishoo,0,Guyana Amazon Warriors,Trinidad & Tobago Red Steel,2015-07-04,,6
7a80ddf2,857735,0,0,0,0,0,0,0,0,0,0,0,20,1,0,0,0,10,male,Caribbean Premier League,T20,D Bishoo,0,Guyana Amazon Warriors,St Kitts and Nevis Patriots,2015-07-08,,6
7a80ddf2,857753,0,0,0,0,0,2,0,0,0,0,0,19,0,0,0,0,8,male,Caribbean Premier League,T20,D Bishoo,0,Guyana Amazon Warriors,St Lucia Zouks,2015-07-17,,6
7a80ddf2,857757,0,0,0,0,0,0,0,0,0,0,0,23,2,1,0,0,13,male,Caribbean Premier League,T20,D Bishoo,0,Guyana Amazon Warriors,Barbados Tridents,2015-07-18,,6
7a80ddf2,857761,0,0,0,0,0,0,0,0,0,0,0,20,2,1,0,0,11,male,Caribbean Premier League,T20,D Bishoo,0,Guyana Amazon Warriors,Trinidad & Tobago Red Steel,2015-07-21,,6
7a80ddf2,857765,2,0,3,0,0,0,0,0,0,2,0,15,1,0,0,1,16,male,Caribbean Premier League,T20,D Bishoo,0,Guyana Amazon Warriors,Trinidad & Tobago Red Steel,2015-07-25,,6
7a80ddf2,915773,33,1,73,5,0,0,0,0,0,58,0,144,4,0,1,3,161,male,Sobers/Tissera Trophy,Test,D Bishoo,0,West Indies,Sri Lanka,2015-10-14,2015-10-15,6
7a80ddf2,915775,13,1,34,1,0,1,0,0,0,27,0,82,0,0,0,3,116,male,Sobers/Tissera Trophy,Test,D Bishoo,0,West Indies,Sri Lanka,2015-10-22,2015-10-23,6
7a80ddf2,915783,6,0,5,1,0,0,0,0,0,2,0,11,0,0,0,0,0,male,West Indies in Sri Lanka T20I Series,T20,D Bishoo,0,West Indies,Sri Lanka,2015-11-09,,6
7a80ddf2,994669,0,0,0,0,0,0,0,0,0,0,0,28,0,0,0,0,5,male,Caribbean Premier League,T20,D Bishoo,0,Guyana Amazon Warriors,St Kitts and Nevis Patriots,2016-06-30,,6
7a80ddf2,1022593,57,2,120,7,1,0,0,0,0,96,0,166,3,0,1,1,165,male,India in West Indies Test Series,Test,D Bishoo,0,West Indies,India,2016-07-21,2016-07-22,6
7a80ddf2,1022595,12,1,34,0,0,0,0,0,0,27,0,107,1,0,1,5,153,male,India in West Indies Test Series,Test,D Bishoo,caught,West Indies,India,2016-07-30,2016-07-31,6
7a80ddf2,1022599,0,0,0,0,0,0,0,0,0,0,0,0,0,0,0,0,0,male,India in West Indies Test Series,Test,D Bishoo,0,West Indies,India,2016-08-18,2016-08-19,6
7a80ddf2,1050229,20,2,60,2,0,0,0,0,0,50,0,181,9,4,1,4,184,male,Pakistan v West Indies Test Series,Test,D Bishoo,0,West Indies,Pakistan,2016-10-13,2016-10-14,6
7a80ddf2,1050231,46,2,120,2,0,1,0,0,0,85,0,192,1,1,0,0,160,male,Pakistan v West Indies Test Series,Test,D Bishoo,0,West Indies,Pakistan,2016-10-21,2016-10-22,6
7a80ddf2,1050233,27,1,85,2,0,1,0,0,0,67,0,123,6,0,1,5,168,male,Pakistan v West Indies Test Series,Test,D Bishoo,0,West Indies,Pakistan,2016-10-30,2016-10-31,6
7a80ddf2,1059715,0,0,0,0,0,0,0,0,0,0,0,30,3,3,0,1,40,male,Zimbabwe Tri-Nation Series,ODI,D Bishoo,0,West Indies,Zimbabwe,2016-11-25,,6
7a80ddf2,1027315,12,0,6,2,0,0,0,0,0,0,0,50,1,0,0,0,17,male,England in West Indies ODI Series,ODI,D Bishoo,0,West Indies,England,2017-03-03,,6
7a80ddf2,1027317,0,1,1,0,0,0,0,0,0,1,0,43,2,0,0,0,41,male,England in West Indies ODI Series,ODI,D Bishoo,0,West Indies,England,2017-03-05,,6
7a80ddf2,1027319,10,1,27,1,0,1,0,1,0,20,0,44,0,0,0,0,15,male,England in West Indies ODI Series,ODI,D Bishoo,caught,West Indies,England,2017-03-09,,6
7a80ddf2,1077949,0,0,0,0,0,0,0,0,0,0,0,36,0,0,0,0,15,male,Pakistan in West Indies ODI Series,ODI,D Bishoo,0,West Indies,Pakistan,2017-04-07,,6
7a80ddf2,1077950,16,1,18,2,0,0,0,0,0,11,0,40,1,0,0,0,31,male,Pakistan in West Indies ODI Series,ODI,D Bishoo,lbw,West Indies,Pakistan,2017-04-09,,6
7a80ddf2,1077951,0,0,0,0,0,0,0,0,0,0,0,42,0,0,0,1,36,male,Pakistan in West Indies ODI Series,ODI,D Bishoo,0,West Indies,Pakistan,2017-04-11,,6
7a80ddf2,1077953,46,2,118,3,1,0,0,0,0,94,0,127,2,1,1,2,150,male,Pakistan in West Indies Test Series,Test,D Bishoo,0,West Indies,Pakistan,2017-04-21,2017-04-22,6
7a80ddf2,1077954,34,2,80,3,0,0,0,0,0,62,0,118,3,0,0,11,191,male,Pakistan in West Indies Test Series,Test,D Bishoo,0,West Indies,Pakistan,2017-04-30,2017-05-01,6
7a80ddf2,1077955,3,2,46,0,0,1,0,0,0,44,0,115,3,0,0,6,165,male,Pakistan in West Indies Test Series,Test,D Bishoo,caught,West Indies,Pakistan,2017-05-10,2017-05-11,6
7a80ddf2,1098206,0,0,0,0,0,0,0,0,0,0,0,39,1,0,1,0,27,male,India in West Indies ODI Series,ODI,D Bishoo,0,West Indies,India,2017-06-23,,6
7a80ddf2,1098207,0,0,0,0,0,0,0,0,0,0,0,60,0,0,0,0,20,male,India in West Indies ODI Series,ODI,D Bishoo,0,West Indies,India,2017-06-25,,6
7a80ddf2,1098208,4,0,11,0,0,1,0,0,0,7,0,38,1,0,1,0,35,male,India in West Indies ODI Series,ODI,D Bishoo,0,West Indies,India,2017-06-30,,6
7a80ddf2,1098209,15,1,30,0,0,0,0,0,0,17,0,31,1,0,0,1,36,male,India in West Indies ODI Series,ODI,D Bishoo,0,West Indies,India,2017-07-02,,6
7a80ddf2,1098210,6,1,15,1,0,0,0,0,0,12,0,42,1,0,1,0,24,male,India in West Indies ODI Series,ODI,D Bishoo,0,West Indies,India,2017-07-06,,6
7a80ddf2,1031661,1,1,33,0,0,0,0,0,0,32,0,95,2,0,0,1,131,male,West Indies tour of England,Test,D Bishoo,0,West Indies,England,2017-08-25,2017-08-26,6
7a80ddf2,1031663,13,1,46,3,0,0,0,0,0,42,0,35,1,0,1,2,48,male,West Indies tour of England,Test,D Bishoo,0,West Indies,England,2017-09-07,2017-09-08,6
7a80ddf2,1031667,5,1,10,0,0,0,0,0,0,5,0,48,0,0,0,0,13,male,West Indies tour of England,ODI,D Bishoo,0,West Indies,England,2017-09-19,,6
7a80ddf2,1031671,12,1,14,2,0,0,0,0,0,8,0,33,0,0,0,0,7,male,West Indies tour of England,ODI,D Bishoo,0,West Indies,England,2017-09-24,,6
7a80ddf2,1122886,44,2,76,4,1,0,0,0,0,54,0,188,8,0,2,11,242,male,West Indies tour of Zimbabwe,Test,D Bishoo,caught,West Indies,Zimbabwe,2017-10-21,2017-10-22,6
7a80ddf2,1122887,23,1,52,1,0,0,0,0,0,36,0,160,4,2,0,8,260,male,West Indies tour of Zimbabwe,Test,D Bishoo,0,West Indies,Zimbabwe,2017-10-29,2017-10-30,6
7a80ddf2,1133026,0,0,0,0,0,0,0,0,0,0,0,73,0,0,0,0,26,male,ICC Cricket World Cup Qualifier (ICC Trophy),ODI,D Bishoo,0,West Indies,Zimbabwe,2018-03-19,,6
7a80ddf2,1135149,56,1,205,7,0,1,0,0,0,173,0,73,4,0,1,4,149,male,Sri Lanka tour of West Indies,Test,D Bishoo,0,West Indies,Sri Lanka,2018-06-06,2018-06-07,6
7a80ddf2,1135150,2,1,13,0,0,1,0,0,0,11,0,73,0,0,0,3,88,male,Sri Lanka tour of West Indies,Test,D Bishoo,0,West Indies,Sri Lanka,2018-06-14,2018-06-15,6
7a80ddf2,1135151,0,2,15,0,0,1,0,0,0,15,0,5,0,0,0,0,9,male,Sri Lanka tour of West Indies,Test,D Bishoo,caught,West Indies,Sri Lanka,2018-06-23,2018-06-24,6
7a80ddf2,1146717,19,1,79,2,0,0,0,0,0,67,0,16,0,0,0,1,22,male,Bangladesh tour of West Indies and United States of America,Test,D Bishoo,bowled,West Indies,Bangladesh,2018-07-04,2018-07-05,6
7a80ddf2,1146720,29,0,40,3,0,1,0,0,0,23,0,54,1,0,0,0,27,male,Bangladesh tour of West Indies and United States of America,ODI,D Bishoo,0,West Indies,Bangladesh,2018-07-22,,6
7a80ddf2,1146721,0,1,2,0,0,0,0,0,0,2,0,40,0,0,0,0,32,male,Bangladesh tour of West Indies and United States of America,ODI,D Bishoo,0,West Indies,Bangladesh,2018-07-25,,6
7a80ddf2,1146722,0,0,0,0,0,0,0,0,0,0,0,42,1,0,0,1,31,male,Bangladesh tour of West Indies and United States of America,ODI,D Bishoo,0,West Indies,Bangladesh,2018-07-28,,6
7a80ddf2,1148657,0,0,0,0,0,0,0,0,0,0,0,34,1,0,0,0,3,male,Caribbean Premier League,T20,D Bishoo,0,Guyana Amazon Warriors,Jamaica Tallawahs,2018-08-18,,6
7a80ddf2,1148661,0,0,0,0,0,0,0,0,0,0,0,55,1,1,0,0,8,male,Caribbean Premier League,T20,D Bishoo,0,Guyana Amazon Warriors,St Lucia Stars,2018-08-24,,6
7a80ddf2,1148676,0,0,0,0,0,1,0,0,0,0,0,32,0,0,0,0,2,male,Caribbean Premier League,T20,D Bishoo,0,Guyana Amazon Warriors,Trinbago Knight Riders,2018-09-09,,6
7a80ddf2,1157752,26,1,38,5,0,1,0,0,0,28,0,221,4,0,1,3,196,male,West Indies tour of India,Test,D Bishoo,0,West Indies,India,2018-10-04,2018-10-05,6
7a80ddf2,1157753,12,1,48,2,0,0,0,0,0,42,0,97,0,0,0,4,95,male,West Indies tour of India,Test,D Bishoo,0,West Indies,India,2018-10-12,2018-10-13,6
7a80ddf2,1157754,22,0,27,3,0,0,0,0,0,14,0,72,0,0,0,0,32,male,West Indies tour of India,ODI,D Bishoo,0,West Indies,India,2018-10-21,,6
7a80ddf2,1157755,0,0,0,0,0,0,0,0,0,0,0,48,0,0,0,0,28,male,West Indies tour of India,ODI,D Bishoo,0,West Indies,India,2018-10-24,,6
7a80ddf2,1157758,8,0,15,1,0,0,0,0,0,10,0,16,0,0,0,0,3,male,West Indies tour of India,ODI,D Bishoo,0,West Indies,India,2018-11-01,,6
7a80ddf2,1153311,9,2,36,0,0,0,0,0,0,28,0,88,5,1,0,0,87,male,West Indies tour of Bangladesh,Test,D Bishoo,0,West Indies,Bangladesh,2018-11-22,2018-11-23,6
7a80ddf2,1153312,13,2,41,0,0,0,0,0,0,33,0,109,2,1,1,1,100,male,West Indies tour of Bangladesh,Test,D Bishoo,caught,West Indies,Bangladesh,2018-11-30,2018-12-01,6
7a80ddf2,1153314,0,1,1,0,0,1,0,0,0,1,0,30,0,0,0,0,16,male,West Indies tour of Bangladesh,ODI,D Bishoo,0,West Indies,Bangladesh,2018-12-09,,6
7a80ddf2,1153315,0,0,0,0,0,1,0,0,0,0,0,28,1,0,0,1,37,male,West Indies tour of Bangladesh,ODI,D Bishoo,0,West Indies,Bangladesh,2018-12-11,,6
7a80ddf2,1153316,6,0,12,0,0,0,0,0,0,7,0,48,0,0,0,0,30,male,West Indies tour of Bangladesh,ODI,D Bishoo,0,West Indies,Bangladesh,2018-12-14,,6
7a80ddf2,1158066,9,0,7,0,1,0,0,0,0,3,0,78,1,0,0,0,23,male,England tour of West Indies,ODI,D Bishoo,0,West Indies,England,2019-02-20,,6
7a80ddf2,1158067,0,0,0,0,0,0,0,0,0,0,0,49,0,0,0,0,31,male,England tour of West Indies,ODI,D Bishoo,0,West Indies,England,2019-02-22,,6
7a80ddf2,1158069,0,1,2,0,0,0,0,0,0,2,0,43,0,0,0,0,9,male,England tour of West Indies,ODI,D Bishoo,0,West Indies,England,2019-02-27,,6
7a80ddf2,1158070,0,0,0,0,0,0,0,0,0,0,0,0,0,0,0,0,0,male,England tour of West Indies,ODI,D Bishoo,0,West Indies,England,2019-03-02,,6
7a80ddf2,1158072,8,1,20,1,0,1,0,0,0,15,0,17,0,0,0,0,1,male,England tour of West Indies,T20,D Bishoo,0,West Indies,England,2019-03-08,,6
7a80ddf2,1158073,3,0,3,0,0,0,0,0,0,0,0,11,1,1,0,1,6,male,England tour of West Indies,T20,D Bishoo,0,West Indies,England,2019-03-10,,6
