player_id,match_id,runs_scored,player_out,balls_faced,fours_scored,sixes_scored,catches_taken,run_out_direct,run_out_throw,stumpings_done,dot_balls_as_batsman,order_seenballs_bowled,runs_conceded,wickets_taken,bowled_done,lbw_done,maidens,dot_balls_as_bowler,gender,series_name,match_type,name,out_kind,player_team,opposition_team,start_date,end_date,balls_per_over
83904270,64829,0,0,0,0,0,0,0,0,0,0,0,38,0,0,0,0,39,male,Sri Lanka tour of West Indies,ODI,DBL Powell,0,West Indies,Sri Lanka,2003-06-11,,6
83904270,207334,8,2,21,1,0,0,0,0,0,16,0,104,3,1,0,2,131,male,South Africa tour of West Indies,Test,DBL Powell,lbw,West Indies,South Africa,2005-04-21,2005-04-22,6
83904270,208321,12,1,39,1,0,0,0,0,0,31,0,152,2,0,0,5,157,male,South Africa tour of West Indies,Test,DBL Powell,0,West Indies,South Africa,2005-04-29,2005-04-30,6
83904270,208835,0,0,0,0,0,0,0,0,0,0,0,35,0,0,0,0,30,male,South Africa tour of West Indies,ODI,DBL Powell,0,West Indies,South Africa,2005-05-08,,6
83904270,209582,6,1,11,0,0,0,0,0,0,7,0,38,0,0,0,0,30,male,Pakistan tour of West Indies,ODI,DBL Powell,bowled,West Indies,Pakistan,2005-05-18,,6
83904270,214742,0,1,1,0,0,0,0,0,0,1,0,44,0,0,0,1,46,male,Indian Oil Cup,ODI,DBL Powell,bowled,West Indies,India,2005-07-31,,6
83904270,215134,0,0,0,0,0,1,0,0,0,0,0,28,2,0,0,1,40,male,Indian Oil Cup,ODI,DBL Powell,0,West Indies,Sri Lanka,2005-08-06,,6
83904270,226120,15,2,59,1,0,0,0,0,0,50,0,138,1,0,0,3,125,male,West Indies tour of Australia,Test,DBL Powell,caught,West Indies,Australia,2005-11-17,2005-11-18,6
83904270,257766,9,1,19,2,0,0,0,0,0,16,0,99,1,1,0,9,164,male,West Indies tour of Pakistan,Test,DBL Powell,0,West Indies,Pakistan,2006-11-19,2006-11-20,6
83904270,257771,0,0,0,0,0,1,0,0,0,0,0,34,3,1,0,0,48,male,West Indies in Pakistan ODI Series,ODI,DBL Powell,0,West Indies,Pakistan,2006-12-13,,6
83904270,257772,0,0,0,0,0,0,0,0,0,0,0,52,0,0,0,1,41,male,West Indies in Pakistan ODI Series,ODI,DBL Powell,0,West Indies,Pakistan,2006-12-16,,6
83904270,267708,0,0,0,0,0,0,0,0,0,0,0,42,1,0,0,0,27,male,West Indies in India ODI Series,ODI,DBL Powell,0,West Indies,India,2007-01-27,,6
83904270,267709,1,1,8,0,0,0,0,0,0,7,0,70,1,0,0,0,26,male,West Indies in India ODI Series,ODI,DBL Powell,0,West Indies,India,2007-01-31,,6
83904270,247457,1,0,1,0,0,0,0,0,0,0,0,43,2,0,0,1,41,male,ICC World Cup,ODI,DBL Powell,0,West Indies,Pakistan,2007-03-13,,6
83904270,247469,0,0,0,0,0,1,0,0,0,0,0,15,1,1,0,1,31,male,ICC World Cup,ODI,DBL Powell,0,West Indies,Zimbabwe,2007-03-19,,6
83904270,247477,0,0,0,0,0,0,0,0,0,0,0,28,2,0,0,1,44,male,ICC World Cup,ODI,DBL Powell,0,West Indies,Ireland,2007-03-23,,6
83904270,247481,5,1,10,0,0,0,0,0,0,5,0,58,2,1,0,1,40,male,ICC World Cup,ODI,DBL Powell,0,West Indies,Australia,2007-03-27,2007-03-28,6
83904270,247483,0,1,1,0,0,0,0,0,0,1,0,40,2,1,0,1,47,male,ICC World Cup,ODI,DBL Powell,0,West Indies,New Zealand,2007-03-29,,6
83904270,247486,2,1,4,0,0,0,0,0,0,2,0,39,2,2,0,1,38,male,ICC World Cup,ODI,DBL Powell,bowled,West Indies,Sri Lanka,2007-04-01,,6
83904270,247493,48,0,38,2,3,0,0,0,0,14,0,78,0,0,0,0,28,male,ICC World Cup,ODI,DBL Powell,0,West Indies,South Africa,2007-04-10,,6
83904270,247502,0,0,0,0,0,0,0,0,0,0,0,39,3,0,0,0,43,male,ICC World Cup,ODI,DBL Powell,0,West Indies,Bangladesh,2007-04-19,,6
83904270,247504,0,1,1,0,0,1,0,0,0,1,0,59,0,0,0,0,34,male,ICC World Cup,ODI,DBL Powell,run out,West Indies,England,2007-04-21,,6
83904270,258459,36,0,60,7,0,0,0,0,0,46,0,160,2,0,0,8,205,male,West Indies tour of England and Ireland,Test,DBL Powell,0,West Indies,England,2007-05-17,2007-05-18,6
83904270,258460,8,2,26,1,0,0,0,0,0,23,0,159,2,1,0,4,134,male,West Indies tour of England and Ireland,Test,DBL Powell,lbw,West Indies,England,2007-05-25,2007-05-26,6
83904270,258462,5,2,15,1,0,0,0,0,0,13,0,138,5,2,0,5,172,male,West Indies tour of England and Ireland,Test,DBL Powell,caught,West Indies,England,2007-06-15,2007-06-16,6
83904270,258463,0,0,0,0,0,0,0,0,0,0,0,0,0,0,0,0,0,male,West Indies in England T20I Series,T20,DBL Powell,0,West Indies,England,2007-06-28,,6
83904270,258463,0,0,0,0,0,1,0,0,0,0,0,40,0,0,0,0,7,male,West Indies in England T20I Series,T20,DBL Powell,0,West Indies,England,2007-06-28,,6
83904270,258464,0,0,0,0,0,0,0,0,0,0,0,28,1,1,0,0,15,male,West Indies in England T20I Series,T20,DBL Powell,0,West Indies,England,2007-06-29,,6
83904270,258465,1,1,8,0,0,0,0,0,0,7,0,47,0,0,0,1,34,male,NatWest Series,ODI,DBL Powell,lbw,West Indies,England,2007-07-01,,6
83904270,258466,0,0,0,0,0,1,0,0,0,0,0,47,2,0,0,0,38,male,NatWest Series,ODI,DBL Powell,0,West Indies,England,2007-07-04,,6
83904270,258467,0,0,0,0,0,0,0,0,0,0,0,45,4,0,0,1,43,male,NatWest Series,ODI,DBL Powell,0,West Indies,England,2007-07-07,,6
83904270,295788,0,0,0,0,0,0,0,0,0,0,0,30,2,1,0,0,35,male,Quadrangular Series (Ireland),ODI,DBL Powell,0,West Indies,Ireland,2007-07-14,,6
83904270,287853,0,0,0,0,0,0,0,0,0,0,0,35,0,0,0,0,17,male,ICC World Twenty20,T20,DBL Powell,0,West Indies,South Africa,2007-09-11,,6
83904270,287857,1,0,1,0,0,1,0,0,0,0,0,28,0,0,0,0,9,male,ICC World Twenty20,T20,DBL Powell,0,West Indies,Bangladesh,2007-09-13,,6
83904270,317578,0,0,0,0,0,0,0,0,0,0,0,50,1,0,0,0,35,male,West Indies in Zimbabwe ODI Series,ODI,DBL Powell,0,West Indies,Zimbabwe,2007-11-30,,6
83904270,317579,1,0,1,0,0,0,0,0,0,0,0,39,2,0,0,0,42,male,West Indies in Zimbabwe ODI Series,ODI,DBL Powell,0,West Indies,Zimbabwe,2007-12-02,,6
83904270,317581,0,0,0,0,0,0,0,0,0,0,0,39,0,0,0,1,31,male,West Indies in Zimbabwe ODI Series,ODI,DBL Powell,0,West Indies,Zimbabwe,2007-12-07,,6
83904270,319112,0,0,0,0,0,0,0,0,0,0,0,10,1,0,0,0,14,male,West Indies in South Africa T20I Series,T20,DBL Powell,0,West Indies,South Africa,2007-12-16,,6
83904270,298801,7,1,32,1,0,3,0,0,0,28,0,105,4,1,1,6,131,male,West Indies tour of Zimbabwe and South Africa,Test,DBL Powell,bowled,West Indies,South Africa,2007-12-26,2007-12-27,6
83904270,298802,1,2,25,0,0,0,0,0,0,24,0,185,2,0,0,4,187,male,Sir Vivian Richards Trophy,Test,DBL Powell,caught,West Indies,South Africa,2008-01-02,2008-01-03,6
83904270,298803,15,1,12,3,0,0,0,0,0,6,0,129,1,1,0,1,100,male,Sir Vivian Richards Trophy,Test,DBL Powell,0,West Indies,South Africa,2008-01-10,2008-01-11,6
83904270,298805,0,1,1,0,0,0,0,0,0,1,0,38,1,1,0,1,29,male,West Indies in South Africa ODI Series,ODI,DBL Powell,0,West Indies,South Africa,2008-01-20,,6
83904270,298807,0,0,0,0,0,0,0,0,0,0,0,43,1,0,0,1,42,male,West Indies in South Africa ODI Series,ODI,DBL Powell,0,West Indies,South Africa,2008-01-27,,6
83904270,298808,0,1,1,0,0,0,0,0,0,1,0,51,1,0,0,1,39,male,West Indies in South Africa ODI Series,ODI,DBL Powell,0,West Indies,South Africa,2008-02-01,,6
83904270,298809,0,0,0,0,0,0,0,0,0,0,0,41,2,1,0,0,31,male,West Indies in South Africa ODI Series,ODI,DBL Powell,0,West Indies,South Africa,2008-02-03,,6
83904270,319132,26,2,56,4,0,0,0,0,0,45,0,125,1,1,0,3,166,male,Sri Lanka in West Indies Test Series,Test,DBL Powell,caught,West Indies,Sri Lanka,2008-03-22,2008-03-23,6
83904270,319133,3,1,8,0,0,2,0,0,0,5,0,116,3,0,0,9,141,male,Sri Lanka in West Indies Test Series,Test,DBL Powell,0,West Indies,Sri Lanka,2008-04-03,2008-04-04,6
83904270,319135,0,0,0,0,0,0,0,0,0,0,0,21,0,0,0,0,32,male,Sri Lanka in West Indies ODI Series,ODI,DBL Powell,0,West Indies,Sri Lanka,2008-04-12,,6
83904270,319136,0,0,0,0,0,1,0,0,0,0,0,51,2,0,0,0,33,male,Sri Lanka in West Indies ODI Series,ODI,DBL Powell,0,West Indies,Sri Lanka,2008-04-15,,6
83904270,319139,30,2,52,6,0,1,0,0,0,41,0,140,4,1,0,8,205,male,The Frank Worrell Trophy,Test,DBL Powell,0,West Indies,Australia,2008-05-22,2008-05-23,6
83904270,319140,0,1,2,0,0,0,0,0,0,2,0,148,1,0,0,6,189,male,The Frank Worrell Trophy,Test,DBL Powell,0,West Indies,Australia,2008-05-30,2008-05-31,6
83904270,319141,15,2,24,3,0,1,0,0,0,18,0,86,1,0,0,10,133,male,The Frank Worrell Trophy,Test,DBL Powell,caught,West Indies,Australia,2008-06-12,2008-06-13,6
83904270,319144,21,1,12,1,2,0,0,0,0,4,0,29,1,0,0,2,42,male,Australia in West Indies ODI Series,ODI,DBL Powell,0,West Indies,Australia,2008-06-27,,6
83904270,319145,2,1,4,0,0,0,0,0,0,2,0,33,0,0,0,0,22,male,Australia in West Indies ODI Series,ODI,DBL Powell,0,West Indies,Australia,2008-06-29,,6
83904270,319146,0,0,0,0,0,0,0,0,0,0,0,70,2,0,0,0,34,male,Australia in West Indies ODI Series,ODI,DBL Powell,0,West Indies,Australia,2008-07-04,,6
83904270,319147,10,1,25,1,0,2,0,0,0,18,0,50,0,0,0,0,28,male,Australia in West Indies ODI Series,ODI,DBL Powell,0,West Indies,Australia,2008-07-06,,6
83904270,374059,0,1,1,0,0,0,0,0,0,1,0,63,0,0,0,0,37,male,Pakistan v West Indies ODI Series,ODI,DBL Powell,0,West Indies,Pakistan,2008-11-12,,6
83904270,374060,6,1,7,0,0,1,0,1,0,2,0,51,3,2,0,0,31,male,Pakistan v West Indies ODI Series,ODI,DBL Powell,0,West Indies,Pakistan,2008-11-14,,6
83904270,366711,1,1,4,0,0,0,0,0,0,3,0,32,3,0,0,0,32,male,West Indies in New Zealand ODI Series,ODI,DBL Powell,0,West Indies,New Zealand,2009-01-07,,6
83904270,352661,9,1,23,0,0,0,0,0,0,16,0,66,2,0,0,7,135,male,The Wisden Trophy,Test,DBL Powell,caught,West Indies,England,2009-02-04,2009-02-05,6
83904270,352662,0,0,0,0,0,0,0,0,0,0,0,0,0,0,0,0,0,male,The Wisden Trophy,Test,DBL Powell,0,West Indies,England,2009-02-13,2009-02-14,6
83904270,390680,44,1,141,4,0,0,0,0,0,118,0,140,2,1,0,3,136,male,The Wisden Trophy,Test,DBL Powell,caught,West Indies,England,2009-02-15,2009-02-16,6
83904270,352663,13,0,30,0,0,0,0,0,0,18,0,144,1,1,0,2,152,male,The Wisden Trophy,Test,DBL Powell,0,West Indies,England,2009-02-26,2009-02-27,6
83904270,352664,0,2,32,0,0,0,0,0,0,32,0,80,1,0,0,1,60,male,The Wisden Trophy,Test,DBL Powell,0,West Indies,England,2009-03-06,2009-03-07,6
83904270,352665,0,0,0,0,0,1,0,0,0,0,0,27,1,0,0,0,27,male,England in West Indies ODI Series,ODI,DBL Powell,0,West Indies,England,2009-03-20,,6
