player_id,match_id,runs_scored,player_out,balls_faced,fours_scored,sixes_scored,catches_taken,run_out_direct,run_out_throw,stumpings_done,dot_balls_as_batsman,order_seenballs_bowled,runs_conceded,wickets_taken,bowled_done,lbw_done,maidens,dot_balls_as_bowler,gender,series_name,match_type,name,out_kind,player_team,opposition_team,start_date,end_date,balls_per_over
34b332d3,1148672,0,0,0,0,0,1,0,0,0,0,0,38,0,0,0,0,6,male,Caribbean Premier League,T20,DC Drakes,0,Barbados Tridents,St Kitts and Nevis Patriots,2018-09-04,,6
34b332d3,1148674,0,0,0,0,0,0,0,0,0,0,0,28,0,0,0,0,5,male,Caribbean Premier League,T20,DC Drakes,0,Barbados Tridents,Trinbago Knight Riders,2018-09-07,,6
34b332d3,1185843,0,0,0,0,0,0,0,0,0,0,0,48,0,0,0,0,11,male,Caribbean Premier League,T20,DC Drakes,0,St Kitts and Nevis Patriots,Jamaica Tallawahs,2019-09-10,,6
34b332d3,1185844,34,0,16,3,3,0,0,0,0,6,0,27,0,0,0,0,7,male,Caribbean Premier League,T20,DC Drakes,0,St Kitts and Nevis Patriots,Barbados Tridents,2019-09-11,,6
34b332d3,1185847,2,1,5,0,0,0,0,0,0,4,0,9,0,0,0,0,7,male,Caribbean Premier League,T20,DC Drakes,0,St Kitts and Nevis Patriots,Guyana Amazon Warriors,2019-09-14,,6
34b332d3,1185861,0,0,0,0,0,0,0,0,0,0,0,27,1,1,0,0,11,male,Caribbean Premier League,T20,DC Drakes,0,St Kitts and Nevis Patriots,Barbados Tridents,2019-09-28,,6
34b332d3,1227868,8,1,7,1,0,0,0,0,0,3,0,28,1,0,0,0,9,male,Caribbean Premier League,T20,DC Drakes,0,St Kitts and Nevis Patriots,Guyana Amazon Warriors,2020-08-19,,6
34b332d3,1227887,7,1,7,1,0,0,0,0,0,3,0,37,2,0,0,0,12,male,Caribbean Premier League,T20,DC Drakes,0,St Kitts and Nevis Patriots,Trinbago Knight Riders,2020-09-02,,6
34b332d3,1269701,0,0,0,0,0,0,0,0,0,0,0,17,2,0,0,0,17,male,Caribbean Premier League,T20,DC Drakes,0,St Kitts and Nevis Patriots,Barbados Royals,2021-08-26,,6
34b332d3,1269704,0,0,0,0,0,0,0,0,0,0,0,26,3,0,0,0,12,male,Caribbean Premier League,T20,DC Drakes,0,St Kitts and Nevis Patriots,Guyana Amazon Warriors,2021-08-28,,6
34b332d3,1269707,0,0,0,0,0,0,0,0,0,0,0,33,0,0,0,0,10,male,Caribbean Premier League,T20,DC Drakes,0,St Kitts and Nevis Patriots,Guyana Amazon Warriors,2021-08-29,,6
34b332d3,1269711,0,0,0,0,0,0,0,0,0,0,0,42,2,0,0,0,12,male,Caribbean Premier League,T20,DC Drakes,0,St Kitts and Nevis Patriots,Jamaica Tallawahs,2021-09-01,,6
34b332d3,1269713,28,1,18,3,1,0,0,0,0,6,0,30,0,0,0,0,6,male,Caribbean Premier League,T20,DC Drakes,0,St Kitts and Nevis Patriots,Barbados Royals,2021-09-02,,6
34b332d3,1269714,3,1,6,0,0,1,0,0,0,3,0,40,0,0,0,0,3,male,Caribbean Premier League,T20,DC Drakes,0,St Kitts and Nevis Patriots,St Lucia Kings,2021-09-04,,6
34b332d3,1269720,22,1,12,0,3,1,0,0,0,6,0,40,2,0,0,0,18,male,Caribbean Premier League,T20,DC Drakes,0,St Kitts and Nevis Patriots,Jamaica Tallawahs,2021-09-08,,6
34b332d3,1269726,0,0,0,0,0,1,0,0,0,0,0,33,3,1,0,0,10,male,Caribbean Premier League,T20,DC Drakes,0,St Kitts and Nevis Patriots,Trinbago Knight Riders,2021-09-11,,6
34b332d3,1269729,1,1,6,0,0,0,0,0,0,5,0,12,1,0,0,0,11,male,Caribbean Premier League,T20,DC Drakes,caught,St Kitts and Nevis Patriots,Trinbago Knight Riders,2021-09-12,,6
34b332d3,1269731,0,0,0,0,0,0,0,0,0,0,0,27,2,0,0,0,8,male,Caribbean Premier League,T20,DC Drakes,0,St Kitts and Nevis Patriots,Guyana Amazon Warriors,2021-09-14,,6
34b332d3,1269732,48,0,24,3,3,0,0,0,0,5,0,38,1,0,0,0,10,male,Caribbean Premier League,T20,DC Drakes,0,St Kitts and Nevis Patriots,St Lucia Kings,2021-09-15,,6
34b332d3,1287773,5,1,6,1,0,0,0,0,0,4,0,43,1,0,0,0,3,male,West Indies tour of Pakistan,T20,DC Drakes,caught,West Indies,Pakistan,2021-12-13,,6
34b332d3,1287774,0,1,1,0,0,0,0,0,0,1,0,34,0,0,0,0,6,male,West Indies tour of Pakistan,T20,DC Drakes,caught,West Indies,Pakistan,2021-12-14,,6
34b332d3,1287775,0,0,0,0,0,0,0,0,0,0,0,37,1,0,0,0,7,male,West Indies tour of Pakistan,T20,DC Drakes,0,West Indies,Pakistan,2021-12-16,,6
34b332d3,1256723,0,0,0,0,0,0,0,0,0,0,0,27,0,0,0,0,4,male,England tour of West Indies,T20,DC Drakes,0,West Indies,England,2022-01-29,,6
34b332d3,1278681,4,1,3,1,0,0,0,0,0,2,0,41,1,1,0,0,6,male,West Indies tour of India,T20,DC Drakes,caught,West Indies,India,2022-02-20,,6
34b332d3,1297832,0,0,0,0,0,1,0,0,0,0,0,44,2,0,0,0,13,male,Vitality Blast,T20,DC Drakes,0,Yorkshire,Durham,2022-06-03,,6
34b332d3,1297843,0,0,0,0,0,1,0,0,0,0,0,31,3,2,0,0,9,male,Vitality Blast,T20,DC Drakes,0,Yorkshire,Nottinghamshire,2022-06-06,,6
34b332d3,1297849,4,1,9,0,0,1,0,0,0,6,0,38,1,0,0,0,13,male,Vitality Blast,T20,DC Drakes,caught,Yorkshire,Lancashire,2022-06-08,,6
34b332d3,1297857,0,0,0,0,0,0,0,0,0,0,0,18,2,1,0,0,12,male,Vitality Blast,T20,DC Drakes,0,Yorkshire,Birmingham Bears,2022-06-10,,6
34b332d3,1297725,27,2,81,2,1,0,0,0,0,66,0,93,2,0,0,5,128,male,County Championship,MDM,DC Drakes,0,Yorkshire,Hampshire,2022-06-12,2022-06-13,6
34b332d3,1317151,0,0,0,0,0,0,0,0,0,0,0,6,0,0,0,0,2,male,Bangladesh tour of West Indies,T20,DC Drakes,0,West Indies,Bangladesh,2022-07-07,,6
34b332d3,1297924,0,0,0,0,0,0,0,0,0,0,0,40,2,0,0,0,5,male,Vitality Blast,T20,DC Drakes,0,Yorkshire,Lancashire,2022-07-16,,6
34b332d3,1317905,0,0,0,0,0,0,0,0,0,0,0,34,1,0,0,0,7,male,India tour of West Indies,T20,DC Drakes,0,West Indies,India,2022-08-02,,6
34b332d3,1317906,5,1,9,1,0,1,0,0,0,7,0,31,0,0,0,0,9,male,West Indies v India T20I Series,T20,DC Drakes,bowled,West Indies,India,2022-08-06,,6
34b332d3,1317907,1,1,2,0,0,0,0,0,0,1,0,24,1,0,0,0,8,male,West Indies v India T20I Series,T20,DC Drakes,0,West Indies,India,2022-08-07,,6
34b332d3,1317910,0,0,0,0,0,1,0,0,0,0,0,19,1,0,0,0,11,male,New Zealand tour of West Indies,T20,DC Drakes,0,West Indies,New Zealand,2022-08-14,,6
34b332d3,1324520,18,1,23,2,0,0,0,0,0,12,0,34,0,0,0,0,8,male,Lanka Premier League,T20,DC Drakes,caught,Colombo Stars,Kandy Falcons,2022-12-06,,6
34b332d3,1324523,18,1,13,2,1,1,0,0,0,7,0,35,2,1,0,0,9,male,Lanka Premier League,T20,DC Drakes,0,Colombo Stars,Dambulla Aura,2022-12-08,,6
34b332d3,1324525,2,1,4,0,0,0,0,0,0,2,0,33,1,0,0,0,6,male,Lanka Premier League,T20,DC Drakes,caught,Colombo Stars,Galle Gladiators,2022-12-11,,6
34b332d3,1324528,14,0,8,2,0,0,1,0,0,2,0,55,1,1,0,0,6,male,Lanka Premier League,T20,DC Drakes,0,Colombo Stars,Jaffna Kings,2022-12-12,,6
34b332d3,1324530,0,0,1,0,0,0,0,0,0,1,0,41,0,0,0,0,7,male,Lanka Premier League,T20,DC Drakes,0,Colombo Stars,Galle Gladiators,2022-12-13,,6
34b332d3,1324537,38,1,20,4,2,0,0,0,0,6,0,30,1,0,0,0,8,male,Lanka Premier League,T20,DC Drakes,caught,Colombo Stars,Jaffna Kings,2022-12-19,,6
34b332d3,1324540,0,0,0,0,0,0,0,0,0,0,0,21,1,0,0,0,6,male,Lanka Premier League,T20,DC Drakes,0,Colombo Stars,Galle Gladiators,2022-12-21,,6
34b332d3,1324541,2,1,5,0,0,0,0,0,0,3,0,33,1,0,0,0,10,male,Lanka Premier League,T20,DC Drakes,0,Colombo Stars,Kandy Falcons,2022-12-22,,6
34b332d3,1324542,0,0,0,0,0,1,0,0,0,0,0,14,0,0,0,0,5,male,Lanka Premier League,T20,DC Drakes,0,Colombo Stars,Jaffna Kings,2022-12-23,,6
34b332d3,1346939,0,0,0,0,0,2,0,0,0,0,0,26,2,0,1,0,18,male,International League T20,T20,DC Drakes,0,Gulf Giants,MI Emirates,2023-02-01,,6
34b332d3,1346942,2,0,1,0,0,1,0,0,0,0,0,47,1,0,0,0,8,male,International League T20,T20,DC Drakes,0,Gulf Giants,Desert Vipers,2023-02-04,,6
34b332d3,1346945,0,0,0,0,0,1,0,0,0,0,0,7,0,0,0,0,12,male,International League T20,T20,DC Drakes,0,Gulf Giants,Sharjah Warriors,2023-02-06,,6
34b332d3,1346946,9,1,7,0,1,0,0,0,0,4,0,37,1,0,0,0,9,male,International League T20,T20,DC Drakes,caught,Gulf Giants,Desert Vipers,2023-02-08,,6
34b332d3,1377005,0,0,0,0,0,0,0,0,0,0,0,33,2,2,0,1,47,male,West Indies tour of United Arab Emirates,ODI,DC Drakes,0,West Indies,United Arab Emirates,2023-06-04,,6
34b332d3,1377006,8,1,13,0,0,1,0,0,0,6,0,29,0,0,0,0,33,male,West Indies tour of United Arab Emirates,ODI,DC Drakes,0,West Indies,United Arab Emirates,2023-06-06,,6
34b332d3,1347686,0,1,1,0,0,0,0,0,0,1,0,34,2,0,0,0,13,male,Vitality Blast,T20,DC Drakes,caught,Birmingham Bears,Durham,2023-07-02,,6
34b332d3,1347694,23,0,13,0,2,0,0,0,0,2,0,29,2,0,0,0,14,male,Vitality Blast,T20,DC Drakes,0,Birmingham Bears,Essex,2023-07-06,,6
34b332d3,1381214,3,1,5,0,0,0,0,0,0,3,0,21,0,0,0,0,21,male,India tour of West Indies,ODI,DC Drakes,0,West Indies,India,2023-07-27,,6
34b332d3,1369560,0,0,0,0,0,0,0,0,0,0,0,0,0,0,0,0,0,male,Caribbean Premier League,T20,DC Drakes,0,St Kitts and Nevis Patriots,Trinbago Knight Riders,2023-08-19,,6
34b332d3,1369564,29,0,23,2,2,0,0,0,0,11,0,29,1,1,0,0,11,male,Caribbean Premier League,T20,DC Drakes,0,St Kitts and Nevis Patriots,Jamaica Tallawahs,2023-08-23,,6
34b332d3,1369565,6,1,9,0,1,0,0,0,0,8,0,43,2,1,0,0,6,male,Caribbean Premier League,T20,DC Drakes,0,St Kitts and Nevis Patriots,Guyana Amazon Warriors,2023-08-24,,6
34b332d3,1369567,20,0,15,1,1,0,0,0,0,3,0,37,2,0,0,0,9,male,Caribbean Premier League,T20,DC Drakes,0,St Kitts and Nevis Patriots,Barbados Royals,2023-08-26,,6
34b332d3,1369569,6,0,3,1,0,0,0,0,0,1,0,28,0,0,0,0,3,male,Caribbean Premier League,T20,DC Drakes,0,St Kitts and Nevis Patriots,Trinbago Knight Riders,2023-08-27,,6
34b332d3,1369572,6,1,15,0,0,1,0,0,0,9,0,45,1,0,0,0,10,male,Caribbean Premier League,T20,DC Drakes,0,St Kitts and Nevis Patriots,Guyana Amazon Warriors,2023-09-02,,6
34b332d3,1369575,0,0,0,0,0,0,0,0,0,0,0,34,1,0,0,0,10,male,Caribbean Premier League,T20,DC Drakes,0,St Kitts and Nevis Patriots,Barbados Royals,2023-09-03,,6
34b332d3,1369578,1,0,1,0,0,0,0,0,0,0,0,14,0,0,0,0,1,male,Caribbean Premier League,T20,DC Drakes,0,St Kitts and Nevis Patriots,St Lucia Kings,2023-09-09,,6
34b332d3,1406889,0,0,0,0,0,0,0,0,0,0,0,11,1,0,0,0,6,male,International League T20,T20,DC Drakes,0,Gulf Giants,Sharjah Warriors,2024-01-19,,6
34b332d3,1406892,2,0,2,0,0,0,0,0,0,0,0,30,1,0,0,0,17,male,International League T20,T20,DC Drakes,0,Gulf Giants,MI Emirates,2024-01-21,,6
34b332d3,1406895,7,0,6,1,0,0,0,0,0,3,0,19,2,0,0,0,16,male,International League T20,T20,DC Drakes,0,Gulf Giants,Desert Vipers,2024-01-24,,6
34b332d3,1406899,10,0,17,1,0,1,0,0,0,11,0,24,0,0,0,0,9,male,International League T20,T20,DC Drakes,0,Gulf Giants,Dubai Capitals,2024-01-27,,6
34b332d3,1406904,0,0,0,0,0,1,0,0,0,0,0,25,0,0,0,0,7,male,International League T20,T20,DC Drakes,0,Gulf Giants,Abu Dhabi Knight Riders,2024-01-31,,6
34b332d3,1406910,0,0,0,0,0,0,0,0,0,0,0,24,1,0,0,0,3,male,International League T20,T20,DC Drakes,0,Gulf Giants,Sharjah Warriors,2024-02-04,,6
34b332d3,1406912,24,0,12,1,3,0,0,0,0,6,0,0,0,0,0,0,0,male,International League T20,T20,DC Drakes,0,Gulf Giants,Dubai Capitals,2024-02-06,,6
34b332d3,1406914,8,1,6,0,1,0,0,0,0,3,0,9,0,0,0,0,5,male,International League T20,T20,DC Drakes,run out,Gulf Giants,MI Emirates,2024-02-08,,6
34b332d3,1406916,0,0,0,0,0,0,0,0,0,0,0,10,0,0,0,0,0,male,International League T20,T20,DC Drakes,0,Gulf Giants,Abu Dhabi Knight Riders,2024-02-10,,6
34b332d3,1428678,17,1,16,2,0,0,0,0,0,6,0,31,1,0,0,0,8,male,Caribbean Premier League,T20,DC Drakes,caught,St Kitts and Nevis Patriots,Antigua and Barbuda Falcons,2024-08-29,,6
34b332d3,1428680,12,1,15,1,1,1,0,0,0,11,0,78,0,0,0,0,9,male,Caribbean Premier League,T20,DC Drakes,caught,St Kitts and Nevis Patriots,Trinbago Knight Riders,2024-08-31,,6
34b332d3,1428688,2,1,5,0,0,0,0,0,0,3,0,17,0,0,0,0,1,male,Caribbean Premier League,T20,DC Drakes,0,St Kitts and Nevis Patriots,Antigua and Barbuda Falcons,2024-09-08,,6
34b332d3,1428698,3,1,8,0,0,0,0,0,0,5,0,24,0,0,0,0,3,male,Caribbean Premier League,T20,DC Drakes,0,St Kitts and Nevis Patriots,Guyana Amazon Warriors,2024-09-20,,6
