player_id,match_id,runs_scored,player_out,balls_faced,fours_scored,sixes_scored,catches_taken,run_out_direct,run_out_throw,stumpings_done,dot_balls_as_batsman,order_seenballs_bowled,runs_conceded,wickets_taken,bowled_done,lbw_done,maidens,dot_balls_as_bowler,gender,series_name,match_type,name,out_kind,player_team,opposition_team,start_date,end_date,balls_per_over
9d0e7c58,401071,27,2,33,3,1,2,0,0,0,24,0,0,0,0,0,0,0,male,Bangladesh in West Indies Test Series,Test,DM Richards,0,West Indies,Bangladesh,2009-07-09,2009-07-10,6
9d0e7c58,401072,81,2,109,13,2,1,0,0,0,80,0,0,0,0,0,0,0,male,Bangladesh in West Indies Test Series,Test,DM Richards,caught and bowled,West Indies,Bangladesh,2009-07-17,2009-07-18,6
9d0e7c58,401073,1,1,7,0,0,0,0,0,0,6,0,0,0,0,0,0,0,male,Bangladesh in West Indies ODI Series,ODI,DM Richards,lbw,West Indies,Bangladesh,2009-07-26,,6
9d0e7c58,401074,20,0,36,3,0,2,0,0,0,26,0,0,0,0,0,0,0,male,Bangladesh in West Indies ODI Series,ODI,DM Richards,0,West Indies,Bangladesh,2009-07-28,,6
9d0e7c58,401076,0,1,1,0,0,0,0,0,0,1,0,0,0,0,0,0,0,male,,T20,DM Richards,bowled,West Indies,Bangladesh,2009-08-02,,6
9d0e7c58,415274,1,1,4,0,0,0,0,0,0,3,0,0,0,0,0,0,0,male,ICC Champions Trophy,ODI,DM Richards,0,West Indies,Pakistan,2009-09-23,,6
9d0e7c58,415277,0,0,0,0,0,0,0,0,0,0,0,0,0,0,0,0,0,male,ICC Champions Trophy,ODI,DM Richards,0,West Indies,Australia,2009-09-26,,6
9d0e7c58,439148,51,1,89,6,0,2,0,0,0,60,0,0,0,0,0,0,0,male,South Africa in West Indies ODI Series,ODI,DM Richards,0,West Indies,South Africa,2010-05-24,,6
9d0e7c58,439149,28,1,30,3,1,1,0,0,0,18,0,0,0,0,0,0,0,male,South Africa in West Indies ODI Series,ODI,DM Richards,caught,West Indies,South Africa,2010-05-28,,6
9d0e7c58,439150,59,1,74,7,1,0,0,0,0,46,0,0,0,0,0,0,0,male,South Africa in West Indies ODI Series,ODI,DM Richards,0,West Indies,South Africa,2010-05-30,,6
9d0e7c58,439151,19,1,20,2,1,0,0,0,0,13,0,0,0,0,0,0,0,male,South Africa in West Indies ODI Series,ODI,DM Richards,0,West Indies,South Africa,2010-06-03,,6
9d0e7c58,439154,17,2,23,4,0,1,0,0,0,18,0,0,0,0,0,0,0,male,South Africa in West Indies Test Series,Test,DM Richards,caught,West Indies,South Africa,2010-06-26,2010-06-27,6
