player_id,match_id,runs_scored,player_out,balls_faced,fours_scored,sixes_scored,catches_taken,run_out_direct,run_out_throw,stumpings_done,dot_balls_as_batsman,order_seenballs_bowled,runs_conceded,wickets_taken,bowled_done,lbw_done,maidens,dot_balls_as_bowler,gender,series_name,match_type,name,out_kind,player_team,opposition_team,start_date,end_date,balls_per_over
35205dfc,64862,1,1,8,0,0,0,0,0,0,7,0,0,0,0,0,0,0,male,West Indies tour of South Africa,ODI,DR Smith,0,West Indies,South Africa,2004-01-25,,6
35205dfc,64864,12,1,6,1,1,0,0,0,0,2,0,0,0,0,0,0,0,male,West Indies tour of South Africa,ODI,DR Smith,0,West Indies,South Africa,2004-01-30,,6
35205dfc,64865,0,0,0,0,0,1,0,0,0,0,0,0,0,0,0,0,0,male,West Indies tour of South Africa,ODI,DR Smith,0,West Indies,South Africa,2004-02-01,,6
35205dfc,64889,0,0,0,0,0,0,0,0,0,0,0,0,0,0,0,0,0,male,England tour of West Indies,ODI,DR Smith,0,West Indies,England,2004-04-24,,6
35205dfc,64894,18,1,10,3,0,0,0,0,0,2,0,30,0,0,0,0,10,male,England tour of West Indies,ODI,DR Smith,caught,West Indies,England,2004-05-02,,6
35205dfc,64896,2,1,4,0,0,0,0,0,0,2,0,16,0,0,0,0,9,male,Bangladesh tour of West Indies,ODI,DR Smith,stumped,West Indies,Bangladesh,2004-05-15,,6
35205dfc,64897,62,0,62,2,2,2,0,0,0,26,0,0,0,0,0,0,0,male,Bangladesh tour of West Indies,ODI,DR Smith,0,West Indies,Bangladesh,2004-05-16,,6
35205dfc,64898,23,1,25,4,0,0,0,0,0,15,0,24,3,0,0,0,10,male,Bangladesh tour of West Indies,ODI,DR Smith,0,West Indies,Bangladesh,2004-05-19,,6
35205dfc,66304,6,1,10,1,0,0,0,0,0,7,0,10,1,0,1,2,12,male,NatWest Series,ODI,DR Smith,caught,West Indies,England,2004-06-27,,6
35205dfc,66306,2,1,10,0,0,0,0,0,0,8,0,16,0,0,0,0,5,male,NatWest Series,ODI,DR Smith,caught,West Indies,England,2004-07-01,,6
35205dfc,66309,0,0,0,0,0,0,0,0,0,0,0,72,1,1,0,0,33,male,NatWest Series,ODI,DR Smith,0,West Indies,England,2004-07-06,,6
35205dfc,66311,2,1,7,0,0,1,0,0,0,5,0,27,1,0,0,1,42,male,NatWest Series,ODI,DR Smith,0,West Indies,New Zealand,2004-07-10,,6
35205dfc,64096,28,1,54,3,1,0,0,0,0,42,0,51,0,0,0,4,66,male,West Indies tour of England,Test,DR Smith,0,West Indies,England,2004-08-19,2004-08-20,6
35205dfc,208835,0,1,9,0,0,1,0,0,0,9,0,7,0,0,0,0,6,male,South Africa tour of West Indies,ODI,DR Smith,caught,West Indies,South Africa,2005-05-08,,6
35205dfc,209339,5,1,6,0,0,0,0,0,0,1,0,13,0,0,0,0,3,male,South Africa tour of West Indies,ODI,DR Smith,lbw,West Indies,South Africa,2005-05-15,,6
35205dfc,209768,0,1,4,0,0,0,0,0,0,4,0,0,0,0,0,0,0,male,Pakistan tour of West Indies,ODI,DR Smith,0,West Indies,Pakistan,2005-05-22,,6
35205dfc,214742,20,1,7,1,2,0,0,0,0,1,0,37,1,0,0,0,39,male,Indian Oil Cup,ODI,DR Smith,caught,West Indies,India,2005-07-31,,6
35205dfc,214852,68,1,91,9,2,0,0,0,0,61,0,40,1,1,0,1,24,male,Indian Oil Cup,ODI,DR Smith,0,West Indies,Sri Lanka,2005-08-02,,6
35205dfc,215134,13,1,16,1,0,0,0,0,0,9,0,41,2,1,1,0,33,male,Indian Oil Cup,ODI,DR Smith,lbw,West Indies,Sri Lanka,2005-08-06,,6
35205dfc,237242,8,0,4,1,0,0,0,0,0,0,0,9,2,2,0,0,11,male,,T20,DR Smith,0,West Indies,New Zealand,2006-02-16,,6
35205dfc,237568,38,1,25,1,3,1,0,1,0,8,0,50,2,0,0,0,25,male,West Indies in New Zealand ODI Series,ODI,DR Smith,caught,West Indies,New Zealand,2006-02-18,,6
35205dfc,238176,19,0,11,1,2,0,0,0,0,5,0,18,0,0,0,0,11,male,West Indies in New Zealand ODI Series,ODI,DR Smith,0,West Indies,New Zealand,2006-02-22,,6
35205dfc,238177,2,1,4,0,0,0,0,0,0,2,0,38,1,0,0,0,19,male,West Indies in New Zealand ODI Series,ODI,DR Smith,0,West Indies,New Zealand,2006-02-25,,6
35205dfc,238178,1,1,2,0,0,1,0,0,0,1,0,74,1,0,0,0,24,male,West Indies in New Zealand ODI Series,ODI,DR Smith,caught,West Indies,New Zealand,2006-03-01,,6
35205dfc,238179,16,1,12,1,1,0,0,0,0,6,0,46,5,1,0,0,31,male,West Indies in New Zealand ODI Series,ODI,DR Smith,0,West Indies,New Zealand,2006-03-04,,6
35205dfc,238180,38,2,53,7,0,0,0,0,0,37,0,116,3,1,0,8,164,male,West Indies tour of New Zealand,Test,DR Smith,0,West Indies,New Zealand,2006-03-09,2006-03-10,6
35205dfc,239907,0,0,0,0,0,1,0,0,0,0,0,29,2,0,0,0,35,male,Zimbabwe in West Indies ODI Series,ODI,DR Smith,0,West Indies,Zimbabwe,2006-04-29,,6
35205dfc,239908,30,1,19,0,3,0,0,0,0,6,0,11,0,0,0,0,19,male,Zimbabwe in West Indies ODI Series,ODI,DR Smith,0,West Indies,Zimbabwe,2006-04-30,,6
35205dfc,239912,3,1,4,0,0,0,0,0,0,1,0,0,0,0,0,0,0,male,Zimbabwe in West Indies ODI Series,ODI,DR Smith,0,West Indies,Zimbabwe,2006-05-13,,6
35205dfc,239913,4,1,7,0,0,1,1,0,0,4,0,30,4,1,2,0,31,male,Zimbabwe in West Indies ODI Series,ODI,DR Smith,0,West Indies,Zimbabwe,2006-05-14,,6
35205dfc,239918,0,0,0,0,0,0,0,0,0,0,0,6,0,0,0,0,10,male,India in West Indies ODI Series,ODI,DR Smith,0,West Indies,India,2006-05-26,,6
35205dfc,239919,1,1,2,0,0,1,0,0,0,1,0,28,0,0,0,0,17,male,India in West Indies ODI Series,ODI,DR Smith,0,West Indies,India,2006-05-28,,6
35205dfc,256607,0,0,0,0,0,1,0,0,0,0,0,44,1,0,1,0,25,male,DLF Cup,ODI,DR Smith,0,West Indies,India,2006-09-14,,6
35205dfc,256610,4,1,3,1,0,1,0,0,0,2,0,39,0,0,0,0,19,male,DLF Cup,ODI,DR Smith,0,West Indies,Australia,2006-09-18,,6
35205dfc,256612,12,1,5,3,0,0,0,0,0,2,0,32,4,1,0,1,47,male,DLF Cup,ODI,DR Smith,0,West Indies,India,2006-09-20,,6
35205dfc,256615,30,1,30,2,2,0,0,0,0,17,0,37,0,0,0,1,33,male,DLF Cup,ODI,DR Smith,0,West Indies,Australia,2006-09-24,,6
35205dfc,249740,0,0,0,0,0,0,0,0,0,0,0,0,0,0,0,0,0,male,ICC Champions Trophy,ODI,DR Smith,0,West Indies,Zimbabwe,2006-10-08,,6
35205dfc,249740,0,0,0,0,0,0,0,0,0,0,0,14,2,0,0,2,30,male,ICC Champions Trophy,ODI,DR Smith,0,West Indies,Zimbabwe,2006-10-08,,6
35205dfc,249744,0,1,2,0,0,0,0,0,0,2,0,29,0,0,0,0,11,male,ICC Champions Trophy,ODI,DR Smith,0,West Indies,Sri Lanka,2006-10-14,,6
35205dfc,249748,8,1,13,2,0,0,0,0,0,11,0,16,0,0,0,0,13,male,ICC Champions Trophy,ODI,DR Smith,caught,West Indies,Australia,2006-10-18,,6
35205dfc,249753,0,1,1,0,0,0,1,0,0,1,0,37,0,0,0,1,43,male,ICC Champions Trophy,ODI,DR Smith,0,West Indies,India,2006-10-26,,6
35205dfc,249758,0,0,0,0,0,0,0,0,0,0,0,13,0,0,0,1,20,male,ICC Champions Trophy,ODI,DR Smith,0,West Indies,South Africa,2006-11-02,,6
35205dfc,257769,0,1,3,0,0,1,0,0,0,3,0,34,0,0,0,1,44,male,West Indies in Pakistan ODI Series,ODI,DR Smith,0,West Indies,Pakistan,2006-12-07,,6
35205dfc,257770,23,1,31,2,1,0,0,0,0,20,0,49,0,0,0,0,19,male,West Indies in Pakistan ODI Series,ODI,DR Smith,0,West Indies,Pakistan,2006-12-10,,6
35205dfc,257771,0,0,0,0,0,1,0,0,0,0,0,29,2,0,1,1,43,male,West Indies in Pakistan ODI Series,ODI,DR Smith,0,West Indies,Pakistan,2006-12-13,,6
35205dfc,257772,1,1,5,0,0,0,0,0,0,4,0,32,0,0,0,1,26,male,West Indies in Pakistan ODI Series,ODI,DR Smith,lbw,West Indies,Pakistan,2006-12-16,,6
35205dfc,267709,0,1,5,0,0,0,0,0,0,5,0,51,0,0,0,0,25,male,West Indies in India ODI Series,ODI,DR Smith,0,West Indies,India,2007-01-31,,6
35205dfc,247457,32,1,15,3,2,0,0,0,0,3,0,36,3,0,1,0,29,male,ICC World Cup,ODI,DR Smith,caught,West Indies,Pakistan,2007-03-13,,6
35205dfc,247469,0,0,0,0,0,0,0,0,0,0,0,29,1,0,0,0,18,male,ICC World Cup,ODI,DR Smith,0,West Indies,Zimbabwe,2007-03-19,,6
35205dfc,247477,0,0,0,0,0,0,0,0,0,0,0,0,0,0,0,0,0,male,ICC World Cup,ODI,DR Smith,0,West Indies,Ireland,2007-03-23,,6
35205dfc,247481,9,1,7,0,1,0,0,0,0,4,0,0,0,0,0,0,0,male,ICC World Cup,ODI,DR Smith,0,West Indies,Australia,2007-03-27,2007-03-28,6
35205dfc,247483,8,1,6,0,1,0,0,0,0,3,0,24,0,0,0,0,21,male,ICC World Cup,ODI,DR Smith,0,West Indies,New Zealand,2007-03-29,,6
35205dfc,247486,0,1,2,0,0,0,0,0,0,2,0,24,0,0,0,0,11,male,ICC World Cup,ODI,DR Smith,0,West Indies,Sri Lanka,2007-04-01,,6
35205dfc,258463,6,0,5,1,0,0,0,0,0,2,0,0,0,0,0,0,0,male,West Indies in England T20I Series,T20,DR Smith,0,West Indies,England,2007-06-28,,6
35205dfc,258463,0,0,0,0,0,0,0,2,0,0,0,25,3,0,1,0,9,male,West Indies in England T20I Series,T20,DR Smith,0,West Indies,England,2007-06-28,,6
35205dfc,258464,5,1,4,0,0,0,0,0,0,0,0,39,0,0,0,0,9,male,West Indies in England T20I Series,T20,DR Smith,0,West Indies,England,2007-06-29,,6
35205dfc,258465,6,1,15,1,0,0,0,0,0,12,0,44,1,0,1,0,32,male,NatWest Series,ODI,DR Smith,caught,West Indies,England,2007-07-01,,6
35205dfc,258466,7,1,6,0,1,1,1,0,0,4,0,56,0,0,0,0,26,male,NatWest Series,ODI,DR Smith,0,West Indies,England,2007-07-04,,6
35205dfc,258467,4,0,1,1,0,2,0,0,0,0,0,61,1,0,0,0,32,male,NatWest Series,ODI,DR Smith,0,West Indies,England,2007-07-07,,6
35205dfc,295788,0,0,0,0,0,0,0,0,0,0,0,15,0,0,0,0,5,male,Quadrangular Series (Ireland),ODI,DR Smith,0,West Indies,Ireland,2007-07-14,,6
35205dfc,287853,1,1,4,0,0,0,0,0,0,3,0,37,0,0,0,0,6,male,ICC World Twenty20,T20,DR Smith,0,West Indies,South Africa,2007-09-11,,6
35205dfc,287857,29,1,7,1,4,0,0,0,0,1,0,0,0,0,0,0,0,male,ICC World Twenty20,T20,DR Smith,0,West Indies,Bangladesh,2007-09-13,,6
35205dfc,336028,20,0,16,2,1,1,0,0,0,9,0,19,0,0,0,0,5,male,Indian Premier League,T20,DR Smith,0,Mumbai Indians,Kings XI Punjab,2008-05-21,,6
35205dfc,336032,17,1,17,2,0,1,0,0,0,6,0,22,2,1,0,0,8,male,Indian Premier League,T20,DR Smith,caught,Mumbai Indians,Delhi Daredevils,2008-05-24,,6
35205dfc,336036,8,1,8,1,0,0,0,0,0,4,0,16,0,0,0,0,3,male,Indian Premier League,T20,DR Smith,0,Mumbai Indians,Rajasthan Royals,2008-05-26,,6
35205dfc,336012,0,0,0,0,0,0,0,0,0,0,0,26,3,1,1,0,12,male,Indian Premier League,T20,DR Smith,0,Mumbai Indians,Royal Challengers Bangalore,2008-05-28,,6
35205dfc,392192,35,1,23,2,2,2,0,0,0,8,0,16,0,0,0,0,4,male,Indian Premier League,T20,DR Smith,bowled,Deccan Chargers,Mumbai Indians,2009-04-25,,6
35205dfc,392196,12,1,5,1,1,0,0,0,0,1,0,17,0,0,0,0,0,male,Indian Premier League,T20,DR Smith,lbw,Deccan Chargers,Chennai Super Kings,2009-04-27,,6
35205dfc,392201,48,1,29,5,2,0,0,0,0,9,0,8,0,0,0,0,4,male,Indian Premier League,T20,DR Smith,caught,Deccan Chargers,Delhi Daredevils,2009-04-30,,6
35205dfc,392205,7,1,8,1,0,1,0,0,0,4,0,22,0,0,0,0,4,male,Indian Premier League,T20,DR Smith,0,Deccan Chargers,Rajasthan Royals,2009-05-02,,6
35205dfc,392209,49,1,23,2,5,1,0,0,0,8,0,21,0,0,0,0,5,male,Indian Premier League,T20,DR Smith,0,Deccan Chargers,Chennai Super Kings,2009-05-04,,6
35205dfc,392212,16,1,12,1,1,1,0,0,0,4,0,14,0,0,0,0,3,male,Indian Premier League,T20,DR Smith,bowled,Deccan Chargers,Mumbai Indians,2009-05-06,,6
35205dfc,392220,47,1,32,0,4,1,0,0,0,9,0,4,0,0,0,0,2,male,Indian Premier League,T20,DR Smith,caught,Deccan Chargers,Rajasthan Royals,2009-05-11,,6
35205dfc,392223,1,1,2,0,0,0,0,0,0,1,0,26,1,0,0,0,9,male,Indian Premier League,T20,DR Smith,0,Deccan Chargers,Delhi Daredevils,2009-05-13,,6
35205dfc,406192,7,1,21,1,0,0,0,0,0,17,0,45,1,0,0,0,25,male,West Indies in Australia ODI Series,ODI,DR Smith,0,West Indies,Australia,2010-02-07,,6
35205dfc,406193,43,1,63,2,1,0,0,0,0,37,0,28,1,1,0,0,15,male,West Indies in Australia ODI Series,ODI,DR Smith,caught,West Indies,Australia,2010-02-09,,6
35205dfc,406194,0,0,0,0,0,0,0,0,0,0,0,47,3,1,1,0,43,male,West Indies in Australia ODI Series,ODI,DR Smith,0,West Indies,Australia,2010-02-12,,6
35205dfc,406195,59,0,64,3,3,1,0,0,0,33,0,59,2,0,0,0,25,male,West Indies in Australia ODI Series,ODI,DR Smith,0,West Indies,Australia,2010-02-14,,6
35205dfc,406196,21,0,21,2,1,1,0,0,0,12,0,57,0,0,0,0,19,male,West Indies in Australia ODI Series,ODI,DR Smith,0,West Indies,Australia,2010-02-19,,6
35205dfc,406197,4,1,6,0,0,0,0,0,0,2,0,38,2,0,0,0,3,male,West Indies in Australia T20I Series,T20,DR Smith,caught,West Indies,Australia,2010-02-21,,6
35205dfc,406198,8,1,10,0,0,0,0,0,0,4,0,9,0,0,0,0,4,male,West Indies in Australia T20I Series,T20,DR Smith,caught,West Indies,Australia,2010-02-23,,6
35205dfc,439139,12,1,15,0,1,0,0,0,0,8,0,0,0,0,0,0,0,male,,T20,DR Smith,caught,West Indies,Zimbabwe,2010-02-28,,6
35205dfc,439140,4,1,6,1,0,0,0,0,0,5,0,18,0,0,0,0,10,male,Zimbabwe in West Indies ODI Series,ODI,DR Smith,0,West Indies,Zimbabwe,2010-03-04,,6
35205dfc,419141,4,1,7,0,0,0,0,0,0,4,0,22,1,1,0,0,5,male,Indian Premier League,T20,DR Smith,0,Deccan Chargers,Rajasthan Royals,2010-04-05,,6
35205dfc,419147,13,0,8,0,1,0,0,0,0,1,0,14,0,0,0,0,1,male,Indian Premier League,T20,DR Smith,0,Deccan Chargers,Chennai Super Kings,2010-04-10,,6
35205dfc,419164,5,1,10,1,0,0,0,0,0,8,0,0,0,0,0,0,0,male,Indian Premier League,T20,DR Smith,bowled,Deccan Chargers,Royal Challengers Bangalore,2010-04-24,,6
35205dfc,525816,33,1,22,3,2,0,0,0,0,10,0,4,0,0,0,0,1,male,West Indies in England T20I Series,T20,DR Smith,0,West Indies,England,2011-09-23,,6
35205dfc,525817,11,1,12,2,0,0,0,0,0,7,0,14,0,0,0,0,4,male,West Indies in England T20I Series,T20,DR Smith,0,West Indies,England,2011-09-25,,6
35205dfc,551049,39,0,26,3,2,1,0,0,0,6,0,20,0,0,0,0,4,male,Bangladesh Premier League,T20,DR Smith,0,Khulna Royal Bengals,Chittagong Kings,2012-02-12,,6
35205dfc,551059,55,1,31,3,4,2,0,0,0,7,0,13,0,0,0,0,5,male,Bangladesh Premier League,T20,DR Smith,caught,Khulna Royal Bengals,Sylhet Royals,2012-02-18,,6
35205dfc,551061,1,1,2,0,0,1,0,0,0,1,0,26,1,0,0,0,9,male,Bangladesh Premier League,T20,DR Smith,0,Khulna Royal Bengals,Dhaka Gladiators,2012-02-19,,6
35205dfc,551066,0,0,0,0,0,1,0,0,0,0,0,31,0,0,0,0,13,male,Bangladesh Premier League,T20,DR Smith,0,Khulna Royal Bengals,Barisal Burners,2012-02-22,,6
35205dfc,551071,18,1,12,1,2,0,0,0,0,7,0,16,0,0,0,0,3,male,Bangladesh Premier League,T20,DR Smith,caught,Khulna Royal Bengals,Duronto Rajshahi,2012-02-26,,6
35205dfc,540173,10,1,11,2,0,0,0,0,0,7,0,12,0,0,0,0,1,male,Australia in West Indies T20I Series,T20,DR Smith,0,West Indies,Australia,2012-03-27,,6
35205dfc,540174,63,1,36,6,4,0,0,0,0,14,0,0,0,0,0,0,0,male,Australia in West Indies T20I Series,T20,DR Smith,caught,West Indies,Australia,2012-03-30,,6
35205dfc,548355,24,0,9,2,2,0,0,0,0,1,0,27,0,0,0,0,3,male,Indian Premier League,T20,DR Smith,0,Mumbai Indians,Chennai Super Kings,2012-05-06,,6
35205dfc,548360,2,1,3,0,0,0,0,0,0,1,0,0,0,0,0,0,0,male,Indian Premier League,T20,DR Smith,caught,Mumbai Indians,Royal Challengers Bangalore,2012-05-09,,6
35205dfc,548363,0,0,0,0,0,0,0,0,0,0,0,32,1,0,0,0,6,male,Indian Premier League,T20,DR Smith,0,Mumbai Indians,Kolkata Knight Riders,2012-05-12,,6
35205dfc,548367,6,1,5,1,0,0,0,1,0,2,0,10,0,0,0,0,5,male,Indian Premier League,T20,DR Smith,0,Mumbai Indians,Royal Challengers Bangalore,2012-05-14,,6
35205dfc,548370,0,1,1,0,0,0,0,1,0,1,0,10,1,1,0,0,7,male,Indian Premier League,T20,DR Smith,0,Mumbai Indians,Kolkata Knight Riders,2012-05-16,,6
35205dfc,548377,87,0,60,10,3,1,0,0,0,23,0,13,0,0,0,0,5,male,Indian Premier League,T20,DR Smith,0,Mumbai Indians,Rajasthan Royals,2012-05-20,,6
35205dfc,548379,38,1,24,5,2,0,0,0,0,12,0,6,0,0,0,0,4,male,Indian Premier League,T20,DR Smith,caught,Mumbai Indians,Chennai Super Kings,2012-05-23,,6
35205dfc,534209,56,1,45,6,2,0,0,1,0,21,0,0,0,0,0,0,0,male,NatWest Series,ODI,DR Smith,caught,West Indies,England,2012-06-16,,6
35205dfc,534210,0,1,4,0,0,0,0,0,0,4,0,22,0,0,0,0,6,male,NatWest Series,ODI,DR Smith,caught,West Indies,England,2012-06-19,,6
35205dfc,534208,70,1,55,5,5,1,0,0,0,27,0,0,0,0,0,0,0,male,,T20,DR Smith,caught,West Indies,England,2012-06-24,,6
35205dfc,560921,17,1,13,1,2,0,0,0,0,9,0,0,0,0,0,0,0,male,New Zealand v West Indies T20I Series,T20,DR Smith,0,West Indies,New Zealand,2012-06-30,,6
35205dfc,560922,13,1,8,0,2,1,0,0,0,5,0,0,0,0,0,0,0,male,New Zealand v West Indies T20I Series,T20,DR Smith,0,West Indies,New Zealand,2012-07-01,,6
35205dfc,560923,65,0,77,6,3,0,0,0,0,47,0,0,0,0,0,0,0,male,New Zealand in West Indies ODI Series,ODI,DR Smith,0,West Indies,New Zealand,2012-07-05,,6
35205dfc,560924,24,1,38,2,1,1,0,0,0,27,0,0,0,0,0,0,0,male,New Zealand in West Indies ODI Series,ODI,DR Smith,caught,West Indies,New Zealand,2012-07-07,,6
35205dfc,560925,19,1,28,2,1,0,0,0,0,21,0,0,0,0,0,0,0,male,New Zealand in West Indies ODI Series,ODI,DR Smith,caught,West Indies,New Zealand,2012-07-11,,6
35205dfc,560926,0,1,5,0,0,0,0,0,0,5,0,0,0,0,0,0,0,male,New Zealand in West Indies ODI Series,ODI,DR Smith,caught,West Indies,New Zealand,2012-07-14,,6
35205dfc,560927,9,1,14,1,0,0,0,0,0,9,0,0,0,0,0,0,0,male,New Zealand in West Indies ODI Series,ODI,DR Smith,0,West Indies,New Zealand,2012-07-16,,6
35205dfc,533279,2,1,5,0,0,0,0,0,0,3,0,0,0,0,0,0,0,male,ICC World Twenty20,T20,DR Smith,bowled,West Indies,Australia,2012-09-22,,6
35205dfc,587472,0,1,4,0,0,0,0,0,0,4,0,47,0,0,0,0,21,male,West Indies in Bangladesh ODI Series,ODI,DR Smith,lbw,West Indies,Bangladesh,2012-12-02,,6
35205dfc,587473,4,1,12,0,0,0,0,0,0,8,0,14,1,0,0,0,10,male,West Indies in Bangladesh ODI Series,ODI,DR Smith,0,West Indies,Bangladesh,2012-12-05,,6
35205dfc,587474,0,1,1,0,0,0,0,0,0,1,0,7,2,0,1,1,7,male,West Indies in Bangladesh ODI Series,ODI,DR Smith,bowled,West Indies,Bangladesh,2012-12-07,,6
35205dfc,587476,24,1,21,3,1,0,0,0,0,12,0,16,0,0,0,0,2,male,,T20,DR Smith,bowled,West Indies,Bangladesh,2012-12-10,,6
35205dfc,599883,31,1,21,7,0,0,0,0,0,11,0,23,3,2,0,0,17,male,Bangladesh Premier League,T20,DR Smith,stumped,Sylhet Royals,Rangpur Riders,2013-01-31,,6
35205dfc,599907,41,1,34,5,1,0,0,0,0,15,0,0,0,0,0,0,0,male,Bangladesh Premier League,T20,DR Smith,0,Sylhet Royals,Dhaka Gladiators,2013-02-15,,6
35205dfc,605286,5,1,13,0,0,0,0,0,0,8,0,0,0,0,0,0,0,male,Bangladesh Premier League,T20,DR Smith,caught,Sylhet Royals,Chittagong Kings,2013-02-18,,6
35205dfc,598002,3,1,5,0,0,0,0,0,0,3,0,0,0,0,0,0,0,male,Indian Premier League,T20,DR Smith,0,Mumbai Indians,Chennai Super Kings,2013-04-06,,6
35205dfc,598024,8,1,12,1,0,0,0,0,0,7,0,24,0,0,0,0,3,male,Indian Premier League,T20,DR Smith,caught,Mumbai Indians,Delhi Daredevils,2013-04-21,,6
35205dfc,598029,62,1,45,3,5,0,0,0,0,20,0,0,0,0,0,0,0,male,Indian Premier League,T20,DR Smith,caught,Mumbai Indians,Kolkata Knight Riders,2013-04-24,,6
35205dfc,598033,50,1,37,4,3,0,0,0,0,17,0,20,2,0,0,0,5,male,Indian Premier League,T20,DR Smith,bowled,Mumbai Indians,Royal Challengers Bangalore,2013-04-27,,6
35205dfc,598037,33,1,33,3,1,1,0,0,0,14,0,0,0,0,0,0,0,male,Indian Premier League,T20,DR Smith,0,Mumbai Indians,Kings XI Punjab,2013-04-29,,6
35205dfc,598039,38,1,40,3,2,1,0,0,0,22,0,15,0,0,0,0,0,male,Indian Premier League,T20,DR Smith,0,Mumbai Indians,Sunrisers Hyderabad,2013-05-01,,6
35205dfc,598046,22,1,24,2,1,1,0,0,0,16,0,0,0,0,0,0,0,male,Indian Premier League,T20,DR Smith,caught and bowled,Mumbai Indians,Chennai Super Kings,2013-05-05,,6
35205dfc,598050,47,1,56,7,0,0,0,0,0,32,0,0,0,0,0,0,0,male,Indian Premier League,T20,DR Smith,0,Mumbai Indians,Kolkata Knight Riders,2013-05-07,,6
35205dfc,598055,0,1,1,0,0,2,0,0,0,1,0,0,0,0,0,0,0,male,Indian Premier League,T20,DR Smith,bowled,Mumbai Indians,Pune Warriors,2013-05-11,,6
35205dfc,598060,21,1,18,4,0,0,0,0,0,10,0,0,0,0,0,0,0,male,Indian Premier League,T20,DR Smith,bowled,Mumbai Indians,Sunrisers Hyderabad,2013-05-13,,6
35205dfc,598070,68,1,29,6,5,1,0,0,0,8,0,0,0,0,0,0,0,male,Indian Premier League,T20,DR Smith,caught,Mumbai Indians,Chennai Super Kings,2013-05-21,,6
35205dfc,598072,62,1,47,6,2,1,0,0,0,20,0,0,0,0,0,0,0,male,Indian Premier League,T20,DR Smith,caught,Mumbai Indians,Rajasthan Royals,2013-05-24,,6
35205dfc,598073,4,1,4,1,0,1,0,0,0,3,0,0,0,0,0,0,0,male,Indian Premier League,T20,DR Smith,0,Mumbai Indians,Chennai Super Kings,2013-05-26,,6
35205dfc,635215,0,1,1,0,0,0,0,0,0,1,0,0,0,0,0,0,0,male,Caribbean Premier League,T20,DR Smith,caught,Barbados Tridents,St Lucia Zouks,2013-07-30,,6
35205dfc,635217,8,1,10,1,0,0,0,0,0,5,0,25,1,1,0,0,9,male,Caribbean Premier League,T20,DR Smith,0,Barbados Tridents,Antigua Hawksbills,2013-08-01,,6
35205dfc,635219,6,1,5,1,0,0,0,0,0,2,0,0,0,0,0,0,0,male,Caribbean Premier League,T20,DR Smith,0,Barbados Tridents,Trinidad & Tobago Red Steel,2013-08-03,,6
35205dfc,635227,28,1,28,5,0,2,0,0,0,15,0,26,1,0,0,0,2,male,Caribbean Premier League,T20,DR Smith,0,Barbados Tridents,Guyana Amazon Warriors,2013-08-11,,6
35205dfc,635229,13,1,11,2,0,0,0,0,0,4,0,0,0,0,0,0,0,male,Caribbean Premier League,T20,DR Smith,caught and bowled,Barbados Tridents,Antigua Hawksbills,2013-08-13,,6
35205dfc,635232,52,0,55,4,1,0,0,0,0,25,0,10,0,0,0,0,3,male,Caribbean Premier League,T20,DR Smith,0,Barbados Tridents,Jamaica Tallawahs,2013-08-17,,6
35205dfc,635237,1,1,7,0,0,0,0,0,0,6,0,0,0,0,0,0,0,male,Caribbean Premier League,T20,DR Smith,0,Barbados Tridents,Jamaica Tallawahs,2013-08-23,,6
35205dfc,702141,14,1,14,0,2,0,0,0,0,10,0,0,0,0,0,0,0,male,Ireland in West Indies T20I Series,T20,DR Smith,caught,West Indies,Ireland,2014-02-19,,6
35205dfc,702143,11,1,17,1,0,1,0,0,0,10,0,0,0,0,0,0,0,male,Ireland in West Indies T20I Series,T20,DR Smith,caught,West Indies,Ireland,2014-02-21,,6
35205dfc,702139,55,1,54,5,3,0,0,0,0,32,0,0,0,0,0,0,0,male,,ODI,DR Smith,0,West Indies,Ireland,2014-02-23,,6
35205dfc,636533,24,1,32,3,1,0,0,0,0,22,0,30,1,0,0,0,17,male,England in West Indies ODI Series,ODI,DR Smith,0,West Indies,England,2014-02-28,,6
35205dfc,636534,5,1,9,0,0,0,0,0,0,6,0,5,0,0,0,0,3,male,England in West Indies ODI Series,ODI,DR Smith,caught,West Indies,England,2014-03-02,,6
35205dfc,636535,9,1,4,2,0,0,0,0,0,1,0,6,0,0,0,0,3,male,England in West Indies ODI Series,ODI,DR Smith,caught,West Indies,England,2014-03-05,,6
35205dfc,636536,27,1,18,5,1,0,0,0,0,11,0,0,0,0,0,0,0,male,England in West Indies T20I Series,T20,DR Smith,0,West Indies,England,2014-03-09,,6
35205dfc,636537,30,1,16,2,3,0,0,0,0,8,0,0,0,0,0,0,0,male,England in West Indies T20I Series,T20,DR Smith,caught,West Indies,England,2014-03-11,,6
35205dfc,636538,0,1,1,0,0,1,0,0,0,1,0,0,0,0,0,0,0,male,England in West Indies T20I Series,T20,DR Smith,0,West Indies,England,2014-03-13,,6
35205dfc,682929,11,1,32,2,0,0,0,0,0,27,0,0,0,0,0,0,0,male,World T20,T20,DR Smith,0,West Indies,India,2014-03-23,,6
35205dfc,682935,72,1,44,10,3,0,0,0,0,18,0,0,0,0,0,0,0,male,World T20,T20,DR Smith,0,West Indies,Bangladesh,2014-03-25,,6
35205dfc,682941,17,1,19,4,0,0,0,0,0,14,0,0,0,0,0,0,0,male,World T20,T20,DR Smith,caught,West Indies,Australia,2014-03-28,,6
35205dfc,682959,8,1,13,2,0,0,0,0,0,11,0,11,0,0,0,0,3,male,World T20,T20,DR Smith,0,West Indies,Pakistan,2014-04-01,,6
35205dfc,682961,17,1,14,1,1,0,0,0,0,6,0,0,0,0,0,0,0,male,World T20,T20,DR Smith,bowled,West Indies,Sri Lanka,2014-04-03,,6
35205dfc,729283,66,1,46,6,3,0,0,0,0,15,0,25,1,1,0,0,2,male,Indian Premier League,T20,DR Smith,0,Chennai Super Kings,Kings XI Punjab,2014-04-18,,6
35205dfc,729293,29,1,29,3,0,0,0,0,0,11,0,14,1,0,1,0,5,male,Indian Premier League,T20,DR Smith,bowled,Chennai Super Kings,Delhi Daredevils,2014-04-21,,6
35205dfc,729297,50,1,28,6,3,0,0,0,0,12,0,0,0,0,0,0,0,male,Indian Premier League,T20,DR Smith,caught,Chennai Super Kings,Rajasthan Royals,2014-04-23,,6
35205dfc,729303,29,1,22,0,4,1,0,0,0,13,0,0,0,0,0,0,0,male,Indian Premier League,T20,DR Smith,0,Chennai Super Kings,Mumbai Indians,2014-04-25,,6
35205dfc,729311,66,1,46,4,5,1,0,0,0,20,0,15,1,0,0,0,5,male,Indian Premier League,T20,DR Smith,caught,Chennai Super Kings,Sunrisers Hyderabad,2014-04-27,,6
35205dfc,733971,16,1,11,2,1,0,0,0,0,6,0,0,0,0,0,0,0,male,Indian Premier League,T20,DR Smith,lbw,Chennai Super Kings,Kolkata Knight Riders,2014-05-02,,6
35205dfc,733981,79,1,51,4,8,0,0,0,0,24,0,9,0,0,0,0,1,male,Indian Premier League,T20,DR Smith,0,Chennai Super Kings,Delhi Daredevils,2014-05-05,,6
35205dfc,733987,4,1,5,1,0,0,0,0,0,4,0,36,1,1,0,0,5,male,Indian Premier League,T20,DR Smith,0,Chennai Super Kings,Kings XI Punjab,2014-05-07,,6
35205dfc,733995,57,1,51,5,3,0,0,0,0,28,0,0,0,0,0,0,0,male,Indian Premier League,T20,DR Smith,0,Chennai Super Kings,Mumbai Indians,2014-05-10,,6
35205dfc,734003,44,1,38,5,2,2,0,0,0,20,0,0,0,0,0,0,0,male,Indian Premier League,T20,DR Smith,caught,Chennai Super Kings,Rajasthan Royals,2014-05-13,,6
35205dfc,734013,9,1,15,1,0,0,0,0,0,9,0,0,0,0,0,0,0,male,Indian Premier League,T20,DR Smith,caught,Chennai Super Kings,Royal Challengers Bangalore,2014-05-18,,6
35205dfc,734023,5,1,6,1,0,0,0,0,0,4,0,0,0,0,0,0,0,male,Indian Premier League,T20,DR Smith,0,Chennai Super Kings,Kolkata Knight Riders,2014-05-20,,6
35205dfc,734029,47,1,28,4,4,0,0,0,0,13,0,0,0,0,0,0,0,male,Indian Premier League,T20,DR Smith,lbw,Chennai Super Kings,Sunrisers Hyderabad,2014-05-22,,6
35205dfc,734035,34,1,17,4,1,0,0,0,0,3,0,0,0,0,0,0,0,male,Indian Premier League,T20,DR Smith,0,Chennai Super Kings,Royal Challengers Bangalore,2014-05-24,,6
35205dfc,734045,24,1,20,4,0,0,0,0,0,8,0,0,0,0,0,0,0,male,Indian Premier League,T20,DR Smith,caught,Chennai Super Kings,Mumbai Indians,2014-05-28,,6
35205dfc,734047,7,1,12,0,0,1,0,0,0,7,0,0,0,0,0,0,0,male,Indian Premier League,T20,DR Smith,0,Chennai Super Kings,Kings XI Punjab,2014-05-30,,6
35205dfc,730283,8,1,13,1,0,1,0,0,0,8,0,0,0,0,0,0,0,male,New Zealand in West Indies T20I Series,T20,DR Smith,caught,West Indies,New Zealand,2014-07-05,,6
35205dfc,730285,9,1,6,2,0,0,0,0,0,3,0,0,0,0,0,0,0,male,New Zealand in West Indies T20I Series,T20,DR Smith,0,West Indies,New Zealand,2014-07-06,,6
35205dfc,743139,13,1,17,1,1,0,0,0,0,12,0,8,0,0,0,0,1,male,Caribbean Premier League,T20,DR Smith,0,Barbados Tridents,Trinidad & Tobago Red Steel,2014-07-12,,6
35205dfc,743147,21,1,13,2,1,1,0,0,0,3,0,0,0,0,0,0,0,male,Caribbean Premier League,T20,DR Smith,0,Barbados Tridents,Antigua Hawksbills,2014-07-19,,6
35205dfc,743155,110,0,70,7,8,2,0,0,0,24,0,0,0,0,0,0,0,male,Caribbean Premier League,T20,DR Smith,0,Barbados Tridents,St Lucia Zouks,2014-07-23,,6
35205dfc,743163,104,1,70,8,6,0,0,0,0,27,0,15,0,0,0,0,1,male,Caribbean Premier League,T20,DR Smith,0,Barbados Tridents,Guyana Amazon Warriors,2014-07-26,,6
35205dfc,743169,4,1,5,1,0,0,0,0,0,4,0,0,0,0,0,0,0,male,Caribbean Premier League,T20,DR Smith,0,Barbados Tridents,St Lucia Zouks,2014-07-31,,6
35205dfc,743175,5,1,4,1,0,0,0,0,0,2,0,0,0,0,0,0,0,male,Caribbean Premier League,T20,DR Smith,caught,Barbados Tridents,Jamaica Tallawahs,2014-08-03,,6
35205dfc,743181,5,1,8,1,0,1,0,0,0,6,0,0,0,0,0,0,0,male,Caribbean Premier League,T20,DR Smith,caught,Barbados Tridents,Trinidad & Tobago Red Steel,2014-08-07,,6
35205dfc,743189,32,1,27,4,1,0,0,0,0,14,0,0,0,0,0,0,0,male,Caribbean Premier League,T20,DR Smith,caught,Barbados Tridents,Jamaica Tallawahs,2014-08-10,,6
35205dfc,743195,59,1,55,6,3,0,0,0,0,32,0,0,0,0,0,0,0,male,Caribbean Premier League,T20,DR Smith,caught,Barbados Tridents,Guyana Amazon Warriors,2014-08-16,,6
35205dfc,730293,0,0,0,0,0,0,0,0,0,0,0,0,0,0,0,0,0,male,,T20,DR Smith,0,West Indies,Bangladesh,2014-08-27,,6
35205dfc,770121,46,1,45,4,2,0,0,1,0,24,0,0,0,0,0,0,0,male,West Indies in India ODI Series,ODI,DR Smith,0,West Indies,India,2014-10-08,,6
35205dfc,770123,97,1,97,11,2,0,0,0,0,47,0,0,0,0,0,0,0,male,West Indies in India ODI Series,ODI,DR Smith,bowled,West Indies,India,2014-10-11,,6
35205dfc,770127,0,1,11,0,0,0,0,0,0,11,0,0,0,0,0,0,0,male,West Indies in India ODI Series,ODI,DR Smith,0,West Indies,India,2014-10-17,,6
35205dfc,722335,20,1,20,3,0,0,0,0,0,10,0,0,0,0,0,0,0,male,West Indies in South Africa T20I Series,T20,DR Smith,0,West Indies,South Africa,2015-01-09,,6
35205dfc,722337,17,1,9,4,0,1,0,0,0,4,0,0,0,0,0,0,0,male,West Indies in South Africa T20I Series,T20,DR Smith,lbw,West Indies,South Africa,2015-01-11,,6
35205dfc,736063,5,1,10,0,0,1,0,0,0,5,0,0,0,0,0,0,0,male,West Indies in South Africa T20I Series,T20,DR Smith,0,West Indies,South Africa,2015-01-14,,6
35205dfc,722339,29,1,39,3,0,1,0,0,0,21,0,0,0,0,0,0,0,male,West Indies in South Africa ODI Series,ODI,DR Smith,lbw,West Indies,South Africa,2015-01-16,,6
35205dfc,722341,64,1,68,9,1,0,0,0,0,38,0,68,0,0,0,0,4,male,West Indies in South Africa ODI Series,ODI,DR Smith,caught,West Indies,South Africa,2015-01-18,,6
35205dfc,722343,5,1,7,1,0,0,0,0,0,5,0,0,0,0,0,0,0,male,West Indies in South Africa ODI Series,ODI,DR Smith,caught,West Indies,South Africa,2015-01-21,,6
35205dfc,722345,0,1,3,0,0,0,0,0,0,3,0,0,0,0,0,0,0,male,West Indies in South Africa ODI Series,ODI,DR Smith,bowled,West Indies,South Africa,2015-01-25,,6
35205dfc,722347,31,1,30,3,1,0,0,0,0,13,0,0,0,0,0,0,0,male,West Indies in South Africa ODI Series,ODI,DR Smith,lbw,West Indies,South Africa,2015-01-28,,6
35205dfc,656407,18,1,25,3,0,0,0,1,0,17,0,0,0,0,0,0,0,male,ICC Cricket World Cup,ODI,DR Smith,0,West Indies,Ireland,2015-02-16,,6
35205dfc,656417,23,1,27,4,0,1,0,0,0,17,0,0,0,0,0,0,0,male,ICC Cricket World Cup,ODI,DR Smith,0,West Indies,Pakistan,2015-02-21,,6
35205dfc,656427,0,1,2,0,0,1,0,0,0,2,0,0,0,0,0,0,0,male,ICC Cricket World Cup,ODI,DR Smith,bowled,West Indies,Zimbabwe,2015-02-24,,6
35205dfc,656435,31,1,34,4,1,0,0,0,0,20,0,0,0,0,0,0,0,male,ICC Cricket World Cup,ODI,DR Smith,caught,West Indies,South Africa,2015-02-27,,6
35205dfc,656453,6,1,20,1,0,0,0,0,0,17,0,22,1,0,0,0,20,male,ICC Cricket World Cup,ODI,DR Smith,0,West Indies,India,2015-03-06,,6
35205dfc,656479,15,1,9,1,1,1,0,0,0,4,0,5,0,0,0,0,7,male,ICC Cricket World Cup,ODI,DR Smith,0,West Indies,United Arab Emirates,2015-03-15,,6
35205dfc,829707,34,1,31,6,0,0,0,0,0,16,0,0,0,0,0,0,0,male,Indian Premier League,T20,DR Smith,0,Chennai Super Kings,Delhi Daredevils,2015-04-09,,6
35205dfc,829711,27,0,27,4,1,1,0,0,0,17,0,0,0,0,0,0,0,male,Indian Premier League,T20,DR Smith,0,Chennai Super Kings,Sunrisers Hyderabad,2015-04-11,,6
35205dfc,829729,62,1,32,8,4,1,0,0,0,15,0,0,0,0,0,0,0,male,Indian Premier League,T20,DR Smith,caught,Chennai Super Kings,Mumbai Indians,2015-04-17,,6
35205dfc,829735,40,1,29,3,2,0,0,0,0,13,0,0,0,0,0,0,0,male,Indian Premier League,T20,DR Smith,bowled,Chennai Super Kings,Rajasthan Royals,2015-04-19,,6
35205dfc,829745,39,1,29,3,3,2,0,1,0,15,0,0,0,0,0,0,0,male,Indian Premier League,T20,DR Smith,caught,Chennai Super Kings,Royal Challengers Bangalore,2015-04-22,,6
35205dfc,829753,26,1,13,3,2,0,0,0,0,7,0,0,0,0,0,0,0,male,Indian Premier League,T20,DR Smith,0,Chennai Super Kings,Kings XI Punjab,2015-04-25,,6
35205dfc,829765,25,0,20,3,1,0,0,0,0,9,0,0,0,0,0,0,0,male,Indian Premier League,T20,DR Smith,0,Chennai Super Kings,Kolkata Knight Riders,2015-04-28,,6
35205dfc,829723,0,1,1,0,0,0,0,0,0,1,0,0,0,0,0,0,0,male,Indian Premier League,T20,DR Smith,0,Chennai Super Kings,Kolkata Knight Riders,2015-04-30,,6
35205dfc,829773,21,1,20,3,1,1,0,0,0,13,0,0,0,0,0,0,0,male,Indian Premier League,T20,DR Smith,0,Chennai Super Kings,Sunrisers Hyderabad,2015-05-02,,6
35205dfc,829779,0,1,6,0,0,2,0,0,0,6,0,0,0,0,0,0,0,male,Indian Premier League,T20,DR Smith,bowled,Chennai Super Kings,Royal Challengers Bangalore,2015-05-04,,6
35205dfc,829789,27,1,35,4,0,1,0,0,0,22,0,0,0,0,0,0,0,male,Indian Premier League,T20,DR Smith,0,Chennai Super Kings,Mumbai Indians,2015-05-08,,6
35205dfc,829797,6,1,10,1,0,1,0,0,0,7,0,0,0,0,0,0,0,male,Indian Premier League,T20,DR Smith,0,Chennai Super Kings,Rajasthan Royals,2015-05-10,,6
35205dfc,829801,18,1,24,2,1,0,0,0,0,17,0,0,0,0,0,0,0,male,Indian Premier League,T20,DR Smith,0,Chennai Super Kings,Delhi Daredevils,2015-05-12,,6
35205dfc,829817,0,1,4,0,0,0,0,0,0,4,0,0,0,0,0,0,0,male,Indian Premier League,T20,DR Smith,0,Chennai Super Kings,Mumbai Indians,2015-05-19,,6
35205dfc,829821,17,1,12,3,0,0,0,0,0,4,0,0,0,0,0,0,0,male,Indian Premier League,T20,DR Smith,caught,Chennai Super Kings,Royal Challengers Bangalore,2015-05-22,,6
35205dfc,829823,57,1,48,9,1,0,0,0,0,23,0,17,1,1,0,0,4,male,Indian Premier League,T20,DR Smith,lbw,Chennai Super Kings,Mumbai Indians,2015-05-24,,6
35205dfc,857703,13,1,12,1,1,0,0,0,0,7,0,0,0,0,0,0,0,male,Caribbean Premier League,T20,DR Smith,run out,Barbados Tridents,Guyana Amazon Warriors,2015-06-20,,6
35205dfc,857707,56,1,54,5,2,0,0,0,0,25,0,0,0,0,0,0,0,male,Caribbean Premier League,T20,DR Smith,bowled,Barbados Tridents,Jamaica Tallawahs,2015-06-23,,6
35205dfc,857711,33,1,29,4,1,2,0,0,0,15,0,0,0,0,0,0,0,male,Caribbean Premier League,T20,DR Smith,caught,Barbados Tridents,Trinidad & Tobago Red Steel,2015-06-25,,6
35205dfc,857715,10,1,16,1,0,3,0,0,0,9,0,0,0,0,0,0,0,male,Caribbean Premier League,T20,DR Smith,caught,Barbados Tridents,St Kitts and Nevis Patriots,2015-06-27,,6
35205dfc,857721,22,1,30,0,2,0,0,0,0,18,0,0,0,0,0,0,0,male,Caribbean Premier League,T20,DR Smith,caught and bowled,Barbados Tridents,St Lucia Zouks,2015-07-01,,6
35205dfc,857725,16,1,19,2,0,0,0,0,0,10,0,0,0,0,0,0,0,male,Caribbean Premier League,T20,DR Smith,0,Barbados Tridents,St Lucia Zouks,2015-07-03,,6
35205dfc,857731,20,1,25,3,0,0,0,0,0,14,0,12,1,0,0,0,2,male,Caribbean Premier League,T20,DR Smith,0,Barbados Tridents,St Kitts and Nevis Patriots,2015-07-06,,6
35205dfc,857743,27,0,25,1,1,0,0,0,0,9,0,0,0,0,0,0,0,male,Caribbean Premier League,T20,DR Smith,0,Barbados Tridents,Jamaica Tallawahs,2015-07-11,,6
35205dfc,857751,13,1,13,2,0,0,0,0,0,6,0,0,0,0,0,0,0,male,Caribbean Premier League,T20,DR Smith,bowled,Barbados Tridents,Trinidad & Tobago Red Steel,2015-07-16,,6
35205dfc,857757,14,1,16,1,1,2,0,0,0,10,0,0,0,0,0,0,0,male,Caribbean Premier League,T20,DR Smith,0,Barbados Tridents,Guyana Amazon Warriors,2015-07-18,,6
35205dfc,857767,49,1,30,4,3,0,0,0,0,10,0,0,0,0,0,0,0,male,Caribbean Premier League,T20,DR Smith,bowled,Barbados Tridents,Trinidad & Tobago Red Steel,2015-07-26,,6
35205dfc,959213,11,1,7,2,0,0,0,0,0,3,0,22,0,0,0,0,4,male,Pakistan Super League,T20,DR Smith,caught,Islamabad United,Lahore Qalandars,2016-02-17,,6
35205dfc,959217,50,0,49,7,1,1,0,0,0,25,0,7,0,0,0,0,1,male,Pakistan Super League,T20,DR Smith,0,Islamabad United,Karachi Kings,2016-02-20,,6
35205dfc,959219,19,1,37,0,0,1,0,0,0,19,0,0,0,0,0,0,0,male,Pakistan Super League,T20,DR Smith,0,Islamabad United,Peshawar Zalmi,2016-02-21,,6
35205dfc,959221,73,1,51,7,4,1,0,0,0,19,0,16,0,0,0,0,1,male,Pakistan Super League,T20,DR Smith,caught,Islamabad United,Quetta Gladiators,2016-02-23,,6
35205dfc,980937,32,1,22,3,2,0,0,0,0,10,0,0,0,0,0,0,0,male,Indian Premier League,T20,DR Smith,0,Gujarat Lions,Royal Challengers Bangalore,2016-04-24,,6
35205dfc,980945,53,1,30,5,3,0,0,0,0,9,0,26,0,0,0,0,1,male,Indian Premier League,T20,DR Smith,0,Gujarat Lions,Delhi Daredevils,2016-04-27,,6
35205dfc,980949,63,1,39,9,1,0,0,0,0,14,0,0,0,0,0,0,0,male,Indian Premier League,T20,DR Smith,0,Gujarat Lions,Rising Pune Supergiants,2016-04-29,,6
35205dfc,980955,15,1,19,1,1,1,0,0,0,12,0,0,0,0,0,0,0,male,Indian Premier League,T20,DR Smith,0,Gujarat Lions,Kings XI Punjab,2016-05-01,,6
35205dfc,980961,15,1,14,3,0,1,0,0,0,8,0,12,0,0,0,0,4,male,Indian Premier League,T20,DR Smith,0,Gujarat Lions,Delhi Daredevils,2016-05-03,,6
35205dfc,980967,1,1,9,0,0,1,0,0,0,8,0,0,0,0,0,0,0,male,Indian Premier League,T20,DR Smith,caught,Gujarat Lions,Sunrisers Hyderabad,2016-05-06,,6
35205dfc,980975,27,1,19,4,1,0,0,0,0,9,0,15,1,0,0,0,7,male,Indian Premier League,T20,DR Smith,bowled,Gujarat Lions,Kolkata Knight Riders,2016-05-08,,6
35205dfc,980987,7,1,6,1,0,0,0,0,0,2,0,13,0,0,0,0,0,male,Indian Premier League,T20,DR Smith,0,Gujarat Lions,Royal Challengers Bangalore,2016-05-14,,6
35205dfc,981001,0,1,1,0,0,0,0,0,0,1,0,8,4,1,0,0,19,male,Indian Premier League,T20,DR Smith,caught,Gujarat Lions,Kolkata Knight Riders,2016-05-19,,6
35205dfc,981007,37,0,23,4,2,1,0,0,0,8,0,37,2,0,0,0,11,male,Indian Premier League,T20,DR Smith,0,Gujarat Lions,Mumbai Indians,2016-05-21,,6
35205dfc,981013,73,1,41,5,6,2,0,0,0,13,0,14,0,0,0,0,1,male,Indian Premier League,T20,DR Smith,0,Gujarat Lions,Royal Challengers Bangalore,2016-05-24,,6
35205dfc,981017,1,1,3,0,0,1,0,0,0,2,0,29,1,0,0,0,2,male,Indian Premier League,T20,DR Smith,caught,Gujarat Lions,Sunrisers Hyderabad,2016-05-27,,6
35205dfc,994669,62,1,37,3,5,1,0,0,0,14,0,18,0,0,0,0,8,male,Caribbean Premier League,T20,DR Smith,caught,Guyana Amazon Warriors,St Kitts and Nevis Patriots,2016-06-30,,6
35205dfc,1025987,26,1,19,3,2,0,0,0,0,12,0,10,0,0,0,0,6,male,Caribbean Premier League,T20,DR Smith,0,Guyana Amazon Warriors,Trinbago Knight Riders,2016-07-02,,6
35205dfc,1018873,0,1,3,0,0,0,0,0,0,3,0,0,0,0,0,0,0,male,Caribbean Premier League,T20,DR Smith,0,Guyana Amazon Warriors,Trinbago Knight Riders,2016-07-10,,6
35205dfc,1019769,11,1,10,1,0,0,0,0,0,4,0,11,0,0,0,0,5,male,Caribbean Premier League,T20,DR Smith,lbw,Guyana Amazon Warriors,Jamaica Tallawahs,2016-07-15,,6
35205dfc,1011501,56,1,54,5,2,0,0,0,0,24,0,26,0,0,0,0,5,male,Caribbean Premier League,T20,DR Smith,caught,Guyana Amazon Warriors,St Lucia Zouks,2016-07-24,,6
35205dfc,994677,50,1,34,5,3,1,0,0,0,16,0,7,0,0,0,0,3,male,Caribbean Premier League,T20,DR Smith,0,Guyana Amazon Warriors,Barbados Tridents,2016-07-28,,6
35205dfc,994683,0,1,1,0,0,0,0,0,0,1,0,17,1,0,0,0,6,male,Caribbean Premier League,T20,DR Smith,0,Guyana Amazon Warriors,Barbados Tridents,2016-07-30,,6
35205dfc,1025665,16,1,18,1,0,0,0,0,0,5,0,10,0,0,0,0,1,male,Caribbean Premier League,T20,DR Smith,caught,Guyana Amazon Warriors,Jamaica Tallawahs,2016-08-03,,6
35205dfc,1025671,17,1,23,1,1,0,0,0,0,14,0,0,0,0,0,0,0,male,Caribbean Premier League,T20,DR Smith,caught,Guyana Amazon Warriors,Jamaica Tallawahs,2016-08-07,,6
35205dfc,1063054,9,1,15,1,0,0,0,0,0,9,0,21,1,0,0,0,8,male,Bangladesh Premier League,T20,DR Smith,caught,Chittagong Vikings,Comilla Victorians,2016-11-08,,6
35205dfc,1063056,10,1,8,1,1,0,0,0,0,6,0,20,0,0,0,0,7,male,Bangladesh Premier League,T20,DR Smith,0,Chittagong Vikings,Rangpur Riders,2016-11-09,,6
35205dfc,1063059,3,1,10,0,0,0,0,0,0,7,0,0,0,0,0,0,0,male,Bangladesh Premier League,T20,DR Smith,0,Chittagong Vikings,Khulna Titans,2016-11-12,,6
35205dfc,1063049,17,1,17,0,1,0,0,0,0,8,0,40,0,0,0,0,4,male,Bangladesh Premier League,T20,DR Smith,caught,Chittagong Vikings,Barisal Bulls,2016-11-14,,6
35205dfc,1063065,34,1,19,6,1,1,0,0,0,9,0,0,0,0,0,0,0,male,Bangladesh Premier League,T20,DR Smith,0,Chittagong Vikings,Rajshahi Kings,2016-11-18,,6
35205dfc,1063070,21,1,12,5,0,0,0,0,0,6,0,0,0,0,0,0,0,male,Bangladesh Premier League,T20,DR Smith,lbw,Chittagong Vikings,Comilla Victorians,2016-11-21,,6
35205dfc,1063072,69,1,50,6,3,0,0,0,0,15,0,0,0,0,0,0,0,male,Bangladesh Premier League,T20,DR Smith,caught,Chittagong Vikings,Barisal Bulls,2016-11-22,,6
35205dfc,1063089,0,1,6,0,0,0,0,0,0,6,0,13,0,0,0,0,2,male,Bangladesh Premier League,T20,DR Smith,caught,Chittagong Vikings,Rajshahi Kings,2016-12-06,,6
35205dfc,1075986,55,1,51,8,1,0,0,0,0,26,0,0,0,0,0,0,0,male,Pakistan Super League,T20,DR Smith,0,Islamabad United,Peshawar Zalmi,2017-02-09,,6
35205dfc,1075989,31,1,29,4,0,0,0,0,0,13,0,0,0,0,0,0,0,male,Pakistan Super League,T20,DR Smith,0,Islamabad United,Lahore Qalandars,2017-02-11,,6
35205dfc,1075992,10,1,18,1,0,0,0,0,0,11,0,0,0,0,0,0,0,male,Pakistan Super League,T20,DR Smith,bowled,Islamabad United,Quetta Gladiators,2017-02-15,,6
35205dfc,1075995,29,1,22,0,3,0,0,0,0,9,0,0,0,0,0,0,0,male,Pakistan Super League,T20,DR Smith,caught,Islamabad United,Karachi Kings,2017-02-17,,6
35205dfc,1075997,72,0,60,6,4,0,0,0,0,26,0,0,0,0,0,0,0,male,Pakistan Super League,T20,DR Smith,0,Islamabad United,Peshawar Zalmi,2017-02-18,,6
35205dfc,1075999,20,1,17,2,1,2,0,0,0,8,0,0,0,0,0,0,0,male,Pakistan Super League,T20,DR Smith,lbw,Islamabad United,Lahore Qalandars,2017-02-20,,6
35205dfc,1076002,0,1,3,0,0,0,1,0,0,3,0,0,0,0,0,0,0,male,Pakistan Super League,T20,DR Smith,0,Islamabad United,Quetta Gladiators,2017-02-24,,6
35205dfc,1076005,49,1,36,7,1,0,0,0,0,14,0,0,0,0,0,0,0,male,Pakistan Super League,T20,DR Smith,0,Islamabad United,Karachi Kings,2017-02-26,,6
35205dfc,1076007,8,1,11,1,0,0,0,0,0,7,0,0,0,0,0,0,0,male,Pakistan Super League,T20,DR Smith,caught,Islamabad United,Karachi Kings,2017-03-01,,6
35205dfc,1082593,0,0,0,0,0,0,0,0,0,0,0,23,0,0,0,0,1,male,Indian Premier League,T20,DR Smith,0,Gujarat Lions,Kolkata Knight Riders,2017-04-07,,6
35205dfc,1082596,37,1,27,4,1,0,0,0,0,8,0,0,0,0,0,0,0,male,Indian Premier League,T20,DR Smith,0,Gujarat Lions,Sunrisers Hyderabad,2017-04-09,,6
35205dfc,1082603,47,1,31,8,1,0,0,0,0,14,0,10,1,0,0,0,6,male,Indian Premier League,T20,DR Smith,0,Gujarat Lions,Rising Pune Supergiant,2017-04-14,,6
35205dfc,1082606,0,1,3,0,0,0,0,0,0,3,0,13,0,0,0,0,4,male,Indian Premier League,T20,DR Smith,0,Gujarat Lions,Mumbai Indians,2017-04-16,,6
35205dfc,1082610,1,1,4,0,0,1,0,0,0,3,0,17,0,0,0,0,1,male,Indian Premier League,T20,DR Smith,caught,Gujarat Lions,Royal Challengers Bangalore,2017-04-18,,6
35205dfc,1082613,5,1,4,1,0,0,0,0,0,2,0,14,0,0,0,0,3,male,Indian Premier League,T20,DR Smith,0,Gujarat Lions,Kolkata Knight Riders,2017-04-21,,6
35205dfc,1082616,4,1,4,1,0,0,0,0,0,3,0,18,1,0,0,0,1,male,Indian Premier League,T20,DR Smith,0,Gujarat Lions,Kings XI Punjab,2017-04-23,,6
35205dfc,1082629,0,1,1,0,0,0,0,0,0,1,0,27,0,0,0,0,6,male,Indian Premier League,T20,DR Smith,0,Gujarat Lions,Rising Pune Supergiant,2017-05-01,,6
35205dfc,1082632,9,0,4,2,0,0,0,0,0,1,0,12,0,0,0,0,1,male,Indian Premier League,T20,DR Smith,0,Gujarat Lions,Delhi Daredevils,2017-05-04,,6
35205dfc,1082637,74,1,39,8,4,0,0,0,0,11,0,0,0,0,0,0,0,male,Indian Premier League,T20,DR Smith,caught,Gujarat Lions,Kings XI Punjab,2017-05-07,,6
35205dfc,1082640,8,1,8,1,0,2,0,0,0,3,0,17,0,0,0,0,1,male,Indian Premier League,T20,DR Smith,run out,Gujarat Lions,Delhi Daredevils,2017-05-10,,6
35205dfc,1082643,54,1,33,7,2,0,0,0,0,12,0,0,0,0,0,0,0,male,Indian Premier League,T20,DR Smith,lbw,Gujarat Lions,Sunrisers Hyderabad,2017-05-13,,6
35205dfc,1094674,28,1,24,4,0,0,0,0,0,9,0,0,0,0,0,0,0,male,Caribbean Premier League,T20,DR Smith,0,Barbados Tridents,Jamaica Tallawahs,2017-08-05,,6
35205dfc,1094676,20,1,31,2,0,0,0,0,0,17,0,0,0,0,0,0,0,male,Caribbean Premier League,T20,DR Smith,0,Barbados Tridents,Jamaica Tallawahs,2017-08-06,,6
35205dfc,1094679,36,1,27,3,2,1,0,0,0,11,0,0,0,0,0,0,0,male,Caribbean Premier League,T20,DR Smith,caught,Barbados Tridents,St Lucia Stars,2017-08-10,,6
35205dfc,1094682,10,1,6,1,1,1,0,0,0,4,0,0,0,0,0,0,0,male,Caribbean Premier League,T20,DR Smith,0,Barbados Tridents,Trinbago Knight Riders,2017-08-12,,6
35205dfc,1094687,33,1,17,5,2,0,0,0,0,9,0,0,0,0,0,0,0,male,Caribbean Premier League,T20,DR Smith,caught,Barbados Tridents,St Kitts and Nevis Patriots,2017-08-18,,6
35205dfc,1094690,100,1,70,10,5,0,0,0,0,29,0,0,0,0,0,0,0,male,Caribbean Premier League,T20,DR Smith,0,Barbados Tridents,Guyana Amazon Warriors,2017-08-20,,6
35205dfc,1094696,2,1,6,0,0,0,0,0,0,4,0,0,0,0,0,0,0,male,Caribbean Premier League,T20,DR Smith,0,Barbados Tridents,Guyana Amazon Warriors,2017-08-29,,6
35205dfc,1094698,103,0,70,5,8,1,0,0,0,27,0,0,0,0,0,0,0,male,Caribbean Premier League,T20,DR Smith,0,Barbados Tridents,St Lucia Stars,2017-08-31,,6
35205dfc,1094700,0,1,2,0,0,1,0,0,0,2,0,10,0,0,0,0,1,male,Caribbean Premier League,T20,DR Smith,0,Barbados Tridents,Trinbago Knight Riders,2017-09-02,,6
35205dfc,1094701,17,1,16,3,0,0,0,0,0,8,0,13,0,0,0,0,1,male,Caribbean Premier League,T20,DR Smith,caught,Barbados Tridents,St Kitts and Nevis Patriots,2017-09-03,,6
35205dfc,1121267,62,1,36,7,4,0,0,0,0,16,0,27,1,0,0,0,6,male,Bangladesh Premier League,T20,DR Smith,0,Rajshahi Kings,Khulna Titans,2017-11-21,,6
35205dfc,1121271,19,1,18,4,0,2,0,0,0,12,0,27,2,0,0,0,4,male,Bangladesh Premier League,T20,DR Smith,bowled,Rajshahi Kings,Comilla Victorians,2017-11-25,,6
35205dfc,1128818,24,1,24,3,1,0,0,0,0,16,0,0,0,0,0,0,0,male,Pakistan Super League,T20,DR Smith,0,Peshawar Zalmi,Multan Sultans,2018-02-22,,6
35205dfc,1128821,30,1,21,1,2,0,0,0,0,5,0,0,0,0,0,0,0,male,Pakistan Super League,T20,DR Smith,0,Peshawar Zalmi,Islamabad United,2018-02-24,,6
35205dfc,1128824,71,1,53,4,5,0,0,0,0,22,0,0,0,0,0,0,0,male,Pakistan Super League,T20,DR Smith,0,Peshawar Zalmi,Karachi Kings,2018-02-25,,6
35205dfc,1128827,23,1,14,4,1,0,0,0,0,8,0,3,0,0,0,0,0,male,Pakistan Super League,T20,DR Smith,bowled,Peshawar Zalmi,Quetta Gladiators,2018-03-01,,6
35205dfc,1128831,0,0,0,0,0,2,0,0,0,0,0,0,0,0,0,0,0,male,Pakistan Super League,T20,DR Smith,0,Peshawar Zalmi,Lahore Qalandars,2018-03-03,,6
35205dfc,1128833,18,1,20,3,0,0,0,0,0,11,0,0,0,0,0,0,0,male,Pakistan Super League,T20,DR Smith,0,Peshawar Zalmi,Multan Sultans,2018-03-06,,6
35205dfc,1128838,8,1,10,1,0,0,0,0,0,5,0,12,0,0,0,0,0,male,Pakistan Super League,T20,DR Smith,0,Peshawar Zalmi,Islamabad United,2018-03-09,,6
35205dfc,1128840,49,1,33,1,5,0,0,0,0,14,0,5,0,0,0,0,0,male,Pakistan Super League,T20,DR Smith,0,Peshawar Zalmi,Quetta Gladiators,2018-03-10,,6
35205dfc,1128844,15,1,16,0,2,0,0,0,0,11,0,0,0,0,0,0,0,male,Pakistan Super League,T20,DR Smith,0,Peshawar Zalmi,Karachi Kings,2018-03-15,,6
35205dfc,1128846,14,1,14,3,0,0,0,0,0,9,0,0,0,0,0,0,0,male,Pakistan Super League,T20,DR Smith,0,Peshawar Zalmi,Lahore Qalandars,2018-03-16,,6
35205dfc,1148652,6,1,6,1,0,1,0,0,0,3,0,0,0,0,0,0,0,male,Caribbean Premier League,T20,DR Smith,caught,Barbados Tridents,Guyana Amazon Warriors,2018-08-12,,6
35205dfc,1148656,58,1,48,10,1,1,0,0,0,27,0,0,0,0,0,0,0,male,Caribbean Premier League,T20,DR Smith,0,Barbados Tridents,St Lucia Stars,2018-08-17,,6
35205dfc,1148660,18,0,15,3,0,0,0,0,0,6,0,0,0,0,0,0,0,male,Caribbean Premier League,T20,DR Smith,0,Barbados Tridents,Jamaica Tallawahs,2018-08-22,,6
35205dfc,1148662,20,1,27,2,0,0,0,0,0,14,0,0,0,0,0,0,0,male,Caribbean Premier League,T20,DR Smith,0,Barbados Tridents,St Kitts and Nevis Patriots,2018-08-25,,6
35205dfc,1148664,2,1,4,0,0,1,0,0,0,2,0,0,0,0,0,0,0,male,Caribbean Premier League,T20,DR Smith,bowled,Barbados Tridents,Trinbago Knight Riders,2018-08-26,,6
35205dfc,1148668,28,1,16,4,1,0,0,0,0,5,0,12,0,0,0,0,0,male,Caribbean Premier League,T20,DR Smith,caught,Barbados Tridents,Guyana Amazon Warriors,2018-08-31,,6
35205dfc,1148670,16,1,13,2,1,0,0,0,0,9,0,0,0,0,0,0,0,male,Caribbean Premier League,T20,DR Smith,caught,Barbados Tridents,St Lucia Stars,2018-09-02,,6
35205dfc,1148672,26,1,25,2,2,0,0,0,0,15,0,0,0,0,0,0,0,male,Caribbean Premier League,T20,DR Smith,lbw,Barbados Tridents,St Kitts and Nevis Patriots,2018-09-04,,6
35205dfc,1168822,11,0,9,2,0,0,0,0,0,4,0,0,0,0,0,0,0,male,Pakistan Super League,T20,DR Smith,0,Quetta Gladiators,Peshawar Zalmi,2019-02-15,,6
35205dfc,1168825,0,0,0,0,0,0,0,0,0,0,0,6,0,0,0,0,1,male,Pakistan Super League,T20,DR Smith,0,Quetta Gladiators,Islamabad United,2019-02-17,,6
35205dfc,1168827,0,0,0,0,0,0,0,0,0,0,0,0,0,0,0,0,0,male,Pakistan Super League,T20,DR Smith,0,Quetta Gladiators,Multan Sultans,2019-02-20,,6
35205dfc,1168831,2,0,3,0,0,1,0,0,0,1,0,0,0,0,0,0,0,male,Pakistan Super League,T20,DR Smith,0,Quetta Gladiators,Lahore Qalandars,2019-02-23,,6
35205dfc,1168834,9,1,16,0,0,0,0,0,0,7,0,0,0,0,0,0,0,male,Pakistan Super League,T20,DR Smith,caught,Quetta Gladiators,Karachi Kings,2019-02-24,,6
35205dfc,1185848,0,1,1,0,0,0,0,0,0,1,0,0,0,0,0,0,0,male,Caribbean Premier League,T20,DR Smith,0,Jamaica Tallawahs,Barbados Tridents,2019-09-15,,6
35205dfc,1185851,6,1,4,1,0,1,0,0,0,2,0,32,1,1,0,0,14,male,Caribbean Premier League,T20,DR Smith,caught,Jamaica Tallawahs,Guyana Amazon Warriors,2019-09-18,,6
35205dfc,1185852,4,1,6,0,0,0,0,0,0,2,0,18,1,0,0,0,13,male,Caribbean Premier League,T20,DR Smith,caught,Jamaica Tallawahs,St Kitts and Nevis Patriots,2019-09-19,,6
35205dfc,1185856,1,1,2,0,0,1,0,0,0,1,0,22,2,1,0,0,8,male,Caribbean Premier League,T20,DR Smith,caught,Jamaica Tallawahs,Barbados Tridents,2019-09-23,,6
35205dfc,1185860,58,1,39,6,3,1,0,0,0,16,0,8,1,0,0,0,7,male,Caribbean Premier League,T20,DR Smith,0,Jamaica Tallawahs,St Lucia Zouks,2019-09-27,,6
35205dfc,1185865,2,1,5,0,0,0,0,0,0,3,0,34,0,0,0,0,7,male,Caribbean Premier League,T20,DR Smith,0,Jamaica Tallawahs,Guyana Amazon Warriors,2019-10-03,,6
