player_id,match_id,runs_scored,player_out,balls_faced,fours_scored,sixes_scored,catches_taken,run_out_direct,run_out_throw,stumpings_done,dot_balls_as_batsman,order_seenballs_bowled,runs_conceded,wickets_taken,bowled_done,lbw_done,maidens,dot_balls_as_bowler,gender,series_name,match_type,name,out_kind,player_team,opposition_team,start_date,end_date,balls_per_over
b52ffbbd,1094689,0,0,0,0,0,0,0,0,0,0,0,24,1,0,0,0,9,male,Caribbean Premier League,T20,FA Allen,0,St Kitts and Nevis Patriots,St Lucia Stars,2017-08-19,,6
b52ffbbd,1148671,0,0,0,0,0,0,0,0,0,0,0,43,1,0,0,0,10,male,Caribbean Premier League,T20,FA Allen,0,St Kitts and Nevis Patriots,Jamaica Tallawahs,2018-09-02,,6
b52ffbbd,1148672,64,0,36,6,4,0,0,0,0,11,0,12,0,0,0,0,6,male,Caribbean Premier League,T20,FA Allen,0,St Kitts and Nevis Patriots,Barbados Tridents,2018-09-04,,6
b52ffbbd,1148678,23,1,10,1,2,0,0,0,0,2,0,23,1,0,0,0,12,male,Caribbean Premier League,T20,FA Allen,caught,St Kitts and Nevis Patriots,Jamaica Tallawahs,2018-09-12,,6
b52ffbbd,1148679,32,0,20,1,3,0,0,0,0,7,0,10,0,0,0,0,1,male,Caribbean Premier League,T20,FA Allen,0,St Kitts and Nevis Patriots,Trinbago Knight Riders,2018-09-14,,6
b52ffbbd,1157756,5,1,7,1,0,0,0,0,0,5,0,52,0,0,0,0,29,male,West Indies tour of India,ODI,FA Allen,caught,West Indies,India,2018-10-27,,6
b52ffbbd,1157757,10,1,17,1,0,0,0,0,0,11,0,52,0,0,0,0,14,male,West Indies tour of India,ODI,FA Allen,caught,West Indies,India,2018-10-29,,6
b52ffbbd,1157758,4,1,11,0,0,0,0,0,0,7,0,5,0,0,0,0,1,male,West Indies tour of India,ODI,FA Allen,caught,West Indies,India,2018-11-01,,6
b52ffbbd,1157759,27,1,20,4,0,0,0,0,0,8,0,11,0,0,0,0,0,male,West Indies tour of India,T20,FA Allen,caught,West Indies,India,2018-11-04,,6
b52ffbbd,1157760,0,1,1,0,0,0,0,0,0,1,0,33,1,0,0,0,9,male,West Indies tour of India,T20,FA Allen,0,West Indies,India,2018-11-06,,6
b52ffbbd,1157761,0,0,0,0,0,0,0,0,0,0,0,23,1,0,0,0,3,male,West Indies tour of India,T20,FA Allen,0,West Indies,India,2018-11-11,,6
b52ffbbd,1153316,6,1,17,0,1,0,0,0,0,16,0,22,0,0,0,0,12,male,West Indies tour of Bangladesh,ODI,FA Allen,0,West Indies,Bangladesh,2018-12-14,,6
b52ffbbd,1153317,0,0,0,0,0,0,0,0,0,0,0,20,1,0,0,0,8,male,West Indies tour of Bangladesh,T20,FA Allen,0,West Indies,Bangladesh,2018-12-17,,6
b52ffbbd,1153318,0,1,3,0,0,1,0,0,0,3,0,29,1,0,0,0,8,male,West Indies tour of Bangladesh,T20,FA Allen,0,West Indies,Bangladesh,2018-12-20,,6
b52ffbbd,1153319,8,1,7,1,0,2,0,0,0,3,0,19,2,0,0,0,13,male,West Indies tour of Bangladesh,T20,FA Allen,0,West Indies,Bangladesh,2018-12-22,,6
b52ffbbd,1158071,8,1,6,0,1,0,0,0,0,3,0,8,0,0,0,0,2,male,England tour of West Indies,T20,FA Allen,0,West Indies,England,2019-03-05,,6
b52ffbbd,1158072,1,1,3,0,0,0,0,0,0,2,0,29,2,1,0,0,7,male,England tour of West Indies,T20,FA Allen,0,West Indies,England,2019-03-08,,6
b52ffbbd,1158073,7,1,4,0,1,0,0,0,0,2,0,25,0,0,0,1,16,male,England tour of West Indies,T20,FA Allen,0,West Indies,England,2019-03-10,,6
b52ffbbd,1168511,0,0,0,0,0,0,0,0,0,0,0,19,0,0,0,0,7,male,Ireland Tri-Nation Series,ODI,FA Allen,0,West Indies,Ireland,2019-05-11,,6
b52ffbbd,1168512,7,1,10,1,0,0,0,0,0,6,0,11,0,0,0,0,13,male,Ireland Tri-Nation Series,ODI,FA Allen,lbw,West Indies,Bangladesh,2019-05-13,,6
b52ffbbd,1168514,0,0,0,0,0,0,0,0,0,0,0,37,1,0,1,0,6,male,Ireland Tri-Nation Series,ODI,FA Allen,0,West Indies,Bangladesh,2019-05-17,,6
b52ffbbd,1144516,0,1,1,0,0,1,0,0,0,1,0,53,0,0,0,0,27,male,World Cup,ODI,FA Allen,0,West Indies,India,2019-06-27,,6
b52ffbbd,1144521,51,1,33,7,1,1,0,0,0,12,0,44,1,0,0,0,23,male,World Cup,ODI,FA Allen,run out,West Indies,Sri Lanka,2019-07-01,,6
b52ffbbd,1144524,0,0,0,0,0,2,0,0,0,0,0,26,0,0,0,0,5,male,World Cup,ODI,FA Allen,0,West Indies,Afghanistan,2019-07-04,,6
b52ffbbd,1188623,8,0,5,0,1,0,0,0,0,2,0,18,1,0,0,0,6,male,India tour of United States of America and West Indies,T20,FA Allen,0,West Indies,India,2019-08-06,,6
b52ffbbd,1188624,0,0,0,0,0,0,0,0,0,0,0,0,0,0,0,0,0,male,India tour of United States of America and West Indies,ODI,FA Allen,0,West Indies,India,2019-08-08,,6
b52ffbbd,1188626,6,0,7,1,0,0,0,0,0,4,0,41,2,0,0,0,16,male,India tour of United States of America and West Indies,ODI,FA Allen,0,West Indies,India,2019-08-14,,6
b52ffbbd,1185837,30,1,16,0,4,2,0,0,0,8,0,0,0,0,0,0,0,male,Caribbean Premier League,T20,FA Allen,0,St Kitts and Nevis Patriots,Trinbago Knight Riders,2019-09-04,,6
b52ffbbd,1185840,33,1,19,2,2,1,0,0,0,4,0,9,0,0,0,0,9,male,Caribbean Premier League,T20,FA Allen,0,St Kitts and Nevis Patriots,Guyana Amazon Warriors,2019-09-07,,6
b52ffbbd,1185843,37,0,15,5,2,0,0,0,0,3,0,30,2,0,0,0,7,male,Caribbean Premier League,T20,FA Allen,0,St Kitts and Nevis Patriots,Jamaica Tallawahs,2019-09-10,,6
b52ffbbd,1185844,0,1,2,0,0,0,0,0,0,2,0,35,0,0,0,0,8,male,Caribbean Premier League,T20,FA Allen,bowled,St Kitts and Nevis Patriots,Barbados Tridents,2019-09-11,,6
b52ffbbd,1185847,16,1,17,2,0,0,0,0,0,7,0,16,0,0,0,0,3,male,Caribbean Premier League,T20,FA Allen,0,St Kitts and Nevis Patriots,Guyana Amazon Warriors,2019-09-14,,6
b52ffbbd,1185849,1,0,2,0,0,1,0,0,0,1,0,8,0,0,0,0,3,male,Caribbean Premier League,T20,FA Allen,0,St Kitts and Nevis Patriots,St Lucia Zouks,2019-09-15,,6
b52ffbbd,1185850,12,1,8,1,1,0,0,0,0,4,0,0,0,0,0,0,0,male,Caribbean Premier League,T20,FA Allen,caught,St Kitts and Nevis Patriots,Trinbago Knight Riders,2019-09-17,,6
b52ffbbd,1185852,62,0,29,7,3,0,0,0,0,7,0,21,0,0,0,0,4,male,Caribbean Premier League,T20,FA Allen,0,St Kitts and Nevis Patriots,Jamaica Tallawahs,2019-09-19,,6
b52ffbbd,1185857,1,1,2,0,0,1,0,0,0,1,0,0,0,0,0,0,0,male,Caribbean Premier League,T20,FA Allen,0,St Kitts and Nevis Patriots,St Lucia Zouks,2019-09-24,,6
b52ffbbd,1185861,20,1,13,1,1,0,0,0,0,4,0,6,0,0,0,0,3,male,Caribbean Premier League,T20,FA Allen,0,St Kitts and Nevis Patriots,Barbados Tridents,2019-09-28,,6
b52ffbbd,1185868,6,1,4,1,0,0,0,0,0,1,0,17,0,0,0,0,12,male,Caribbean Premier League,T20,FA Allen,caught,St Kitts and Nevis Patriots,Trinbago Knight Riders,2019-10-06,,6
b52ffbbd,1193494,5,0,8,0,0,1,0,0,0,4,0,0,0,0,0,0,0,male,Afghanistan tour of India,T20,FA Allen,0,West Indies,Afghanistan,2019-11-14,,6
b52ffbbd,1213872,17,1,14,2,1,1,0,0,0,8,0,37,0,0,0,0,14,male,West Indies tour of Sri Lanka,ODI,FA Allen,caught,West Indies,Sri Lanka,2020-02-26,,6
b52ffbbd,1213873,37,1,15,2,3,0,0,0,0,2,0,0,0,0,0,0,0,male,West Indies tour of Sri Lanka,ODI,FA Allen,caught,West Indies,Sri Lanka,2020-03-01,,6
b52ffbbd,1213874,3,0,3,0,0,0,0,0,0,1,0,0,0,0,0,0,0,male,West Indies tour of Sri Lanka,T20,FA Allen,0,West Indies,Sri Lanka,2020-03-04,,6
b52ffbbd,1213875,0,0,0,0,0,0,0,0,0,0,0,24,2,0,0,0,9,male,West Indies tour of Sri Lanka,T20,FA Allen,0,West Indies,Sri Lanka,2020-03-06,,6
b52ffbbd,1233954,30,1,27,4,1,0,0,0,0,15,0,32,0,0,0,0,6,male,West Indies tour of New Zealand,T20,FA Allen,0,West Indies,New Zealand,2020-11-27,,6
b52ffbbd,1233955,15,1,11,0,2,0,0,0,0,6,0,36,1,0,0,0,6,male,West Indies tour of New Zealand,T20,FA Allen,0,West Indies,New Zealand,2020-11-29,,6
b52ffbbd,1233956,0,0,0,0,0,0,0,0,0,0,0,0,0,0,0,0,0,male,West Indies tour of New Zealand,T20,FA Allen,0,West Indies,New Zealand,2020-11-30,,6
b52ffbbd,1252066,0,1,1,0,0,1,0,0,0,1,0,4,0,0,0,0,2,male,Sri Lanka tour of West Indies,T20,FA Allen,0,West Indies,Sri Lanka,2021-03-03,,6
b52ffbbd,1252067,12,1,17,0,1,0,0,0,0,10,0,11,0,0,0,0,2,male,Sri Lanka tour of West Indies,T20,FA Allen,lbw,West Indies,Sri Lanka,2021-03-05,,6
b52ffbbd,1252068,21,0,6,0,3,0,0,0,0,1,0,13,1,0,0,0,15,male,Sri Lanka tour of West Indies,T20,FA Allen,0,West Indies,Sri Lanka,2021-03-07,,6
b52ffbbd,1252069,0,0,0,0,0,1,0,0,0,0,0,39,1,0,0,0,19,male,West Indies v Sri Lanka,ODI,FA Allen,0,West Indies,Sri Lanka,2021-03-10,,6
b52ffbbd,1252070,15,1,7,1,1,1,0,1,0,2,0,43,0,0,0,0,28,male,West Indies v Sri Lanka,ODI,FA Allen,0,West Indies,Sri Lanka,2021-03-12,,6
b52ffbbd,1252071,0,0,0,0,0,1,0,0,0,0,0,43,0,0,0,0,23,male,West Indies v Sri Lanka,ODI,FA Allen,0,West Indies,Sri Lanka,2021-03-14,,6
b52ffbbd,1254071,6,1,11,0,0,0,0,0,0,5,0,22,1,0,0,1,14,male,Indian Premier League,T20,FA Allen,caught,Punjab Kings,Sunrisers Hyderabad,2021-04-21,,6
b52ffbbd,1254074,0,0,0,0,0,1,0,0,0,0,0,30,0,0,0,0,2,male,Indian Premier League,T20,FA Allen,0,Punjab Kings,Mumbai Indians,2021-04-23,,6
b52ffbbd,1247026,0,1,2,0,0,0,0,0,0,2,0,36,2,1,0,0,4,male,Pakistan Super League,T20,FA Allen,lbw,Peshawar Zalmi,Lahore Qalandars,2021-06-10,,6
b52ffbbd,1247030,0,0,0,0,0,1,0,0,0,0,0,8,1,0,0,0,1,male,Pakistan Super League,T20,FA Allen,0,Peshawar Zalmi,Quetta Gladiators,2021-06-12,,6
b52ffbbd,1247031,3,0,4,0,0,0,0,0,0,1,0,39,0,0,0,0,4,male,Pakistan Super League,T20,FA Allen,0,Peshawar Zalmi,Multan Sultans,2021-06-13,,6
b52ffbbd,1263151,0,0,0,0,0,1,0,0,0,0,0,19,2,1,0,0,9,male,South Africa tour of West Indies,T20,FA Allen,0,West Indies,South Africa,2021-06-26,,6
b52ffbbd,1263152,34,1,13,0,5,0,0,0,0,4,0,43,0,0,0,0,7,male,South Africa tour of West Indies,T20,FA Allen,lbw,West Indies,South Africa,2021-06-27,,6
b52ffbbd,1263153,14,0,10,1,1,2,0,0,0,5,0,23,0,0,0,0,1,male,South Africa tour of West Indies,T20,FA Allen,0,West Indies,South Africa,2021-06-29,,6
b52ffbbd,1263154,19,0,14,2,1,0,0,0,0,6,0,0,0,0,0,0,0,male,South Africa tour of West Indies,T20,FA Allen,0,West Indies,South Africa,2021-07-01,,6
b52ffbbd,1263156,8,0,8,0,0,1,0,0,0,1,0,24,2,0,0,0,6,male,Australia tour of West Indies,T20,FA Allen,0,West Indies,Australia,2021-07-09,,6
b52ffbbd,1263157,0,0,0,0,0,1,0,0,0,0,0,28,0,0,0,0,7,male,Australia tour of West Indies,T20,FA Allen,0,West Indies,Australia,2021-07-10,,6
b52ffbbd,1263158,0,0,0,0,0,2,0,0,0,0,0,26,1,0,1,0,9,male,Australia tour of West Indies,T20,FA Allen,0,West Indies,Australia,2021-07-12,,6
b52ffbbd,1263159,29,1,14,2,3,1,0,0,0,6,0,31,1,0,0,0,10,male,Australia tour of West Indies,T20,FA Allen,0,West Indies,Australia,2021-07-14,,6
b52ffbbd,1263160,1,1,4,0,0,2,0,0,0,3,0,29,0,0,0,0,5,male,Australia tour of West Indies,T20,FA Allen,caught and bowled,West Indies,Australia,2021-07-16,,6
b52ffbbd,1269701,19,0,7,2,1,1,0,0,0,1,0,17,1,0,0,0,9,male,Caribbean Premier League,T20,FA Allen,0,St Kitts and Nevis Patriots,Barbados Royals,2021-08-26,,6
b52ffbbd,1269704,4,0,4,0,0,0,0,0,0,1,0,36,1,0,0,0,9,male,Caribbean Premier League,T20,FA Allen,0,St Kitts and Nevis Patriots,Guyana Amazon Warriors,2021-08-28,,6
b52ffbbd,1269707,4,0,1,1,0,1,0,0,0,0,0,31,1,0,0,0,5,male,Caribbean Premier League,T20,FA Allen,0,St Kitts and Nevis Patriots,Guyana Amazon Warriors,2021-08-29,,6
b52ffbbd,1269711,30,0,13,2,3,0,0,0,0,4,0,14,0,0,0,0,6,male,Caribbean Premier League,T20,FA Allen,0,St Kitts and Nevis Patriots,Jamaica Tallawahs,2021-09-01,,6
b52ffbbd,1269713,3,1,4,0,0,1,0,0,0,1,0,15,0,0,0,0,3,male,Caribbean Premier League,T20,FA Allen,0,St Kitts and Nevis Patriots,Barbados Royals,2021-09-02,,6
b52ffbbd,1269714,5,1,10,0,0,0,0,0,0,5,0,26,1,0,0,0,3,male,Caribbean Premier League,T20,FA Allen,caught,St Kitts and Nevis Patriots,St Lucia Kings,2021-09-04,,6
b52ffbbd,1269716,34,1,35,2,3,0,0,0,0,22,0,30,2,0,1,0,12,male,Caribbean Premier League,T20,FA Allen,caught,St Kitts and Nevis Patriots,St Lucia Kings,2021-09-05,,6
b52ffbbd,1269720,18,1,16,0,2,0,0,0,0,9,0,39,1,0,0,0,13,male,Caribbean Premier League,T20,FA Allen,0,St Kitts and Nevis Patriots,Jamaica Tallawahs,2021-09-08,,6
b52ffbbd,1269726,0,0,0,0,0,0,0,0,0,0,0,34,0,0,0,0,4,male,Caribbean Premier League,T20,FA Allen,0,St Kitts and Nevis Patriots,Trinbago Knight Riders,2021-09-11,,6
b52ffbbd,1269729,0,1,3,0,0,1,0,0,0,3,0,9,0,0,0,0,4,male,Caribbean Premier League,T20,FA Allen,0,St Kitts and Nevis Patriots,Trinbago Knight Riders,2021-09-12,,6
b52ffbbd,1269731,0,1,2,0,0,1,0,0,0,2,0,0,0,0,0,0,0,male,Caribbean Premier League,T20,FA Allen,0,St Kitts and Nevis Patriots,Guyana Amazon Warriors,2021-09-14,,6
b52ffbbd,1269732,20,1,18,2,0,0,0,0,0,6,0,17,1,1,0,0,14,male,Caribbean Premier League,T20,FA Allen,caught,St Kitts and Nevis Patriots,St Lucia Kings,2021-09-15,,6
b52ffbbd,1254111,0,0,1,0,0,1,0,0,0,1,0,0,0,0,0,0,0,male,Indian Premier League,T20,FA Allen,0,Punjab Kings,Rajasthan Royals,2021-09-21,,6
b52ffbbd,1254102,0,0,0,0,0,0,0,0,0,0,0,38,0,0,0,0,5,male,Indian Premier League,T20,FA Allen,0,Punjab Kings,Kolkata Knight Riders,2021-10-01,,6
b52ffbbd,1256720,0,0,0,0,0,2,0,0,0,0,0,10,1,0,0,0,5,male,England tour of West Indies,T20,FA Allen,0,West Indies,England,2022-01-22,,6
b52ffbbd,1256721,12,1,11,0,1,1,0,0,0,5,0,50,2,1,0,0,9,male,England tour of West Indies,T20,FA Allen,0,West Indies,England,2022-01-23,,6
b52ffbbd,1256722,0,1,1,0,0,0,0,0,0,1,0,0,0,0,0,0,0,male,England tour of West Indies,T20,FA Allen,caught,West Indies,England,2022-01-26,,6
b52ffbbd,1256724,0,0,0,0,0,1,0,0,0,0,0,18,0,0,0,0,7,male,England tour of West Indies,T20,FA Allen,0,West Indies,England,2022-01-30,,6
b52ffbbd,1278676,29,1,44,2,0,1,0,0,0,28,0,14,0,0,0,0,2,male,West Indies tour of India,ODI,FA Allen,caught and bowled,West Indies,India,2022-02-06,,6
b52ffbbd,1278677,13,1,23,0,1,0,0,0,0,16,0,50,1,0,0,0,21,male,West Indies tour of India,ODI,FA Allen,caught,West Indies,India,2022-02-09,,6
b52ffbbd,1278678,0,1,1,0,0,0,0,0,0,1,0,42,1,0,0,0,25,male,West Indies tour of India,ODI,FA Allen,0,West Indies,India,2022-02-11,,6
b52ffbbd,1278679,0,0,0,0,0,1,0,0,0,0,0,23,1,0,0,0,2,male,West Indies tour of India,T20,FA Allen,0,West Indies,India,2022-02-16,,6
b52ffbbd,1278681,5,0,3,1,0,0,0,0,0,1,0,5,0,0,0,0,1,male,West Indies tour of India,T20,FA Allen,0,West Indies,India,2022-02-20,,6
b52ffbbd,1304072,8,1,7,1,0,0,0,0,0,3,0,46,1,0,1,0,6,male,Indian Premier League,T20,FA Allen,0,Mumbai Indians,Lucknow Super Giants,2022-04-16,,6
b52ffbbd,1323144,3,0,3,0,0,1,0,0,0,1,0,0,0,0,0,0,0,male,Caribbean Premier League,T20,FA Allen,0,Jamaica Tallawahs,St Kitts and Nevis Patriots,2022-08-31,,6
b52ffbbd,1323147,3,1,6,0,0,1,0,0,0,3,0,0,0,0,0,0,0,male,Caribbean Premier League,T20,FA Allen,0,Jamaica Tallawahs,Guyana Amazon Warriors,2022-09-03,,6
b52ffbbd,1323152,7,1,9,0,0,1,0,0,0,3,0,19,0,0,0,0,4,male,Caribbean Premier League,T20,FA Allen,0,Jamaica Tallawahs,St Lucia Kings,2022-09-07,,6
b52ffbbd,1323155,3,1,6,0,0,0,0,0,0,4,0,6,0,0,0,0,0,male,Caribbean Premier League,T20,FA Allen,bowled,Jamaica Tallawahs,Trinbago Knight Riders,2022-09-10,,6
b52ffbbd,1323157,20,1,11,2,1,0,0,0,0,4,0,10,0,0,0,0,1,male,Caribbean Premier League,T20,FA Allen,caught,Jamaica Tallawahs,Barbados Royals,2022-09-11,,6
b52ffbbd,1323160,23,1,26,3,0,0,0,0,0,14,0,19,1,0,0,0,5,male,Caribbean Premier League,T20,FA Allen,caught,Jamaica Tallawahs,St Kitts and Nevis Patriots,2022-09-14,,6
b52ffbbd,1323162,1,1,10,0,0,0,0,0,0,9,0,14,1,0,0,0,3,male,Caribbean Premier League,T20,FA Allen,0,Jamaica Tallawahs,Barbados Royals,2022-09-15,,6
b52ffbbd,1323164,50,1,38,3,3,0,0,0,0,16,0,22,1,0,0,0,13,male,Caribbean Premier League,T20,FA Allen,0,Jamaica Tallawahs,Trinbago Knight Riders,2022-09-17,,6
b52ffbbd,1323168,1,1,3,0,0,0,0,0,0,2,0,13,1,0,0,0,5,male,Caribbean Premier League,T20,FA Allen,0,Jamaica Tallawahs,Guyana Amazon Warriors,2022-09-21,,6
b52ffbbd,1323175,0,1,2,0,0,0,0,0,0,2,0,28,2,2,0,0,11,male,Caribbean Premier League,T20,FA Allen,0,Jamaica Tallawahs,St Lucia Kings,2022-09-27,,6
b52ffbbd,1323176,0,0,0,0,0,0,0,0,0,0,0,35,1,0,0,0,4,male,Caribbean Premier League,T20,FA Allen,0,Jamaica Tallawahs,Guyana Amazon Warriors,2022-09-28,,6
b52ffbbd,1323177,0,0,0,0,0,0,0,0,0,0,0,24,2,1,0,0,14,male,Caribbean Premier League,T20,FA Allen,0,Jamaica Tallawahs,Barbados Royals,2022-09-30,,6
b52ffbbd,1324520,0,0,0,0,0,1,0,0,0,0,0,1,2,0,1,0,2,male,Lanka Premier League,T20,FA Allen,0,Kandy Falcons,Colombo Stars,2022-12-06,,6
b52ffbbd,1324522,10,1,11,1,0,0,0,0,0,4,0,16,0,0,0,0,2,male,Lanka Premier League,T20,FA Allen,caught,Kandy Falcons,Galle Gladiators,2022-12-07,,6
b52ffbbd,1324524,0,1,3,0,0,0,0,0,0,3,0,23,2,2,0,0,10,male,Lanka Premier League,T20,FA Allen,0,Kandy Falcons,Jaffna Kings,2022-12-10,,6
b52ffbbd,1324529,0,0,0,0,0,1,0,0,0,0,0,5,2,0,1,0,4,male,Lanka Premier League,T20,FA Allen,0,Kandy Falcons,Dambulla Aura,2022-12-13,,6
b52ffbbd,1324531,47,1,23,3,4,0,0,0,0,9,0,26,1,1,0,0,9,male,Lanka Premier League,T20,FA Allen,0,Kandy Falcons,Jaffna Kings,2022-12-14,,6
b52ffbbd,1324534,0,0,0,0,0,0,0,0,0,0,0,21,1,0,0,0,13,male,Lanka Premier League,T20,FA Allen,0,Kandy Falcons,Colombo Stars,2022-12-17,,6
b52ffbbd,1324536,3,1,5,0,0,0,0,0,0,3,0,23,1,1,0,0,8,male,Lanka Premier League,T20,FA Allen,0,Kandy Falcons,Dambulla Aura,2022-12-18,,6
b52ffbbd,1324539,6,1,4,1,0,0,0,0,0,1,0,8,0,0,0,0,1,male,Lanka Premier League,T20,FA Allen,caught,Kandy Falcons,Jaffna Kings,2022-12-21,,6
b52ffbbd,1324541,0,1,1,0,0,1,0,0,0,1,0,38,0,0,0,0,3,male,Lanka Premier League,T20,FA Allen,bowled,Kandy Falcons,Colombo Stars,2022-12-22,,6
b52ffbbd,1346923,4,1,7,0,0,0,0,0,0,4,0,38,0,0,0,0,3,male,International League T20,T20,FA Allen,bowled,Dubai Capitals,Gulf Giants,2023-01-19,,6
b52ffbbd,1369558,15,1,7,2,1,1,0,0,0,3,0,21,0,0,0,0,3,male,Caribbean Premier League,T20,FA Allen,run out,Jamaica Tallawahs,St Lucia Kings,2023-08-16,,6
b52ffbbd,1369564,0,0,0,0,0,2,0,0,0,0,0,0,0,0,0,0,0,male,Caribbean Premier League,T20,FA Allen,0,Jamaica Tallawahs,St Kitts and Nevis Patriots,2023-08-23,,6
b52ffbbd,1369568,47,1,26,0,6,1,0,0,0,9,0,20,0,0,0,0,3,male,Caribbean Premier League,T20,FA Allen,0,Jamaica Tallawahs,Guyana Amazon Warriors,2023-08-27,,6
b52ffbbd,1369571,2,1,4,0,0,0,0,0,0,2,0,0,0,0,0,0,0,male,Caribbean Premier League,T20,FA Allen,0,Jamaica Tallawahs,Barbados Royals,2023-08-31,,6
b52ffbbd,1369574,8,1,8,1,0,0,0,0,0,5,0,20,0,0,0,0,5,male,Caribbean Premier League,T20,FA Allen,bowled,Jamaica Tallawahs,Trinbago Knight Riders,2023-09-03,,6
b52ffbbd,1369579,14,1,12,2,0,1,0,0,0,5,0,18,0,0,0,0,3,male,Caribbean Premier League,T20,FA Allen,0,Jamaica Tallawahs,Trinbago Knight Riders,2023-09-09,,6
b52ffbbd,1369582,21,0,15,0,2,0,0,0,0,5,0,22,0,0,0,0,3,male,Caribbean Premier League,T20,FA Allen,0,Jamaica Tallawahs,Guyana Amazon Warriors,2023-09-13,,6
b52ffbbd,1369584,33,1,24,3,2,0,0,0,0,11,0,26,0,0,0,0,7,male,Caribbean Premier League,T20,FA Allen,0,Jamaica Tallawahs,St Kitts and Nevis Patriots,2023-09-16,,6
b52ffbbd,1369586,1,1,1,0,0,0,0,0,0,0,0,0,0,0,0,0,0,male,Caribbean Premier League,T20,FA Allen,0,Jamaica Tallawahs,St Lucia Kings,2023-09-17,,6
b52ffbbd,1369588,0,0,0,0,0,0,0,0,0,0,0,25,4,3,1,0,11,male,Caribbean Premier League,T20,FA Allen,0,Jamaica Tallawahs,St Lucia Kings,2023-09-19,,6
b52ffbbd,1369590,11,1,14,0,1,0,0,0,0,9,0,0,0,0,0,0,0,male,Caribbean Premier League,T20,FA Allen,0,Jamaica Tallawahs,Guyana Amazon Warriors,2023-09-22,,6
b52ffbbd,1392654,5,1,3,1,0,1,0,0,0,1,0,0,0,0,0,0,0,male,SA20,T20,FA Allen,caught,Paarl Royals,Pretoria Capitals,2024-01-12,,6
b52ffbbd,1392657,0,0,0,0,0,1,0,0,0,0,0,14,0,0,0,0,1,male,SA20,T20,FA Allen,0,Paarl Royals,Pretoria Capitals,2024-01-14,,6
b52ffbbd,1392660,0,0,0,0,0,0,0,0,0,0,0,0,0,0,0,0,0,male,SA20,T20,FA Allen,0,Paarl Royals,Joburg Super Kings,2024-01-17,,6
b52ffbbd,1392662,4,1,4,1,0,1,0,0,0,3,0,0,0,0,0,0,0,male,SA20,T20,FA Allen,caught,Paarl Royals,MI Cape Town,2024-01-19,,6
b52ffbbd,1392665,0,1,1,0,0,1,0,0,0,1,0,3,0,0,0,0,3,male,SA20,T20,FA Allen,lbw,Paarl Royals,MI Cape Town,2024-01-21,,6
b52ffbbd,1392668,17,0,7,0,2,0,0,0,0,2,0,21,0,0,0,0,4,male,SA20,T20,FA Allen,0,Paarl Royals,Joburg Super Kings,2024-01-24,,6
b52ffbbd,1392670,9,1,7,0,1,0,0,0,0,4,0,0,0,0,0,0,0,male,SA20,T20,FA Allen,0,Paarl Royals,Durban's Super Giants,2024-01-26,,6
b52ffbbd,1392673,3,1,5,0,0,0,0,0,0,2,0,34,1,0,0,0,4,male,SA20,T20,FA Allen,0,Paarl Royals,Durban's Super Giants,2024-01-28,,6
b52ffbbd,1406916,7,1,8,1,0,0,0,0,0,5,0,12,0,0,0,0,0,male,International League T20,T20,FA Allen,0,Abu Dhabi Knight Riders,Gulf Giants,2024-02-10,,6
b52ffbbd,1406920,2,1,3,0,0,0,0,0,0,1,0,24,1,1,0,0,3,male,International League T20,T20,FA Allen,0,Abu Dhabi Knight Riders,Dubai Capitals,2024-02-13,,6
b52ffbbd,1433362,1,1,2,0,0,1,0,0,0,1,0,32,0,0,0,0,10,male,South Africa tour of West Indies,T20,FA Allen,lbw,West Indies,South Africa,2024-05-23,,6
b52ffbbd,1433363,0,1,1,0,0,0,0,0,0,1,0,5,0,0,0,0,2,male,South Africa tour of West Indies,T20,FA Allen,0,West Indies,South Africa,2024-05-25,,6
b52ffbbd,1433364,0,0,0,0,0,0,0,0,0,0,0,25,0,0,0,0,4,male,South Africa tour of West Indies,T20,FA Allen,0,West Indies,South Africa,2024-05-26,,6
b52ffbbd,1428460,0,1,1,0,0,0,0,0,0,1,0,33,2,2,0,0,9,male,Lanka Premier League,T20,FA Allen,lbw,Jaffna Kings,Galle Marvels,2024-07-02,,6
b52ffbbd,1428462,11,0,6,1,1,0,0,0,0,3,0,9,0,0,0,0,2,male,Lanka Premier League,T20,FA Allen,0,Jaffna Kings,Dambulla Sixers,2024-07-03,,6
b52ffbbd,1428464,0,0,0,0,0,0,0,0,0,0,0,43,1,0,0,0,10,male,Lanka Premier League,T20,FA Allen,0,Jaffna Kings,Galle Marvels,2024-07-05,,6
b52ffbbd,1428466,4,0,3,0,0,0,0,0,0,0,0,39,1,0,0,0,5,male,Lanka Premier League,T20,FA Allen,0,Jaffna Kings,Dambulla Sixers,2024-07-06,,6
b52ffbbd,1428469,10,0,7,2,0,0,0,0,0,3,0,22,0,0,0,0,4,male,Lanka Premier League,T20,FA Allen,0,Jaffna Kings,Kandy Falcons,2024-07-09,,6
b52ffbbd,1428471,0,0,0,0,0,1,0,0,0,0,0,26,1,0,0,0,9,male,Lanka Premier League,T20,FA Allen,0,Jaffna Kings,Colombo Strikers,2024-07-10,,6
b52ffbbd,1428473,0,0,0,0,0,1,0,0,0,0,0,0,0,0,0,0,0,male,Lanka Premier League,T20,FA Allen,0,Jaffna Kings,Kandy Falcons,2024-07-13,,6
b52ffbbd,1428475,0,1,1,0,0,0,0,0,0,1,0,18,0,0,0,0,4,male,Lanka Premier League,T20,FA Allen,caught,Jaffna Kings,Colombo Strikers,2024-07-14,,6
b52ffbbd,1428479,1,1,2,0,0,0,0,0,0,1,0,38,0,0,0,0,8,male,Lanka Premier League,T20,FA Allen,caught,Jaffna Kings,Galle Marvels,2024-07-18,,6
b52ffbbd,1428481,6,1,3,0,1,2,0,0,0,2,0,24,4,4,0,0,12,male,Lanka Premier League,T20,FA Allen,0,Jaffna Kings,Kandy Falcons,2024-07-20,,6
b52ffbbd,1428482,0,0,0,0,0,1,0,0,0,0,0,10,0,0,0,0,5,male,Lanka Premier League,T20,FA Allen,0,Jaffna Kings,Galle Marvels,2024-07-21,,6
b52ffbbd,1433369,0,0,0,0,0,2,0,0,0,0,0,0,0,0,0,0,0,male,South Africa tour of West Indies,T20,FA Allen,0,West Indies,South Africa,2024-08-27,,6
b52ffbbd,1428678,24,0,17,1,2,0,0,0,0,8,0,12,0,0,0,0,3,male,Caribbean Premier League,T20,FA Allen,0,Antigua and Barbuda Falcons,St Kitts and Nevis Patriots,2024-08-29,,6
b52ffbbd,1428679,11,0,15,1,0,0,0,0,0,7,0,28,1,0,0,0,11,male,Caribbean Premier League,T20,FA Allen,0,Antigua and Barbuda Falcons,Guyana Amazon Warriors,2024-08-30,,6
b52ffbbd,1428681,1,1,2,0,0,1,0,0,0,1,0,0,0,0,0,0,0,male,Caribbean Premier League,T20,FA Allen,caught,Antigua and Barbuda Falcons,Barbados Royals,2024-09-01,,6
b52ffbbd,1428683,0,1,1,0,0,0,0,0,0,1,0,34,1,0,1,0,5,male,Caribbean Premier League,T20,FA Allen,bowled,Antigua and Barbuda Falcons,St Lucia Kings,2024-09-03,,6
b52ffbbd,1428685,25,0,13,2,1,1,0,0,0,2,0,23,3,0,1,0,14,male,Caribbean Premier League,T20,FA Allen,0,Antigua and Barbuda Falcons,Trinbago Knight Riders,2024-09-05,,6
b52ffbbd,1428688,13,0,7,1,1,0,0,0,0,2,0,44,2,1,0,0,9,male,Caribbean Premier League,T20,FA Allen,0,Antigua and Barbuda Falcons,St Kitts and Nevis Patriots,2024-09-08,,6
b52ffbbd,1428690,1,1,2,0,0,0,0,0,0,1,0,0,0,0,0,0,0,male,Caribbean Premier League,T20,FA Allen,0,Antigua and Barbuda Falcons,Barbados Royals,2024-09-11,,6
b52ffbbd,1428694,2,1,6,0,0,1,0,0,0,4,0,15,0,0,0,0,3,male,Caribbean Premier League,T20,FA Allen,caught,Antigua and Barbuda Falcons,St Lucia Kings,2024-09-15,,6
b52ffbbd,1428697,4,0,3,0,0,0,0,0,0,0,0,13,2,0,0,0,7,male,Caribbean Premier League,T20,FA Allen,0,Antigua and Barbuda Falcons,Trinbago Knight Riders,2024-09-19,,6
b52ffbbd,1428700,0,1,3,0,0,0,0,0,0,3,0,14,0,0,0,0,1,male,Caribbean Premier League,T20,FA Allen,0,Antigua and Barbuda Falcons,Guyana Amazon Warriors,2024-09-21,,6
b52ffbbd,1451816,4,0,2,1,0,0,0,0,0,1,0,23,0,0,0,0,5,male,West Indies tour of Sri Lanka,T20,FA Allen,0,West Indies,Sri Lanka,2024-10-17,,6
