player_id,match_id,runs_scored,player_out,balls_faced,fours_scored,sixes_scored,catches_taken,run_out_direct,run_out_throw,stumpings_done,dot_balls_as_batsman,order_seenballs_bowled,runs_conceded,wickets_taken,bowled_done,lbw_done,maidens,dot_balls_as_bowler,gender,series_name,match_type,name,out_kind,player_team,opposition_team,start_date,end_date,balls_per_over
17fbaab5,401071,44,2,102,4,0,1,0,0,0,74,0,0,0,0,0,0,0,male,Bangladesh in West Indies Test Series,Test,FL Reifer,0,West Indies,Bangladesh,2009-07-09,2009-07-10,6
17fbaab5,401072,4,2,27,0,0,1,0,0,0,23,0,0,0,0,0,0,0,male,Bangladesh in West Indies Test Series,Test,FL Reifer,lbw,West Indies,Bangladesh,2009-07-17,2009-07-18,6
17fbaab5,401073,3,1,8,0,0,0,0,1,0,7,0,0,0,0,0,0,0,male,Bangladesh in West Indies ODI Series,ODI,FL Reifer,0,West Indies,Bangladesh,2009-07-26,,6
17fbaab5,401074,7,1,13,0,0,1,0,0,0,7,0,0,0,0,0,0,0,male,Bangladesh in West Indies ODI Series,ODI,FL Reifer,0,West Indies,Bangladesh,2009-07-28,,6
17fbaab5,401075,40,1,79,3,1,1,0,0,0,56,0,0,0,0,0,0,0,male,Bangladesh in West Indies ODI Series,ODI,FL Reifer,0,West Indies,Bangladesh,2009-07-31,,6
17fbaab5,401076,22,1,20,2,1,1,0,0,0,10,0,0,0,0,0,0,0,male,,T20,FL Reifer,caught,West Indies,Bangladesh,2009-08-02,,6
17fbaab5,415274,7,1,24,0,0,0,0,0,0,18,0,0,0,0,0,0,0,male,ICC Champions Trophy,ODI,FL Reifer,0,West Indies,Pakistan,2009-09-23,,6
17fbaab5,415277,28,1,60,3,0,0,0,0,0,41,0,0,0,0,0,0,0,male,ICC Champions Trophy,ODI,FL Reifer,0,West Indies,Australia,2009-09-26,,6
17fbaab5,415284,1,1,6,0,0,0,0,0,0,5,0,0,0,0,0,0,0,male,ICC Champions Trophy,ODI,FL Reifer,caught,West Indies,India,2009-09-30,,6
