player_id,match_id,runs_scored,player_out,balls_faced,fours_scored,sixes_scored,catches_taken,run_out_direct,run_out_throw,stumpings_done,dot_balls_as_batsman,order_seenballs_bowled,runs_conceded,wickets_taken,bowled_done,lbw_done,maidens,dot_balls_as_bowler,gender,series_name,match_type,name,out_kind,player_team,opposition_team,start_date,end_date,balls_per_over
b67bfaae,525817,0,0,0,0,0,1,0,0,0,0,0,12,3,3,0,0,17,male,West Indies in England T20I Series,T20,GE Mathurin,0,West Indies,England,2011-09-25,,6
b67bfaae,540173,1,0,1,0,0,0,0,0,0,0,0,34,1,0,0,0,9,male,Australia in West Indies T20I Series,T20,GE Mathurin,0,West Indies,Australia,2012-03-27,,6
b67bfaae,540174,3,0,4,0,0,0,0,0,0,1,0,23,0,0,0,0,5,male,Australia in West Indies T20I Series,T20,GE Mathurin,0,West Indies,Australia,2012-03-30,,6
b67bfaae,635215,0,1,1,0,0,0,0,0,0,1,0,15,0,0,0,0,9,male,Caribbean Premier League,T20,GE Mathurin,0,St Lucia Zouks,Barbados Tridents,2013-07-30,,6
b67bfaae,635221,0,0,0,0,0,0,0,0,0,0,0,24,1,1,0,0,10,male,Caribbean Premier League,T20,GE Mathurin,0,St Lucia Zouks,Guyana Amazon Warriors,2013-08-04,,6
b67bfaae,635222,12,0,13,1,0,0,0,0,0,6,0,31,1,0,0,0,11,male,Caribbean Premier League,T20,GE Mathurin,0,St Lucia Zouks,Antigua Hawksbills,2013-08-06,,6
b67bfaae,635226,0,0,0,0,0,0,0,0,0,0,0,12,1,0,0,0,17,male,Caribbean Premier League,T20,GE Mathurin,0,St Lucia Zouks,Jamaica Tallawahs,2013-08-10,,6
b67bfaae,635231,0,0,0,0,0,0,0,0,0,0,0,26,2,1,0,0,8,male,Caribbean Premier League,T20,GE Mathurin,0,St Lucia Zouks,Antigua Hawksbills,2013-08-15,,6
b67bfaae,635234,0,0,0,0,0,0,0,0,0,0,0,24,2,1,0,0,13,male,Caribbean Premier League,T20,GE Mathurin,0,St Lucia Zouks,Trinidad & Tobago Red Steel,2013-08-17,,6
b67bfaae,743165,0,0,0,0,0,0,0,0,0,0,0,26,0,0,0,0,7,male,Caribbean Premier League,T20,GE Mathurin,0,St Lucia Zouks,Trinidad & Tobago Red Steel,2014-07-27,,6
b67bfaae,1019643,0,0,0,0,0,0,0,0,0,0,0,0,0,0,0,0,0,male,Caribbean Premier League,T20,GE Mathurin,0,Jamaica Tallawahs,Barbados Tridents,2016-07-11,,6
b67bfaae,1019769,0,0,0,0,0,0,0,0,0,0,0,13,0,0,0,0,7,male,Caribbean Premier League,T20,GE Mathurin,0,Jamaica Tallawahs,Guyana Amazon Warriors,2016-07-15,,6
b67bfaae,1019771,0,0,0,0,0,0,0,0,0,0,0,7,1,0,0,0,2,male,Caribbean Premier League,T20,GE Mathurin,0,Jamaica Tallawahs,St Kitts and Nevis Patriots,2016-07-16,,6
b67bfaae,1019773,0,0,0,0,0,0,0,0,0,0,0,17,0,0,0,0,3,male,Caribbean Premier League,T20,GE Mathurin,0,Jamaica Tallawahs,Trinbago Knight Riders,2016-07-18,,6
b67bfaae,1019775,0,0,0,0,0,0,0,0,0,0,0,0,0,0,0,0,0,male,Caribbean Premier League,T20,GE Mathurin,0,Jamaica Tallawahs,Barbados Tridents,2016-07-20,,6
b67bfaae,994687,0,0,0,0,0,0,0,0,0,0,0,40,1,0,0,0,5,male,Caribbean Premier League,T20,GE Mathurin,0,Jamaica Tallawahs,St Lucia Zouks,2016-07-31,,6
b67bfaae,1025665,1,0,2,0,0,0,0,0,0,1,0,25,1,0,0,0,6,male,Caribbean Premier League,T20,GE Mathurin,0,Jamaica Tallawahs,Guyana Amazon Warriors,2016-08-03,,6
b67bfaae,1025669,0,0,0,0,0,0,0,0,0,0,0,0,0,0,0,0,0,male,Caribbean Premier League,T20,GE Mathurin,0,Jamaica Tallawahs,Trinbago Knight Riders,2016-08-05,,6
b67bfaae,1025671,0,0,0,0,0,0,0,0,0,0,0,0,0,0,0,0,0,male,Caribbean Premier League,T20,GE Mathurin,0,Jamaica Tallawahs,Guyana Amazon Warriors,2016-08-07,,6
b67bfaae,1094674,0,0,0,0,0,0,0,0,0,0,0,0,0,0,0,0,0,male,Caribbean Premier League,T20,GE Mathurin,0,Jamaica Tallawahs,Barbados Tridents,2017-08-05,,6
b67bfaae,1094676,0,0,0,0,0,0,0,0,0,0,0,0,0,0,0,0,0,male,Caribbean Premier League,T20,GE Mathurin,0,Jamaica Tallawahs,Barbados Tridents,2017-08-06,,6
b67bfaae,1094685,0,0,0,0,0,0,0,0,0,0,0,25,0,0,0,0,5,male,Caribbean Premier League,T20,GE Mathurin,0,Jamaica Tallawahs,St Lucia Stars,2017-08-15,,6
b67bfaae,1094686,3,0,2,0,0,0,0,0,0,0,0,29,1,1,0,0,10,male,Caribbean Premier League,T20,GE Mathurin,0,Jamaica Tallawahs,Guyana Amazon Warriors,2017-08-17,,6
b67bfaae,1094694,0,0,0,0,0,0,0,0,0,0,0,26,2,0,0,0,11,male,Caribbean Premier League,T20,GE Mathurin,0,Jamaica Tallawahs,St Lucia Stars,2017-08-25,,6
b67bfaae,1094695,0,0,0,0,0,0,0,0,0,0,0,37,0,0,0,0,8,male,Caribbean Premier League,T20,GE Mathurin,0,Jamaica Tallawahs,Trinbago Knight Riders,2017-08-26,,6
