player_id,match_id,runs_scored,player_out,balls_faced,fours_scored,sixes_scored,catches_taken,run_out_direct,run_out_throw,stumpings_done,dot_balls_as_batsman,order_seenballs_bowled,runs_conceded,wickets_taken,bowled_done,lbw_done,maidens,dot_balls_as_bowler,gender,series_name,match_type,name,out_kind,player_team,opposition_team,start_date,end_date,balls_per_over
a7489342,64894,0,0,0,0,0,0,0,0,0,0,0,61,1,0,0,0,29,male,England tour of West Indies,ODI,IDR Bradshaw,0,West Indies,England,2004-05-02,,6
a7489342,64896,12,1,20,0,1,0,0,0,0,15,0,11,2,0,0,4,53,male,Bangladesh tour of West Indies,ODI,IDR Bradshaw,run out,West Indies,Bangladesh,2004-05-15,,6
a7489342,64897,0,0,0,0,0,0,0,0,0,0,0,17,3,0,0,0,19,male,Bangladesh tour of West Indies,ODI,IDR Bradshaw,0,West Indies,Bangladesh,2004-05-16,,6
a7489342,64898,0,0,0,0,0,1,0,0,0,0,0,22,0,0,0,0,13,male,Bangladesh tour of West Indies,ODI,IDR Bradshaw,0,West Indies,Bangladesh,2004-05-19,,6
a7489342,66304,0,0,0,0,0,0,0,0,0,0,0,32,2,0,0,3,51,male,NatWest Series,ODI,IDR Bradshaw,0,West Indies,England,2004-06-27,,6
a7489342,66306,12,1,24,1,0,0,0,0,0,17,0,29,0,0,0,0,23,male,NatWest Series,ODI,IDR Bradshaw,caught,West Indies,England,2004-07-01,,6
a7489342,66309,0,0,0,0,0,1,0,0,0,0,0,30,0,0,0,2,44,male,NatWest Series,ODI,IDR Bradshaw,0,West Indies,England,2004-07-06,,6
a7489342,66311,0,1,1,0,0,0,0,0,0,1,0,29,0,0,0,0,27,male,NatWest Series,ODI,IDR Bradshaw,0,West Indies,New Zealand,2004-07-10,,6
a7489342,66203,0,0,0,0,0,0,0,0,0,0,0,26,1,0,0,2,50,male,ICC Champions Trophy,ODI,IDR Bradshaw,0,West Indies,Bangladesh,2004-09-15,,6
a7489342,66206,0,0,0,0,0,0,0,0,0,0,0,41,2,0,0,1,39,male,ICC Champions Trophy,ODI,IDR Bradshaw,0,West Indies,South Africa,2004-09-18,2004-09-19,6
a7489342,66209,0,0,0,0,0,0,0,0,0,0,0,23,1,0,0,0,33,male,ICC Champions Trophy,ODI,IDR Bradshaw,0,West Indies,Pakistan,2004-09-22,,6
a7489342,66210,34,0,51,5,0,0,0,0,0,33,0,55,2,1,0,1,38,male,ICC Champions Trophy,ODI,IDR Bradshaw,0,West Indies,England,2004-09-25,,6
a7489342,65659,0,0,0,0,0,0,0,0,0,0,0,49,2,0,0,1,29,male,VB Series,ODI,IDR Bradshaw,0,West Indies,Pakistan,2005-01-19,,6
a7489342,65660,1,1,3,0,0,0,0,0,0,2,0,6,1,0,0,0,10,male,VB Series,ODI,IDR Bradshaw,bowled,West Indies,Australia,2005-01-21,,6
a7489342,65662,15,1,24,0,0,0,0,0,0,12,0,46,0,0,0,1,38,male,VB Series,ODI,IDR Bradshaw,0,West Indies,Australia,2005-01-26,,6
a7489342,65665,0,1,4,0,0,0,0,0,0,4,0,48,3,1,0,1,41,male,VB Series,ODI,IDR Bradshaw,bowled,West Indies,Pakistan,2005-02-01,,6
a7489342,208835,17,0,26,1,0,0,0,0,0,15,0,16,2,0,0,0,27,male,South Africa tour of West Indies,ODI,IDR Bradshaw,0,West Indies,South Africa,2005-05-08,,6
a7489342,209339,6,0,9,0,0,0,0,0,0,3,0,22,1,0,0,0,12,male,South Africa tour of West Indies,ODI,IDR Bradshaw,0,West Indies,South Africa,2005-05-15,,6
a7489342,209582,17,1,40,1,0,0,0,0,0,28,0,27,2,0,0,1,27,male,Pakistan tour of West Indies,ODI,IDR Bradshaw,0,West Indies,Pakistan,2005-05-18,,6
a7489342,209768,13,1,11,1,0,0,0,0,0,2,0,79,2,0,0,1,30,male,Pakistan tour of West Indies,ODI,IDR Bradshaw,0,West Indies,Pakistan,2005-05-22,,6
a7489342,237242,0,0,0,0,0,1,0,0,0,0,0,25,0,0,0,0,13,male,,T20,IDR Bradshaw,0,West Indies,New Zealand,2006-02-16,,6
a7489342,237568,10,0,23,1,0,1,0,0,0,18,0,53,1,0,0,0,31,male,West Indies in New Zealand ODI Series,ODI,IDR Bradshaw,0,West Indies,New Zealand,2006-02-18,,6
a7489342,238176,5,1,5,1,0,0,0,0,0,3,0,34,2,1,1,0,48,male,West Indies in New Zealand ODI Series,ODI,IDR Bradshaw,0,West Indies,New Zealand,2006-02-22,,6
a7489342,238177,37,1,36,0,3,0,0,0,0,16,0,41,3,0,0,0,37,male,West Indies in New Zealand ODI Series,ODI,IDR Bradshaw,0,West Indies,New Zealand,2006-02-25,,6
a7489342,238178,1,0,11,0,0,0,0,0,0,10,0,75,1,0,0,0,31,male,West Indies in New Zealand ODI Series,ODI,IDR Bradshaw,0,West Indies,New Zealand,2006-03-01,,6
a7489342,238179,0,0,0,0,0,0,0,0,0,0,0,49,2,2,0,1,33,male,West Indies in New Zealand ODI Series,ODI,IDR Bradshaw,0,West Indies,New Zealand,2006-03-04,,6
a7489342,238180,10,2,60,0,0,1,1,0,0,51,0,163,6,0,1,13,281,male,West Indies tour of New Zealand,Test,IDR Bradshaw,0,West Indies,New Zealand,2006-03-09,2006-03-10,6
a7489342,239907,0,0,0,0,0,1,0,0,0,0,0,25,0,0,0,0,36,male,Zimbabwe in West Indies ODI Series,ODI,IDR Bradshaw,0,West Indies,Zimbabwe,2006-04-29,,6
a7489342,239908,6,0,7,0,0,0,0,0,0,1,0,27,1,0,0,0,46,male,Zimbabwe in West Indies ODI Series,ODI,IDR Bradshaw,0,West Indies,Zimbabwe,2006-04-30,,6
a7489342,239912,0,0,0,0,0,0,0,0,0,0,0,4,0,0,0,0,5,male,Zimbabwe in West Indies ODI Series,ODI,IDR Bradshaw,0,West Indies,Zimbabwe,2006-05-13,,6
a7489342,239913,11,0,6,2,0,0,0,0,0,1,0,30,1,0,0,0,41,male,Zimbabwe in West Indies ODI Series,ODI,IDR Bradshaw,0,West Indies,Zimbabwe,2006-05-14,,6
a7489342,239916,12,1,17,1,0,0,0,0,0,10,0,35,3,0,0,0,43,male,India in West Indies ODI Series,ODI,IDR Bradshaw,caught,West Indies,India,2006-05-20,,6
a7489342,239917,0,0,0,0,0,0,0,0,0,0,0,42,2,1,1,1,31,male,India in West Indies ODI Series,ODI,IDR Bradshaw,0,West Indies,India,2006-05-23,,6
a7489342,239918,0,0,0,0,0,0,0,0,0,0,0,43,2,0,0,0,44,male,India in West Indies ODI Series,ODI,IDR Bradshaw,0,West Indies,India,2006-05-26,,6
a7489342,239920,43,2,123,6,0,2,0,0,0,103,0,197,1,1,0,11,305,male,India tour of West Indies,Test,IDR Bradshaw,caught,West Indies,India,2006-06-02,2006-06-03,6
a7489342,239921,21,2,99,2,0,0,0,0,0,87,0,80,1,0,0,6,113,male,India tour of West Indies,Test,IDR Bradshaw,lbw,West Indies,India,2006-06-10,2006-06-11,6
a7489342,256607,0,0,0,0,0,0,0,0,0,0,0,45,0,0,0,0,38,male,DLF Cup,ODI,IDR Bradshaw,0,West Indies,India,2006-09-14,,6
a7489342,256610,0,0,0,0,0,0,0,1,0,0,0,37,2,0,0,0,45,male,DLF Cup,ODI,IDR Bradshaw,0,West Indies,Australia,2006-09-18,,6
a7489342,256615,0,1,3,0,0,0,0,0,0,3,0,31,2,0,0,1,41,male,DLF Cup,ODI,IDR Bradshaw,0,West Indies,Australia,2006-09-24,,6
a7489342,249740,0,0,0,0,0,0,0,0,0,0,0,0,0,0,0,0,0,male,ICC Champions Trophy,ODI,IDR Bradshaw,0,West Indies,Zimbabwe,2006-10-08,,6
a7489342,249740,0,0,0,0,0,0,0,0,0,0,0,21,1,1,0,1,42,male,ICC Champions Trophy,ODI,IDR Bradshaw,0,West Indies,Zimbabwe,2006-10-08,,6
a7489342,249742,0,0,0,0,0,0,0,0,0,0,0,25,0,0,0,1,30,male,ICC Champions Trophy,ODI,IDR Bradshaw,0,West Indies,Bangladesh,2006-10-11,,6
a7489342,249748,0,0,0,0,0,0,0,0,0,0,0,39,2,0,0,0,49,male,ICC Champions Trophy,ODI,IDR Bradshaw,0,West Indies,Australia,2006-10-18,,6
a7489342,249753,0,0,0,0,0,0,0,0,0,0,0,31,3,2,0,0,48,male,ICC Champions Trophy,ODI,IDR Bradshaw,0,West Indies,India,2006-10-26,,6
a7489342,249758,0,0,0,0,0,0,0,0,0,0,0,61,1,1,0,0,35,male,ICC Champions Trophy,ODI,IDR Bradshaw,0,West Indies,South Africa,2006-11-02,,6
a7489342,249759,7,1,16,1,0,0,0,0,0,12,0,21,1,0,0,0,23,male,ICC Champions Trophy,ODI,IDR Bradshaw,0,West Indies,Australia,2006-11-05,,6
a7489342,257769,3,1,7,0,0,0,0,0,0,4,0,24,1,0,0,2,47,male,West Indies in Pakistan ODI Series,ODI,IDR Bradshaw,0,West Indies,Pakistan,2006-12-07,,6
a7489342,257770,0,0,1,0,0,0,0,0,0,1,0,44,0,0,0,0,29,male,West Indies in Pakistan ODI Series,ODI,IDR Bradshaw,0,West Indies,Pakistan,2006-12-10,,6
a7489342,257771,0,0,0,0,0,0,1,0,0,0,0,43,1,0,0,0,40,male,West Indies in Pakistan ODI Series,ODI,IDR Bradshaw,0,West Indies,Pakistan,2006-12-13,,6
a7489342,267709,14,0,16,2,0,0,0,0,0,8,0,60,0,0,0,0,18,male,West Indies in India ODI Series,ODI,IDR Bradshaw,0,West Indies,India,2007-01-31,,6
a7489342,247477,0,0,0,0,0,0,0,0,0,0,0,27,1,0,0,0,39,male,ICC World Cup,ODI,IDR Bradshaw,0,West Indies,Ireland,2007-03-23,,6
a7489342,247486,6,0,17,0,0,0,0,0,0,11,0,67,1,0,0,0,33,male,ICC World Cup,ODI,IDR Bradshaw,0,West Indies,Sri Lanka,2007-04-01,,6
a7489342,247493,20,1,45,1,0,0,0,0,0,28,0,74,0,0,0,0,24,male,ICC World Cup,ODI,IDR Bradshaw,caught,West Indies,South Africa,2007-04-10,,6
