player_id,match_id,runs_scored,player_out,balls_faced,fours_scored,sixes_scored,catches_taken,run_out_direct,run_out_throw,stumpings_done,dot_balls_as_batsman,order_seenballs_bowled,runs_conceded,wickets_taken,bowled_done,lbw_done,maidens,dot_balls_as_bowler,gender,series_name,match_type,name,out_kind,player_team,opposition_team,start_date,end_date,balls_per_over
7bf606c6,551593,0,1,2,0,0,0,0,0,0,2,0,0,0,0,0,0,0,female,West Indies Women in England T20I Series,T20,JB Nero,lbw,West Indies,England,2012-09-08,,6
7bf606c6,551594,11,1,16,2,0,0,0,0,0,12,0,0,0,0,0,0,0,female,West Indies Women in England T20I Series,T20,JB Nero,stumped,West Indies,England,2012-09-10,,6
7bf606c6,551596,2,1,15,0,0,0,0,0,0,13,0,0,0,0,0,0,0,female,West Indies Women in England T20I Series,T20,JB Nero,0,West Indies,England,2012-09-15,,6
7bf606c6,551597,27,0,36,1,0,0,0,0,0,16,0,0,0,0,0,0,0,female,West Indies Women in England T20I Series,T20,JB Nero,0,West Indies,England,2012-09-16,,6
7bf606c6,533300,0,0,0,0,0,1,0,0,0,0,0,0,0,0,0,0,0,female,ICC Women's World Twenty20,T20,JB Nero,0,West Indies,New Zealand,2012-09-26,,6
7bf606c6,533304,4,1,11,0,0,1,0,0,0,7,0,0,0,0,0,0,0,female,ICC Women's World Twenty20,T20,JB Nero,stumped,West Indies,Sri Lanka,2012-09-28,,6
7bf606c6,533307,30,0,29,4,1,2,0,0,0,17,0,0,0,0,0,0,0,female,ICC Women's World Twenty20,T20,JB Nero,0,West Indies,South Africa,2012-09-30,,6
7bf606c6,533312,31,1,46,4,0,0,0,0,0,30,0,0,0,0,0,0,0,female,ICC Women's World Twenty20,T20,JB Nero,bowled,West Indies,Australia,2012-10-05,,6
7bf606c6,588498,0,0,0,0,0,1,0,0,0,0,0,0,0,0,0,0,0,female,South Africa Women in West Indies T20I Series,T20,JB Nero,0,West Indies,South Africa,2013-01-19,,6
7bf606c6,588499,0,1,2,0,0,1,0,0,0,2,0,0,0,0,0,0,0,female,South Africa Women in West Indies T20I Series,T20,JB Nero,0,West Indies,South Africa,2013-01-20,,6
7bf606c6,603239,30,1,48,5,0,0,0,0,0,34,0,0,0,0,0,0,0,female,West Indies Women in Sri Lanka ODI Series,ODI,JB Nero,caught,West Indies,Sri Lanka,2013-02-22,,6
7bf606c6,603240,1,1,6,0,0,0,0,0,0,5,0,0,0,0,0,0,0,female,West Indies Women in Sri Lanka ODI Series,ODI,JB Nero,lbw,West Indies,Sri Lanka,2013-02-24,,6
7bf606c6,603241,0,1,2,0,0,1,0,1,0,2,0,0,0,0,0,0,0,female,West Indies Women in Sri Lanka ODI Series,ODI,JB Nero,0,West Indies,Sri Lanka,2013-02-26,,6
7bf606c6,603243,0,1,1,0,0,0,0,0,0,1,0,0,0,0,0,0,0,female,West Indies Women in Sri Lanka T20I Series,T20,JB Nero,0,West Indies,Sri Lanka,2013-03-03,,6
7bf606c6,603246,25,1,33,2,0,0,0,0,0,16,0,0,0,0,0,0,0,female,West Indies Women in Sri Lanka T20I Series,T20,JB Nero,0,West Indies,Sri Lanka,2013-03-08,,6
7bf606c6,wi_201706,19,0,20,2,0,0,0,0,0,8,0,0,0,0,0,0,0,female,Women's T20 Blaze,T20,JB Nero,0,Windward Islands,Trinidad and Tobago,2019-03-29,,6
7bf606c6,wi_201713,0,1,1,0,0,0,1,0,0,1,0,0,0,0,0,0,0,female,Women's T20 Blaze,T20,JB Nero,0,Windward Islands,Guyana,2019-04-02,,6
