player_id,match_id,runs_scored,player_out,balls_faced,fours_scored,sixes_scored,catches_taken,run_out_direct,run_out_throw,stumpings_done,dot_balls_as_batsman,order_seenballs_bowled,runs_conceded,wickets_taken,bowled_done,lbw_done,maidens,dot_balls_as_bowler,gender,series_name,match_type,name,out_kind,player_team,opposition_team,start_date,end_date,balls_per_over
6fd0c8e1,1158062,77,2,117,9,1,1,0,0,0,79,0,14,0,0,0,0,21,male,England tour of West Indies,Test,JD Campbell,0,West Indies,England,2019-01-23,2019-01-24,6
6fd0c8e1,1158063,58,1,124,6,1,2,0,0,0,97,0,0,0,0,0,0,0,male,England tour of West Indies,Test,JD Campbell,0,West Indies,England,2019-01-31,2019-02-01,6
6fd0c8e1,1158064,41,2,64,3,1,0,0,0,0,45,0,0,0,0,0,0,0,male,England tour of West Indies,Test,JD Campbell,0,West Indies,England,2019-02-09,2019-02-10,6
6fd0c8e1,1158066,30,1,28,4,1,0,0,0,0,16,0,13,0,0,0,0,0,male,England tour of West Indies,ODI,JD Campbell,caught,West Indies,England,2019-02-20,,6
6fd0c8e1,1158067,23,1,31,4,0,0,0,0,0,20,0,0,0,0,0,0,0,male,England tour of West Indies,ODI,JD Campbell,caught,West Indies,England,2019-02-22,,6
6fd0c8e1,1158069,15,1,9,2,1,0,0,0,0,5,0,0,0,0,0,0,0,male,England tour of West Indies,ODI,JD Campbell,0,West Indies,England,2019-02-27,,6
6fd0c8e1,1158070,1,1,10,0,0,0,0,0,0,9,0,0,0,0,0,0,0,male,England tour of West Indies,ODI,JD Campbell,bowled,West Indies,England,2019-03-02,,6
6fd0c8e1,1158073,11,1,14,2,0,1,0,0,0,9,0,1,0,0,0,0,5,male,England tour of West Indies,T20,JD Campbell,0,West Indies,England,2019-03-10,,6
6fd0c8e1,1168508,179,1,140,15,6,0,0,0,0,51,0,0,0,0,0,0,0,male,Ireland Tri-Nation Series,ODI,JD Campbell,0,West Indies,Ireland,2019-05-05,,6
6fd0c8e1,1188621,0,1,2,0,0,0,0,0,0,2,0,0,0,0,0,0,0,male,India tour of United States of America and West Indies,T20,JD Campbell,0,West Indies,India,2019-08-03,,6
6fd0c8e1,1188628,30,2,45,5,0,1,0,0,0,33,0,24,0,0,0,0,22,male,India in West Indies Test Series,Test,JD Campbell,bowled,West Indies,India,2019-08-22,2019-08-23,6
6fd0c8e1,1188629,18,2,42,2,0,0,0,0,0,34,0,0,0,0,0,0,0,male,India in West Indies Test Series,Test,JD Campbell,0,West Indies,India,2019-08-30,2019-08-31,6
6fd0c8e1,1185841,43,1,45,4,1,0,0,0,0,21,0,0,0,0,0,0,0,male,Caribbean Premier League,T20,JD Campbell,0,St Lucia Zouks,Trinbago Knight Riders,2019-09-08,,6
6fd0c8e1,1185845,0,1,3,0,0,1,0,0,0,3,0,0,0,0,0,0,0,male,Caribbean Premier League,T20,JD Campbell,lbw,St Lucia Zouks,Jamaica Tallawahs,2019-09-12,,6
6fd0c8e1,1185854,6,1,12,0,0,0,0,0,0,7,0,0,0,0,0,0,0,male,Caribbean Premier League,T20,JD Campbell,caught and bowled,St Lucia Zouks,Trinbago Knight Riders,2019-09-21,,6
6fd0c8e1,1193500,74,1,91,11,1,0,0,0,0,59,0,0,0,0,0,0,0,male,Afghanistan tour of India,Test,JD Campbell,caught,West Indies,Afghanistan,2019-11-27,2019-11-28,6
6fd0c8e1,1225247,36,1,62,4,0,1,0,0,0,46,0,0,0,0,0,0,0,male,West Indies tour of England,Test,JD Campbell,0,West Indies,England,2020-07-08,2020-07-09,6
6fd0c8e1,1225248,16,2,38,3,0,0,0,0,0,32,0,0,0,0,0,0,0,male,West Indies tour of England,Test,JD Campbell,0,West Indies,England,2020-07-16,2020-07-17,6
6fd0c8e1,1225249,32,2,53,3,0,0,0,0,0,35,0,0,0,0,0,0,0,male,West Indies tour of England,Test,JD Campbell,0,West Indies,England,2020-07-24,2020-07-25,6
6fd0c8e1,1233957,28,2,76,2,1,0,0,0,0,61,0,0,0,0,0,0,0,male,West Indies tour of New Zealand,Test,JD Campbell,caught,West Indies,New Zealand,2020-12-03,2020-12-04,6
6fd0c8e1,1233958,82,2,146,10,0,0,0,0,0,108,0,0,0,0,0,0,0,male,West Indies tour of New Zealand,Test,JD Campbell,caught,West Indies,New Zealand,2020-12-11,2020-12-12,6
6fd0c8e1,1244025,26,2,65,4,0,1,0,0,0,52,0,0,0,0,0,0,0,male,West Indies tour of Bangladesh,Test,JD Campbell,0,West Indies,Bangladesh,2021-02-03,2021-02-04,6
6fd0c8e1,1244026,54,2,116,5,1,0,0,0,0,88,0,0,0,0,0,0,0,male,West Indies tour of Bangladesh,Test,JD Campbell,bowled,West Indies,Bangladesh,2021-02-11,2021-02-12,6
6fd0c8e1,1252073,53,2,163,6,0,2,0,0,0,134,0,0,0,0,0,0,0,male,Sri Lanka tour of West Indies,Test,JD Campbell,caught,West Indies,Sri Lanka,2021-03-21,2021-03-22,6
6fd0c8e1,1252074,15,2,49,2,0,0,0,0,0,43,0,0,0,0,0,0,0,male,Sri Lanka tour of West Indies,Test,JD Campbell,caught,West Indies,Sri Lanka,2021-03-29,2021-03-30,6
6fd0c8e1,1256726,57,2,136,7,0,0,0,0,0,104,0,0,0,0,0,0,0,male,England tour of West Indies,Test,JD Campbell,caught,West Indies,England,2022-03-08,2022-03-09,6
6fd0c8e1,1256727,14,2,24,2,0,1,0,0,0,19,0,0,0,0,0,0,0,male,England tour of West Indies,Test,JD Campbell,0,West Indies,England,2022-03-16,2022-03-17,6
6fd0c8e1,1256728,41,1,63,5,0,1,0,0,0,43,0,0,0,0,0,0,0,male,England tour of West Indies,Test,JD Campbell,caught,West Indies,England,2022-03-24,2022-03-25,6
6fd0c8e1,1317147,82,1,139,10,2,1,0,0,0,103,0,0,0,0,0,0,0,male,Bangladesh tour of West Indies,Test,JD Campbell,bowled,West Indies,Bangladesh,2022-06-16,2022-06-17,6
6fd0c8e1,1317148,54,1,90,7,0,1,1,0,0,66,0,0,0,0,0,0,0,male,Bangladesh tour of West Indies,Test,JD Campbell,caught,West Indies,Bangladesh,2022-06-24,2022-06-25,6
