player_id,match_id,runs_scored,player_out,balls_faced,fours_scored,sixes_scored,catches_taken,run_out_direct,run_out_throw,stumpings_done,dot_balls_as_batsman,order_seenballs_bowled,runs_conceded,wickets_taken,bowled_done,lbw_done,maidens,dot_balls_as_bowler,gender,series_name,match_type,name,out_kind,player_team,opposition_team,start_date,end_date,balls_per_over
773cec26,536933,2,1,21,0,0,0,0,0,0,19,0,0,0,0,0,0,0,male,West Indies in India ODI Series,ODI,JN Mohammed,0,West Indies,India,2011-12-11,,6
773cec26,743151,0,0,0,0,0,0,0,0,0,0,0,11,0,0,0,0,7,male,Caribbean Premier League,T20,JN Mohammed,0,Trinidad & Tobago Red Steel,Antigua Hawksbills,2014-07-20,,6
773cec26,743157,1,0,3,0,0,0,0,0,0,2,0,0,0,0,0,0,0,male,Caribbean Premier League,T20,JN Mohammed,0,Trinidad & Tobago Red Steel,Guyana Amazon Warriors,2014-07-24,,6
773cec26,743191,0,0,0,0,0,1,0,0,0,0,0,37,0,0,0,0,12,male,Caribbean Premier League,T20,JN Mohammed,0,Trinidad & Tobago Red Steel,Jamaica Tallawahs,2014-08-13,,6
773cec26,857705,0,0,0,0,0,0,0,0,0,0,0,0,0,0,0,0,0,male,Caribbean Premier League,T20,JN Mohammed,0,Trinidad & Tobago Red Steel,St Lucia Zouks,2015-06-21,,6
773cec26,857711,20,1,27,3,0,1,0,0,0,17,0,0,0,0,0,0,0,male,Caribbean Premier League,T20,JN Mohammed,0,Trinidad & Tobago Red Steel,Barbados Tridents,2015-06-25,,6
773cec26,857729,2,1,9,0,0,1,0,0,0,7,0,0,0,0,0,0,0,male,Caribbean Premier League,T20,JN Mohammed,0,Trinidad & Tobago Red Steel,Guyana Amazon Warriors,2015-07-04,,6
773cec26,857763,28,1,25,2,1,0,0,0,0,9,0,0,0,0,0,0,0,male,Caribbean Premier League,T20,JN Mohammed,0,Trinidad & Tobago Red Steel,Jamaica Tallawahs,2015-07-23,,6
773cec26,857765,17,0,18,0,1,0,0,0,0,10,0,0,0,0,0,0,0,male,Caribbean Premier League,T20,JN Mohammed,0,Trinidad & Tobago Red Steel,Guyana Amazon Warriors,2015-07-25,,6
773cec26,857767,0,0,0,0,0,0,0,0,0,0,0,0,0,0,0,0,0,male,Caribbean Premier League,T20,JN Mohammed,0,Trinidad & Tobago Red Steel,Barbados Tridents,2015-07-26,,6
773cec26,915779,4,1,10,0,0,0,0,0,0,7,0,25,0,0,0,0,15,male,West Indies in Sri Lanka ODI Series,ODI,JN Mohammed,0,West Indies,Sri Lanka,2015-11-04,,6
773cec26,994669,42,1,31,6,0,2,0,0,0,11,0,0,0,0,0,0,0,male,Caribbean Premier League,T20,JN Mohammed,run out,Guyana Amazon Warriors,St Kitts and Nevis Patriots,2016-06-30,,6
773cec26,1025987,33,0,30,2,1,0,0,0,0,11,0,17,0,0,0,0,2,male,Caribbean Premier League,T20,JN Mohammed,0,Guyana Amazon Warriors,Trinbago Knight Riders,2016-07-02,,6
773cec26,1018873,19,1,19,0,1,1,0,0,0,8,0,0,0,0,0,0,0,male,Caribbean Premier League,T20,JN Mohammed,0,Guyana Amazon Warriors,Trinbago Knight Riders,2016-07-10,,6
773cec26,1019769,46,0,53,1,2,0,0,0,0,24,0,0,0,0,0,0,0,male,Caribbean Premier League,T20,JN Mohammed,0,Guyana Amazon Warriors,Jamaica Tallawahs,2016-07-15,,6
773cec26,1011501,0,0,2,0,0,0,0,0,0,2,0,0,0,0,0,0,0,male,Caribbean Premier League,T20,JN Mohammed,0,Guyana Amazon Warriors,St Lucia Zouks,2016-07-24,,6
773cec26,994677,8,1,10,0,0,2,0,0,0,5,0,0,0,0,0,0,0,male,Caribbean Premier League,T20,JN Mohammed,0,Guyana Amazon Warriors,Barbados Tridents,2016-07-28,,6
773cec26,994683,57,0,44,0,5,1,0,0,0,16,0,0,0,0,0,0,0,male,Caribbean Premier League,T20,JN Mohammed,0,Guyana Amazon Warriors,Barbados Tridents,2016-07-30,,6
773cec26,1025665,13,1,17,1,0,2,0,0,0,9,0,0,0,0,0,0,0,male,Caribbean Premier League,T20,JN Mohammed,caught,Guyana Amazon Warriors,Jamaica Tallawahs,2016-08-03,,6
773cec26,1025671,0,1,1,0,0,0,0,0,0,1,0,0,0,0,0,0,0,male,Caribbean Premier League,T20,JN Mohammed,0,Guyana Amazon Warriors,Jamaica Tallawahs,2016-08-07,,6
773cec26,1027315,72,0,94,7,0,0,0,0,0,48,0,25,0,0,0,0,14,male,England in West Indies ODI Series,ODI,JN Mohammed,0,West Indies,England,2017-03-03,,6
773cec26,1027317,50,1,75,2,2,0,0,0,0,42,0,15,0,0,0,0,13,male,England in West Indies ODI Series,ODI,JN Mohammed,0,West Indies,England,2017-03-05,,6
773cec26,1027319,10,1,26,2,0,0,0,0,0,22,0,0,0,0,0,0,0,male,England in West Indies ODI Series,ODI,JN Mohammed,0,West Indies,England,2017-03-09,,6
773cec26,1085495,17,0,15,2,0,0,0,0,0,4,0,0,0,0,0,0,0,male,Pakistan in West Indies T20I Series,T20,JN Mohammed,0,West Indies,Pakistan,2017-04-01,,6
773cec26,1085496,1,1,10,0,0,0,0,0,0,9,0,5,0,0,0,0,2,male,Pakistan in West Indies T20I Series,T20,JN Mohammed,0,West Indies,Pakistan,2017-04-02,,6
773cec26,1077949,91,0,59,11,3,0,0,0,0,20,0,28,0,0,0,1,13,male,Pakistan in West Indies ODI Series,ODI,JN Mohammed,0,West Indies,Pakistan,2017-04-07,,6
773cec26,1077950,1,1,16,0,0,0,0,0,0,15,0,0,0,0,0,0,0,male,Pakistan in West Indies ODI Series,ODI,JN Mohammed,caught,West Indies,Pakistan,2017-04-09,,6
773cec26,1077951,59,1,65,5,2,0,0,0,0,34,0,11,0,0,0,0,1,male,Pakistan in West Indies ODI Series,ODI,JN Mohammed,caught,West Indies,Pakistan,2017-04-11,,6
773cec26,1089776,18,0,27,2,0,0,0,0,0,17,0,0,0,0,0,0,0,male,Afghanistan in West Indies T20I Series,T20,JN Mohammed,0,West Indies,Afghanistan,2017-06-02,,6
773cec26,1089777,0,0,0,0,0,0,0,0,0,0,0,0,0,0,0,0,0,male,Afghanistan in West Indies T20I Series,T20,JN Mohammed,0,West Indies,Afghanistan,2017-06-03,,6
773cec26,1089778,23,0,16,1,1,0,0,0,0,2,0,0,0,0,0,0,0,male,Afghanistan in West Indies T20I Series,T20,JN Mohammed,0,West Indies,Afghanistan,2017-06-05,,6
773cec26,1089779,7,1,18,0,0,0,0,0,0,12,0,0,0,0,0,0,0,male,Afghanistan in West Indies ODI Series,ODI,JN Mohammed,caught,West Indies,Afghanistan,2017-06-09,,6
773cec26,1089780,2,1,15,0,0,1,0,0,0,13,0,0,0,0,0,0,0,male,Afghanistan in West Indies ODI Series,ODI,JN Mohammed,caught,West Indies,Afghanistan,2017-06-11,,6
773cec26,1098206,0,0,0,0,0,0,0,0,0,0,0,0,0,0,0,0,0,male,India in West Indies ODI Series,ODI,JN Mohammed,0,West Indies,India,2017-06-23,,6
773cec26,1098207,0,1,9,0,0,0,0,0,0,9,0,0,0,0,0,0,0,male,India in West Indies ODI Series,ODI,JN Mohammed,0,West Indies,India,2017-06-25,,6
773cec26,1098208,40,1,61,4,0,0,0,0,0,37,0,0,0,0,0,0,0,male,India in West Indies ODI Series,ODI,JN Mohammed,lbw,West Indies,India,2017-06-30,,6
773cec26,1098209,20,1,34,1,0,0,0,0,0,20,0,0,0,0,0,0,0,male,India in West Indies ODI Series,ODI,JN Mohammed,0,West Indies,India,2017-07-02,,6
773cec26,1098210,16,1,39,0,0,0,0,0,0,25,0,0,0,0,0,0,0,male,India in West Indies ODI Series,ODI,JN Mohammed,0,West Indies,India,2017-07-06,,6
773cec26,1094673,4,1,7,0,0,2,0,0,0,3,0,0,0,0,0,0,0,male,Caribbean Premier League,T20,JN Mohammed,caught,Guyana Amazon Warriors,St Kitts and Nevis Patriots,2017-08-05,,6
773cec26,1094675,41,1,44,1,2,0,0,0,0,19,0,0,0,0,0,0,0,male,Caribbean Premier League,T20,JN Mohammed,0,Guyana Amazon Warriors,St Kitts and Nevis Patriots,2017-08-06,,6
773cec26,1094680,13,1,18,1,0,1,0,0,0,9,0,0,0,0,0,0,0,male,Caribbean Premier League,T20,JN Mohammed,caught,Guyana Amazon Warriors,Trinbago Knight Riders,2017-08-11,,6
773cec26,1094683,38,1,33,3,1,0,0,0,0,13,0,0,0,0,0,0,0,male,Caribbean Premier League,T20,JN Mohammed,caught,Guyana Amazon Warriors,St Lucia Stars,2017-08-13,,6
773cec26,1094686,24,0,18,1,1,0,0,0,0,4,0,0,0,0,0,0,0,male,Caribbean Premier League,T20,JN Mohammed,0,Guyana Amazon Warriors,Jamaica Tallawahs,2017-08-17,,6
773cec26,1094688,66,1,60,6,2,1,0,0,0,27,0,0,0,0,0,0,0,male,Caribbean Premier League,T20,JN Mohammed,0,Guyana Amazon Warriors,Trinbago Knight Riders,2017-08-19,,6
773cec26,1094690,5,1,9,0,0,0,0,0,0,5,0,0,0,0,0,0,0,male,Caribbean Premier League,T20,JN Mohammed,caught,Guyana Amazon Warriors,Barbados Tridents,2017-08-20,,6
773cec26,1094692,42,0,36,3,2,0,0,0,0,16,0,0,0,0,0,0,0,male,Caribbean Premier League,T20,JN Mohammed,0,Guyana Amazon Warriors,St Lucia Stars,2017-08-22,,6
773cec26,1094696,42,1,36,3,2,0,0,0,0,15,0,0,0,0,0,0,0,male,Caribbean Premier League,T20,JN Mohammed,caught,Guyana Amazon Warriors,Barbados Tridents,2017-08-29,,6
773cec26,1094699,0,0,0,0,0,2,0,0,0,0,0,0,0,0,0,0,0,male,Caribbean Premier League,T20,JN Mohammed,0,Guyana Amazon Warriors,Jamaica Tallawahs,2017-09-01,,6
773cec26,1094703,7,1,11,0,0,0,0,0,0,6,0,0,0,0,0,0,0,male,Caribbean Premier League,T20,JN Mohammed,0,Guyana Amazon Warriors,Jamaica Tallawahs,2017-09-06,,6
773cec26,1094704,10,1,15,0,0,0,0,0,0,7,0,0,0,0,0,0,0,male,Caribbean Premier League,T20,JN Mohammed,0,Guyana Amazon Warriors,Trinbago Knight Riders,2017-09-07,,6
773cec26,1031667,18,1,27,0,1,0,0,0,0,14,0,0,0,0,0,0,0,male,West Indies tour of England,ODI,JN Mohammed,0,West Indies,England,2017-09-19,,6
773cec26,1031669,0,0,0,0,0,0,0,0,0,0,0,0,0,0,0,0,0,male,West Indies tour of England,ODI,JN Mohammed,0,West Indies,England,2017-09-21,,6
773cec26,1031671,38,1,55,3,1,0,0,0,0,32,0,0,0,0,0,0,0,male,West Indies tour of England,ODI,JN Mohammed,0,West Indies,England,2017-09-24,,6
773cec26,1031673,46,1,76,4,0,0,0,0,0,47,0,0,0,0,0,0,0,male,West Indies tour of England,ODI,JN Mohammed,caught,West Indies,England,2017-09-27,,6
773cec26,1031675,25,1,30,1,1,0,0,0,0,15,0,0,0,0,0,0,0,male,West Indies tour of England,ODI,JN Mohammed,0,West Indies,England,2017-09-29,,6
773cec26,1115795,9,1,9,2,0,0,0,0,0,6,0,13,0,0,0,0,3,male,West Indies tour of New Zealand,ODI,JN Mohammed,0,West Indies,New Zealand,2017-12-20,,6
773cec26,1115796,18,1,32,2,0,1,0,0,0,24,0,0,0,0,0,0,0,male,West Indies tour of New Zealand,ODI,JN Mohammed,caught and bowled,West Indies,New Zealand,2017-12-23,,6
773cec26,1115797,1,1,5,0,0,0,0,0,0,4,0,0,0,0,0,0,0,male,West Indies tour of New Zealand,ODI,JN Mohammed,bowled,West Indies,New Zealand,2017-12-26,,6
773cec26,1115798,3,1,5,0,0,0,0,0,0,2,0,0,0,0,0,0,0,male,West Indies tour of New Zealand,T20,JN Mohammed,0,West Indies,New Zealand,2017-12-29,,6
773cec26,1133003,0,0,0,0,0,0,0,0,0,0,0,0,0,0,0,0,2,male,ICC Cricket World Cup Qualifier (ICC Trophy),ODI,JN Mohammed,0,West Indies,United Arab Emirates,2018-03-06,,6
773cec26,1133007,0,1,3,0,0,1,0,0,0,3,0,0,0,0,0,0,0,male,ICC Cricket World Cup Qualifier (ICC Trophy),ODI,JN Mohammed,lbw,West Indies,Papua New Guinea,2018-03-08,,6
773cec26,1140069,0,1,2,0,0,0,0,0,0,2,0,0,0,0,0,0,0,male,West Indies tour of Pakistan,T20,JN Mohammed,0,West Indies,Pakistan,2018-04-01,,6
773cec26,1140070,15,1,19,2,0,1,0,0,0,10,0,0,0,0,0,0,0,male,West Indies tour of Pakistan,T20,JN Mohammed,bowled,West Indies,Pakistan,2018-04-02,,6
773cec26,1140071,13,1,12,2,0,0,0,0,0,5,0,8,0,0,0,0,1,male,West Indies tour of Pakistan,T20,JN Mohammed,caught,West Indies,Pakistan,2018-04-03,,6
773cec26,1146720,10,1,19,0,0,0,0,0,0,10,0,15,0,0,0,0,3,male,Bangladesh tour of West Indies and United States of America,ODI,JN Mohammed,caught,West Indies,Bangladesh,2018-07-22,,6
773cec26,1146721,12,1,15,1,0,0,0,0,0,8,0,0,0,0,0,0,0,male,Bangladesh tour of West Indies and United States of America,ODI,JN Mohammed,0,West Indies,Bangladesh,2018-07-25,,6
773cec26,1148648,16,1,18,1,1,0,0,0,0,11,0,0,0,0,0,0,0,male,Caribbean Premier League,T20,JN Mohammed,caught,Guyana Amazon Warriors,St Kitts and Nevis Patriots,2018-08-09,,6
773cec26,1148650,20,0,16,1,1,1,0,0,0,4,0,0,0,0,0,0,0,male,Caribbean Premier League,T20,JN Mohammed,0,Guyana Amazon Warriors,St Lucia Stars,2018-08-11,,6
773cec26,1148652,0,1,2,0,0,0,0,0,0,2,0,0,0,0,0,0,0,male,Caribbean Premier League,T20,JN Mohammed,caught,Guyana Amazon Warriors,Barbados Tridents,2018-08-12,,6
773cec26,1148657,13,0,10,2,0,0,0,0,0,3,0,0,0,0,0,0,0,male,Caribbean Premier League,T20,JN Mohammed,0,Guyana Amazon Warriors,Jamaica Tallawahs,2018-08-18,,6
773cec26,1148665,36,1,27,4,1,0,0,0,0,10,0,0,0,0,0,0,0,male,Caribbean Premier League,T20,JN Mohammed,0,Guyana Amazon Warriors,St Kitts and Nevis Patriots,2018-08-28,,6
773cec26,1148668,0,0,0,0,0,0,0,0,0,0,0,0,0,0,0,0,0,male,Caribbean Premier League,T20,JN Mohammed,0,Guyana Amazon Warriors,Barbados Tridents,2018-08-31,,6
773cec26,1148673,27,1,29,3,0,0,0,0,0,15,0,0,0,0,0,0,0,male,Caribbean Premier League,T20,JN Mohammed,0,Guyana Amazon Warriors,Trinbago Knight Riders,2018-09-05,,6
773cec26,1148675,54,1,33,5,3,0,0,0,0,9,0,0,0,0,0,0,0,male,Caribbean Premier League,T20,JN Mohammed,0,Guyana Amazon Warriors,Jamaica Tallawahs,2018-09-08,,6
773cec26,1148676,5,1,7,0,0,1,0,0,0,2,0,0,0,0,0,0,0,male,Caribbean Premier League,T20,JN Mohammed,caught,Guyana Amazon Warriors,Trinbago Knight Riders,2018-09-09,,6
773cec26,1148677,3,1,10,0,0,1,0,0,0,7,0,0,0,0,0,0,0,male,Caribbean Premier League,T20,JN Mohammed,0,Guyana Amazon Warriors,Trinbago Knight Riders,2018-09-11,,6
773cec26,1148680,24,1,24,3,0,0,0,0,0,9,0,0,0,0,0,0,0,male,Caribbean Premier League,T20,JN Mohammed,0,Guyana Amazon Warriors,Trinbago Knight Riders,2018-09-16,,6
773cec26,1185837,0,1,4,0,0,0,0,0,0,4,0,0,0,0,0,0,0,male,Caribbean Premier League,T20,JN Mohammed,0,St Kitts and Nevis Patriots,Trinbago Knight Riders,2019-09-04,,6
773cec26,1185840,4,1,4,0,0,0,0,0,0,1,0,0,0,0,0,0,0,male,Caribbean Premier League,T20,JN Mohammed,0,St Kitts and Nevis Patriots,Guyana Amazon Warriors,2019-09-07,,6
773cec26,1185843,0,1,3,0,0,0,0,0,0,3,0,0,0,0,0,0,0,male,Caribbean Premier League,T20,JN Mohammed,caught,St Kitts and Nevis Patriots,Jamaica Tallawahs,2019-09-10,,6
773cec26,1185844,12,1,10,1,1,0,0,0,0,6,0,0,0,0,0,0,0,male,Caribbean Premier League,T20,JN Mohammed,caught,St Kitts and Nevis Patriots,Barbados Tridents,2019-09-11,,6
773cec26,1185847,4,1,5,0,0,0,0,0,0,2,0,0,0,0,0,0,0,male,Caribbean Premier League,T20,JN Mohammed,0,St Kitts and Nevis Patriots,Guyana Amazon Warriors,2019-09-14,,6
773cec26,1244022,17,1,37,0,0,1,0,0,0,25,0,19,0,0,0,0,31,male,ICC Men's Cricket World Cup Super League,ODI,JN Mohammed,0,West Indies,Bangladesh,2021-01-20,,6
773cec26,1244023,11,1,27,0,0,0,0,0,0,18,0,29,1,0,0,0,22,male,ICC Men's Cricket World Cup Super League,ODI,JN Mohammed,0,West Indies,Bangladesh,2021-01-22,,6
773cec26,1244024,17,1,36,1,0,0,0,0,0,24,0,16,0,0,0,0,8,male,West Indies tour of Bangladesh,ODI,JN Mohammed,0,West Indies,Bangladesh,2021-01-25,,6
773cec26,1252069,13,0,16,2,0,0,0,0,0,9,0,12,2,0,0,1,14,male,West Indies v Sri Lanka,ODI,JN Mohammed,0,West Indies,Sri Lanka,2021-03-10,,6
773cec26,1252070,0,0,0,0,0,0,0,0,0,0,0,47,3,1,0,0,31,male,West Indies v Sri Lanka,ODI,JN Mohammed,0,West Indies,Sri Lanka,2021-03-12,,6
773cec26,1252071,8,1,13,1,0,0,0,0,0,9,0,49,1,1,0,0,26,male,West Indies v Sri Lanka,ODI,JN Mohammed,bowled,West Indies,Sri Lanka,2021-03-14,,6
773cec26,1263161,2,1,6,0,0,0,0,0,0,4,0,25,0,0,0,0,8,male,Australia tour of West Indies,ODI,JN Mohammed,bowled,West Indies,Australia,2021-07-20,,6
773cec26,1263162,11,1,14,2,0,0,0,0,0,10,0,13,0,0,0,0,18,male,Australia tour of West Indies,ODI,JN Mohammed,0,West Indies,Australia,2021-07-22,2021-07-23,6
773cec26,1269717,5,1,5,1,0,0,0,0,0,3,0,0,0,0,0,0,0,male,Caribbean Premier League,T20,JN Mohammed,0,Jamaica Tallawahs,Trinbago Knight Riders,2021-09-05,,6
773cec26,1269718,10,1,21,0,0,0,0,0,0,12,0,0,0,0,0,0,0,male,Caribbean Premier League,T20,JN Mohammed,0,Jamaica Tallawahs,Trinbago Knight Riders,2021-09-07,,6
