player_id,match_id,runs_scored,player_out,balls_faced,fours_scored,sixes_scored,catches_taken,run_out_direct,run_out_throw,stumpings_done,dot_balls_as_batsman,order_seenballs_bowled,runs_conceded,wickets_taken,bowled_done,lbw_done,maidens,dot_balls_as_bowler,gender,series_name,match_type,name,out_kind,player_team,opposition_team,start_date,end_date,balls_per_over
74d12124,1185853,57,1,46,6,2,0,0,0,0,21,0,0,0,0,0,0,0,male,Caribbean Premier League,T20,JP Greaves,caught,Barbados Tridents,St Lucia Zouks,2019-09-20,,6
74d12124,1185855,11,1,10,2,0,0,0,0,0,5,0,0,0,0,0,0,0,male,Caribbean Premier League,T20,JP Greaves,caught,Barbados Tridents,Guyana Amazon Warriors,2019-09-22,,6
74d12124,1185856,6,1,12,0,0,1,0,0,0,6,0,0,0,0,0,0,0,male,Caribbean Premier League,T20,JP Greaves,0,Barbados Tridents,Jamaica Tallawahs,2019-09-23,,6
74d12124,1185859,0,0,0,0,0,0,0,0,0,0,0,0,0,0,0,0,0,male,Caribbean Premier League,T20,JP Greaves,0,Barbados Tridents,Trinbago Knight Riders,2019-09-26,,6
74d12124,1185862,27,0,31,2,0,1,0,0,0,14,0,0,0,0,0,0,0,male,Caribbean Premier League,T20,JP Greaves,0,Barbados Tridents,St Lucia Zouks,2019-09-29,,6
74d12124,1185864,0,0,0,0,0,0,0,0,0,0,0,0,0,0,0,0,0,male,Caribbean Premier League,T20,JP Greaves,0,Barbados Tridents,Trinbago Knight Riders,2019-10-02,,6
74d12124,1227886,0,1,1,0,0,0,0,0,0,1,0,0,0,0,0,0,0,male,Caribbean Premier League,T20,JP Greaves,lbw,Barbados Tridents,Guyana Amazon Warriors,2020-09-01,,6
74d12124,1227890,10,1,14,2,0,0,0,0,0,10,0,0,0,0,0,0,0,male,Caribbean Premier League,T20,JP Greaves,bowled,Barbados Tridents,Guyana Amazon Warriors,2020-09-03,,6
74d12124,1277085,7,1,25,1,0,0,0,0,0,22,0,0,0,0,0,0,0,male,Ireland tour of United States of America and West Indies,ODI,JP Greaves,caught,West Indies,Ireland,2022-01-08,,6
74d12124,1277086,10,1,34,1,0,0,0,0,0,27,0,0,0,0,0,0,0,male,Ireland tour of United States of America and West Indies,ODI,JP Greaves,0,West Indies,Ireland,2022-01-13,,6
74d12124,1277087,12,1,32,0,0,0,0,0,0,21,0,0,0,0,0,0,0,male,Ireland tour of United States of America and West Indies,ODI,JP Greaves,caught,West Indies,Ireland,2022-01-16,,6
74d12124,1323151,0,0,0,0,0,1,0,0,0,0,0,0,0,0,0,0,0,male,Caribbean Premier League,T20,JP Greaves,0,Barbados Royals,Trinbago Knight Riders,2022-09-07,,6
74d12124,1323154,0,0,0,0,0,1,0,0,0,0,0,15,1,0,0,0,7,male,Caribbean Premier League,T20,JP Greaves,0,Barbados Royals,St Lucia Kings,2022-09-08,,6
74d12124,1369559,0,1,2,0,0,1,0,0,0,2,0,0,0,0,0,0,0,male,Caribbean Premier League,T20,JP Greaves,bowled,Barbados Royals,St Lucia Kings,2023-08-17,,6
74d12124,1369567,0,0,0,0,0,0,0,1,0,0,0,0,0,0,0,0,0,male,Caribbean Premier League,T20,JP Greaves,0,Barbados Royals,St Kitts and Nevis Patriots,2023-08-26,,6
74d12124,1369580,16,1,14,2,0,1,0,0,0,6,0,0,0,0,0,0,0,male,Caribbean Premier League,T20,JP Greaves,caught,Barbados Royals,Guyana Amazon Warriors,2023-09-10,,6
74d12124,1369587,16,1,16,3,0,1,0,0,0,9,0,0,0,0,0,0,0,male,Caribbean Premier League,T20,JP Greaves,stumped,Barbados Royals,Guyana Amazon Warriors,2023-09-17,,6
74d12124,1375845,29,2,46,4,0,2,0,0,0,33,0,40,2,0,0,2,71,male,West Indies tour of Australia,Test,JP Greaves,0,West Indies,Australia,2024-01-17,2024-01-18,6
74d12124,1375846,39,2,70,5,0,1,0,0,0,52,0,79,1,0,0,3,90,male,West Indies tour of Australia,Test,JP Greaves,caught,West Indies,Australia,2024-01-25,2024-01-26,6
74d12124,1375847,1,1,5,0,0,0,0,0,0,4,0,0,0,0,0,0,0,male,West Indies tour of Australia,ODI,JP Greaves,bowled,West Indies,Australia,2024-02-02,,6
74d12124,1375848,8,1,10,1,0,2,0,0,0,7,0,0,0,0,0,0,0,male,West Indies tour of Australia,ODI,JP Greaves,caught,West Indies,Australia,2024-02-04,,6
74d12124,1428683,36,1,26,5,0,0,0,0,0,7,0,0,0,0,0,0,0,male,Caribbean Premier League,T20,JP Greaves,caught,Antigua and Barbuda Falcons,St Lucia Kings,2024-09-03,,6
74d12124,1428685,37,1,19,4,2,0,0,0,0,5,0,0,0,0,0,0,0,male,Caribbean Premier League,T20,JP Greaves,0,Antigua and Barbuda Falcons,Trinbago Knight Riders,2024-09-05,,6
74d12124,1428688,30,1,16,4,1,0,0,0,0,4,0,0,0,0,0,0,0,male,Caribbean Premier League,T20,JP Greaves,bowled,Antigua and Barbuda Falcons,St Kitts and Nevis Patriots,2024-09-08,,6
74d12124,1428690,61,0,57,8,1,0,0,0,0,27,0,0,0,0,0,0,0,male,Caribbean Premier League,T20,JP Greaves,0,Antigua and Barbuda Falcons,Barbados Royals,2024-09-11,,6
74d12124,1428694,10,1,13,1,0,1,0,0,0,7,0,0,0,0,0,0,0,male,Caribbean Premier League,T20,JP Greaves,0,Antigua and Barbuda Falcons,St Lucia Kings,2024-09-15,,6
74d12124,1428697,46,1,48,4,0,0,0,0,0,20,0,0,0,0,0,0,0,male,Caribbean Premier League,T20,JP Greaves,retired out,Antigua and Barbuda Falcons,Trinbago Knight Riders,2024-09-19,,6
74d12124,1428700,5,1,7,0,0,1,0,0,0,3,0,0,0,0,0,0,0,male,Caribbean Premier League,T20,JP Greaves,0,Antigua and Barbuda Falcons,Guyana Amazon Warriors,2024-09-21,,6
