player_id,match_id,runs_scored,player_out,balls_faced,fours_scored,sixes_scored,catches_taken,run_out_direct,run_out_throw,stumpings_done,dot_balls_as_batsman,order_seenballs_bowled,runs_conceded,wickets_taken,bowled_done,lbw_done,maidens,dot_balls_as_bowler,gender,series_name,match_type,name,out_kind,player_team,opposition_team,start_date,end_date,balls_per_over
d06335fd,433599,17,1,17,1,1,0,0,0,0,9,0,0,0,0,0,0,0,male,ICC Cricket World Cup,ODI,KA Edwards,lbw,West Indies,India,2011-03-20,,6
d06335fd,489213,28,1,50,0,0,0,0,0,0,23,0,0,0,0,0,0,0,male,Pakistan in West Indies ODI Series,ODI,KA Edwards,0,West Indies,Pakistan,2011-04-23,,6
d06335fd,489214,4,1,13,0,0,0,0,0,0,9,0,0,0,0,0,0,0,male,Pakistan in West Indies ODI Series,ODI,KA Edwards,0,West Indies,Pakistan,2011-04-25,,6
d06335fd,489215,18,0,33,0,1,0,0,0,0,23,0,0,0,0,0,0,0,male,Pakistan in West Indies ODI Series,ODI,KA Edwards,0,West Indies,Pakistan,2011-04-28,,6
d06335fd,489216,0,1,1,0,0,0,1,0,0,1,0,0,0,0,0,0,0,male,Pakistan in West Indies ODI Series,ODI,KA Edwards,caught,West Indies,Pakistan,2011-05-02,,6
d06335fd,489217,40,0,77,3,0,0,0,0,0,51,0,0,0,0,0,0,0,male,Pakistan in West Indies ODI Series,ODI,KA Edwards,0,West Indies,Pakistan,2011-05-05,,6
d06335fd,489221,21,1,46,1,0,0,0,0,0,29,0,0,0,0,0,0,0,male,India in West Indies ODI Series,ODI,KA Edwards,caught,West Indies,India,2011-06-06,,6
d06335fd,489222,25,1,29,3,1,0,0,0,0,19,0,0,0,0,0,0,0,male,India in West Indies ODI Series,ODI,KA Edwards,caught,West Indies,India,2011-06-08,,6
d06335fd,489223,0,1,2,0,0,0,0,0,0,2,0,0,0,0,0,0,0,male,India in West Indies ODI Series,ODI,KA Edwards,caught,West Indies,India,2011-06-11,,6
d06335fd,489228,116,2,224,9,1,0,0,0,0,154,0,19,0,0,0,0,16,male,India in West Indies Test Series,Test,KA Edwards,caught,West Indies,India,2011-07-06,2011-07-07,6
d06335fd,531986,45,1,93,7,0,0,0,0,0,73,0,0,0,0,0,0,0,male,West Indies in Bangladesh Test Series,Test,KA Edwards,0,West Indies,Bangladesh,2011-10-21,2011-10-22,6
d06335fd,531987,207,2,479,21,3,2,0,0,0,361,0,0,0,0,0,0,0,male,West Indies in Bangladesh Test Series,Test,KA Edwards,lbw,West Indies,Bangladesh,2011-10-29,2011-10-30,6
d06335fd,535997,48,2,120,6,0,1,0,0,0,95,0,0,0,0,0,0,0,male,West Indies in India Test Series,Test,KA Edwards,caught and bowled,West Indies,India,2011-11-06,2011-11-07,6
d06335fd,535998,76,2,175,8,1,0,0,0,0,133,0,0,0,0,0,0,0,male,West Indies in India Test Series,Test,KA Edwards,lbw,West Indies,India,2011-11-14,2011-11-15,6
d06335fd,535999,103,2,189,16,0,2,0,0,0,140,0,0,0,0,0,0,0,male,West Indies in India Test Series,Test,KA Edwards,caught,West Indies,India,2011-11-22,2011-11-23,6
d06335fd,540176,62,2,115,10,1,1,0,0,0,92,0,0,0,0,0,0,0,male,The Frank Worrell Trophy,Test,KA Edwards,0,West Indies,Australia,2012-04-07,2012-04-08,6
d06335fd,534205,1,1,18,0,0,1,0,0,0,17,0,0,0,0,0,0,0,male,The Wisden Trophy,Test,KA Edwards,0,West Indies,England,2012-05-17,2012-05-18,6
d06335fd,534206,7,2,21,1,0,0,0,0,0,18,0,0,0,0,0,0,0,male,The Wisden Trophy,Test,KA Edwards,lbw,West Indies,England,2012-05-25,2012-05-26,6
d06335fd,635227,1,1,6,0,0,0,0,0,0,5,0,0,0,0,0,0,0,male,Caribbean Premier League,T20,KA Edwards,0,Barbados Tridents,Guyana Amazon Warriors,2013-08-11,,6
d06335fd,661679,59,2,117,6,1,2,0,0,0,86,0,0,0,0,0,0,0,male,West Indies in New Zealand Test Series,Test,KA Edwards,0,West Indies,New Zealand,2013-12-03,2013-12-04,6
d06335fd,661681,90,2,157,7,0,1,0,0,0,105,0,0,0,0,0,0,0,male,West Indies in New Zealand Test Series,Test,KA Edwards,0,West Indies,New Zealand,2013-12-11,2013-12-12,6
d06335fd,661683,7,2,59,0,0,1,0,0,0,52,0,0,0,0,0,0,0,male,West Indies in New Zealand Test Series,Test,KA Edwards,caught,West Indies,New Zealand,2013-12-19,2013-12-20,6
d06335fd,661691,24,1,40,2,0,0,0,0,0,26,0,0,0,0,0,0,0,male,West Indies in New Zealand ODI Series,ODI,KA Edwards,0,West Indies,New Zealand,2014-01-04,,6
d06335fd,661693,123,0,113,12,4,0,0,0,0,49,0,0,0,0,0,0,0,male,West Indies in New Zealand ODI Series,ODI,KA Edwards,0,West Indies,New Zealand,2014-01-08,,6
d06335fd,702139,2,1,7,0,0,1,0,0,0,5,0,0,0,0,0,0,0,male,,ODI,KA Edwards,0,West Indies,Ireland,2014-02-23,,6
d06335fd,636533,10,1,22,1,0,0,0,0,0,17,0,0,0,0,0,0,0,male,England in West Indies ODI Series,ODI,KA Edwards,0,West Indies,England,2014-02-28,,6
d06335fd,636534,9,1,21,0,0,0,0,0,0,14,0,0,0,0,0,0,0,male,England in West Indies ODI Series,ODI,KA Edwards,caught,West Indies,England,2014-03-02,,6
d06335fd,730277,14,2,28,2,0,1,0,0,0,21,0,0,0,0,0,0,0,male,New Zealand in West Indies Test Series,Test,KA Edwards,0,West Indies,New Zealand,2014-06-08,2014-06-09,6
d06335fd,730279,55,1,64,7,3,1,0,0,0,47,0,0,0,0,0,0,0,male,New Zealand in West Indies Test Series,Test,KA Edwards,0,West Indies,New Zealand,2014-06-16,2014-06-17,6
d06335fd,730281,68,2,123,8,1,0,0,0,0,93,0,0,0,0,0,0,0,male,New Zealand in West Indies Test Series,Test,KA Edwards,0,West Indies,New Zealand,2014-06-26,2014-06-27,6
d06335fd,730287,10,1,32,0,0,0,0,0,0,23,0,0,0,0,0,0,0,male,Bangladesh in West Indies ODI Series,ODI,KA Edwards,0,West Indies,Bangladesh,2014-08-20,,6
d06335fd,730289,0,1,7,0,0,1,0,0,0,7,0,0,0,0,0,0,0,male,Bangladesh in West Indies ODI Series,ODI,KA Edwards,bowled,West Indies,Bangladesh,2014-08-22,,6
d06335fd,730295,10,1,14,1,1,1,0,0,0,12,0,0,0,0,0,0,0,male,Bangladesh in West Indies Test Series,Test,KA Edwards,0,West Indies,Bangladesh,2014-09-05,2014-09-06,6
d06335fd,730297,18,2,60,2,0,1,0,0,0,50,0,0,0,0,0,0,0,male,Bangladesh in West Indies Test Series,Test,KA Edwards,caught,West Indies,Bangladesh,2014-09-13,2014-09-14,6
