player_id,match_id,runs_scored,player_out,balls_faced,fours_scored,sixes_scored,catches_taken,run_out_direct,run_out_throw,stumpings_done,dot_balls_as_batsman,order_seenballs_bowled,runs_conceded,wickets_taken,bowled_done,lbw_done,maidens,dot_balls_as_bowler,gender,series_name,match_type,name,out_kind,player_team,opposition_team,start_date,end_date,balls_per_over
49dc9cb4,1148650,0,1,1,0,0,0,0,0,0,1,0,24,0,0,0,0,11,male,Caribbean Premier League,T20,KAR Hodge,0,St Lucia Stars,Guyana Amazon Warriors,2018-08-11,,6
49dc9cb4,1148653,21,1,8,3,1,0,0,0,0,2,0,42,1,1,0,0,9,male,Caribbean Premier League,T20,KAR Hodge,caught,St Lucia Stars,Jamaica Tallawahs,2018-08-14,,6
49dc9cb4,1148655,0,0,0,0,0,0,0,0,0,0,0,32,0,0,0,0,9,male,Caribbean Premier League,T20,KAR Hodge,0,St Lucia Stars,Trinbago Knight Riders,2018-08-16,,6
49dc9cb4,1148656,0,0,0,0,0,1,0,0,0,0,0,41,0,0,0,0,9,male,Caribbean Premier League,T20,KAR Hodge,0,St Lucia Stars,Barbados Tridents,2018-08-17,,6
49dc9cb4,1148659,0,1,4,0,0,0,0,0,0,4,0,1,1,0,1,0,5,male,Caribbean Premier League,T20,KAR Hodge,0,St Lucia Stars,St Kitts and Nevis Patriots,2018-08-21,,6
49dc9cb4,1185841,0,0,0,0,0,1,0,0,0,0,0,31,0,0,0,0,10,male,Caribbean Premier League,T20,KAR Hodge,0,St Lucia Zouks,Trinbago Knight Riders,2019-09-08,,6
49dc9cb4,1185849,13,1,11,2,0,0,0,0,0,6,0,30,1,0,0,0,2,male,Caribbean Premier League,T20,KAR Hodge,caught,St Lucia Zouks,St Kitts and Nevis Patriots,2019-09-15,,6
49dc9cb4,1185853,1,0,1,0,0,2,0,0,0,0,0,19,0,0,0,0,4,male,Caribbean Premier League,T20,KAR Hodge,0,St Lucia Zouks,Barbados Tridents,2019-09-20,,6
49dc9cb4,1227888,13,1,24,0,0,0,0,0,0,14,0,0,0,0,0,0,0,male,Caribbean Premier League,T20,KAR Hodge,caught,St Lucia Zouks,Guyana Amazon Warriors,2020-09-02,,6
49dc9cb4,1377005,0,0,0,0,0,0,0,0,0,0,0,28,0,0,0,0,22,male,West Indies tour of United Arab Emirates,ODI,KAR Hodge,0,West Indies,United Arab Emirates,2023-06-04,,6
49dc9cb4,1377006,26,1,29,4,0,0,0,0,0,16,0,46,2,1,0,0,29,male,West Indies tour of United Arab Emirates,ODI,KAR Hodge,0,West Indies,United Arab Emirates,2023-06-06,,6
49dc9cb4,1377007,0,1,1,0,0,0,0,0,0,1,0,29,0,0,0,0,3,male,West Indies tour of United Arab Emirates,ODI,KAR Hodge,stumped,West Indies,United Arab Emirates,2023-06-09,,6
49dc9cb4,1375845,15,2,48,2,0,1,0,0,0,42,0,0,0,0,0,0,0,male,West Indies tour of Australia,Test,KAR Hodge,0,West Indies,Australia,2024-01-17,2024-01-18,6
49dc9cb4,1375846,100,2,268,12,1,0,0,0,0,219,0,0,0,0,0,0,0,male,West Indies tour of Australia,Test,KAR Hodge,caught,West Indies,Australia,2024-01-25,2024-01-26,6
49dc9cb4,1375847,11,1,18,1,0,0,0,0,0,11,0,10,0,0,0,0,3,male,West Indies tour of Australia,ODI,KAR Hodge,caught,West Indies,Australia,2024-02-02,,6
49dc9cb4,1385691,28,2,53,4,1,0,0,0,0,43,0,0,0,0,0,0,0,male,West Indies tour of England,Test,KAR Hodge,caught,West Indies,England,2024-07-10,2024-07-11,6
49dc9cb4,1385692,120,2,177,19,0,2,0,0,0,118,0,44,2,0,0,0,33,male,West Indies tour of England,Test,KAR Hodge,lbw,West Indies,England,2024-07-18,2024-07-19,6
49dc9cb4,1385693,68,2,87,9,0,0,0,0,0,54,0,0,0,0,0,0,0,male,West Indies tour of England,Test,KAR Hodge,bowled,West Indies,England,2024-07-26,2024-07-27,6
49dc9cb4,1433365,54,2,147,5,0,1,0,0,0,115,0,0,0,0,0,0,0,male,South Africa tour of West Indies,Test,KAR Hodge,0,West Indies,South Africa,2024-08-07,2024-08-08,6
49dc9cb4,1433366,33,2,43,7,0,2,0,0,0,31,0,9,0,0,0,0,3,male,South Africa tour of West Indies,Test,KAR Hodge,0,West Indies,South Africa,2024-08-15,2024-08-16,6
