player_id,match_id,runs_scored,player_out,balls_faced,fours_scored,sixes_scored,catches_taken,run_out_direct,run_out_throw,stumpings_done,dot_balls_as_batsman,order_seenballs_bowled,runs_conceded,wickets_taken,bowled_done,lbw_done,maidens,dot_balls_as_bowler,gender,series_name,match_type,name,out_kind,player_team,opposition_team,start_date,end_date,balls_per_over
7d5af2ea,489219,15,2,26,2,0,0,0,0,0,20,0,0,0,0,0,0,0,male,Pakistan in West Indies Test Series,Test,KC Brathwaite,0,West Indies,Pakistan,2011-05-20,2011-05-21,6
7d5af2ea,531986,33,2,137,2,0,1,0,0,0,113,0,0,0,0,0,0,0,male,West Indies in Bangladesh Test Series,Test,KC Brathwaite,0,West Indies,Bangladesh,2011-10-21,2011-10-22,6
7d5af2ea,531987,50,2,104,5,0,2,0,0,0,78,0,0,0,0,0,0,0,male,West Indies in Bangladesh Test Series,Test,KC Brathwaite,caught,West Indies,Bangladesh,2011-10-29,2011-10-30,6
7d5af2ea,535997,65,2,253,4,0,0,0,0,0,205,0,7,0,0,0,0,6,male,West Indies in India Test Series,Test,KC Brathwaite,stumped,West Indies,India,2011-11-06,2011-11-07,6
7d5af2ea,535998,26,2,46,3,0,0,0,0,0,32,0,43,1,1,0,0,16,male,West Indies in India Test Series,Test,KC Brathwaite,caught,West Indies,India,2011-11-14,2011-11-15,6
7d5af2ea,535999,103,2,299,10,0,0,0,0,0,238,0,0,0,0,0,0,0,male,West Indies in India Test Series,Test,KC Brathwaite,caught,West Indies,India,2011-11-22,2011-11-23,6
7d5af2ea,540176,57,2,206,4,0,0,0,1,0,175,0,0,0,0,0,0,0,male,The Frank Worrell Trophy,Test,KC Brathwaite,0,West Indies,Australia,2012-04-07,2012-04-08,6
7d5af2ea,540177,0,1,9,0,0,1,0,0,0,9,0,0,0,0,0,0,0,male,The Frank Worrell Trophy,Test,KC Brathwaite,0,West Indies,Australia,2012-04-15,2012-04-16,6
7d5af2ea,540178,14,2,58,1,0,1,0,1,0,48,0,0,0,0,0,0,0,male,The Frank Worrell Trophy,Test,KC Brathwaite,0,West Indies,Australia,2012-04-23,2012-04-24,6
7d5af2ea,661683,52,2,123,7,0,0,0,0,0,96,0,0,0,0,0,0,0,male,West Indies in New Zealand Test Series,Test,KC Brathwaite,bowled,West Indies,New Zealand,2013-12-19,2013-12-20,6
7d5af2ea,730279,143,1,293,14,0,1,0,0,0,213,0,0,0,0,0,0,0,male,New Zealand in West Indies Test Series,Test,KC Brathwaite,0,West Indies,New Zealand,2014-06-16,2014-06-17,6
7d5af2ea,730281,74,2,125,11,0,1,0,1,0,93,0,0,0,0,0,0,0,male,New Zealand in West Indies Test Series,Test,KC Brathwaite,0,West Indies,New Zealand,2014-06-26,2014-06-27,6
7d5af2ea,730295,216,1,453,15,0,0,0,0,0,325,0,0,0,0,0,0,0,male,Bangladesh in West Indies Test Series,Test,KC Brathwaite,0,West Indies,Bangladesh,2014-09-05,2014-09-06,6
7d5af2ea,730297,108,2,262,8,1,0,0,0,0,204,0,0,0,0,0,0,0,male,Bangladesh in West Indies Test Series,Test,KC Brathwaite,caught,West Indies,Bangladesh,2014-09-13,2014-09-14,6
7d5af2ea,722329,54,2,119,8,0,0,0,0,0,94,0,3,0,0,0,0,4,male,Sir Vivian Richards Trophy,Test,KC Brathwaite,0,West Indies,South Africa,2014-12-17,2014-12-18,6
7d5af2ea,722331,106,1,186,12,0,0,0,0,0,137,0,0,0,0,0,0,0,male,Sir Vivian Richards Trophy,Test,KC Brathwaite,caught,West Indies,South Africa,2014-12-26,2014-12-27,6
7d5af2ea,722333,23,2,80,2,0,0,0,0,0,70,0,0,0,0,0,0,0,male,Sir Vivian Richards Trophy,Test,KC Brathwaite,caught,West Indies,South Africa,2015-01-02,2015-01-03,6
7d5af2ea,766929,44,2,108,4,0,0,0,0,0,85,0,0,0,0,0,0,0,male,The Wisden Trophy,Test,KC Brathwaite,0,West Indies,England,2015-04-13,2015-04-14,6
7d5af2ea,766931,117,2,263,14,0,0,0,0,0,206,0,9,0,0,0,1,25,male,The Wisden Trophy,Test,KC Brathwaite,bowled,West Indies,England,2015-04-21,2015-04-22,6
7d5af2ea,766933,25,2,38,3,0,1,0,0,0,25,0,0,0,0,0,0,0,male,The Wisden Trophy,Test,KC Brathwaite,caught,West Indies,England,2015-05-01,2015-05-02,6
7d5af2ea,810423,25,2,40,1,0,0,0,0,0,25,0,0,0,0,0,0,0,male,The Frank Worrell Trophy,Test,KC Brathwaite,0,West Indies,Australia,2015-06-03,2015-06-04,6
7d5af2ea,810425,4,2,30,1,0,0,0,0,0,29,0,62,0,0,0,5,138,male,The Frank Worrell Trophy,Test,KC Brathwaite,0,West Indies,Australia,2015-06-11,2015-06-12,6
7d5af2ea,915773,53,2,99,7,0,0,0,0,0,71,0,14,0,0,0,0,18,male,Sobers/Tissera Trophy,Test,KC Brathwaite,0,West Indies,Sri Lanka,2015-10-14,2015-10-15,6
7d5af2ea,915775,50,2,128,3,0,1,0,0,0,95,0,29,6,0,0,5,54,male,Sobers/Tissera Trophy,Test,KC Brathwaite,0,West Indies,Sri Lanka,2015-10-22,2015-10-23,6
7d5af2ea,892515,96,2,148,13,1,0,0,0,0,111,0,54,0,0,0,0,40,male,The Frank Worrell Trophy,Test,KC Brathwaite,bowled,West Indies,Australia,2015-12-10,2015-12-11,6
7d5af2ea,892517,48,2,82,2,0,1,0,0,0,56,0,78,0,0,0,1,55,male,The Frank Worrell Trophy,Test,KC Brathwaite,caught,West Indies,Australia,2015-12-26,2015-12-27,6
7d5af2ea,892519,85,1,174,10,0,0,0,0,0,130,0,20,0,0,0,0,12,male,The Frank Worrell Trophy,Test,KC Brathwaite,0,West Indies,Australia,2016-01-03,2016-01-04,6
7d5af2ea,1022593,76,2,223,7,0,2,0,0,0,184,0,65,2,0,0,1,48,male,India in West Indies Test Series,Test,KC Brathwaite,0,West Indies,India,2016-07-21,2016-07-22,6
7d5af2ea,1022595,24,2,51,3,0,0,0,0,0,39,0,40,0,0,0,0,41,male,India in West Indies Test Series,Test,KC Brathwaite,0,West Indies,India,2016-07-30,2016-07-31,6
7d5af2ea,1022597,68,2,183,6,0,3,0,0,0,142,0,60,0,0,0,2,75,male,India in West Indies Test Series,Test,KC Brathwaite,lbw,West Indies,India,2016-08-09,2016-08-10,6
7d5af2ea,1022599,32,0,78,5,0,0,0,0,0,64,0,0,0,0,0,0,0,male,India in West Indies Test Series,Test,KC Brathwaite,0,West Indies,India,2016-08-18,2016-08-19,6
7d5af2ea,1050223,14,1,38,1,0,0,0,0,0,27,0,0,0,0,0,0,0,male,Pakistan v West Indies ODI Series,ODI,KC Brathwaite,0,West Indies,Pakistan,2016-09-30,,6
7d5af2ea,1050225,39,1,67,3,0,0,0,0,0,39,0,18,0,0,0,0,5,male,Pakistan v West Indies ODI Series,ODI,KC Brathwaite,0,West Indies,Pakistan,2016-10-02,,6
7d5af2ea,1050227,32,1,47,3,0,0,0,0,0,28,0,22,0,0,0,0,9,male,Pakistan v West Indies ODI Series,ODI,KC Brathwaite,lbw,West Indies,Pakistan,2016-10-05,,6
7d5af2ea,1050229,38,2,107,4,0,1,0,0,0,91,0,57,0,0,0,2,50,male,Pakistan v West Indies Test Series,Test,KC Brathwaite,bowled,West Indies,Pakistan,2016-10-13,2016-10-14,6
7d5af2ea,1050231,88,2,215,7,1,0,0,0,0,165,0,69,1,0,0,2,88,male,Pakistan v West Indies Test Series,Test,KC Brathwaite,0,West Indies,Pakistan,2016-10-21,2016-10-22,6
7d5af2ea,1050233,202,0,427,17,0,1,0,0,0,294,0,5,0,0,0,0,2,male,Pakistan v West Indies Test Series,Test,KC Brathwaite,0,West Indies,Pakistan,2016-10-30,2016-10-31,6
7d5af2ea,1059711,14,1,34,1,0,0,0,0,0,27,0,0,0,0,0,0,0,male,Zimbabwe Tri-Nation Series,ODI,KC Brathwaite,0,West Indies,Sri Lanka,2016-11-16,,6
7d5af2ea,1059712,78,1,117,2,0,1,0,0,0,56,0,0,0,0,0,0,0,male,Zimbabwe Tri-Nation Series,ODI,KC Brathwaite,0,West Indies,Zimbabwe,2016-11-19,,6
7d5af2ea,1059714,16,1,34,0,0,0,0,0,0,19,0,56,1,0,0,0,21,male,Zimbabwe Tri-Nation Series,ODI,KC Brathwaite,0,West Indies,Sri Lanka,2016-11-23,,6
7d5af2ea,1059715,24,0,45,2,0,0,0,0,0,28,0,0,0,0,0,0,0,male,Zimbabwe Tri-Nation Series,ODI,KC Brathwaite,0,West Indies,Zimbabwe,2016-11-25,,6
7d5af2ea,1027315,14,1,28,1,0,0,0,0,0,17,0,0,0,0,0,0,0,male,England in West Indies ODI Series,ODI,KC Brathwaite,caught,West Indies,England,2017-03-03,,6
7d5af2ea,1027317,42,1,72,2,0,0,0,0,0,39,0,22,0,0,0,0,12,male,England in West Indies ODI Series,ODI,KC Brathwaite,0,West Indies,England,2017-03-05,,6
7d5af2ea,1027319,5,1,12,0,0,1,0,1,0,9,0,23,0,0,0,0,7,male,England in West Indies ODI Series,ODI,KC Brathwaite,0,West Indies,England,2017-03-09,,6
7d5af2ea,1077953,14,2,33,1,0,1,0,0,0,25,0,22,0,0,0,1,29,male,Pakistan in West Indies Test Series,Test,KC Brathwaite,bowled,West Indies,Pakistan,2017-04-21,2017-04-22,6
7d5af2ea,1077954,52,2,129,5,0,0,0,0,0,101,0,0,0,0,0,0,0,male,Pakistan in West Indies Test Series,Test,KC Brathwaite,caught,West Indies,Pakistan,2017-04-30,2017-05-01,6
7d5af2ea,1077955,35,2,159,1,0,0,0,0,0,135,0,0,0,0,0,0,0,male,Pakistan in West Indies Test Series,Test,KC Brathwaite,caught,West Indies,Pakistan,2017-05-10,2017-05-11,6
7d5af2ea,1031659,40,2,84,7,0,1,0,0,0,68,0,6,0,0,0,0,30,male,West Indies tour of England,Test,KC Brathwaite,0,West Indies,England,2017-08-17,2017-08-18,6
7d5af2ea,1031661,229,2,431,29,2,2,0,0,0,326,0,4,0,0,0,0,5,male,West Indies tour of England,Test,KC Brathwaite,caught,West Indies,England,2017-08-25,2017-08-26,6
7d5af2ea,1031663,14,2,47,1,0,0,0,0,0,39,0,0,0,0,0,0,0,male,West Indies tour of England,Test,KC Brathwaite,caught,West Indies,England,2017-09-07,2017-09-08,6
7d5af2ea,1068576,35,2,125,4,0,0,0,0,0,106,0,0,0,0,0,0,0,male,Specsavers County Championship,MDM,KC Brathwaite,caught,Yorkshire,Warwickshire,2017-09-19,2017-09-20,6
7d5af2ea,1068582,5,2,33,0,0,1,0,0,0,30,0,0,0,0,0,0,0,male,Specsavers County Championship,MDM,KC Brathwaite,0,Yorkshire,Essex,2017-09-25,2017-09-26,6
7d5af2ea,1122886,89,2,251,4,1,1,0,0,0,191,0,31,1,0,0,1,44,male,West Indies tour of Zimbabwe,Test,KC Brathwaite,caught,West Indies,Zimbabwe,2017-10-21,2017-10-22,6
7d5af2ea,1122887,32,1,160,2,0,0,0,0,0,141,0,67,1,1,0,2,114,male,West Indies tour of Zimbabwe,Test,KC Brathwaite,0,West Indies,Zimbabwe,2017-10-29,2017-10-30,6
7d5af2ea,1115793,115,2,292,8,2,0,0,0,0,230,0,46,0,0,0,1,25,male,West Indies tour of New Zealand,Test,KC Brathwaite,lbw,West Indies,New Zealand,2017-12-01,2017-12-02,6
7d5af2ea,1115794,86,2,154,11,1,0,0,0,0,113,0,45,0,0,0,0,50,male,West Indies tour of New Zealand,Test,KC Brathwaite,caught,West Indies,New Zealand,2017-12-09,2017-12-10,6
7d5af2ea,1135149,19,2,69,1,0,1,0,0,0,57,0,0,0,0,0,0,0,male,Sri Lanka tour of West Indies,Test,KC Brathwaite,0,West Indies,Sri Lanka,2018-06-06,2018-06-07,6
7d5af2ea,1135150,81,1,251,8,0,0,0,0,0,211,0,4,0,0,0,0,5,male,Sri Lanka tour of West Indies,Test,KC Brathwaite,caught,West Indies,Sri Lanka,2018-06-14,2018-06-15,6
7d5af2ea,1135151,4,2,23,0,0,0,0,0,0,19,0,0,0,0,0,0,0,male,Sri Lanka tour of West Indies,Test,KC Brathwaite,caught,West Indies,Sri Lanka,2018-06-23,2018-06-24,6
7d5af2ea,1146717,121,1,292,11,0,1,0,0,0,220,0,0,0,0,0,0,0,male,Bangladesh tour of West Indies and United States of America,Test,KC Brathwaite,0,West Indies,Bangladesh,2018-07-04,2018-07-05,6
7d5af2ea,1146718,118,2,306,9,0,0,0,0,0,228,0,0,0,0,0,0,0,male,Bangladesh tour of West Indies and United States of America,Test,KC Brathwaite,caught,West Indies,Bangladesh,2018-07-12,2018-07-13,6
7d5af2ea,1127649,53,2,144,5,0,1,1,0,0,115,0,10,0,0,0,0,6,male,Specsavers County Championship,MDM,KC Brathwaite,caught,Nottinghamshire,Hampshire,2018-08-19,2018-08-20,6
7d5af2ea,1127660,113,1,274,17,0,0,0,0,0,214,0,0,0,0,0,0,0,male,Specsavers County Championship,MDM,KC Brathwaite,lbw,Nottinghamshire,Yorkshire,2018-09-04,2018-09-05,6
7d5af2ea,1127664,68,2,151,12,0,0,0,0,0,123,0,0,0,0,0,0,0,male,Specsavers County Championship,MDM,KC Brathwaite,lbw,Nottinghamshire,Essex,2018-09-10,2018-09-11,6
7d5af2ea,1157752,12,2,40,2,0,0,0,0,0,35,0,47,1,0,0,1,46,male,West Indies tour of India,Test,KC Brathwaite,caught,West Indies,India,2018-10-04,2018-10-05,6
7d5af2ea,1157753,14,2,70,2,0,0,0,0,0,63,0,6,0,0,0,0,6,male,West Indies tour of India,Test,KC Brathwaite,caught,West Indies,India,2018-10-12,2018-10-13,6
7d5af2ea,1153311,21,2,70,2,0,1,0,0,0,57,0,19,0,0,0,1,33,male,West Indies tour of Bangladesh,Test,KC Brathwaite,0,West Indies,Bangladesh,2018-11-22,2018-11-23,6
7d5af2ea,1153312,1,2,10,0,0,0,0,0,0,9,0,58,2,1,0,0,51,male,West Indies tour of Bangladesh,Test,KC Brathwaite,0,West Indies,Bangladesh,2018-11-30,2018-12-01,6
7d5af2ea,1158062,64,2,179,6,1,1,0,0,0,141,0,0,0,0,0,0,0,male,England tour of West Indies,Test,KC Brathwaite,0,West Indies,England,2019-01-23,2019-01-24,6
7d5af2ea,1158063,54,1,164,6,0,0,0,0,0,136,0,0,0,0,0,0,0,male,England tour of West Indies,Test,KC Brathwaite,0,West Indies,England,2019-01-31,2019-02-01,6
7d5af2ea,1158064,20,2,56,2,0,0,0,0,0,45,0,29,0,0,0,2,73,male,England tour of West Indies,Test,KC Brathwaite,0,West Indies,England,2019-02-09,2019-02-10,6
7d5af2ea,1188628,15,2,55,1,0,0,0,0,0,45,0,24,0,0,0,0,21,male,India in West Indies Test Series,Test,KC Brathwaite,caught and bowled,West Indies,India,2019-08-22,2019-08-23,6
7d5af2ea,1188629,13,2,45,1,0,0,0,0,0,37,0,9,1,0,0,0,7,male,India in West Indies Test Series,Test,KC Brathwaite,0,West Indies,India,2019-08-30,2019-08-31,6
7d5af2ea,1167028,19,1,97,1,0,1,0,0,0,85,0,0,0,0,0,0,0,male,Specsavers County Championship,MDM,KC Brathwaite,0,Glamorgan,Worcestershire,2019-09-10,2019-09-11,6
7d5af2ea,1167030,147,1,346,16,1,0,0,0,0,272,0,0,0,0,0,0,0,male,Specsavers County Championship,MDM,KC Brathwaite,lbw,Glamorgan,Leicestershire,2019-09-16,2019-09-17,6
7d5af2ea,1167034,0,0,0,0,0,1,0,0,0,0,0,0,0,0,0,0,0,male,Specsavers County Championship,MDM,KC Brathwaite,0,Glamorgan,Durham,2019-09-23,2019-09-24,6
7d5af2ea,1193500,19,2,48,4,0,0,0,0,0,42,0,0,0,0,0,0,0,male,Afghanistan tour of India,Test,KC Brathwaite,0,West Indies,Afghanistan,2019-11-27,2019-11-28,6
7d5af2ea,1225247,69,2,143,6,0,0,0,0,0,108,0,9,0,0,0,0,11,male,West Indies tour of England,Test,KC Brathwaite,0,West Indies,England,2020-07-08,2020-07-09,6
7d5af2ea,1225248,87,2,189,10,0,1,0,0,0,149,0,9,0,0,0,0,14,male,West Indies tour of England,Test,KC Brathwaite,0,West Indies,England,2020-07-16,2020-07-17,6
7d5af2ea,1225249,20,2,54,3,0,0,0,0,0,45,0,0,0,0,0,0,0,male,West Indies tour of England,Test,KC Brathwaite,0,West Indies,England,2020-07-24,2020-07-25,6
7d5af2ea,1233957,31,2,117,2,0,0,0,0,0,97,0,14,0,0,0,0,9,male,West Indies tour of New Zealand,Test,KC Brathwaite,caught,West Indies,New Zealand,2020-12-03,2020-12-04,6
7d5af2ea,1233958,24,2,50,3,0,1,0,0,0,40,0,0,0,0,0,0,0,male,West Indies tour of New Zealand,Test,KC Brathwaite,caught,West Indies,New Zealand,2020-12-11,2020-12-12,6
7d5af2ea,1244025,96,2,164,14,0,1,0,0,0,120,0,20,0,0,0,0,19,male,West Indies tour of Bangladesh,Test,KC Brathwaite,0,West Indies,Bangladesh,2021-02-03,2021-02-04,6
7d5af2ea,1244026,53,2,135,5,0,2,0,0,0,102,0,42,3,0,1,1,54,male,West Indies tour of Bangladesh,Test,KC Brathwaite,caught,West Indies,Bangladesh,2021-02-11,2021-02-12,6
7d5af2ea,1252073,26,2,167,0,0,1,0,0,0,145,0,35,0,0,0,0,34,male,Sri Lanka tour of West Indies,Test,KC Brathwaite,caught,West Indies,Sri Lanka,2021-03-21,2021-03-22,6
7d5af2ea,1252074,211,2,507,17,0,1,0,0,0,386,0,7,0,0,0,0,15,male,Sri Lanka tour of West Indies,Test,KC Brathwaite,0,West Indies,Sri Lanka,2021-03-29,2021-03-30,6
7d5af2ea,1244228,54,2,87,7,0,2,0,0,0,62,0,0,0,0,0,0,0,male,County Championship,MDM,KC Brathwaite,0,Gloucestershire,Somerset,2021-04-15,2021-04-16,6
7d5af2ea,1244237,81,2,177,7,0,0,0,0,0,132,0,16,0,0,0,0,13,male,County Championship,MDM,KC Brathwaite,0,Gloucestershire,Hampshire,2021-04-22,2021-04-23,6
7d5af2ea,1244246,25,2,47,3,0,0,0,0,0,36,0,0,0,0,0,0,0,male,County Championship,MDM,KC Brathwaite,caught,Gloucestershire,Leicestershire,2021-04-29,2021-04-30,6
7d5af2ea,1244254,54,2,182,5,0,1,0,0,0,150,0,0,0,0,0,0,0,male,County Championship,MDM,KC Brathwaite,lbw,Gloucestershire,Middlesex,2021-05-06,2021-05-07,6
7d5af2ea,1244271,15,1,42,2,0,1,0,0,0,36,0,0,0,0,0,0,0,male,County Championship,MDM,KC Brathwaite,0,Gloucestershire,Somerset,2021-05-20,2021-05-21,6
7d5af2ea,1244278,66,2,145,6,0,2,0,0,0,106,0,0,0,0,0,0,0,male,County Championship,MDM,KC Brathwaite,caught and bowled,Gloucestershire,Surrey,2021-05-27,2021-05-28,6
7d5af2ea,1263149,22,2,58,3,0,0,0,0,0,48,0,0,0,0,0,0,0,male,South Africa tour of West Indies,Test,KC Brathwaite,bowled,West Indies,South Africa,2021-06-10,2021-06-11,6
7d5af2ea,1263150,6,2,18,0,0,0,0,0,0,13,0,24,0,0,0,0,29,male,South Africa tour of West Indies,Test,KC Brathwaite,caught,West Indies,South Africa,2021-06-18,2021-06-19,6
7d5af2ea,1263169,99,2,238,12,0,0,0,0,0,186,0,3,0,0,0,1,15,male,Pakistan tour of West Indies,Test,KC Brathwaite,run out,West Indies,Pakistan,2021-08-12,2021-08-13,6
7d5af2ea,1263170,43,2,165,5,0,0,0,0,0,142,0,29,1,0,0,1,24,male,Pakistan tour of West Indies,Test,KC Brathwaite,0,West Indies,Pakistan,2021-08-20,2021-08-21,6
7d5af2ea,1288345,41,2,129,7,0,1,0,0,0,112,0,16,0,0,0,0,20,male,West Indies tour of Sri Lanka,Test,KC Brathwaite,0,West Indies,Sri Lanka,2021-11-21,2021-11-22,6
7d5af2ea,1288346,78,2,206,10,0,0,0,0,0,160,0,11,1,0,0,0,19,male,West Indies tour of Sri Lanka,Test,KC Brathwaite,bowled,West Indies,Sri Lanka,2021-11-29,2021-11-30,6
7d5af2ea,1256726,88,2,152,10,1,0,0,0,0,113,0,21,0,0,0,1,30,male,England tour of West Indies,Test,KC Brathwaite,lbw,West Indies,England,2022-03-08,2022-03-09,6
7d5af2ea,1256727,216,1,673,21,0,2,0,0,0,555,0,64,1,0,0,0,39,male,England tour of West Indies,Test,KC Brathwaite,0,West Indies,England,2022-03-16,2022-03-17,6
7d5af2ea,1256728,37,1,77,4,0,1,0,0,0,60,0,15,0,0,0,1,24,male,England tour of West Indies,Test,KC Brathwaite,lbw,West Indies,England,2022-03-24,2022-03-25,6
7d5af2ea,1317147,95,2,270,9,0,1,0,0,0,218,0,0,0,0,0,0,0,male,Bangladesh tour of West Indies,Test,KC Brathwaite,lbw,West Indies,Bangladesh,2022-06-16,2022-06-17,6
7d5af2ea,1317148,55,1,113,7,0,1,0,0,0,86,0,0,0,0,0,0,0,male,Bangladesh tour of West Indies,Test,KC Brathwaite,bowled,West Indies,Bangladesh,2022-06-24,2022-06-25,6
7d5af2ea,1317484,174,2,354,18,1,0,0,0,0,263,0,89,2,1,0,0,39,male,West Indies tour of Australia,Test,KC Brathwaite,bowled,West Indies,Australia,2022-11-30,2022-12-01,6
7d5af2ea,1317485,22,2,61,2,0,1,0,0,0,50,0,67,1,0,1,0,32,male,West Indies tour of Australia,Test,KC Brathwaite,0,West Indies,Australia,2022-12-08,2022-12-09,6
7d5af2ea,1350681,207,2,389,21,0,1,0,0,0,272,0,22,1,1,0,1,40,male,West Indies tour of Zimbabwe,Test,KC Brathwaite,lbw,West Indies,Zimbabwe,2023-02-04,2023-02-05,6
7d5af2ea,1350682,7,1,27,1,0,0,0,0,0,24,0,3,0,0,0,0,4,male,West Indies tour of Zimbabwe,Test,KC Brathwaite,0,West Indies,Zimbabwe,2023-02-12,2023-02-13,6
7d5af2ea,1339599,11,2,28,1,0,0,0,0,0,22,0,0,0,0,0,0,0,male,West Indies tour of South Africa,Test,KC Brathwaite,caught,West Indies,South Africa,2023-02-28,2023-03-01,6
7d5af2ea,1339600,35,2,80,7,0,0,0,0,0,69,0,0,0,0,0,0,0,male,West Indies tour of South Africa,Test,KC Brathwaite,0,West Indies,South Africa,2023-03-08,2023-03-09,6
7d5af2ea,1381212,27,2,93,3,0,0,0,0,0,79,0,23,0,0,0,0,36,male,India tour of West Indies,Test,KC Brathwaite,0,West Indies,India,2023-07-12,2023-07-13,6
7d5af2ea,1381213,103,2,287,10,1,0,0,0,0,236,0,1,0,0,0,1,11,male,India tour of West Indies,Test,KC Brathwaite,bowled,West Indies,India,2023-07-20,2023-07-21,6
7d5af2ea,1347260,25,2,47,4,0,0,0,0,0,37,0,0,0,0,0,0,0,male,County Championship,MDM,KC Brathwaite,0,Warwickshire,Surrey,2023-09-03,2023-09-04,6
7d5af2ea,1347264,17,2,53,3,0,0,0,0,0,47,0,0,0,0,0,0,0,male,County Championship,MDM,KC Brathwaite,bowled,Warwickshire,Northamptonshire,2023-09-10,2023-09-11,6
7d5af2ea,1347267,3,1,18,0,0,0,0,0,0,15,0,0,0,0,0,0,0,male,County Championship,MDM,KC Brathwaite,0,Warwickshire,Middlesex,2023-09-19,2023-09-20,6
7d5af2ea,1347271,0,1,3,0,0,0,0,0,0,3,0,0,0,0,0,0,0,male,County Championship,MDM,KC Brathwaite,bowled,Warwickshire,Somerset,2023-09-26,2023-09-27,6
7d5af2ea,1375845,14,2,56,2,0,0,0,0,0,50,0,0,0,0,0,0,0,male,West Indies tour of Australia,Test,KC Brathwaite,0,West Indies,Australia,2024-01-17,2024-01-18,6
7d5af2ea,1375846,20,2,79,2,0,1,0,0,0,66,0,0,0,0,0,0,0,male,West Indies tour of Australia,Test,KC Brathwaite,caught,West Indies,Australia,2024-01-25,2024-01-26,6
7d5af2ea,1385691,10,2,59,1,0,0,0,0,0,54,0,7,0,0,0,0,8,male,West Indies tour of England,Test,KC Brathwaite,0,West Indies,England,2024-07-10,2024-07-11,6
7d5af2ea,1385692,95,2,122,16,0,0,0,0,0,84,0,8,0,0,0,0,4,male,West Indies tour of England,Test,KC Brathwaite,caught,West Indies,England,2024-07-18,2024-07-19,6
7d5af2ea,1385693,61,2,93,8,0,2,0,0,0,66,0,6,0,0,0,0,1,male,West Indies tour of England,Test,KC Brathwaite,caught,West Indies,England,2024-07-26,2024-07-27,6
7d5af2ea,1433365,35,2,134,2,1,0,0,0,0,115,0,13,0,0,0,0,21,male,South Africa tour of West Indies,Test,KC Brathwaite,caught,West Indies,South Africa,2024-08-07,2024-08-08,6
7d5af2ea,1433366,28,2,74,3,0,0,0,0,0,61,0,0,0,0,0,0,0,male,South Africa tour of West Indies,Test,KC Brathwaite,0,West Indies,South Africa,2024-08-15,2024-08-16,6
