player_id,match_id,runs_scored,player_out,balls_faced,fours_scored,sixes_scored,catches_taken,run_out_direct,run_out_throw,stumpings_done,dot_balls_as_batsman,order_seenballs_bowled,runs_conceded,wickets_taken,bowled_done,lbw_done,maidens,dot_balls_as_bowler,gender,series_name,match_type,name,out_kind,player_team,opposition_team,start_date,end_date,balls_per_over
75224f22,1094673,6,1,7,0,0,0,0,0,0,3,0,6,0,0,0,0,4,male,Caribbean Premier League,T20,KMA Paul,caught,Guyana Amazon Warriors,St Kitts and Nevis Patriots,2017-08-05,,6
75224f22,1094675,4,1,7,0,0,0,0,0,0,4,0,19,0,0,0,0,11,male,Caribbean Premier League,T20,KMA Paul,0,Guyana Amazon Warriors,St Kitts and Nevis Patriots,2017-08-06,,6
75224f22,1094680,14,0,7,0,1,0,0,0,0,1,0,0,0,0,0,0,0,male,Caribbean Premier League,T20,KMA Paul,0,Guyana Amazon Warriors,Trinbago Knight Riders,2017-08-11,,6
75224f22,1094683,0,0,0,0,0,0,0,0,0,0,0,21,0,0,0,0,1,male,Caribbean Premier League,T20,KMA Paul,0,Guyana Amazon Warriors,St Lucia Stars,2017-08-13,,6
75224f22,1094690,0,1,1,0,0,0,0,0,0,1,0,20,0,0,0,0,4,male,Caribbean Premier League,T20,KMA Paul,caught,Guyana Amazon Warriors,Barbados Tridents,2017-08-20,,6
75224f22,1094692,0,0,0,0,0,0,0,0,0,0,0,0,0,0,0,0,0,male,Caribbean Premier League,T20,KMA Paul,0,Guyana Amazon Warriors,St Lucia Stars,2017-08-22,,6
75224f22,1094696,0,0,1,0,0,1,0,0,0,1,0,6,1,0,0,0,3,male,Caribbean Premier League,T20,KMA Paul,0,Guyana Amazon Warriors,Barbados Tridents,2017-08-29,,6
75224f22,1133018,16,0,18,0,1,1,0,0,0,8,0,29,2,0,1,1,41,male,ICC Cricket World Cup Qualifier (ICC Trophy),ODI,KMA Paul,0,West Indies,Afghanistan,2018-03-15,,6
75224f22,1133026,0,0,0,0,0,1,0,0,0,0,0,56,2,0,0,0,42,male,ICC Cricket World Cup Qualifier (ICC Trophy),ODI,KMA Paul,0,West Indies,Zimbabwe,2018-03-19,,6
75224f22,1133028,5,1,11,1,0,0,0,0,0,9,0,12,0,0,0,0,25,male,ICC Cricket World Cup Qualifier (ICC Trophy),ODI,KMA Paul,0,West Indies,Scotland,2018-03-21,,6
75224f22,1133031,0,1,2,0,0,0,0,0,0,2,0,29,1,0,0,0,29,male,ICC Cricket World Cup Qualifier (ICC Trophy),ODI,KMA Paul,0,West Indies,Afghanistan,2018-03-25,,6
75224f22,1140069,10,0,13,1,0,0,0,0,0,7,0,27,1,1,0,0,12,male,West Indies tour of Pakistan,T20,KMA Paul,0,West Indies,Pakistan,2018-04-01,,6
75224f22,1140070,17,1,10,3,0,0,0,0,0,3,0,34,0,0,0,0,11,male,West Indies tour of Pakistan,T20,KMA Paul,caught,West Indies,Pakistan,2018-04-02,,6
75224f22,1140071,1,0,1,0,0,0,0,0,0,0,0,37,0,0,0,0,5,male,West Indies tour of Pakistan,T20,KMA Paul,0,West Indies,Pakistan,2018-04-03,,6
75224f22,1141232,0,0,0,0,0,0,0,0,0,0,0,24,1,0,0,0,3,male,ICC World XI tour of England,T20,KMA Paul,0,West Indies,ICC World XI,2018-05-31,,6
75224f22,1146718,13,2,36,1,1,0,0,0,0,31,0,60,3,1,1,2,76,male,Bangladesh tour of West Indies and United States of America,Test,KMA Paul,caught,West Indies,Bangladesh,2018-07-12,2018-07-13,6
75224f22,1146721,4,1,4,1,0,2,0,0,0,3,0,43,1,0,0,0,16,male,Bangladesh tour of West Indies and United States of America,ODI,KMA Paul,0,West Indies,Bangladesh,2018-07-25,,6
75224f22,1146722,0,0,0,0,0,1,0,0,0,0,0,77,0,0,0,0,15,male,Bangladesh tour of West Indies and United States of America,ODI,KMA Paul,0,West Indies,Bangladesh,2018-07-28,,6
75224f22,1146723,0,0,0,0,0,0,0,0,0,0,0,24,2,0,0,0,17,male,Bangladesh tour of West Indies and United States of America,T20,KMA Paul,0,West Indies,Bangladesh,2018-07-31,,6
75224f22,1146724,2,1,5,0,0,1,0,0,0,3,0,39,2,0,0,0,8,male,Bangladesh tour of West Indies and United States of America,T20,KMA Paul,bowled,West Indies,Bangladesh,2018-08-04,,6
75224f22,1146725,0,0,0,0,0,0,0,0,0,0,0,27,2,0,0,0,8,male,Bangladesh tour of West Indies and United States of America,T20,KMA Paul,0,West Indies,Bangladesh,2018-08-05,,6
75224f22,1148648,0,0,0,0,0,0,0,0,0,0,0,16,2,0,1,0,13,male,Caribbean Premier League,T20,KMA Paul,0,Guyana Amazon Warriors,St Kitts and Nevis Patriots,2018-08-09,,6
75224f22,1148650,0,0,0,0,0,0,0,0,0,0,0,42,1,1,0,0,7,male,Caribbean Premier League,T20,KMA Paul,0,Guyana Amazon Warriors,St Lucia Stars,2018-08-11,,6
75224f22,1148652,2,0,5,0,0,0,0,0,0,3,0,49,1,0,0,0,4,male,Caribbean Premier League,T20,KMA Paul,0,Guyana Amazon Warriors,Barbados Tridents,2018-08-12,,6
75224f22,1148657,2,1,3,0,0,0,0,0,0,1,0,22,1,0,0,0,6,male,Caribbean Premier League,T20,KMA Paul,caught,Guyana Amazon Warriors,Jamaica Tallawahs,2018-08-18,,6
75224f22,1148665,0,0,0,0,0,0,0,0,0,0,0,7,1,0,0,0,11,male,Caribbean Premier League,T20,KMA Paul,0,Guyana Amazon Warriors,St Kitts and Nevis Patriots,2018-08-28,,6
75224f22,1148675,0,0,0,0,0,0,0,0,0,0,0,32,0,0,0,0,7,male,Caribbean Premier League,T20,KMA Paul,0,Guyana Amazon Warriors,Jamaica Tallawahs,2018-09-08,,6
75224f22,1157752,62,2,64,9,3,1,0,0,0,46,0,61,0,0,0,1,67,male,West Indies tour of India,Test,KMA Paul,caught,West Indies,India,2018-10-04,2018-10-05,6
75224f22,1157757,19,1,18,1,2,0,0,0,0,12,0,92,1,0,0,0,27,male,West Indies tour of India,ODI,KMA Paul,stumped,West Indies,India,2018-10-29,,6
75224f22,1157758,5,1,20,0,0,0,0,0,0,15,0,22,0,0,0,0,4,male,West Indies tour of India,ODI,KMA Paul,0,West Indies,India,2018-11-01,,6
75224f22,1157759,15,0,13,2,0,0,0,0,0,5,0,30,0,0,0,0,9,male,West Indies tour of India,T20,KMA Paul,0,West Indies,India,2018-11-04,,6
75224f22,1157760,20,1,21,0,2,0,0,0,0,12,0,30,0,0,0,0,8,male,West Indies tour of India,T20,KMA Paul,0,West Indies,India,2018-11-06,,6
75224f22,1157761,0,0,0,0,0,0,0,0,0,0,0,33,2,1,0,0,8,male,West Indies tour of India,T20,KMA Paul,0,West Indies,India,2018-11-11,,6
75224f22,1153314,36,1,28,1,2,0,0,0,0,7,0,39,1,1,0,0,31,male,West Indies tour of Bangladesh,ODI,KMA Paul,0,West Indies,Bangladesh,2018-12-09,,6
75224f22,1153315,18,0,31,0,0,0,0,0,0,16,0,68,1,0,0,0,24,male,West Indies tour of Bangladesh,ODI,KMA Paul,0,West Indies,Bangladesh,2018-12-11,,6
75224f22,1153316,12,1,22,0,0,0,0,0,0,12,0,38,2,1,0,0,26,male,West Indies tour of Bangladesh,ODI,KMA Paul,0,West Indies,Bangladesh,2018-12-14,,6
75224f22,1153317,28,0,14,1,3,0,0,0,0,4,0,24,2,1,0,0,15,male,West Indies tour of Bangladesh,T20,KMA Paul,0,West Indies,Bangladesh,2018-12-17,,6
75224f22,1153318,29,1,17,1,2,0,0,0,0,5,0,54,0,0,0,0,5,male,West Indies tour of Bangladesh,T20,KMA Paul,0,West Indies,Bangladesh,2018-12-20,,6
75224f22,1153319,2,1,3,0,0,0,0,0,0,2,0,15,5,0,0,0,18,male,West Indies tour of Bangladesh,T20,KMA Paul,0,West Indies,Bangladesh,2018-12-22,,6
75224f22,1158064,21,2,19,5,0,1,0,0,0,13,0,71,3,0,1,8,137,male,England tour of West Indies,Test,KMA Paul,caught and bowled,West Indies,England,2019-02-09,2019-02-10,6
75224f22,1175358,3,1,6,0,0,0,0,0,0,4,0,21,1,0,0,0,10,male,Indian Premier League,T20,KMA Paul,0,Delhi Capitals,Mumbai Indians,2019-03-24,,6
75224f22,1175360,0,1,4,0,0,0,0,0,0,4,0,20,0,0,0,0,8,male,Indian Premier League,T20,KMA Paul,bowled,Delhi Capitals,Chennai Super Kings,2019-03-26,,6
75224f22,1178401,0,0,0,0,0,0,0,0,0,0,0,46,2,0,0,0,3,male,Indian Premier League,T20,KMA Paul,0,Delhi Capitals,Kolkata Knight Riders,2019-04-12,,6
75224f22,1178405,7,1,4,0,1,2,0,0,0,2,0,17,3,0,0,0,11,male,Indian Premier League,T20,KMA Paul,lbw,Delhi Capitals,Sunrisers Hyderabad,2019-04-14,,6
75224f22,1178409,0,0,0,0,0,0,0,0,0,0,0,37,0,0,0,0,4,male,Indian Premier League,T20,KMA Paul,0,Delhi Capitals,Mumbai Indians,2019-04-18,,6
75224f22,1178428,0,0,0,0,0,0,0,0,0,0,0,15,0,0,0,0,9,male,Indian Premier League,T20,KMA Paul,0,Delhi Capitals,Rajasthan Royals,2019-05-04,,6
75224f22,1181766,5,0,4,1,0,1,0,0,0,2,0,33,3,0,0,0,15,male,Indian Premier League,T20,KMA Paul,0,Delhi Capitals,Sunrisers Hyderabad,2019-05-08,,6
75224f22,1181767,3,1,8,0,0,2,0,0,0,5,0,50,0,0,0,0,7,male,Indian Premier League,T20,KMA Paul,0,Delhi Capitals,Chennai Super Kings,2019-05-10,,6
75224f22,1188621,3,1,12,0,0,0,0,0,0,9,0,23,2,2,0,0,8,male,India tour of United States of America and West Indies,T20,KMA Paul,0,West Indies,India,2019-08-03,,6
75224f22,1188622,0,0,0,0,0,0,0,0,0,0,0,46,1,1,0,0,5,male,India tour of United States of America and West Indies,T20,KMA Paul,0,West Indies,India,2019-08-04,,6
75224f22,1188623,0,0,0,0,0,0,0,0,0,0,0,23,0,0,0,0,2,male,India tour of United States of America and West Indies,T20,KMA Paul,0,West Indies,India,2019-08-06,,6
75224f22,1188626,0,0,0,0,0,2,0,0,0,0,0,41,0,0,0,0,14,male,India tour of United States of America and West Indies,ODI,KMA Paul,0,West Indies,India,2019-08-14,,6
75224f22,1185838,38,1,22,3,3,1,0,0,0,8,0,40,0,0,0,0,8,male,Caribbean Premier League,T20,KMA Paul,caught,Guyana Amazon Warriors,St Lucia Zouks,2019-09-05,,6
75224f22,1185840,0,0,0,0,0,1,0,0,0,0,0,44,1,0,0,0,8,male,Caribbean Premier League,T20,KMA Paul,0,Guyana Amazon Warriors,St Kitts and Nevis Patriots,2019-09-07,,6
75224f22,1185842,0,0,0,0,0,1,0,0,0,0,0,12,1,1,0,0,6,male,Caribbean Premier League,T20,KMA Paul,0,Guyana Amazon Warriors,Barbados Tridents,2019-09-08,,6
75224f22,1185847,0,0,0,0,0,1,0,0,0,0,0,24,2,0,0,0,11,male,Caribbean Premier League,T20,KMA Paul,0,Guyana Amazon Warriors,St Kitts and Nevis Patriots,2019-09-14,,6
75224f22,1185851,5,1,5,1,0,0,0,0,0,3,0,34,3,0,0,0,8,male,Caribbean Premier League,T20,KMA Paul,0,Guyana Amazon Warriors,Jamaica Tallawahs,2019-09-18,,6
75224f22,1185855,0,0,0,0,0,0,0,0,0,0,0,46,1,0,0,0,3,male,Caribbean Premier League,T20,KMA Paul,0,Guyana Amazon Warriors,Barbados Tridents,2019-09-22,,6
75224f22,1185863,12,0,8,1,0,1,0,0,0,1,0,39,0,0,0,0,6,male,Caribbean Premier League,T20,KMA Paul,0,Guyana Amazon Warriors,Trinbago Knight Riders,2019-09-30,,6
75224f22,1185865,18,0,21,0,1,0,0,0,0,9,0,3,2,0,0,0,4,male,Caribbean Premier League,T20,KMA Paul,0,Guyana Amazon Warriors,Jamaica Tallawahs,2019-10-03,,6
75224f22,1185866,0,0,0,0,0,0,0,0,0,0,0,8,0,0,0,0,1,male,Caribbean Premier League,T20,KMA Paul,0,Guyana Amazon Warriors,Trinbago Knight Riders,2019-10-04,,6
75224f22,1185867,0,0,0,0,0,0,0,0,0,0,0,27,0,0,0,0,1,male,Caribbean Premier League,T20,KMA Paul,0,Guyana Amazon Warriors,Barbados Tridents,2019-10-06,,6
75224f22,1185870,25,1,15,0,2,0,0,0,0,4,0,30,1,0,0,0,9,male,Caribbean Premier League,T20,KMA Paul,caught,Guyana Amazon Warriors,Barbados Tridents,2019-10-12,,6
75224f22,1193499,0,0,0,0,0,0,0,0,0,0,0,44,3,1,0,2,40,male,Afghanistan tour of India,ODI,KMA Paul,0,West Indies,Afghanistan,2019-11-11,,6
75224f22,1193495,11,1,9,0,1,0,0,0,0,3,0,28,2,0,0,0,10,male,Afghanistan tour of India,T20,KMA Paul,bowled,West Indies,Afghanistan,2019-11-16,,6
75224f22,1193496,4,0,9,0,0,1,0,0,0,5,0,26,2,0,0,0,4,male,Afghanistan tour of India,T20,KMA Paul,0,West Indies,Afghanistan,2019-11-17,,6
75224f22,1187021,0,0,0,0,0,0,0,0,0,0,0,41,2,0,0,0,20,male,West Indies tour of India,ODI,KMA Paul,0,West Indies,India,2019-12-15,,6
75224f22,1187022,46,1,44,4,3,0,0,0,0,26,0,58,1,0,0,0,13,male,West Indies tour of India,ODI,KMA Paul,bowled,West Indies,India,2019-12-18,,6
75224f22,1187023,0,0,0,0,0,0,0,0,0,0,0,61,3,2,0,0,29,male,West Indies tour of India,ODI,KMA Paul,0,West Indies,India,2019-12-22,,6
75224f22,1203673,0,0,0,0,0,1,0,0,0,0,0,34,1,0,0,1,34,male,Ireland tour of West Indies,ODI,KMA Paul,0,West Indies,Ireland,2020-01-07,,6
75224f22,1213871,32,0,18,4,1,1,0,0,0,6,0,51,2,0,0,0,25,male,West Indies tour of Sri Lanka,ODI,KMA Paul,0,West Indies,Sri Lanka,2020-02-22,,6
75224f22,1213872,21,1,27,3,0,1,0,0,0,18,0,62,0,0,0,0,8,male,West Indies tour of Sri Lanka,ODI,KMA Paul,bowled,West Indies,Sri Lanka,2020-02-26,,6
75224f22,1227865,15,0,10,1,0,1,0,0,0,0,0,21,1,0,0,0,13,male,Caribbean Premier League,T20,KMA Paul,0,Guyana Amazon Warriors,Trinbago Knight Riders,2020-08-18,,6
75224f22,1227868,0,1,1,0,0,0,0,0,0,1,0,21,4,0,0,0,14,male,Caribbean Premier League,T20,KMA Paul,0,Guyana Amazon Warriors,St Kitts and Nevis Patriots,2020-08-19,,6
75224f22,1227872,3,1,10,0,0,1,0,0,0,8,0,33,1,1,0,0,17,male,Caribbean Premier League,T20,KMA Paul,0,Guyana Amazon Warriors,Jamaica Tallawahs,2020-08-22,,6
75224f22,1227874,20,1,19,1,1,0,0,0,0,9,0,31,0,0,0,0,10,male,Caribbean Premier League,T20,KMA Paul,0,Guyana Amazon Warriors,St Lucia Zouks,2020-08-23,,6
75224f22,1227876,9,1,22,0,0,1,0,0,0,13,0,18,1,0,0,0,12,male,Caribbean Premier League,T20,KMA Paul,lbw,Guyana Amazon Warriors,Jamaica Tallawahs,2020-08-25,,6
75224f22,1227880,28,0,26,0,2,0,0,0,0,10,0,24,0,0,0,0,8,male,Caribbean Premier League,T20,KMA Paul,0,Guyana Amazon Warriors,Trinbago Knight Riders,2020-08-27,,6
75224f22,1227884,0,0,0,0,0,0,0,0,0,0,0,28,0,0,0,0,3,male,Caribbean Premier League,T20,KMA Paul,0,Guyana Amazon Warriors,St Kitts and Nevis Patriots,2020-08-30,,6
75224f22,1227886,0,0,0,0,0,0,0,0,0,0,0,19,0,0,0,0,7,male,Caribbean Premier League,T20,KMA Paul,0,Guyana Amazon Warriors,Barbados Tridents,2020-09-01,,6
75224f22,1227888,0,0,0,0,0,0,0,0,0,0,0,25,2,0,1,0,14,male,Caribbean Premier League,T20,KMA Paul,0,Guyana Amazon Warriors,St Lucia Zouks,2020-09-02,,6
75224f22,1227896,2,1,5,0,0,0,0,0,0,3,0,0,0,0,0,0,0,male,Caribbean Premier League,T20,KMA Paul,caught,Guyana Amazon Warriors,St Lucia Zouks,2020-09-08,,6
75224f22,1233954,0,1,3,0,0,0,0,0,0,3,0,39,0,0,0,0,9,male,West Indies tour of New Zealand,T20,KMA Paul,0,West Indies,New Zealand,2020-11-27,,6
75224f22,1233955,26,0,18,0,3,0,0,0,0,8,0,64,0,0,0,0,7,male,West Indies tour of New Zealand,T20,KMA Paul,0,West Indies,New Zealand,2020-11-29,,6
75224f22,1226830,0,0,0,0,0,0,0,0,0,0,0,28,0,0,0,0,3,male,Big Bash League,T20,KMA Paul,0,Hobart Hurricanes,Melbourne Renegades,2020-12-19,,6
75224f22,1226875,8,1,9,1,0,0,0,0,0,4,0,41,1,0,0,0,4,male,Big Bash League,T20,KMA Paul,0,Hobart Hurricanes,Brisbane Heat,2020-12-30,,6
75224f22,1269702,0,1,1,0,0,1,0,0,0,1,0,41,0,0,0,0,9,male,Caribbean Premier League,T20,KMA Paul,run out,St Lucia Kings,Jamaica Tallawahs,2021-08-27,,6
75224f22,1269706,12,0,9,1,1,0,0,0,0,5,0,39,1,0,0,0,7,male,Caribbean Premier League,T20,KMA Paul,0,St Lucia Kings,Trinbago Knight Riders,2021-08-29,,6
75224f22,1269708,0,1,3,0,0,0,0,0,0,3,0,24,0,0,0,0,5,male,Caribbean Premier League,T20,KMA Paul,0,St Lucia Kings,Trinbago Knight Riders,2021-08-31,,6
75224f22,1269714,0,0,0,0,0,0,0,0,0,0,0,24,3,0,0,0,10,male,Caribbean Premier League,T20,KMA Paul,0,St Lucia Kings,St Kitts and Nevis Patriots,2021-09-04,,6
75224f22,1269716,0,0,0,0,0,0,0,0,0,0,0,3,1,0,0,0,2,male,Caribbean Premier League,T20,KMA Paul,0,St Lucia Kings,St Kitts and Nevis Patriots,2021-09-05,,6
75224f22,1269721,1,1,3,0,0,1,0,0,0,2,0,0,0,0,0,0,0,male,Caribbean Premier League,T20,KMA Paul,bowled,St Lucia Kings,Guyana Amazon Warriors,2021-09-08,,6
75224f22,1269724,22,0,11,0,2,1,0,0,0,2,0,0,0,0,0,0,0,male,Caribbean Premier League,T20,KMA Paul,0,St Lucia Kings,Barbados Royals,2021-09-11,,6
75224f22,1269727,10,1,5,0,1,0,1,0,0,1,0,0,0,0,0,0,0,male,Caribbean Premier League,T20,KMA Paul,bowled,St Lucia Kings,Barbados Royals,2021-09-12,,6
75224f22,1269730,0,0,0,0,0,0,0,0,0,0,0,22,2,0,0,1,5,male,Caribbean Premier League,T20,KMA Paul,0,St Lucia Kings,Trinbago Knight Riders,2021-09-14,,6
75224f22,1269732,39,1,24,0,5,2,0,0,0,12,0,0,0,0,0,0,0,male,Caribbean Premier League,T20,KMA Paul,caught,St Lucia Kings,St Kitts and Nevis Patriots,2021-09-15,,6
75224f22,1291200,11,1,6,1,1,1,0,0,0,3,0,48,1,0,0,0,5,male,Lanka Premier League,T20,KMA Paul,caught,Colombo Stars,Dambulla Giants,2021-12-08,,6
75224f22,1291203,1,1,3,0,0,0,0,0,0,2,0,41,0,0,0,0,4,male,Lanka Premier League,T20,KMA Paul,caught,Colombo Stars,Jaffna Kings,2021-12-10,,6
75224f22,1291211,9,1,5,0,1,0,0,0,0,2,0,0,0,0,0,0,0,male,Lanka Premier League,T20,KMA Paul,caught,Colombo Stars,Jaffna Kings,2021-12-16,,6
75224f22,1291214,1,1,4,0,0,0,0,0,0,3,0,0,0,0,0,0,0,male,Lanka Premier League,T20,KMA Paul,0,Colombo Stars,Kandy Warriors,2021-12-17,,6
75224f22,1315040,21,1,12,2,1,0,0,0,0,5,0,58,2,1,0,0,33,male,West Indies tour of Pakistan,ODI,KMA Paul,0,West Indies,Pakistan,2022-06-12,,6
75224f22,1317150,0,0,0,0,0,0,0,0,0,0,0,9,0,0,0,0,3,male,Bangladesh tour of West Indies,T20,KMA Paul,0,West Indies,Bangladesh,2022-07-03,,6
75224f22,1317153,25,1,24,4,0,0,0,0,0,12,0,16,0,0,0,0,5,male,Bangladesh tour of West Indies,ODI,KMA Paul,run out,West Indies,Bangladesh,2022-07-13,,6
75224f22,1317154,6,1,10,1,0,0,0,0,0,8,0,0,0,0,0,0,0,male,Bangladesh tour of West Indies,ODI,KMA Paul,stumped,West Indies,Bangladesh,2022-07-16,,6
75224f22,1317902,0,1,4,0,0,1,0,0,0,4,0,24,0,0,0,0,19,male,India tour of West Indies,ODI,KMA Paul,caught,West Indies,India,2022-07-27,,6
75224f22,1317903,19,0,23,2,0,1,0,0,0,10,0,24,1,0,0,0,5,male,India tour of West Indies,T20,KMA Paul,0,West Indies,India,2022-07-29,,6
75224f22,1317907,0,1,2,0,0,0,0,0,0,2,0,24,0,0,0,0,4,male,West Indies v India T20I Series,T20,KMA Paul,0,West Indies,India,2022-08-07,,6
75224f22,1323147,4,0,1,1,0,1,0,0,0,0,0,0,0,0,0,0,0,male,Caribbean Premier League,T20,KMA Paul,0,Guyana Amazon Warriors,Jamaica Tallawahs,2022-09-03,,6
75224f22,1323153,1,0,1,0,0,0,0,0,0,0,0,23,0,0,0,0,7,male,Caribbean Premier League,T20,KMA Paul,0,Guyana Amazon Warriors,St Kitts and Nevis Patriots,2022-09-08,,6
75224f22,1323156,21,0,10,1,2,0,0,0,0,2,0,28,2,0,0,0,11,male,Caribbean Premier League,T20,KMA Paul,0,Guyana Amazon Warriors,St Lucia Kings,2022-09-10,,6
75224f22,1323161,0,1,1,0,0,0,0,0,0,1,0,24,0,0,0,0,14,male,Caribbean Premier League,T20,KMA Paul,bowled,Guyana Amazon Warriors,Trinbago Knight Riders,2022-09-14,,6
75224f22,1323165,6,1,9,0,1,2,0,0,0,8,0,27,0,0,0,0,5,male,Caribbean Premier League,T20,KMA Paul,0,Guyana Amazon Warriors,Barbados Royals,2022-09-18,,6
75224f22,1323168,24,0,15,2,2,2,0,0,0,8,0,17,0,0,0,0,4,male,Caribbean Premier League,T20,KMA Paul,0,Guyana Amazon Warriors,Jamaica Tallawahs,2022-09-21,,6
75224f22,1323170,0,0,0,0,0,0,0,0,0,0,0,14,0,0,0,0,0,male,Caribbean Premier League,T20,KMA Paul,0,Guyana Amazon Warriors,St Lucia Kings,2022-09-22,,6
75224f22,1323171,0,0,0,0,0,1,0,0,0,0,0,0,0,0,0,0,0,male,Caribbean Premier League,T20,KMA Paul,0,Guyana Amazon Warriors,Trinbago Knight Riders,2022-09-24,,6
75224f22,1323173,12,0,12,1,1,3,0,0,0,8,0,9,2,1,0,0,7,male,Caribbean Premier League,T20,KMA Paul,0,Guyana Amazon Warriors,Barbados Royals,2022-09-25,,6
75224f22,1323174,13,1,11,1,1,0,0,0,0,6,0,23,0,0,0,0,6,male,Caribbean Premier League,T20,KMA Paul,0,Guyana Amazon Warriors,Barbados Royals,2022-09-27,,6
75224f22,1323176,56,1,40,7,1,0,0,0,0,14,0,0,0,0,0,0,0,male,Caribbean Premier League,T20,KMA Paul,bowled,Guyana Amazon Warriors,Jamaica Tallawahs,2022-09-28,,6
75224f22,1324520,22,1,15,1,2,0,0,0,0,6,0,27,0,0,0,0,3,male,Lanka Premier League,T20,KMA Paul,bowled,Colombo Stars,Kandy Falcons,2022-12-06,,6
75224f22,1343942,1,0,1,0,0,0,0,0,0,0,0,28,0,0,0,0,6,male,SA20,T20,KMA Paul,0,Durban's Super Giants,Joburg Super Kings,2023-01-11,,6
75224f22,1343945,20,0,8,0,3,1,0,0,0,3,0,0,0,0,0,0,0,male,SA20,T20,KMA Paul,0,Durban's Super Giants,MI Cape Town,2023-01-13,,6
75224f22,1343948,7,1,9,0,0,0,0,0,0,3,0,0,0,0,0,0,0,male,SA20,T20,KMA Paul,0,Durban's Super Giants,Paarl Royals,2023-01-15,,6
75224f22,1343959,7,1,4,0,1,0,0,0,0,2,0,0,0,0,0,0,0,male,SA20,T20,KMA Paul,caught,Durban's Super Giants,Sunrisers Eastern Cape,2023-01-22,,6
75224f22,1343962,8,1,7,0,1,0,0,0,0,4,0,0,0,0,0,0,0,male,SA20,T20,KMA Paul,caught,Durban's Super Giants,Joburg Super Kings,2023-01-24,,6
75224f22,1343963,31,1,19,4,1,1,0,0,0,6,0,0,0,0,0,0,0,male,SA20,T20,KMA Paul,0,Durban's Super Giants,MI Cape Town,2023-02-02,,6
75224f22,1343965,0,0,0,0,0,0,0,0,0,0,0,11,0,0,0,0,2,male,SA20,T20,KMA Paul,0,Durban's Super Giants,Sunrisers Eastern Cape,2023-02-03,,6
75224f22,1343968,0,0,0,0,0,1,0,0,0,0,0,4,1,0,0,0,4,male,SA20,T20,KMA Paul,0,Durban's Super Giants,Pretoria Capitals,2023-02-05,,6
75224f22,1377005,0,0,0,0,0,0,0,0,0,0,0,35,3,2,0,1,29,male,West Indies tour of United Arab Emirates,ODI,KMA Paul,0,West Indies,United Arab Emirates,2023-06-04,,6
75224f22,1377007,2,0,4,0,0,0,0,0,0,3,0,26,1,0,0,0,22,male,West Indies tour of United Arab Emirates,ODI,KMA Paul,0,West Indies,United Arab Emirates,2023-06-09,,6
75224f22,1377747,4,1,6,0,0,2,0,1,0,2,0,23,0,0,0,0,23,male,ICC Cricket World Cup Qualifier,ODI,KMA Paul,caught,West Indies,United States of America,2023-06-18,,6
75224f22,1377754,1,1,2,0,0,0,0,0,0,1,0,63,2,0,0,1,42,male,ICC Cricket World Cup Qualifier,ODI,KMA Paul,bowled,West Indies,Nepal,2023-06-22,,6
75224f22,1377758,1,1,6,0,0,1,0,0,0,5,0,66,3,0,1,0,36,male,ICC Cricket World Cup Qualifier,ODI,KMA Paul,0,West Indies,Zimbabwe,2023-06-24,,6
75224f22,1377763,46,0,25,4,2,1,0,0,0,6,0,47,0,0,0,0,14,male,ICC Cricket World Cup Qualifier,ODI,KMA Paul,0,West Indies,Netherlands,2023-06-26,,6
75224f22,1377775,0,0,0,0,0,0,0,0,0,0,0,13,0,0,0,0,15,male,ICC Cricket World Cup Qualifier,ODI,KMA Paul,0,West Indies,Oman,2023-07-05,,6
75224f22,1369561,0,0,0,0,0,0,0,0,0,0,0,0,0,0,0,0,0,male,Caribbean Premier League,T20,KMA Paul,0,Guyana Amazon Warriors,St Lucia Kings,2023-08-19,,6
75224f22,1369565,25,1,20,2,1,1,0,0,0,7,0,25,1,0,0,0,4,male,Caribbean Premier League,T20,KMA Paul,caught,Guyana Amazon Warriors,St Kitts and Nevis Patriots,2023-08-24,,6
75224f22,1369568,56,1,34,1,7,1,0,0,0,18,0,4,0,0,0,0,0,male,Caribbean Premier League,T20,KMA Paul,0,Guyana Amazon Warriors,Jamaica Tallawahs,2023-08-27,,6
75224f22,1369572,41,0,32,1,3,0,0,1,0,12,0,6,0,0,0,0,3,male,Caribbean Premier League,T20,KMA Paul,0,Guyana Amazon Warriors,St Kitts and Nevis Patriots,2023-09-02,,6
75224f22,1369576,0,0,0,0,0,1,0,0,0,0,0,17,1,0,0,0,4,male,Caribbean Premier League,T20,KMA Paul,0,Guyana Amazon Warriors,Trinbago Knight Riders,2023-09-05,,6
75224f22,1369580,23,1,11,1,2,2,0,0,0,3,0,2,1,1,0,0,4,male,Caribbean Premier League,T20,KMA Paul,0,Guyana Amazon Warriors,Barbados Royals,2023-09-10,,6
75224f22,1369582,0,0,0,0,0,1,0,0,0,0,0,19,0,0,0,0,5,male,Caribbean Premier League,T20,KMA Paul,0,Guyana Amazon Warriors,Jamaica Tallawahs,2023-09-13,,6
75224f22,1369583,19,1,13,1,2,0,0,0,0,8,0,39,1,0,0,0,10,male,Caribbean Premier League,T20,KMA Paul,0,Guyana Amazon Warriors,St Lucia Kings,2023-09-14,,6
75224f22,1369585,0,0,0,0,0,0,0,0,0,0,0,11,1,0,0,0,2,male,Caribbean Premier League,T20,KMA Paul,0,Guyana Amazon Warriors,Trinbago Knight Riders,2023-09-16,,6
75224f22,1369591,11,1,13,2,0,0,0,0,0,9,0,0,0,0,0,0,0,male,Caribbean Premier League,T20,KMA Paul,0,Guyana Amazon Warriors,Trinbago Knight Riders,2023-09-24,,6
75224f22,1392653,15,1,14,2,0,1,0,0,0,6,0,32,2,1,0,0,11,male,SA20,T20,KMA Paul,caught,Durban's Super Giants,MI Cape Town,2024-01-11,,6
75224f22,1392656,0,0,0,0,0,0,0,0,0,0,0,23,0,0,0,0,3,male,SA20,T20,KMA Paul,0,Durban's Super Giants,Sunrisers Eastern Cape,2024-01-13,,6
75224f22,1392658,17,1,22,1,1,1,0,0,0,14,0,0,0,0,0,0,0,male,SA20,T20,KMA Paul,caught,Durban's Super Giants,Joburg Super Kings,2024-01-15,,6
75224f22,1392661,18,1,15,0,2,1,0,0,0,7,0,29,1,0,0,0,3,male,SA20,T20,KMA Paul,0,Durban's Super Giants,Pretoria Capitals,2024-01-18,,6
75224f22,1392675,0,1,2,0,0,0,0,0,0,2,0,45,0,0,0,0,5,male,SA20,T20,KMA Paul,0,Durban's Super Giants,Pretoria Capitals,2024-01-30,,6
75224f22,1392680,7,0,9,1,0,0,0,0,0,5,0,22,0,0,0,0,3,male,SA20,T20,KMA Paul,0,Durban's Super Giants,Joburg Super Kings,2024-02-03,,6
75224f22,1432740,4,0,6,0,0,0,0,0,0,2,0,25,1,0,0,0,11,male,Major League Cricket,T20,KMA Paul,0,Seattle Orcas,Los Angeles Knight Riders,2024-07-17,,6
75224f22,1432743,0,1,1,0,0,0,0,0,0,1,0,33,0,0,0,0,5,male,Major League Cricket,T20,KMA Paul,0,Seattle Orcas,San Francisco Unicorns,2024-07-20,,6
75224f22,1432746,25,1,17,3,0,0,0,0,0,4,0,19,2,0,0,0,11,male,Major League Cricket,T20,KMA Paul,bowled,Seattle Orcas,Texas Super Kings,2024-07-23,,6
75224f22,1428679,10,1,9,0,1,0,0,0,0,4,0,0,0,0,0,0,0,male,Caribbean Premier League,T20,KMA Paul,0,Guyana Amazon Warriors,Antigua and Barbuda Falcons,2024-08-30,,6
75224f22,1428684,38,1,15,4,3,0,0,0,0,4,0,34,1,0,0,0,7,male,Caribbean Premier League,T20,KMA Paul,run out,Guyana Amazon Warriors,St Kitts and Nevis Patriots,2024-09-04,,6
75224f22,1428687,1,0,2,0,0,1,0,0,0,1,0,19,2,0,0,0,5,male,Caribbean Premier League,T20,KMA Paul,0,Guyana Amazon Warriors,St Lucia Kings,2024-09-07,,6
75224f22,1428693,30,0,19,2,1,0,0,0,0,4,0,47,1,0,0,0,5,male,Caribbean Premier League,T20,KMA Paul,0,Guyana Amazon Warriors,Barbados Royals,2024-09-14,,6
75224f22,1428696,3,1,5,0,0,1,0,0,0,3,0,38,1,0,1,0,5,male,Caribbean Premier League,T20,KMA Paul,0,Guyana Amazon Warriors,Trinbago Knight Riders,2024-09-18,,6
75224f22,1428698,2,1,5,0,0,2,0,0,0,3,0,0,0,0,0,0,0,male,Caribbean Premier League,T20,KMA Paul,stumped,Guyana Amazon Warriors,St Kitts and Nevis Patriots,2024-09-20,,6
75224f22,1428700,9,0,5,0,1,0,0,0,0,2,0,0,0,0,0,0,0,male,Caribbean Premier League,T20,KMA Paul,0,Guyana Amazon Warriors,Antigua and Barbuda Falcons,2024-09-21,,6
75224f22,1428704,1,1,2,0,0,0,0,0,0,1,0,0,0,0,0,0,0,male,Caribbean Premier League,T20,KMA Paul,0,Guyana Amazon Warriors,Barbados Royals,2024-09-25,,6
75224f22,1428706,1,1,2,0,0,0,0,0,0,1,0,12,0,0,0,0,1,male,Caribbean Premier League,T20,KMA Paul,0,Guyana Amazon Warriors,St Lucia Kings,2024-09-28,,6
75224f22,1428707,1,1,2,0,0,0,0,0,0,1,0,0,0,0,0,0,0,male,Caribbean Premier League,T20,KMA Paul,caught,Guyana Amazon Warriors,Trinbago Knight Riders,2024-09-29,,6
75224f22,1428709,14,1,15,2,0,2,0,0,0,8,0,0,0,0,0,0,0,male,Caribbean Premier League,T20,KMA Paul,0,Guyana Amazon Warriors,St Lucia Kings,2024-10-02,,6
75224f22,1428710,0,0,0,0,0,1,0,0,0,0,0,0,0,0,0,0,0,male,Caribbean Premier League,T20,KMA Paul,0,Guyana Amazon Warriors,Barbados Royals,2024-10-04,,6
75224f22,1428711,12,1,23,0,0,0,0,0,0,12,0,0,0,0,0,0,0,male,Caribbean Premier League,T20,KMA Paul,0,Guyana Amazon Warriors,St Lucia Kings,2024-10-06,,6
