player_id,match_id,runs_scored,player_out,balls_faced,fours_scored,sixes_scored,catches_taken,run_out_direct,run_out_throw,stumpings_done,dot_balls_as_batsman,order_seenballs_bowled,runs_conceded,wickets_taken,bowled_done,lbw_done,maidens,dot_balls_as_bowler,gender,series_name,match_type,name,out_kind,player_team,opposition_team,start_date,end_date,balls_per_over
e012ad13,401075,0,1,2,0,0,1,0,0,0,2,0,0,0,0,0,0,0,male,Bangladesh in West Indies ODI Series,ODI,KOA Powell,0,West Indies,Bangladesh,2009-07-31,,6
e012ad13,415284,5,1,15,1,0,0,0,0,0,13,0,0,0,0,0,0,0,male,ICC Champions Trophy,ODI,KOA Powell,caught,West Indies,India,2009-09-30,,6
e012ad13,489228,7,2,38,0,0,0,0,0,0,35,0,0,0,0,0,0,0,male,India in West Indies Test Series,Test,KOA Powell,caught,West Indies,India,2011-07-06,2011-07-07,6
e012ad13,531985,25,1,37,4,0,0,0,0,0,25,0,0,0,0,0,0,0,male,West Indies in Bangladesh ODI Series,ODI,KOA Powell,0,West Indies,Bangladesh,2011-10-18,,6
e012ad13,531987,84,2,196,11,0,0,0,0,0,149,0,0,0,0,0,0,0,male,West Indies in Bangladesh Test Series,Test,KOA Powell,bowled,West Indies,Bangladesh,2011-10-29,2011-10-30,6
e012ad13,535997,14,2,44,3,0,0,0,0,0,39,0,0,0,0,0,0,0,male,West Indies in India Test Series,Test,KOA Powell,lbw,West Indies,India,2011-11-06,2011-11-07,6
e012ad13,535999,92,2,178,9,0,0,0,0,0,119,0,0,0,0,0,0,0,male,West Indies in India Test Series,Test,KOA Powell,caught,West Indies,India,2011-11-22,2011-11-23,6
e012ad13,536932,7,0,5,1,0,0,0,0,0,1,0,0,0,0,0,0,0,male,West Indies in India ODI Series,ODI,KOA Powell,0,West Indies,India,2011-12-08,,6
e012ad13,536933,15,1,18,3,0,0,0,0,0,12,0,0,0,0,0,0,0,male,West Indies in India ODI Series,ODI,KOA Powell,0,West Indies,India,2011-12-11,,6
e012ad13,540168,8,1,19,1,0,0,0,0,0,15,0,0,0,0,0,0,0,male,Australia in West Indies ODI Series,ODI,KOA Powell,0,West Indies,Australia,2012-03-16,,6
e012ad13,540169,0,1,1,0,0,0,0,0,0,1,0,0,0,0,0,0,0,male,Australia in West Indies ODI Series,ODI,KOA Powell,0,West Indies,Australia,2012-03-18,,6
e012ad13,540170,12,1,19,0,1,0,0,0,0,15,0,0,0,0,0,0,0,male,Australia in West Indies ODI Series,ODI,KOA Powell,0,West Indies,Australia,2012-03-20,,6
e012ad13,540177,23,2,38,3,0,1,0,0,0,28,0,0,0,0,0,0,0,male,The Frank Worrell Trophy,Test,KOA Powell,0,West Indies,Australia,2012-04-15,2012-04-16,6
e012ad13,540178,64,2,148,6,0,1,0,0,0,111,0,0,0,0,0,0,0,male,The Frank Worrell Trophy,Test,KOA Powell,0,West Indies,Australia,2012-04-23,2012-04-24,6
e012ad13,534205,13,2,67,2,0,2,0,0,0,60,0,0,0,0,0,0,0,male,The Wisden Trophy,Test,KOA Powell,caught,West Indies,England,2012-05-17,2012-05-18,6
e012ad13,534206,34,2,53,7,0,0,0,0,0,41,0,0,0,0,0,0,0,male,The Wisden Trophy,Test,KOA Powell,bowled,West Indies,England,2012-05-25,2012-05-26,6
e012ad13,534207,24,1,44,2,0,0,0,0,0,35,0,0,0,0,0,0,0,male,The Wisden Trophy,Test,KOA Powell,0,West Indies,England,2012-06-07,2012-06-08,6
e012ad13,560929,164,2,335,27,1,1,0,0,0,264,0,0,0,0,0,0,0,male,New Zealand in West Indies Test Series,Test,KOA Powell,caught,West Indies,New Zealand,2012-07-25,2012-07-26,6
e012ad13,560930,16,2,32,3,0,0,0,0,0,26,0,0,0,0,0,0,0,male,New Zealand in West Indies Test Series,Test,KOA Powell,0,West Indies,New Zealand,2012-08-02,2012-08-03,6
e012ad13,587469,227,2,375,30,2,2,0,0,0,258,0,0,0,0,0,0,0,male,West Indies in Bangladesh Test Series,Test,KOA Powell,caught,West Indies,Bangladesh,2012-11-13,2012-11-14,6
e012ad13,587470,22,1,35,4,0,1,0,0,0,26,0,0,0,0,0,0,0,male,West Indies in Bangladesh Test Series,Test,KOA Powell,0,West Indies,Bangladesh,2012-11-21,2012-11-22,6
e012ad13,587473,47,1,59,4,1,0,0,0,0,32,0,0,0,0,0,0,0,male,West Indies in Bangladesh ODI Series,ODI,KOA Powell,0,West Indies,Bangladesh,2012-12-05,,6
e012ad13,587474,26,1,44,4,0,0,0,0,0,32,0,0,0,0,0,0,0,male,West Indies in Bangladesh ODI Series,ODI,KOA Powell,lbw,West Indies,Bangladesh,2012-12-07,,6
e012ad13,587475,11,1,8,2,0,0,0,0,0,4,0,0,0,0,0,0,0,male,West Indies in Bangladesh ODI Series,ODI,KOA Powell,stumped,West Indies,Bangladesh,2012-12-08,,6
e012ad13,573022,11,1,19,2,0,0,0,0,0,15,0,0,0,0,0,0,0,male,West Indies in Australia ODI Series,ODI,KOA Powell,0,West Indies,Australia,2013-02-01,,6
e012ad13,573023,83,1,93,10,2,2,0,0,0,56,0,0,0,0,0,0,0,male,West Indies in Australia ODI Series,ODI,KOA Powell,0,West Indies,Australia,2013-02-03,,6
e012ad13,573024,47,1,49,6,0,0,0,0,0,27,0,0,0,0,0,0,0,male,West Indies in Australia ODI Series,ODI,KOA Powell,caught,West Indies,Australia,2013-02-06,,6
e012ad13,573025,9,1,29,0,0,0,0,0,0,23,0,0,0,0,0,0,0,male,West Indies in Australia ODI Series,ODI,KOA Powell,caught,West Indies,Australia,2013-02-08,,6
e012ad13,573026,2,1,4,0,0,1,0,0,0,2,0,0,0,0,0,0,0,male,West Indies in Australia ODI Series,ODI,KOA Powell,0,West Indies,Australia,2013-02-10,,6
e012ad13,593983,79,1,88,7,2,1,0,0,0,43,0,0,0,0,0,0,0,male,Zimbabwe in West Indies ODI Series,ODI,KOA Powell,0,West Indies,Zimbabwe,2013-02-22,,6
e012ad13,593985,42,1,53,5,0,1,0,0,0,29,0,0,0,0,0,0,0,male,Zimbabwe in West Indies ODI Series,ODI,KOA Powell,0,West Indies,Zimbabwe,2013-02-26,,6
e012ad13,593988,11,2,33,2,0,5,0,0,0,29,0,0,0,0,0,0,0,male,Clive Lloyd Trophy,Test,KOA Powell,0,West Indies,Zimbabwe,2013-03-12,2013-03-13,6
e012ad13,593989,24,1,22,5,0,3,0,0,0,14,0,0,0,0,0,0,0,male,Clive Lloyd Trophy,Test,KOA Powell,0,West Indies,Zimbabwe,2013-03-20,2013-03-21,6
e012ad13,635217,10,1,5,2,0,0,0,0,0,2,0,0,0,0,0,0,0,male,Caribbean Premier League,T20,KOA Powell,0,Antigua Hawksbills,Barbados Tridents,2013-08-01,,6
e012ad13,635220,38,1,37,1,2,0,0,0,0,15,0,0,0,0,0,0,0,male,Caribbean Premier League,T20,KOA Powell,0,Antigua Hawksbills,Jamaica Tallawahs,2013-08-04,,6
e012ad13,635222,27,1,16,6,0,0,0,0,0,7,0,0,0,0,0,0,0,male,Caribbean Premier League,T20,KOA Powell,0,Antigua Hawksbills,St Lucia Zouks,2013-08-06,,6
e012ad13,635228,13,1,9,2,0,0,0,0,0,3,0,0,0,0,0,0,0,male,Caribbean Premier League,T20,KOA Powell,caught,Antigua Hawksbills,Trinidad & Tobago Red Steel,2013-08-11,,6
e012ad13,635229,9,1,29,1,0,0,0,0,0,23,0,0,0,0,0,0,0,male,Caribbean Premier League,T20,KOA Powell,lbw,Antigua Hawksbills,Barbados Tridents,2013-08-13,,6
e012ad13,635231,12,1,6,2,0,2,0,0,0,1,0,0,0,0,0,0,0,male,Caribbean Premier League,T20,KOA Powell,0,Antigua Hawksbills,St Lucia Zouks,2013-08-15,,6
e012ad13,635233,47,1,47,4,1,0,0,0,0,22,0,0,0,0,0,0,0,male,Caribbean Premier League,T20,KOA Powell,bowled,Antigua Hawksbills,Guyana Amazon Warriors,2013-08-17,,6
e012ad13,676525,64,2,123,10,1,1,0,0,0,95,0,0,0,0,0,0,0,male,West Indies in India Test Series,Test,KOA Powell,caught,West Indies,India,2013-11-06,2013-11-07,6
e012ad13,676527,57,2,96,4,1,0,1,0,0,63,0,0,0,0,0,0,0,male,West Indies in India Test Series,Test,KOA Powell,caught,West Indies,India,2013-11-14,2013-11-15,6
e012ad13,676531,59,1,71,7,1,0,0,0,0,40,0,0,0,0,0,0,0,male,West Indies in India ODI Series,ODI,KOA Powell,0,West Indies,India,2013-11-24,,6
e012ad13,676533,70,1,81,9,0,0,0,0,0,43,0,0,0,0,0,0,0,male,West Indies in India ODI Series,ODI,KOA Powell,0,West Indies,India,2013-11-27,,6
e012ad13,661679,21,2,48,4,0,0,0,0,0,40,0,0,0,0,0,0,0,male,West Indies in New Zealand Test Series,Test,KOA Powell,caught,West Indies,New Zealand,2013-12-03,2013-12-04,6
e012ad13,661681,57,2,122,9,0,1,0,0,0,95,0,0,0,0,0,0,0,male,West Indies in New Zealand Test Series,Test,KOA Powell,0,West Indies,New Zealand,2013-12-11,2013-12-12,6
e012ad13,661683,26,2,53,4,0,0,0,0,0,41,0,0,0,0,0,0,0,male,West Indies in New Zealand Test Series,Test,KOA Powell,caught,West Indies,New Zealand,2013-12-19,2013-12-20,6
e012ad13,661685,4,1,6,1,0,0,0,0,0,5,0,0,0,0,0,0,0,male,West Indies in New Zealand ODI Series,ODI,KOA Powell,0,West Indies,New Zealand,2013-12-26,,6
e012ad13,661689,1,1,3,0,0,1,0,0,0,2,0,0,0,0,0,0,0,male,West Indies in New Zealand ODI Series,ODI,KOA Powell,caught,West Indies,New Zealand,2014-01-01,,6
e012ad13,661693,73,1,44,12,2,0,0,0,0,17,0,0,0,0,0,0,0,male,West Indies in New Zealand ODI Series,ODI,KOA Powell,lbw,West Indies,New Zealand,2014-01-08,,6
e012ad13,661695,12,1,14,1,0,1,0,0,0,8,0,0,0,0,0,0,0,male,West Indies in New Zealand T20I Series,T20,KOA Powell,caught,West Indies,New Zealand,2014-01-11,,6
e012ad13,702139,57,1,83,7,0,1,0,0,0,51,0,0,0,0,0,0,0,male,,ODI,KOA Powell,0,West Indies,Ireland,2014-02-23,,6
e012ad13,636533,5,1,14,0,0,0,0,0,0,11,0,0,0,0,0,0,0,male,England in West Indies ODI Series,ODI,KOA Powell,0,West Indies,England,2014-02-28,,6
e012ad13,636534,16,1,20,2,0,0,0,0,0,10,0,0,0,0,0,0,0,male,England in West Indies ODI Series,ODI,KOA Powell,0,West Indies,England,2014-03-02,,6
e012ad13,636535,1,1,3,0,0,0,0,0,0,2,0,0,0,0,0,0,0,male,England in West Indies ODI Series,ODI,KOA Powell,0,West Indies,England,2014-03-05,,6
e012ad13,730277,28,2,80,3,0,1,0,0,0,66,0,0,0,0,0,0,0,male,New Zealand in West Indies Test Series,Test,KOA Powell,0,West Indies,New Zealand,2014-06-08,2014-06-09,6
e012ad13,1019645,0,0,0,0,0,0,0,0,0,0,0,0,0,0,0,0,0,male,Caribbean Premier League,T20,KOA Powell,0,St Kitts and Nevis Patriots,Barbados Tridents,2016-07-13,,6
e012ad13,994685,23,1,18,3,1,0,0,0,0,9,0,0,0,0,0,0,0,male,Caribbean Premier League,T20,KOA Powell,0,St Kitts and Nevis Patriots,Trinbago Knight Riders,2016-07-31,,6
e012ad13,1027315,1,1,5,0,0,0,0,0,0,4,0,0,0,0,0,0,0,male,England in West Indies ODI Series,ODI,KOA Powell,caught,West Indies,England,2017-03-03,,6
e012ad13,1027317,9,1,13,2,0,1,0,0,0,10,0,0,0,0,0,0,0,male,England in West Indies ODI Series,ODI,KOA Powell,0,West Indies,England,2017-03-05,,6
e012ad13,1027319,6,1,4,0,1,0,0,0,0,3,0,0,0,0,0,0,0,male,England in West Indies ODI Series,ODI,KOA Powell,0,West Indies,England,2017-03-09,,6
e012ad13,1077949,61,1,88,5,0,0,0,0,0,47,0,0,0,0,0,0,0,male,Pakistan in West Indies ODI Series,ODI,KOA Powell,0,West Indies,Pakistan,2017-04-07,,6
e012ad13,1077950,11,1,21,0,0,0,0,0,0,12,0,0,0,0,0,0,0,male,Pakistan in West Indies ODI Series,ODI,KOA Powell,0,West Indies,Pakistan,2017-04-09,,6
e012ad13,1077951,23,1,34,2,0,1,0,0,0,21,0,0,0,0,0,0,0,male,Pakistan in West Indies ODI Series,ODI,KOA Powell,0,West Indies,Pakistan,2017-04-11,,6
e012ad13,1077953,82,2,155,12,0,0,0,0,0,115,0,0,0,0,0,0,0,male,Pakistan in West Indies Test Series,Test,KOA Powell,caught,West Indies,Pakistan,2017-04-21,2017-04-22,6
e012ad13,1077954,44,2,87,6,0,2,0,0,0,64,0,0,0,0,0,0,0,male,Pakistan in West Indies Test Series,Test,KOA Powell,lbw,West Indies,Pakistan,2017-04-30,2017-05-01,6
e012ad13,1077955,35,2,99,2,0,3,0,0,0,79,0,0,0,0,0,0,0,male,Pakistan in West Indies Test Series,Test,KOA Powell,caught,West Indies,Pakistan,2017-05-10,2017-05-11,6
e012ad13,1089779,2,1,9,0,0,0,0,0,0,7,0,0,0,0,0,0,0,male,Afghanistan in West Indies ODI Series,ODI,KOA Powell,0,West Indies,Afghanistan,2017-06-09,,6
e012ad13,1089780,12,1,17,1,0,0,0,0,0,9,0,0,0,0,0,0,0,male,Afghanistan in West Indies ODI Series,ODI,KOA Powell,caught,West Indies,Afghanistan,2017-06-11,,6
e012ad13,1098206,0,0,0,0,0,0,0,0,0,0,0,0,0,0,0,0,0,male,India in West Indies ODI Series,ODI,KOA Powell,0,West Indies,India,2017-06-23,,6
e012ad13,1098207,0,1,3,0,0,0,0,0,0,3,0,0,0,0,0,0,0,male,India in West Indies ODI Series,ODI,KOA Powell,0,West Indies,India,2017-06-25,,6
e012ad13,1031659,30,2,65,4,0,0,0,0,0,50,0,0,0,0,0,0,0,male,West Indies tour of England,Test,KOA Powell,0,West Indies,England,2017-08-17,2017-08-18,6
e012ad13,1031661,28,2,70,6,0,0,0,0,0,60,0,0,0,0,0,0,0,male,West Indies tour of England,Test,KOA Powell,caught,West Indies,England,2017-08-25,2017-08-26,6
e012ad13,1031663,84,2,171,14,0,1,0,0,0,136,0,0,0,0,0,0,0,male,West Indies tour of England,Test,KOA Powell,caught and bowled,West Indies,England,2017-09-07,2017-09-08,6
e012ad13,1122886,73,2,167,7,1,1,0,0,0,124,0,0,0,0,0,0,0,male,West Indies tour of Zimbabwe,Test,KOA Powell,caught,West Indies,Zimbabwe,2017-10-21,2017-10-22,6
e012ad13,1122887,90,1,230,7,0,0,0,0,0,173,0,0,0,0,0,1,6,male,West Indies tour of Zimbabwe,Test,KOA Powell,0,West Indies,Zimbabwe,2017-10-29,2017-10-30,6
e012ad13,1115793,82,2,135,13,2,1,0,0,0,104,0,0,0,0,0,0,0,male,West Indies tour of New Zealand,Test,KOA Powell,caught and bowled,West Indies,New Zealand,2017-12-01,2017-12-02,6
e012ad13,1115794,0,2,6,0,0,1,0,0,0,6,0,0,0,0,0,0,0,male,West Indies tour of New Zealand,Test,KOA Powell,caught,West Indies,New Zealand,2017-12-09,2017-12-10,6
e012ad13,1135149,126,2,195,13,2,0,0,0,0,128,0,0,0,0,0,0,0,male,Sri Lanka tour of West Indies,Test,KOA Powell,0,West Indies,Sri Lanka,2018-06-06,2018-06-07,6
e012ad13,1135150,29,2,49,2,1,1,0,0,0,34,0,0,0,0,0,0,0,male,Sri Lanka tour of West Indies,Test,KOA Powell,caught,West Indies,Sri Lanka,2018-06-14,2018-06-15,6
e012ad13,1135151,11,2,24,2,0,0,0,0,0,20,0,0,0,0,0,0,0,male,Sri Lanka tour of West Indies,Test,KOA Powell,caught,West Indies,Sri Lanka,2018-06-23,2018-06-24,6
e012ad13,1146717,48,1,65,7,0,0,0,0,0,41,0,0,0,0,0,0,0,male,Bangladesh tour of West Indies and United States of America,Test,KOA Powell,caught,West Indies,Bangladesh,2018-07-04,2018-07-05,6
e012ad13,1146718,47,2,76,5,1,0,0,0,0,53,0,0,0,0,0,0,0,male,Bangladesh tour of West Indies and United States of America,Test,KOA Powell,lbw,West Indies,Bangladesh,2018-07-12,2018-07-13,6
e012ad13,1146722,4,0,7,0,0,2,0,0,0,3,0,0,0,0,0,0,0,male,Bangladesh tour of West Indies and United States of America,ODI,KOA Powell,0,West Indies,Bangladesh,2018-07-28,,6
e012ad13,1157752,84,2,99,8,4,0,0,0,0,63,0,0,0,0,0,0,0,male,West Indies tour of India,Test,KOA Powell,caught,West Indies,India,2018-10-04,2018-10-05,6
e012ad13,1157753,22,2,39,4,0,0,0,0,0,30,0,0,0,0,0,0,0,male,West Indies tour of India,Test,KOA Powell,0,West Indies,India,2018-10-12,2018-10-13,6
e012ad13,1157754,51,1,40,6,2,0,0,0,0,20,0,0,0,0,0,0,0,male,West Indies tour of India,ODI,KOA Powell,0,West Indies,India,2018-10-21,,6
e012ad13,1157755,18,1,20,3,0,1,0,0,0,12,0,0,0,0,0,0,0,male,West Indies tour of India,ODI,KOA Powell,caught,West Indies,India,2018-10-24,,6
e012ad13,1157756,21,1,25,2,1,0,0,0,0,16,0,0,0,0,0,0,0,male,West Indies tour of India,ODI,KOA Powell,0,West Indies,India,2018-10-27,,6
e012ad13,1157757,4,0,12,1,0,1,0,0,0,11,0,0,0,0,0,0,0,male,West Indies tour of India,ODI,KOA Powell,0,West Indies,India,2018-10-29,,6
e012ad13,1157758,0,1,5,0,0,0,0,0,0,5,0,0,0,0,0,0,0,male,West Indies tour of India,ODI,KOA Powell,0,West Indies,India,2018-11-01,,6
e012ad13,1153311,14,2,21,2,0,0,0,0,0,13,0,0,0,0,0,0,0,male,West Indies tour of Bangladesh,Test,KOA Powell,0,West Indies,Bangladesh,2018-11-22,2018-11-23,6
e012ad13,1153312,10,2,25,0,0,0,0,0,0,17,0,0,0,0,0,0,0,male,West Indies tour of Bangladesh,Test,KOA Powell,0,West Indies,Bangladesh,2018-11-30,2018-12-01,6
e012ad13,1153314,10,1,27,1,0,0,0,0,0,20,0,0,0,0,0,0,0,male,West Indies tour of Bangladesh,ODI,KOA Powell,0,West Indies,Bangladesh,2018-12-09,,6
e012ad13,1227871,7,1,9,0,0,1,0,0,0,3,0,0,0,0,0,0,0,male,Caribbean Premier League,T20,KOA Powell,0,St Kitts and Nevis Patriots,St Lucia Zouks,2020-08-22,,6
e012ad13,1227882,21,1,27,1,0,0,0,0,0,13,0,0,0,0,0,0,0,male,Caribbean Premier League,T20,KOA Powell,0,St Kitts and Nevis Patriots,Jamaica Tallawahs,2020-08-29,,6
e012ad13,1227884,2,1,2,0,0,0,0,0,0,1,0,0,0,0,0,0,0,male,Caribbean Premier League,T20,KOA Powell,0,St Kitts and Nevis Patriots,Guyana Amazon Warriors,2020-08-30,,6
e012ad13,1263149,14,1,33,3,0,1,0,0,0,28,0,0,0,0,0,0,0,male,South Africa tour of West Indies,Test,KOA Powell,0,West Indies,South Africa,2021-06-10,2021-06-11,6
e012ad13,1263150,56,2,122,10,0,0,0,0,0,98,0,0,0,0,0,0,0,male,South Africa tour of West Indies,Test,KOA Powell,caught,West Indies,South Africa,2021-06-18,2021-06-19,6
e012ad13,1263169,4,2,11,1,0,0,0,0,0,10,0,0,0,0,0,0,0,male,Pakistan tour of West Indies,Test,KOA Powell,0,West Indies,Pakistan,2021-08-12,2021-08-13,6
e012ad13,1263170,28,1,56,3,0,1,0,0,0,42,0,0,0,0,0,0,0,male,Pakistan tour of West Indies,Test,KOA Powell,0,West Indies,Pakistan,2021-08-20,2021-08-21,6
