player_id,match_id,runs_scored,player_out,balls_faced,fours_scored,sixes_scored,catches_taken,run_out_direct,run_out_throw,stumpings_done,dot_balls_as_batsman,order_seenballs_bowled,runs_conceded,wickets_taken,bowled_done,lbw_done,maidens,dot_balls_as_bowler,gender,series_name,match_type,name,out_kind,player_team,opposition_team,start_date,end_date,balls_per_over
78cb83f3,994671,0,0,0,0,0,0,0,0,0,0,0,24,3,1,0,0,18,male,Caribbean Premier League,T20,KOK Williams,0,Jamaica Tallawahs,St Kitts and Nevis Patriots,2016-07-02,,6
78cb83f3,1025989,0,0,0,0,0,0,0,0,0,0,0,38,1,0,0,0,11,male,Caribbean Premier League,T20,KOK Williams,0,Jamaica Tallawahs,Trinbago Knight Riders,2016-07-04,,6
78cb83f3,1019643,0,0,0,0,0,0,0,0,0,0,0,0,0,0,0,0,0,male,Caribbean Premier League,T20,KOK Williams,0,Jamaica Tallawahs,Barbados Tridents,2016-07-11,,6
78cb83f3,1019769,0,0,0,0,0,0,0,0,0,0,0,27,0,0,0,0,11,male,Caribbean Premier League,T20,KOK Williams,0,Jamaica Tallawahs,Guyana Amazon Warriors,2016-07-15,,6
78cb83f3,1019771,0,0,0,0,0,0,0,0,0,0,0,19,3,0,0,1,14,male,Caribbean Premier League,T20,KOK Williams,0,Jamaica Tallawahs,St Kitts and Nevis Patriots,2016-07-16,,6
78cb83f3,1019773,0,0,0,0,0,0,0,0,0,0,0,31,1,0,0,0,9,male,Caribbean Premier League,T20,KOK Williams,0,Jamaica Tallawahs,Trinbago Knight Riders,2016-07-18,,6
78cb83f3,1019775,0,0,0,0,0,0,0,0,0,0,0,37,1,0,0,0,9,male,Caribbean Premier League,T20,KOK Williams,0,Jamaica Tallawahs,Barbados Tridents,2016-07-20,,6
78cb83f3,994681,3,0,5,0,0,0,0,0,0,2,0,28,2,0,0,0,9,male,Caribbean Premier League,T20,KOK Williams,0,Jamaica Tallawahs,St Lucia Zouks,2016-07-30,,6
78cb83f3,994687,0,0,0,0,0,0,0,0,0,0,0,39,0,0,0,0,12,male,Caribbean Premier League,T20,KOK Williams,0,Jamaica Tallawahs,St Lucia Zouks,2016-07-31,,6
78cb83f3,1025665,0,0,0,0,0,0,0,0,0,0,0,41,4,0,0,0,14,male,Caribbean Premier League,T20,KOK Williams,0,Jamaica Tallawahs,Guyana Amazon Warriors,2016-08-03,,6
78cb83f3,1025669,0,0,0,0,0,0,0,0,0,0,0,38,0,0,0,0,4,male,Caribbean Premier League,T20,KOK Williams,0,Jamaica Tallawahs,Trinbago Knight Riders,2016-08-05,,6
78cb83f3,1025671,0,0,0,0,0,0,0,0,0,0,0,12,2,1,0,0,6,male,Caribbean Premier League,T20,KOK Williams,0,Jamaica Tallawahs,Guyana Amazon Warriors,2016-08-07,,6
78cb83f3,1050221,0,0,0,0,0,0,0,0,0,0,0,15,2,1,0,0,14,male,Pakistan v West Indies T20I Series,T20,KOK Williams,0,West Indies,Pakistan,2016-09-27,,6
78cb83f3,1063061,0,0,0,0,0,0,0,0,0,0,0,37,0,0,0,0,9,male,Bangladesh Premier League,T20,KOK Williams,0,Rajshahi Kings,Barisal Bulls,2016-11-13,,6
78cb83f3,1063086,0,0,0,0,0,0,0,0,0,0,0,11,2,1,0,0,19,male,Bangladesh Premier League,T20,KOK Williams,0,Rajshahi Kings,Chittagong Vikings,2016-12-03,,6
78cb83f3,1063089,0,0,0,0,0,0,0,0,0,0,0,11,4,0,1,0,18,male,Bangladesh Premier League,T20,KOK Williams,0,Rajshahi Kings,Chittagong Vikings,2016-12-06,,6
78cb83f3,1063091,0,0,0,0,0,0,0,0,0,0,0,23,1,0,1,0,17,male,Bangladesh Premier League,T20,KOK Williams,0,Rajshahi Kings,Khulna Titans,2016-12-07,,6
78cb83f3,1063092,4,1,2,1,0,2,0,0,0,1,0,40,1,0,0,0,6,male,Bangladesh Premier League,T20,KOK Williams,0,Rajshahi Kings,Dhaka Dynamites,2016-12-09,,6
78cb83f3,1077947,0,0,0,0,0,0,0,0,0,0,0,14,0,0,0,0,8,male,Pakistan in West Indies T20I Series,T20,KOK Williams,0,West Indies,Pakistan,2017-03-26,,6
78cb83f3,1077948,0,0,0,0,0,0,0,0,0,0,0,27,1,0,0,1,10,male,Pakistan in West Indies T20I Series,T20,KOK Williams,0,West Indies,Pakistan,2017-03-30,,6
78cb83f3,1085495,0,0,0,0,0,0,0,0,0,0,0,27,1,0,0,0,11,male,Pakistan in West Indies T20I Series,T20,KOK Williams,0,West Indies,Pakistan,2017-04-01,,6
78cb83f3,1085496,0,0,0,0,0,1,0,0,0,0,0,16,2,1,0,0,11,male,Pakistan in West Indies T20I Series,T20,KOK Williams,0,West Indies,Pakistan,2017-04-02,,6
78cb83f3,1089776,0,0,0,0,0,0,0,1,0,0,0,24,2,0,0,1,15,male,Afghanistan in West Indies T20I Series,T20,KOK Williams,0,West Indies,Afghanistan,2017-06-02,,6
78cb83f3,1089777,0,0,0,0,0,0,1,0,0,0,0,12,3,0,0,0,8,male,Afghanistan in West Indies T20I Series,T20,KOK Williams,0,West Indies,Afghanistan,2017-06-03,,6
78cb83f3,1089778,0,0,0,0,0,1,0,0,0,0,0,35,3,2,0,0,12,male,Afghanistan in West Indies T20I Series,T20,KOK Williams,0,West Indies,Afghanistan,2017-06-05,,6
78cb83f3,1098208,1,1,2,0,0,0,0,0,0,1,0,69,0,0,0,0,22,male,India in West Indies ODI Series,ODI,KOK Williams,bowled,West Indies,India,2017-06-30,,6
78cb83f3,1098209,2,0,3,0,0,0,0,0,0,1,0,29,1,0,0,0,40,male,India in West Indies ODI Series,ODI,KOK Williams,0,West Indies,India,2017-07-02,,6
78cb83f3,1098210,0,0,2,0,0,0,0,0,0,2,0,40,0,0,0,0,26,male,India in West Indies ODI Series,ODI,KOK Williams,0,West Indies,India,2017-07-06,,6
78cb83f3,1098211,0,0,0,0,0,0,1,0,0,0,0,46,2,0,0,0,6,male,,T20,KOK Williams,0,West Indies,India,2017-07-09,,6
78cb83f3,1094674,0,0,0,0,0,0,0,0,0,0,0,27,2,0,0,0,10,male,Caribbean Premier League,T20,KOK Williams,0,Jamaica Tallawahs,Barbados Tridents,2017-08-05,,6
78cb83f3,1094676,0,0,0,0,0,0,0,0,0,0,0,40,1,0,0,0,8,male,Caribbean Premier League,T20,KOK Williams,0,Jamaica Tallawahs,Barbados Tridents,2017-08-06,,6
78cb83f3,1094678,0,0,0,0,0,0,0,0,0,0,0,26,3,0,0,0,13,male,Caribbean Premier League,T20,KOK Williams,0,Jamaica Tallawahs,Trinbago Knight Riders,2017-08-09,,6
78cb83f3,1094685,0,0,0,0,0,0,0,0,0,0,0,37,2,1,0,0,10,male,Caribbean Premier League,T20,KOK Williams,0,Jamaica Tallawahs,St Lucia Stars,2017-08-15,,6
78cb83f3,1094686,0,0,0,0,0,0,0,0,0,0,0,30,3,0,0,0,7,male,Caribbean Premier League,T20,KOK Williams,0,Jamaica Tallawahs,Guyana Amazon Warriors,2017-08-17,,6
78cb83f3,1094691,0,0,0,0,0,0,0,0,0,0,0,44,1,0,0,0,10,male,Caribbean Premier League,T20,KOK Williams,0,Jamaica Tallawahs,St Kitts and Nevis Patriots,2017-08-21,,6
78cb83f3,1094694,0,0,0,0,0,0,0,0,0,0,0,36,1,0,0,0,9,male,Caribbean Premier League,T20,KOK Williams,0,Jamaica Tallawahs,St Lucia Stars,2017-08-25,,6
78cb83f3,1094695,0,0,0,0,0,0,0,0,0,0,0,41,1,0,0,0,7,male,Caribbean Premier League,T20,KOK Williams,0,Jamaica Tallawahs,Trinbago Knight Riders,2017-08-26,,6
78cb83f3,1094697,0,0,0,0,0,0,0,0,0,0,0,25,1,0,0,0,10,male,Caribbean Premier League,T20,KOK Williams,0,Jamaica Tallawahs,St Kitts and Nevis Patriots,2017-08-30,,6
78cb83f3,1094699,0,0,0,0,0,0,0,0,0,0,0,47,0,0,0,0,2,male,Caribbean Premier League,T20,KOK Williams,0,Jamaica Tallawahs,Guyana Amazon Warriors,2017-09-01,,6
78cb83f3,1094703,1,0,5,0,0,0,0,0,0,4,0,49,0,0,0,0,8,male,Caribbean Premier League,T20,KOK Williams,0,Jamaica Tallawahs,Guyana Amazon Warriors,2017-09-06,,6
78cb83f3,1031665,2,0,2,0,0,0,0,0,0,0,0,35,3,0,0,0,10,male,West Indies tour of England,T20,KOK Williams,0,West Indies,England,2017-09-16,,6
78cb83f3,1031667,0,0,0,0,0,0,0,0,0,0,0,50,2,1,0,0,8,male,West Indies tour of England,ODI,KOK Williams,0,West Indies,England,2017-09-19,,6
78cb83f3,1031669,0,0,0,0,0,0,0,0,0,0,0,0,0,0,0,0,0,male,West Indies tour of England,ODI,KOK Williams,0,West Indies,England,2017-09-21,,6
78cb83f3,1121246,0,0,0,0,0,0,0,0,0,0,0,30,1,0,0,0,10,male,Bangladesh Premier League,T20,KOK Williams,0,Rajshahi Kings,Rangpur Riders,2017-11-04,,6
78cb83f3,1121250,1,0,2,0,0,1,0,0,0,1,0,42,2,0,0,0,11,male,Bangladesh Premier League,T20,KOK Williams,0,Rajshahi Kings,Sylhet Sixers,2017-11-07,,6
78cb83f3,1121253,0,0,0,0,0,0,0,0,0,0,0,35,1,0,0,0,8,male,Bangladesh Premier League,T20,KOK Williams,0,Rajshahi Kings,Rangpur Riders,2017-11-11,,6
78cb83f3,1121256,0,0,0,0,0,0,0,0,0,0,0,33,0,0,0,0,6,male,Bangladesh Premier League,T20,KOK Williams,0,Rajshahi Kings,Comilla Victorians,2017-11-12,,6
78cb83f3,1121261,0,0,0,0,0,0,0,0,0,0,0,32,2,0,0,0,11,male,Bangladesh Premier League,T20,KOK Williams,0,Rajshahi Kings,Sylhet Sixers,2017-11-17,,6
78cb83f3,1121274,1,1,4,0,0,0,0,0,0,3,0,46,0,0,0,0,5,male,Bangladesh Premier League,T20,KOK Williams,stumped,Rajshahi Kings,Khulna Titans,2017-11-27,,6
78cb83f3,1115795,16,0,20,1,0,0,0,0,0,9,0,18,1,0,0,0,17,male,West Indies tour of New Zealand,ODI,KOK Williams,0,West Indies,New Zealand,2017-12-20,,6
78cb83f3,1115798,3,1,5,0,0,0,0,0,0,3,0,53,1,1,0,0,8,male,West Indies tour of New Zealand,T20,KOK Williams,0,West Indies,New Zealand,2017-12-29,,6
78cb83f3,1115799,0,0,0,0,0,0,0,0,0,0,0,24,1,0,0,0,1,male,West Indies tour of New Zealand,T20,KOK Williams,0,West Indies,New Zealand,2018-01-01,,6
78cb83f3,1133007,0,0,0,0,0,0,0,0,0,0,0,45,1,0,0,0,32,male,ICC Cricket World Cup Qualifier (ICC Trophy),ODI,KOK Williams,0,West Indies,Papua New Guinea,2018-03-08,,6
78cb83f3,1133010,0,0,0,0,0,0,0,0,0,0,0,43,4,0,0,1,28,male,ICC Cricket World Cup Qualifier (ICC Trophy),ODI,KOK Williams,0,West Indies,Ireland,2018-03-10,,6
78cb83f3,1133014,0,0,0,0,0,0,0,0,0,0,0,48,1,0,0,0,19,male,ICC Cricket World Cup Qualifier,ODM,KOK Williams,0,West Indies,Netherlands,2018-03-12,,6
78cb83f3,1140069,0,1,1,0,0,0,0,0,0,1,0,46,0,0,0,0,5,male,West Indies tour of Pakistan,T20,KOK Williams,0,West Indies,Pakistan,2018-04-01,,6
78cb83f3,1140070,1,1,2,0,0,0,0,0,0,1,0,43,1,0,0,0,4,male,West Indies tour of Pakistan,T20,KOK Williams,bowled,West Indies,Pakistan,2018-04-02,,6
78cb83f3,1141232,0,0,0,0,0,0,0,0,0,0,0,42,3,0,1,0,12,male,ICC World XI tour of England,T20,KOK Williams,0,West Indies,ICC World XI,2018-05-31,,6
78cb83f3,1146723,0,0,0,0,0,1,0,0,0,0,0,29,4,1,0,0,9,male,Bangladesh tour of West Indies and United States of America,T20,KOK Williams,0,West Indies,Bangladesh,2018-07-31,,6
78cb83f3,1146724,0,0,0,0,0,0,0,0,0,0,0,29,0,0,0,0,5,male,Bangladesh tour of West Indies and United States of America,T20,KOK Williams,0,West Indies,Bangladesh,2018-08-04,,6
78cb83f3,1146725,0,0,0,0,0,1,0,0,0,0,0,34,1,0,0,0,8,male,Bangladesh tour of West Indies and United States of America,T20,KOK Williams,0,West Indies,Bangladesh,2018-08-05,,6
78cb83f3,1148647,2,0,2,0,0,1,0,0,0,0,0,31,2,1,0,0,11,male,Caribbean Premier League,T20,KOK Williams,0,St Lucia Stars,Trinbago Knight Riders,2018-08-08,,6
78cb83f3,1148650,0,0,0,0,0,0,0,0,0,0,0,28,0,0,0,0,2,male,Caribbean Premier League,T20,KOK Williams,0,St Lucia Stars,Guyana Amazon Warriors,2018-08-11,,6
78cb83f3,1148653,2,1,2,0,0,1,0,0,0,0,0,13,0,0,0,0,5,male,Caribbean Premier League,T20,KOK Williams,run out,St Lucia Stars,Jamaica Tallawahs,2018-08-14,,6
78cb83f3,1148659,1,1,3,0,0,0,0,0,0,2,0,18,0,0,0,0,1,male,Caribbean Premier League,T20,KOK Williams,0,St Lucia Stars,St Kitts and Nevis Patriots,2018-08-21,,6
78cb83f3,1148661,0,0,0,0,0,0,0,0,0,0,0,24,2,0,0,0,9,male,Caribbean Premier League,T20,KOK Williams,0,St Lucia Stars,Guyana Amazon Warriors,2018-08-24,,6
78cb83f3,1148663,0,0,0,0,0,0,0,0,0,0,0,34,3,0,0,0,14,male,Caribbean Premier League,T20,KOK Williams,0,St Lucia Stars,Jamaica Tallawahs,2018-08-25,,6
78cb83f3,1148670,0,0,0,0,0,1,0,0,0,0,0,32,2,0,0,0,10,male,Caribbean Premier League,T20,KOK Williams,0,St Lucia Stars,Barbados Tridents,2018-09-02,,6
78cb83f3,1185838,6,0,8,0,0,0,0,0,0,3,0,27,1,0,0,0,11,male,Caribbean Premier League,T20,KOK Williams,0,St Lucia Zouks,Guyana Amazon Warriors,2019-09-05,,6
78cb83f3,1185841,0,0,0,0,0,0,0,0,0,0,0,38,1,0,0,0,14,male,Caribbean Premier League,T20,KOK Williams,0,St Lucia Zouks,Trinbago Knight Riders,2019-09-08,,6
78cb83f3,1185845,0,0,0,0,0,0,0,0,0,0,0,36,0,0,0,0,10,male,Caribbean Premier League,T20,KOK Williams,0,St Lucia Zouks,Jamaica Tallawahs,2019-09-12,,6
78cb83f3,1185849,0,1,1,0,0,0,0,0,0,1,0,28,1,0,0,0,5,male,Caribbean Premier League,T20,KOK Williams,0,St Lucia Zouks,St Kitts and Nevis Patriots,2019-09-15,,6
78cb83f3,1185853,1,1,10,0,0,1,0,0,0,9,0,46,3,1,0,0,10,male,Caribbean Premier League,T20,KOK Williams,0,St Lucia Zouks,Barbados Tridents,2019-09-20,,6
78cb83f3,1185854,0,0,0,0,0,0,0,0,0,0,0,0,0,0,0,0,0,male,Caribbean Premier League,T20,KOK Williams,0,St Lucia Zouks,Trinbago Knight Riders,2019-09-21,,6
78cb83f3,1185857,0,0,0,0,0,1,0,0,0,0,0,48,3,0,1,0,9,male,Caribbean Premier League,T20,KOK Williams,0,St Lucia Zouks,St Kitts and Nevis Patriots,2019-09-24,,6
78cb83f3,1185858,0,0,0,0,0,0,0,0,0,0,0,27,0,0,0,0,15,male,Caribbean Premier League,T20,KOK Williams,0,St Lucia Zouks,Guyana Amazon Warriors,2019-09-25,,6
78cb83f3,1185860,0,0,0,0,0,0,0,0,0,0,0,24,3,0,0,0,14,male,Caribbean Premier League,T20,KOK Williams,0,St Lucia Zouks,Jamaica Tallawahs,2019-09-27,,6
78cb83f3,1185862,0,1,5,0,0,0,0,0,0,5,0,32,0,0,0,0,12,male,Caribbean Premier League,T20,KOK Williams,0,St Lucia Zouks,Barbados Tridents,2019-09-29,,6
78cb83f3,1193494,0,0,0,0,0,0,0,0,0,0,0,17,3,0,0,0,16,male,Afghanistan tour of India,T20,KOK Williams,0,West Indies,Afghanistan,2019-11-14,,6
78cb83f3,1193495,0,0,0,0,0,1,0,0,0,0,0,23,3,0,1,0,10,male,Afghanistan tour of India,T20,KOK Williams,0,West Indies,Afghanistan,2019-11-16,,6
78cb83f3,1193496,0,0,0,0,0,0,0,0,0,0,0,33,2,0,0,0,15,male,Afghanistan tour of India,T20,KOK Williams,0,West Indies,Afghanistan,2019-11-17,,6
78cb83f3,1187018,0,0,0,0,0,0,0,0,0,0,0,60,0,0,0,0,3,male,West Indies tour of India,T20,KOK Williams,0,West Indies,India,2019-12-06,,6
78cb83f3,1187019,0,0,0,0,0,0,0,0,0,0,0,31,2,1,0,0,11,male,West Indies tour of India,T20,KOK Williams,0,West Indies,India,2019-12-08,,6
78cb83f3,1187020,13,0,8,1,1,0,0,0,0,3,0,38,1,0,0,0,9,male,West Indies tour of India,T20,KOK Williams,0,West Indies,India,2019-12-11,,6
78cb83f3,1208070,0,0,0,0,0,1,0,0,0,0,0,27,0,0,0,0,5,male,Bangladesh Premier League,T20,KOK Williams,0,Chattogram Challengers,Khulna Tigers,2019-12-12,,6
78cb83f3,1208073,0,0,0,0,0,0,0,0,0,0,0,35,2,0,0,0,5,male,Bangladesh Premier League,T20,KOK Williams,0,Chattogram Challengers,Rangpur Rangers,2019-12-14,,6
78cb83f3,1208076,18,0,18,1,2,0,0,0,0,13,0,32,1,1,0,0,6,male,Bangladesh Premier League,T20,KOK Williams,0,Chattogram Challengers,Sylhet Thunder,2019-12-17,,6
78cb83f3,1208078,0,0,0,0,0,0,0,0,0,0,0,48,2,0,1,0,11,male,Bangladesh Premier League,T20,KOK Williams,0,Chattogram Challengers,Dhaka Platoon,2019-12-18,,6
78cb83f3,1208080,0,0,0,0,0,0,0,0,0,0,0,51,1,0,0,0,5,male,Bangladesh Premier League,T20,KOK Williams,0,Chattogram Challengers,Cumilla Warriors,2019-12-20,,6
78cb83f3,1208099,0,0,0,0,0,0,0,0,0,0,0,21,2,1,0,0,9,male,Bangladesh Premier League,T20,KOK Williams,0,Chattogram Challengers,Khulna Tigers,2020-01-04,,6
78cb83f3,1208102,0,0,0,0,0,0,0,0,0,0,0,38,0,0,0,0,6,male,Bangladesh Premier League,T20,KOK Williams,0,Chattogram Challengers,Rajshahi Royals,2020-01-07,,6
78cb83f3,1203676,0,0,0,0,0,1,0,0,0,0,0,49,0,0,0,0,4,male,Ireland tour of West Indies,T20,KOK Williams,0,West Indies,Ireland,2020-01-15,,6
78cb83f3,1227867,0,0,1,0,0,0,0,0,0,1,0,32,2,0,0,0,9,male,Caribbean Premier League,T20,KOK Williams,0,St Lucia Zouks,Jamaica Tallawahs,2020-08-19,,6
78cb83f3,1227869,0,0,0,0,0,0,0,0,0,0,0,24,1,0,0,0,5,male,Caribbean Premier League,T20,KOK Williams,0,St Lucia Zouks,Barbados Tridents,2020-08-20,,6
78cb83f3,1227871,0,0,0,0,0,0,0,0,0,0,0,39,0,0,0,0,10,male,Caribbean Premier League,T20,KOK Williams,0,St Lucia Zouks,St Kitts and Nevis Patriots,2020-08-22,,6
78cb83f3,1227874,0,0,0,0,0,0,0,0,0,0,0,32,2,1,0,0,8,male,Caribbean Premier League,T20,KOK Williams,0,St Lucia Zouks,Guyana Amazon Warriors,2020-08-23,,6
78cb83f3,1227877,0,0,0,0,0,0,0,0,0,0,0,17,2,0,0,0,7,male,Caribbean Premier League,T20,KOK Williams,0,St Lucia Zouks,Trinbago Knight Riders,2020-08-26,,6
78cb83f3,1227879,0,0,0,0,0,0,0,0,0,0,0,24,1,0,0,0,6,male,Caribbean Premier League,T20,KOK Williams,0,St Lucia Zouks,St Kitts and Nevis Patriots,2020-08-27,,6
78cb83f3,1227883,1,0,1,0,0,1,0,0,0,0,0,12,2,0,2,0,10,male,Caribbean Premier League,T20,KOK Williams,0,St Lucia Zouks,Barbados Tridents,2020-08-30,,6
78cb83f3,1227888,0,0,0,0,0,0,0,0,0,0,0,8,0,0,0,0,1,male,Caribbean Premier League,T20,KOK Williams,0,St Lucia Zouks,Guyana Amazon Warriors,2020-09-02,,6
78cb83f3,1227891,0,0,0,0,0,0,0,0,0,0,0,51,1,0,0,0,12,male,Caribbean Premier League,T20,KOK Williams,0,St Lucia Zouks,Trinbago Knight Riders,2020-09-05,,6
78cb83f3,1227894,0,0,0,0,0,0,0,0,0,0,0,28,2,1,0,0,11,male,Caribbean Premier League,T20,KOK Williams,0,St Lucia Zouks,Jamaica Tallawahs,2020-09-06,,6
78cb83f3,1227896,0,0,0,0,0,1,0,0,0,0,0,0,0,0,0,0,0,male,Caribbean Premier League,T20,KOK Williams,0,St Lucia Zouks,Guyana Amazon Warriors,2020-09-08,,6
78cb83f3,1227897,3,0,1,0,0,1,0,0,0,0,0,43,0,0,0,0,5,male,Caribbean Premier League,T20,KOK Williams,0,St Lucia Zouks,Trinbago Knight Riders,2020-09-10,,6
78cb83f3,1233954,0,0,0,0,0,0,0,0,0,0,0,33,0,0,0,0,3,male,West Indies tour of New Zealand,T20,KOK Williams,0,West Indies,New Zealand,2020-11-27,,6
78cb83f3,1269702,2,0,10,0,0,0,0,0,0,8,0,27,0,0,0,0,4,male,Caribbean Premier League,T20,KOK Williams,0,St Lucia Kings,Jamaica Tallawahs,2021-08-27,,6
78cb83f3,1269708,0,0,0,0,0,0,0,0,0,0,0,28,4,0,1,0,12,male,Caribbean Premier League,T20,KOK Williams,0,St Lucia Kings,Trinbago Knight Riders,2021-08-31,,6
78cb83f3,1269712,0,0,0,0,0,0,0,0,0,0,0,7,2,1,0,0,13,male,Caribbean Premier League,T20,KOK Williams,0,St Lucia Kings,Guyana Amazon Warriors,2021-09-02,,6
78cb83f3,1269714,0,0,0,0,0,1,0,0,0,0,0,25,1,0,0,0,6,male,Caribbean Premier League,T20,KOK Williams,0,St Lucia Kings,St Kitts and Nevis Patriots,2021-09-04,,6
78cb83f3,1269716,0,0,0,0,0,0,0,0,0,0,0,32,2,0,0,0,11,male,Caribbean Premier League,T20,KOK Williams,0,St Lucia Kings,St Kitts and Nevis Patriots,2021-09-05,,6
78cb83f3,1269721,0,0,0,0,0,1,0,0,0,0,0,41,0,0,0,0,7,male,Caribbean Premier League,T20,KOK Williams,0,St Lucia Kings,Guyana Amazon Warriors,2021-09-08,,6
78cb83f3,1269723,2,0,8,0,0,0,0,0,0,6,0,20,1,0,0,0,4,male,Caribbean Premier League,T20,KOK Williams,0,St Lucia Kings,Jamaica Tallawahs,2021-09-09,,6
78cb83f3,1269732,0,0,0,0,0,0,0,0,0,0,0,29,1,0,0,0,9,male,Caribbean Premier League,T20,KOK Williams,0,St Lucia Kings,St Kitts and Nevis Patriots,2021-09-15,,6
78cb83f3,1296687,9,1,15,1,0,1,0,0,0,9,0,12,0,0,0,0,4,male,Bangladesh Premier League,T20,KOK Williams,0,Sylhet Sunrisers,Comilla Victorians,2022-01-22,,6
78cb83f3,1323145,0,0,0,0,0,1,0,0,0,0,0,24,1,0,0,0,8,male,Caribbean Premier League,T20,KOK Williams,0,St Lucia Kings,Trinbago Knight Riders,2022-09-01,,6
78cb83f3,1323156,0,0,0,0,0,0,0,0,0,0,0,30,1,0,0,0,6,male,Caribbean Premier League,T20,KOK Williams,0,St Lucia Kings,Guyana Amazon Warriors,2022-09-10,,6
78cb83f3,1323158,1,0,4,0,0,0,0,0,0,3,0,11,0,0,0,0,6,male,Caribbean Premier League,T20,KOK Williams,0,St Lucia Kings,St Kitts and Nevis Patriots,2022-09-11,,6
78cb83f3,1323163,0,0,0,0,0,0,0,0,0,0,0,34,3,0,0,0,12,male,Caribbean Premier League,T20,KOK Williams,0,St Lucia Kings,St Kitts and Nevis Patriots,2022-09-17,,6
78cb83f3,1323166,0,0,0,0,0,0,0,0,0,0,0,21,0,0,0,0,5,male,Caribbean Premier League,T20,KOK Williams,0,St Lucia Kings,Trinbago Knight Riders,2022-09-18,,6
78cb83f3,1323175,0,1,2,0,0,0,0,0,0,2,0,44,1,0,0,0,8,male,Caribbean Premier League,T20,KOK Williams,caught,St Lucia Kings,Jamaica Tallawahs,2022-09-27,,6
