player_id,match_id,runs_scored,player_out,balls_faced,fours_scored,sixes_scored,catches_taken,run_out_direct,run_out_throw,stumpings_done,dot_balls_as_batsman,order_seenballs_bowled,runs_conceded,wickets_taken,bowled_done,lbw_done,maidens,dot_balls_as_bowler,gender,series_name,match_type,name,out_kind,player_team,opposition_team,start_date,end_date,balls_per_over
6020a3c6,1302349,0,0,0,0,0,0,0,0,0,0,0,0,0,0,0,0,0,male,West Indies tour of Netherlands,ODI,KU Carty,0,West Indies,Netherlands,2022-05-31,,6
6020a3c6,1302350,43,0,68,2,1,0,0,0,0,40,0,0,0,0,0,0,0,male,West Indies tour of Netherlands,ODI,KU Carty,0,West Indies,Netherlands,2022-06-02,,6
6020a3c6,1302351,0,0,0,0,0,0,0,0,0,0,0,9,0,0,0,0,2,male,West Indies tour of Netherlands,ODI,KU Carty,0,West Indies,Netherlands,2022-06-04,,6
6020a3c6,1315040,33,1,45,2,1,0,0,0,0,26,0,0,0,0,0,0,0,male,West Indies tour of Pakistan,ODI,KU Carty,0,West Indies,Pakistan,2022-06-12,,6
6020a3c6,1317154,33,1,66,2,1,0,0,0,0,46,0,1,0,0,0,0,0,male,Bangladesh tour of West Indies,ODI,KU Carty,caught,West Indies,Bangladesh,2022-07-16,,6
6020a3c6,1317902,5,1,17,0,0,0,0,0,0,13,0,0,0,0,0,0,0,male,India tour of West Indies,ODI,KU Carty,bowled,West Indies,India,2022-07-27,,6
6020a3c6,1317911,11,1,20,1,0,0,0,0,0,14,0,0,0,0,0,0,0,male,New Zealand tour of West Indies,ODI,KU Carty,0,West Indies,New Zealand,2022-08-17,,6
6020a3c6,1317912,16,0,30,1,0,0,0,0,0,18,0,0,0,0,0,0,0,male,New Zealand tour of West Indies,ODI,KU Carty,0,West Indies,New Zealand,2022-08-19,,6
6020a3c6,1317913,4,1,9,0,0,0,0,0,0,5,0,0,0,0,0,0,0,male,New Zealand tour of West Indies,ODI,KU Carty,caught,West Indies,New Zealand,2022-08-21,,6
6020a3c6,1323167,1,1,2,0,0,0,0,0,0,1,0,0,0,0,0,0,0,male,Caribbean Premier League,T20,KU Carty,0,St Kitts and Nevis Patriots,Barbados Royals,2022-09-21,,6
6020a3c6,1323169,5,1,11,0,0,0,0,0,0,8,0,0,0,0,0,0,0,male,Caribbean Premier League,T20,KU Carty,0,St Kitts and Nevis Patriots,Trinbago Knight Riders,2022-09-22,,6
6020a3c6,1377005,7,0,19,0,0,0,0,0,0,13,0,0,0,0,0,0,0,male,West Indies tour of United Arab Emirates,ODI,KU Carty,0,West Indies,United Arab Emirates,2023-06-04,,6
6020a3c6,1377006,32,1,39,2,1,1,0,0,0,20,0,0,0,0,0,0,0,male,West Indies tour of United Arab Emirates,ODI,KU Carty,0,West Indies,United Arab Emirates,2023-06-06,,6
6020a3c6,1377007,20,1,32,0,1,0,0,0,0,19,0,0,0,0,0,0,0,male,West Indies tour of United Arab Emirates,ODI,KU Carty,caught,West Indies,United Arab Emirates,2023-06-09,,6
6020a3c6,1377775,29,1,51,3,0,0,0,0,0,34,0,0,0,0,0,0,0,male,ICC Cricket World Cup Qualifier,ODI,KU Carty,run out,West Indies,Oman,2023-07-05,,6
6020a3c6,1377778,87,1,98,6,1,0,0,0,0,45,0,18,0,0,0,0,11,male,ICC Cricket World Cup Qualifier,ODI,KU Carty,0,West Indies,Sri Lanka,2023-07-07,,6
6020a3c6,1381215,48,0,66,4,0,1,0,0,0,37,0,0,0,0,0,0,0,male,India tour of West Indies and United States of America,ODI,KU Carty,0,West Indies,India,2023-07-29,,6
6020a3c6,1381216,6,1,12,1,0,0,0,0,0,9,0,0,0,0,0,0,0,male,India tour of West Indies and United States of America,ODI,KU Carty,0,West Indies,India,2023-08-01,,6
6020a3c6,1369585,83,1,53,7,4,0,0,0,0,17,0,0,0,0,0,0,0,male,Caribbean Premier League,T20,KU Carty,0,Trinbago Knight Riders,Guyana Amazon Warriors,2023-09-16,,6
6020a3c6,1369589,0,0,0,0,0,1,0,0,0,0,0,0,0,0,0,0,0,male,Caribbean Premier League,T20,KU Carty,0,Trinbago Knight Riders,Guyana Amazon Warriors,2023-09-20,,6
6020a3c6,1369591,38,1,49,2,1,0,0,0,0,27,0,0,0,0,0,0,0,male,Caribbean Premier League,T20,KU Carty,0,Trinbago Knight Riders,Guyana Amazon Warriors,2023-09-24,,6
6020a3c6,1373576,16,1,39,1,0,1,0,0,0,27,0,0,0,0,0,0,0,male,England tour of West Indies,ODI,KU Carty,lbw,West Indies,England,2023-12-03,,6
6020a3c6,1373577,0,1,2,0,0,0,0,0,0,2,0,0,0,0,0,0,0,male,England tour of West Indies,ODI,KU Carty,0,West Indies,England,2023-12-06,,6
6020a3c6,1373578,50,1,59,5,1,0,0,0,0,32,0,0,0,0,0,0,0,male,England tour of West Indies,ODI,KU Carty,caught and bowled,West Indies,England,2023-12-09,,6
6020a3c6,1375847,88,0,109,6,2,0,0,0,0,57,0,0,0,0,0,0,0,male,West Indies tour of Australia,ODI,KU Carty,0,West Indies,Australia,2024-02-02,,6
6020a3c6,1375848,40,1,52,2,1,0,0,0,0,26,0,0,0,0,0,0,0,male,West Indies tour of Australia,ODI,KU Carty,0,West Indies,Australia,2024-02-04,,6
6020a3c6,1375849,10,1,22,0,0,0,0,0,0,14,0,0,0,0,0,0,0,male,West Indies tour of Australia,ODI,KU Carty,caught,West Indies,Australia,2024-02-06,,6
6020a3c6,1433365,73,2,135,9,0,1,0,0,0,101,0,0,0,0,0,0,0,male,South Africa tour of West Indies,Test,KU Carty,caught,West Indies,South Africa,2024-08-07,2024-08-08,6
6020a3c6,1433366,43,2,84,7,1,0,0,0,0,68,0,0,0,0,0,0,0,male,South Africa tour of West Indies,Test,KU Carty,0,West Indies,South Africa,2024-08-15,2024-08-16,6
6020a3c6,1428680,73,0,38,9,3,1,0,0,0,10,0,0,0,0,0,0,0,male,Caribbean Premier League,T20,KU Carty,0,Trinbago Knight Riders,St Kitts and Nevis Patriots,2024-08-31,,6
6020a3c6,1428685,34,1,24,0,4,0,0,0,0,10,0,0,0,0,0,0,0,male,Caribbean Premier League,T20,KU Carty,caught,Trinbago Knight Riders,Antigua and Barbuda Falcons,2024-09-05,,6
6020a3c6,1428689,15,1,23,0,0,0,0,0,0,10,0,0,0,0,0,0,0,male,Caribbean Premier League,T20,KU Carty,0,Trinbago Knight Riders,St Lucia Kings,2024-09-10,,6
6020a3c6,1428692,32,1,22,1,1,0,0,0,0,5,0,0,0,0,0,0,0,male,Caribbean Premier League,T20,KU Carty,caught and bowled,Trinbago Knight Riders,Barbados Royals,2024-09-13,,6
6020a3c6,1428696,10,1,17,0,0,0,0,0,0,8,0,0,0,0,0,0,0,male,Caribbean Premier League,T20,KU Carty,bowled,Trinbago Knight Riders,Guyana Amazon Warriors,2024-09-18,,6
6020a3c6,1428697,8,1,13,0,0,0,0,0,0,7,0,0,0,0,0,0,0,male,Caribbean Premier League,T20,KU Carty,0,Trinbago Knight Riders,Antigua and Barbuda Falcons,2024-09-19,,6
6020a3c6,1428702,13,1,15,1,0,1,0,0,0,7,0,0,0,0,0,0,0,male,Caribbean Premier League,T20,KU Carty,caught,Trinbago Knight Riders,St Kitts and Nevis Patriots,2024-09-22,,6
6020a3c6,1428703,2,1,5,0,0,0,0,0,0,3,0,0,0,0,0,0,0,male,Caribbean Premier League,T20,KU Carty,caught,Trinbago Knight Riders,St Lucia Kings,2024-09-24,,6
6020a3c6,1428705,32,1,35,2,1,1,0,0,0,17,0,0,0,0,0,0,0,male,Caribbean Premier League,T20,KU Carty,0,Trinbago Knight Riders,Barbados Royals,2024-09-27,,6
6020a3c6,1428707,27,0,13,3,1,2,0,0,0,1,0,0,0,0,0,0,0,male,Caribbean Premier League,T20,KU Carty,0,Trinbago Knight Riders,Guyana Amazon Warriors,2024-09-29,,6
6020a3c6,1428708,0,0,0,0,0,0,0,0,0,0,0,0,0,0,0,0,0,male,Caribbean Premier League,T20,KU Carty,0,Trinbago Knight Riders,Barbados Royals,2024-10-01,,6
6020a3c6,1451817,37,1,58,1,1,0,0,0,0,33,0,0,0,0,0,0,0,male,West Indies tour of Sri Lanka,ODI,KU Carty,0,West Indies,Sri Lanka,2024-10-20,,6
6020a3c6,1451818,6,1,14,1,0,0,0,0,0,11,0,0,0,0,0,0,0,male,West Indies tour of Sri Lanka,ODI,KU Carty,bowled,West Indies,Sri Lanka,2024-10-23,,6
6020a3c6,1451819,0,0,0,0,0,1,0,0,0,0,0,0,0,0,0,0,0,male,West Indies tour of Sri Lanka,ODI,KU Carty,0,West Indies,Sri Lanka,2024-10-26,,6
6020a3c6,1433370,19,0,20,2,0,1,0,0,0,10,0,0,0,0,0,0,0,male,England tour of West Indies,ODI,KU Carty,0,West Indies,England,2024-10-31,,6
6020a3c6,1433371,71,1,77,5,1,0,0,0,0,36,0,0,0,0,0,0,0,male,England tour of West Indies,ODI,KU Carty,0,West Indies,England,2024-11-02,,6
6020a3c6,1433372,128,0,118,15,2,0,0,0,0,52,0,0,0,0,0,0,0,male,England tour of West Indies,ODI,KU Carty,0,West Indies,England,2024-11-06,,6
