player_id,match_id,runs_scored,player_out,balls_faced,fours_scored,sixes_scored,catches_taken,run_out_direct,run_out_throw,stumpings_done,dot_balls_as_batsman,order_seenballs_bowled,runs_conceded,wickets_taken,bowled_done,lbw_done,maidens,dot_balls_as_bowler,gender,series_name,match_type,name,out_kind,player_team,opposition_team,start_date,end_date,balls_per_over
50a92895,1185837,25,1,31,3,0,1,0,0,0,17,0,0,0,0,0,0,0,male,Caribbean Premier League,T20,KY Ottley,0,St Kitts and Nevis Patriots,Trinbago Knight Riders,2019-09-04,,6
50a92895,1185840,15,0,12,3,0,0,0,0,0,6,0,0,0,0,0,0,0,male,Caribbean Premier League,T20,KY Ottley,0,St Kitts and Nevis Patriots,Guyana Amazon Warriors,2019-09-07,,6
50a92895,1185849,0,0,0,0,0,2,0,0,0,0,0,0,0,0,0,0,0,male,Caribbean Premier League,T20,KY Ottley,0,St Kitts and Nevis Patriots,St Lucia Zouks,2019-09-15,,6
50a92895,1244023,24,1,44,2,1,1,0,0,0,32,0,0,0,0,0,0,0,male,ICC Men's Cricket World Cup Super League,ODI,KY Ottley,caught,West Indies,Bangladesh,2021-01-22,,6
50a92895,1244024,1,1,9,0,0,0,0,0,0,8,0,0,0,0,0,0,0,male,West Indies tour of Bangladesh,ODI,KY Ottley,0,West Indies,Bangladesh,2021-01-25,,6
50a92895,1375848,8,1,14,1,0,0,0,0,0,10,0,0,0,0,0,0,0,male,West Indies tour of Australia,ODI,KY Ottley,caught,West Indies,Australia,2024-02-04,,6
50a92895,1375849,8,1,9,2,0,0,0,0,0,7,0,0,0,0,0,0,0,male,West Indies tour of Australia,ODI,KY Ottley,lbw,West Indies,Australia,2024-02-06,,6
