player_id,match_id,runs_scored,player_out,balls_faced,fours_scored,sixes_scored,catches_taken,run_out_direct,run_out_throw,stumpings_done,dot_balls_as_batsman,order_seenballs_bowled,runs_conceded,wickets_taken,bowled_done,lbw_done,maidens,dot_balls_as_bowler,gender,series_name,match_type,name,out_kind,player_team,opposition_team,start_date,end_date,balls_per_over
552f664a,551593,0,1,1,0,0,0,0,0,0,1,0,0,0,0,0,0,0,female,West Indies Women in England T20I Series,T20,Kycia A Knight,lbw,West Indies,England,2012-09-08,,6
552f664a,551597,6,1,7,0,0,0,0,0,1,2,0,0,0,0,0,0,0,female,West Indies Women in England T20I Series,T20,Kycia A Knight,run out,West Indies,England,2012-09-16,,6
552f664a,588498,33,0,47,3,0,0,0,0,0,25,0,0,0,0,0,0,0,female,South Africa Women in West Indies T20I Series,T20,Kycia A Knight,0,West Indies,South Africa,2013-01-19,,6
552f664a,594891,0,1,2,0,0,0,0,0,0,2,0,0,0,0,0,0,0,female,ICC Women's World Cup,ODI,Kycia A Knight,0,West Indies,India,2013-01-31,,6
552f664a,594909,15,1,30,2,0,0,0,0,0,21,0,0,0,0,0,0,0,female,ICC Women's World Cup,ODI,Kycia A Knight,0,West Indies,New Zealand,2013-02-11,,6
552f664a,594915,17,1,36,2,0,1,0,0,0,28,0,0,0,0,0,0,0,female,ICC Women's World Cup,ODI,Kycia A Knight,0,West Indies,Australia,2013-02-17,,6
552f664a,603239,13,1,24,2,0,0,0,0,1,18,0,0,0,0,0,0,0,female,West Indies Women in Sri Lanka ODI Series,ODI,Kycia A Knight,run out,West Indies,Sri Lanka,2013-02-22,,6
552f664a,603241,14,1,37,2,0,0,1,0,0,29,0,0,0,0,0,0,0,female,West Indies Women in Sri Lanka ODI Series,ODI,Kycia A Knight,0,West Indies,Sri Lanka,2013-02-26,,6
552f664a,603243,21,1,37,1,0,0,0,0,0,19,0,0,0,0,0,0,0,female,West Indies Women in Sri Lanka T20I Series,T20,Kycia A Knight,stumped,West Indies,Sri Lanka,2013-03-03,,6
552f664a,603244,11,1,17,0,0,1,0,0,0,8,0,0,0,0,0,0,0,female,West Indies Women in Sri Lanka T20I Series,T20,Kycia A Knight,0,West Indies,Sri Lanka,2013-03-05,,6
552f664a,603246,14,0,21,0,0,1,0,0,4,9,0,0,0,0,0,0,0,female,West Indies Women in Sri Lanka T20I Series,T20,Kycia A Knight,0,West Indies,Sri Lanka,2013-03-08,,6
552f664a,682971,43,1,42,3,2,0,0,0,0,20,0,0,0,0,0,0,0,female,Women's World T20,T20,Kycia A Knight,caught,West Indies,England,2014-03-24,,6
552f664a,682979,0,1,2,0,0,0,0,0,0,2,0,0,0,0,0,0,0,female,Women's World T20,T20,Kycia A Knight,lbw,West Indies,Bangladesh,2014-03-26,,6
552f664a,682989,15,1,22,1,0,1,0,0,0,12,0,0,0,0,0,0,0,female,Women's World T20,T20,Kycia A Knight,0,West Indies,Sri Lanka,2014-03-28,,6
552f664a,683005,0,1,1,0,0,0,0,0,0,1,0,0,0,0,0,0,0,female,Women's World T20,T20,Kycia A Knight,0,West Indies,India,2014-04-01,,6
552f664a,683011,21,1,26,2,0,1,0,0,0,13,0,0,0,0,0,0,0,female,Women's World T20,T20,Kycia A Knight,bowled,West Indies,Australia,2014-04-03,,6
552f664a,754801,3,1,10,0,0,0,0,0,0,7,0,0,0,0,0,0,0,female,West Indies Women in Australia T20I Series,T20,Kycia A Knight,0,West Indies,Australia,2014-11-02,,6
552f664a,754809,14,1,12,3,0,0,0,0,0,8,0,0,0,0,0,0,0,female,ICC Women's Championship,ODI,Kycia A Knight,0,West Indies,Australia,2014-11-11,,6
552f664a,754811,45,1,70,4,1,1,0,0,0,47,0,0,0,0,0,0,0,female,ICC Women's Championship,ODI,Kycia A Knight,lbw,West Indies,Australia,2014-11-13,,6
552f664a,754813,40,1,58,5,0,0,0,0,0,36,0,0,0,0,0,0,0,female,ICC Women's Championship,ODI,Kycia A Knight,lbw,West Indies,Australia,2014-11-16,,6
552f664a,754815,6,1,4,0,1,0,0,0,0,3,0,0,0,0,0,0,0,female,West Indies Women in Australia ODI Series,ODI,Kycia A Knight,0,West Indies,Australia,2014-11-18,,6
552f664a,856117,4,1,2,1,0,0,0,0,0,1,0,0,0,0,0,0,0,female,West Indies Women tour of Sri Lanka,T20,Kycia A Knight,0,West Indies,Sri Lanka,2015-05-23,,6
552f664a,907395,8,1,18,1,0,0,0,1,0,13,0,0,0,0,0,0,0,female,West Indies Women in South Africa T20I Series,T20,Kycia A Knight,caught,West Indies,South Africa,2016-03-04,,6
552f664a,907399,3,1,11,0,0,0,0,0,0,8,0,0,0,0,0,0,0,female,West Indies Women in South Africa T20I Series,T20,Kycia A Knight,0,West Indies,South Africa,2016-03-09,,6
552f664a,1085960,0,1,8,0,0,0,0,0,0,8,0,0,0,0,0,0,0,female,ICC Women's World Cup,ODI,Kycia A Knight,0,West Indies,New Zealand,2017-07-06,,6
552f664a,1085964,19,1,54,2,0,0,0,0,0,42,0,0,0,0,0,0,0,female,ICC Women's World Cup,ODI,Kycia A Knight,0,West Indies,Sri Lanka,2017-07-09,,6
552f664a,1085965,17,1,14,4,0,0,0,0,0,9,0,0,0,0,0,0,0,female,ICC Women's World Cup,ODI,Kycia A Knight,caught,West Indies,Pakistan,2017-07-11,,6
552f664a,1085970,17,0,33,2,0,0,0,0,0,25,0,0,0,0,0,0,0,female,ICC Women's World Cup,ODI,Kycia A Knight,0,West Indies,England,2017-07-15,,6
552f664a,1122902,23,0,29,1,0,0,0,0,0,10,0,0,0,0,0,0,0,female,Sri Lanka Women tour of West Indies,T20,Kycia A Knight,0,West Indies,Sri Lanka,2017-10-21,,6
552f664a,1138191,38,1,80,5,0,0,0,0,0,59,0,0,0,0,0,0,0,female,ICC Women's Championship,ODI,Kycia A Knight,0,West Indies,New Zealand,2018-03-04,,6
552f664a,1138192,16,1,25,1,0,1,0,0,0,15,0,0,0,0,0,0,0,female,ICC Women's Championship,ODI,Kycia A Knight,0,West Indies,New Zealand,2018-03-08,,6
552f664a,1138193,0,0,6,0,0,0,0,0,0,6,0,0,0,0,0,0,0,female,ICC Women's Championship,ODI,Kycia A Knight,0,West Indies,New Zealand,2018-03-11,,6
552f664a,1138194,0,1,1,0,0,1,0,0,0,1,0,0,0,0,0,0,0,female,West Indies Women tour of New Zealand,T20,Kycia A Knight,0,West Indies,New Zealand,2018-03-14,,6
552f664a,1138196,26,1,22,2,0,0,0,0,0,5,0,0,0,0,0,0,0,female,West Indies Women tour of New Zealand,T20,Kycia A Knight,caught,West Indies,New Zealand,2018-03-20,,6
552f664a,1138198,1,0,2,0,0,0,0,0,0,1,0,0,0,0,0,0,0,female,West Indies Women tour of New Zealand,T20,Kycia A Knight,0,West Indies,New Zealand,2018-03-25,,6
552f664a,1156212,23,1,61,2,0,0,0,0,0,47,0,0,0,0,0,0,0,female,ICC Women's Championship,ODI,Kycia A Knight,caught and bowled,West Indies,South Africa,2018-09-16,,6
552f664a,1156214,5,1,6,1,0,0,0,0,0,4,0,0,0,0,0,0,0,female,ICC Women's Championship,ODI,Kycia A Knight,0,West Indies,South Africa,2018-09-22,,6
552f664a,1156216,0,0,0,0,0,0,0,0,0,0,0,0,0,0,0,0,0,female,South Africa Women tour of West Indies,T20,Kycia A Knight,0,West Indies,South Africa,2018-09-28,,6
552f664a,1156218,0,0,0,0,0,0,0,0,0,0,0,0,0,0,0,0,0,female,South Africa Women tour of West Indies,T20,Kycia A Knight,0,West Indies,South Africa,2018-10-04,,6
552f664a,1156219,1,0,1,0,0,0,0,0,0,0,0,0,0,0,0,0,0,female,South Africa Women tour of West Indies,T20,Kycia A Knight,0,West Indies,South Africa,2018-10-06,,6
552f664a,1150535,32,1,25,2,1,0,0,0,0,8,0,0,0,0,0,0,0,female,ICC Women's T20 World Cup,T20,Kycia A Knight,caught and bowled,West Indies,Bangladesh,2018-11-09,,6
552f664a,1150544,32,1,41,2,2,0,0,0,0,26,0,0,0,0,0,0,0,female,ICC Women's T20 World Cup,T20,Kycia A Knight,0,West Indies,South Africa,2018-11-14,,6
552f664a,1150548,3,0,10,0,0,4,0,0,0,7,0,0,0,0,0,0,0,female,ICC Women's T20 World Cup,T20,Kycia A Knight,0,West Indies,Sri Lanka,2018-11-16,,6
552f664a,1150551,4,0,1,1,0,1,0,0,0,0,0,0,0,0,0,0,0,female,ICC Women's T20 World Cup,T20,Kycia A Knight,0,West Indies,England,2018-11-18,,6
552f664a,1150553,7,1,9,0,0,0,0,0,0,3,0,0,0,0,0,0,0,female,ICC Women's T20 World Cup,T20,Kycia A Knight,0,West Indies,Australia,2018-11-22,,6
552f664a,1172469,8,1,12,1,0,1,0,0,0,8,0,0,0,0,0,0,0,female,West Indies Women tour of Pakistan and United Arab Emirates,T20,Kycia A Knight,0,West Indies,Pakistan,2019-01-31,,6
552f664a,1172470,32,0,30,2,1,0,0,0,0,9,0,0,0,0,0,0,0,female,West Indies Women tour of Pakistan and United Arab Emirates,T20,Kycia A Knight,0,West Indies,Pakistan,2019-02-01,,6
552f664a,1172471,0,1,2,0,0,0,0,0,0,2,0,0,0,0,0,0,0,female,West Indies Women tour of Pakistan and United Arab Emirates,T20,Kycia A Knight,0,West Indies,Pakistan,2019-02-03,,6
552f664a,1172210,0,1,19,0,0,1,0,0,1,19,0,0,0,0,0,0,0,female,Pakistan vs West Indies ODI Series,ODI,Kycia A Knight,0,West Indies,Pakistan,2019-02-07,,6
552f664a,1172211,13,1,29,3,0,1,0,0,0,25,0,0,0,0,0,0,0,female,Pakistan vs West Indies ODI Series,ODI,Kycia A Knight,caught,West Indies,Pakistan,2019-02-09,,6
552f664a,wi_201707,0,0,0,0,0,1,0,0,0,0,0,0,0,0,0,0,0,female,Women's T20 Blaze,T20,Kycia A Knight,0,Barbados,Jamaica,2019-03-29,,6
552f664a,wi_201716,24,0,28,2,0,0,0,0,0,14,0,0,0,0,0,0,0,female,Women's T20 Blaze,T20,Kycia A Knight,0,Barbados,Guyana,2019-04-03,,6
552f664a,1185154,0,0,0,0,0,2,0,0,0,0,0,0,0,0,0,0,0,female,West Indies Women tour of England and Ireland,T20,Kycia A Knight,0,West Indies,Ireland,2019-05-26,,6
552f664a,1185155,11,1,7,2,0,0,0,0,0,2,0,0,0,0,0,0,0,female,West Indies Women tour of England and Ireland,T20,Kycia A Knight,caught,West Indies,Ireland,2019-05-28,,6
552f664a,1185156,0,0,0,0,0,0,0,0,0,0,0,0,0,0,0,0,0,female,West Indies Women tour of England and Ireland,T20,Kycia A Knight,0,West Indies,Ireland,2019-05-29,,6
552f664a,1168016,16,1,49,1,0,0,0,0,0,37,0,0,0,0,0,0,0,female,ICC Women's Championship,ODI,Kycia A Knight,0,West Indies,England,2019-06-06,,6
552f664a,1168017,0,1,5,0,0,0,0,0,0,5,0,0,0,0,0,0,0,female,ICC Women's Championship,ODI,Kycia A Knight,0,West Indies,England,2019-06-09,,6
552f664a,1168018,38,1,60,3,0,0,0,0,0,35,0,0,0,0,0,0,0,female,ICC Women's Championship,ODI,Kycia A Knight,caught,West Indies,England,2019-06-13,,6
552f664a,1168020,7,1,7,1,0,0,0,0,0,3,0,0,0,0,0,0,0,female,West Indies Women tour of England and Ireland,T20,Kycia A Knight,0,West Indies,England,2019-06-21,,6
552f664a,1198472,0,0,0,0,0,0,0,0,0,0,0,0,0,0,0,0,0,female,Australia Women tour of West Indies,ODI,Kycia A Knight,0,West Indies,Australia,2019-09-05,,6
552f664a,1267322,15,1,11,1,0,0,0,0,0,3,0,0,0,0,0,0,0,female,Pakistan Women tour of West Indies,T20,Kycia A Knight,0,West Indies,Pakistan,2021-06-30,,6
552f664a,1267323,30,0,21,2,1,0,0,2,0,6,0,0,0,0,0,0,0,female,Pakistan Women tour of West Indies,T20,Kycia A Knight,0,West Indies,Pakistan,2021-07-02,,6
552f664a,1267324,24,0,27,2,0,0,0,0,1,12,0,0,0,0,0,0,0,female,Pakistan Women tour of West Indies,T20,Kycia A Knight,0,West Indies,Pakistan,2021-07-04,,6
552f664a,1267325,19,1,46,2,0,0,0,1,0,36,0,0,0,0,0,0,0,female,Pakistan Women tour of West Indies,ODI,Kycia A Knight,0,West Indies,Pakistan,2021-07-07,,6
552f664a,1267326,12,1,26,0,0,1,0,0,0,15,0,0,0,0,0,0,0,female,Pakistan Women tour of West Indies,ODI,Kycia A Knight,0,West Indies,Pakistan,2021-07-09,,6
552f664a,1267327,0,0,0,0,0,0,0,0,1,0,0,0,0,0,0,0,0,female,Pakistan Women tour of West Indies,ODI,Kycia A Knight,0,West Indies,Pakistan,2021-07-12,,6
552f664a,1273415,0,0,0,0,0,0,0,1,0,0,0,0,0,0,0,0,0,female,South Africa Women tour of West Indies,T20,Kycia A Knight,0,West Indies,South Africa,2021-08-31,,6
552f664a,1273416,10,1,9,1,0,0,0,0,0,3,0,0,0,0,0,0,0,female,South Africa Women tour of West Indies,T20,Kycia A Knight,bowled,West Indies,South Africa,2021-09-02,,6
552f664a,1273417,0,0,2,0,0,1,0,1,0,2,0,0,0,0,0,0,0,female,South Africa Women tour of West Indies,T20,Kycia A Knight,0,West Indies,South Africa,2021-09-04,,6
552f664a,1273418,39,1,79,2,0,0,0,0,0,49,0,0,0,0,0,0,0,female,South Africa Women tour of West Indies,ODI,Kycia A Knight,0,West Indies,South Africa,2021-09-07,,6
552f664a,1273419,22,1,37,3,0,0,0,0,0,26,0,0,0,0,0,0,0,female,South Africa Women tour of West Indies,ODI,Kycia A Knight,0,West Indies,South Africa,2021-09-10,,6
552f664a,1273420,6,1,9,1,0,1,0,0,0,6,0,0,0,0,0,0,0,female,South Africa Women tour of West Indies,ODI,Kycia A Knight,lbw,West Indies,South Africa,2021-09-13,,6
552f664a,1273421,15,1,46,1,0,0,0,0,0,35,0,0,0,0,0,0,0,female,South Africa Women tour of West Indies,ODI,Kycia A Knight,0,West Indies,South Africa,2021-09-16,,6
552f664a,1288209,6,1,6,1,0,0,0,0,0,3,0,0,0,0,0,0,0,female,West Indies Women tour of Pakistan,ODI,Kycia A Knight,0,West Indies,Pakistan,2021-11-08,,6
552f664a,1288210,19,1,21,2,0,0,0,0,0,9,0,0,0,0,0,0,0,female,West Indies Women tour of Pakistan,ODI,Kycia A Knight,retired hurt,West Indies,Pakistan,2021-11-11,,6
552f664a,1277092,1,1,19,0,0,0,0,0,0,18,0,0,0,0,0,0,0,female,West Indies Women tour of South Africa,ODI,Kycia A Knight,caught,West Indies,South Africa,2022-01-28,,6
552f664a,1277093,3,1,12,0,0,0,0,0,0,9,0,0,0,0,0,0,0,female,West Indies Women tour of South Africa,ODI,Kycia A Knight,caught,West Indies,South Africa,2022-01-31,,6
552f664a,1277094,69,1,98,7,0,1,0,0,0,61,0,0,0,0,0,0,0,female,West Indies Women tour of South Africa,ODI,Kycia A Knight,0,West Indies,South Africa,2022-02-03,,6
552f664a,1277095,48,1,76,6,0,0,0,0,0,46,0,0,0,0,0,0,0,female,West Indies Women tour of South Africa,ODI,Kycia A Knight,0,West Indies,South Africa,2022-02-06,,6
552f664a,1243908,5,1,9,1,0,0,0,0,0,7,0,0,0,0,0,0,0,female,ICC Women's World Cup,ODI,Kycia A Knight,caught,West Indies,New Zealand,2022-03-04,,6
552f664a,1243914,6,1,25,0,0,0,0,0,0,20,0,0,0,0,0,0,0,female,ICC Women's World Cup,ODI,Kycia A Knight,0,West Indies,England,2022-03-09,,6
552f664a,1243917,5,1,15,1,0,0,0,0,0,13,0,0,0,0,0,0,0,female,ICC Women's World Cup,ODI,Kycia A Knight,caught,West Indies,India,2022-03-12,,6
552f664a,1243921,0,1,1,0,0,0,0,0,0,1,0,0,0,0,0,0,0,female,ICC Women's World Cup,ODI,Kycia A Knight,0,West Indies,Australia,2022-03-15,,6
552f664a,1243927,8,1,13,1,0,0,0,0,0,9,0,0,0,0,0,0,0,female,ICC Women's World Cup,ODI,Kycia A Knight,0,West Indies,Pakistan,2022-03-21,,6
552f664a,1243930,0,0,0,0,0,0,0,0,0,0,0,0,0,0,0,0,0,female,ICC Women's World Cup,ODI,Kycia A Knight,0,West Indies,South Africa,2022-03-24,,6
552f664a,1243936,0,1,2,0,0,0,0,0,0,2,0,0,0,0,0,0,0,female,ICC Women's World Cup,ODI,Kycia A Knight,0,West Indies,Australia,2022-03-30,,6
552f664a,wi_211825,5,1,7,1,0,2,1,0,0,5,0,0,0,0,0,0,0,female,T20 Blaze,T20,Kycia A Knight,caught and bowled,Barbados,Guyana,2022-06-07,,6
552f664a,wi_211828,12,1,11,3,0,0,0,0,1,8,0,0,0,0,0,0,0,female,T20 Blaze,T20,Kycia A Knight,0,Barbados,Leeward Islands,2022-06-09,,6
552f664a,wi_211830,32,0,41,2,1,0,0,0,0,23,0,0,0,0,0,0,0,female,T20 Blaze,T20,Kycia A Knight,0,Barbados,Windward Islands,2022-06-11,,6
552f664a,wi_211833,14,1,21,2,0,2,0,0,0,14,0,0,0,0,0,0,0,female,T20 Blaze,T20,Kycia A Knight,bowled,Barbados,Jamaica,2022-06-13,,6
552f664a,wi_211977,0,1,3,0,0,0,0,0,0,3,0,0,0,0,0,0,0,female,CG United Women's Super50,ODM,Kycia A Knight,0,Barbados,Jamaica,2022-06-18,,6
552f664a,wi_212061,32,1,51,3,0,0,0,0,1,30,0,0,0,0,0,0,0,female,CG United Women's Super50,ODM,Kycia A Knight,caught,Barbados,Trinidad and Tobago,2022-06-22,,6
552f664a,wi_212064,60,0,80,7,0,0,1,0,0,46,0,0,0,0,0,0,0,female,CG United Women's Super50,ODM,Kycia A Knight,0,Barbados,Jamaica,2022-06-25,,6
552f664a,1289260,62,0,60,9,0,1,0,1,0,29,0,0,0,0,0,0,0,female,Commonwealth Games Women's Cricket Competition,T20,Kycia A Knight,0,Barbados,Pakistan,2022-07-29,,6
552f664a,1289264,9,1,11,0,0,0,0,0,1,6,0,0,0,0,0,0,0,female,Commonwealth Games Women's Cricket Competition,T20,Kycia A Knight,caught,Barbados,Australia,2022-07-31,,6
552f664a,1289268,3,1,13,0,0,0,0,1,0,11,0,0,0,0,0,0,0,female,Commonwealth Games Women's Cricket Competition,T20,Kycia A Knight,bowled,Barbados,India,2022-08-03,,6
552f664a,1343931,39,1,64,4,0,2,0,0,0,43,0,0,0,0,0,0,0,female,England Women tour of West Indies,ODI,Kycia A Knight,0,West Indies,England,2022-12-04,,6
552f664a,1343932,0,1,2,0,0,1,0,0,0,2,0,0,0,0,0,0,0,female,England Women tour of West Indies,ODI,Kycia A Knight,0,West Indies,England,2022-12-06,,6
552f664a,1343933,11,1,22,2,0,1,0,0,1,18,0,0,0,0,0,0,0,female,England Women tour of West Indies,ODI,Kycia A Knight,0,West Indies,England,2022-12-09,,6
552f664a,1343934,0,1,2,0,0,0,0,0,0,2,0,0,0,0,0,0,0,female,England Women tour of West Indies,T20,Kycia A Knight,caught,West Indies,England,2022-12-11,,6
552f664a,1343935,12,1,21,1,0,0,0,0,2,13,0,0,0,0,0,0,0,female,England Women tour of West Indies,T20,Kycia A Knight,0,West Indies,England,2022-12-14,,6
552f664a,1343936,12,1,10,1,0,0,0,0,0,4,0,0,0,0,0,0,0,female,England Women tour of West Indies,T20,Kycia A Knight,bowled,West Indies,England,2022-12-17,,6
552f664a,1380590,15,1,20,1,0,1,0,0,0,11,0,0,0,0,0,0,0,female,Women's Caribbean Premier League,T20,Kycia A Knight,caught,Trinbago Knight Riders,Barbados Royals,2023-09-02,,6
552f664a,1380592,19,1,24,0,1,0,0,1,0,14,0,0,0,0,0,0,0,female,Women's Caribbean Premier League,T20,Kycia A Knight,0,Trinbago Knight Riders,Guyana Amazon Warriors,2023-09-05,,6
552f664a,1380593,30,1,32,2,0,0,0,0,1,12,0,0,0,0,0,0,0,female,Women's Caribbean Premier League,T20,Kycia A Knight,bowled,Trinbago Knight Riders,Barbados Royals,2023-09-06,,6
552f664a,1380594,13,1,22,1,0,0,0,0,0,14,0,0,0,0,0,0,0,female,Women's Caribbean Premier League,T20,Kycia A Knight,caught,Trinbago Knight Riders,Guyana Amazon Warriors,2023-09-09,,6
552f664a,1443200,0,1,1,0,0,0,0,0,0,1,0,0,0,0,0,0,0,female,Women's Caribbean Premier League,T20,Kycia A Knight,bowled,Trinbago Knight Riders,Barbados Royals,2024-08-22,,6
552f664a,1443201,0,1,2,0,0,0,0,0,0,2,0,0,0,0,0,0,0,female,Women's Caribbean Premier League,T20,Kycia A Knight,caught,Trinbago Knight Riders,Guyana Amazon Warriors,2024-08-23,,6
552f664a,1443202,16,1,22,1,0,0,0,2,0,9,0,0,0,0,0,0,0,female,Women's Caribbean Premier League,T20,Kycia A Knight,caught,Trinbago Knight Riders,Guyana Amazon Warriors,2024-08-25,,6
552f664a,1443204,17,1,23,1,0,2,0,0,0,11,0,0,0,0,0,0,0,female,Women's Caribbean Premier League,T20,Kycia A Knight,0,Trinbago Knight Riders,Barbados Royals,2024-08-27,,6
552f664a,1443205,17,0,16,0,1,0,0,0,0,5,0,0,0,0,0,0,0,female,Women's Caribbean Premier League,T20,Kycia A Knight,0,Trinbago Knight Riders,Barbados Royals,2024-08-29,,6
