player_id,match_id,runs_scored,player_out,balls_faced,fours_scored,sixes_scored,catches_taken,run_out_direct,run_out_throw,stumpings_done,dot_balls_as_batsman,order_seenballs_bowled,runs_conceded,wickets_taken,bowled_done,lbw_done,maidens,dot_balls_as_bowler,gender,series_name,match_type,name,out_kind,player_team,opposition_team,start_date,end_date,balls_per_over
89f64c19,257769,0,1,2,0,0,0,0,0,0,2,0,0,0,0,0,0,0,male,West Indies in Pakistan ODI Series,ODI,LMP Simmons,0,West Indies,Pakistan,2006-12-07,,6
89f64c19,257770,70,1,132,7,0,0,0,0,0,91,0,0,0,0,0,0,0,male,West Indies in Pakistan ODI Series,ODI,LMP Simmons,bowled,West Indies,Pakistan,2006-12-10,,6
89f64c19,257771,0,1,1,0,0,0,0,1,0,1,0,9,0,0,0,0,5,male,West Indies in Pakistan ODI Series,ODI,LMP Simmons,lbw,West Indies,Pakistan,2006-12-13,,6
89f64c19,257772,21,1,38,3,0,0,0,0,0,29,0,0,0,0,0,0,0,male,West Indies in Pakistan ODI Series,ODI,LMP Simmons,bowled,West Indies,Pakistan,2006-12-16,,6
89f64c19,267708,17,1,24,2,0,2,0,0,0,13,0,0,0,0,0,0,0,male,West Indies in India ODI Series,ODI,LMP Simmons,0,West Indies,India,2007-01-27,,6
89f64c19,267709,4,0,7,1,0,1,0,0,0,6,0,0,0,0,0,0,0,male,West Indies in India ODI Series,ODI,LMP Simmons,0,West Indies,India,2007-01-31,,6
89f64c19,247483,14,0,26,2,0,0,0,0,0,18,0,0,0,0,0,0,0,male,ICC World Cup,ODI,LMP Simmons,0,West Indies,New Zealand,2007-03-29,,6
89f64c19,258464,9,1,12,2,0,0,0,0,0,9,0,0,0,0,0,0,0,male,West Indies in England T20I Series,T20,LMP Simmons,0,West Indies,England,2007-06-29,,6
89f64c19,352664,32,2,91,4,0,1,0,0,0,79,0,55,0,0,0,0,24,male,The Wisden Trophy,Test,LMP Simmons,0,West Indies,England,2009-03-06,2009-03-07,6
89f64c19,352674,23,0,34,1,0,1,0,0,0,17,0,0,0,0,0,0,0,male,,T20,LMP Simmons,0,West Indies,England,2009-03-15,,6
89f64c19,352665,62,1,107,5,1,0,0,0,0,73,0,0,0,0,0,0,0,male,England in West Indies ODI Series,ODI,LMP Simmons,caught,West Indies,England,2009-03-20,,6
89f64c19,352666,0,1,7,0,0,0,0,0,0,7,0,0,0,0,0,0,0,male,England in West Indies ODI Series,ODI,LMP Simmons,caught,West Indies,England,2009-03-22,,6
89f64c19,352667,14,0,31,1,0,0,0,0,0,20,0,0,0,0,0,0,0,male,England in West Indies ODI Series,ODI,LMP Simmons,0,West Indies,England,2009-03-27,,6
89f64c19,352668,29,0,39,3,1,0,0,0,0,27,0,0,0,0,0,0,0,male,England in West Indies ODI Series,ODI,LMP Simmons,0,West Indies,England,2009-03-29,,6
89f64c19,352669,17,1,19,2,0,1,0,0,0,9,0,0,0,0,0,0,0,male,England in West Indies ODI Series,ODI,LMP Simmons,0,West Indies,England,2009-04-03,,6
89f64c19,380712,37,2,86,4,1,1,0,0,0,70,0,24,0,0,0,1,25,male,The Wisden Trophy,Test,LMP Simmons,0,West Indies,England,2009-05-06,2009-05-07,6
89f64c19,380713,18,2,53,2,0,1,0,0,0,46,0,62,1,0,0,0,53,male,The Wisden Trophy,Test,LMP Simmons,caught,West Indies,England,2009-05-14,2009-05-15,6
89f64c19,380715,0,1,4,0,0,0,0,0,0,4,0,0,0,0,0,0,0,male,NatWest Series,ODI,LMP Simmons,lbw,West Indies,England,2009-05-24,,6
89f64c19,356002,29,1,20,5,0,0,0,0,0,8,0,19,4,0,1,0,6,male,ICC World Twenty20,T20,LMP Simmons,0,West Indies,Sri Lanka,2009-06-10,,6
89f64c19,356006,44,1,39,5,0,3,0,0,0,12,0,0,0,0,0,0,0,male,ICC World Twenty20,T20,LMP Simmons,0,West Indies,India,2009-06-12,,6
89f64c19,356007,77,1,52,12,1,0,0,0,0,21,0,22,1,0,0,0,3,male,ICC World Twenty20,T20,LMP Simmons,0,West Indies,South Africa,2009-06-13,,6
89f64c19,356011,0,1,1,0,0,0,0,0,0,1,0,14,1,0,0,0,3,male,ICC World Twenty20,T20,LMP Simmons,caught,West Indies,England,2009-06-15,,6
89f64c19,356016,0,1,2,0,0,0,0,0,0,2,0,0,0,0,0,0,0,male,ICC World Twenty20,T20,LMP Simmons,0,West Indies,Sri Lanka,2009-06-19,,6
89f64c19,406192,29,1,62,1,0,0,0,0,0,41,0,0,0,0,0,0,0,male,West Indies in Australia ODI Series,ODI,LMP Simmons,0,West Indies,Australia,2010-02-07,,6
89f64c19,406193,1,1,4,0,0,0,0,0,0,3,0,0,0,0,0,0,0,male,West Indies in Australia ODI Series,ODI,LMP Simmons,caught,West Indies,Australia,2010-02-09,,6
89f64c19,406194,0,0,0,0,0,0,0,0,0,0,0,0,0,0,0,0,0,male,West Indies in Australia ODI Series,ODI,LMP Simmons,0,West Indies,Australia,2010-02-12,,6
89f64c19,406195,1,1,11,0,0,0,0,0,0,10,0,0,0,0,0,0,0,male,West Indies in Australia ODI Series,ODI,LMP Simmons,0,West Indies,Australia,2010-02-14,,6
89f64c19,406196,29,1,44,4,0,0,0,0,0,29,0,0,0,0,0,0,0,male,West Indies in Australia ODI Series,ODI,LMP Simmons,caught,West Indies,Australia,2010-02-19,,6
89f64c19,406197,5,1,6,1,0,0,0,0,0,4,0,0,0,0,0,0,0,male,West Indies in Australia T20I Series,T20,LMP Simmons,caught,West Indies,Australia,2010-02-21,,6
89f64c19,489212,65,0,45,7,2,0,0,0,0,13,0,0,0,0,0,0,0,male,,T20,LMP Simmons,0,West Indies,Pakistan,2011-04-21,,6
89f64c19,489213,24,1,46,1,0,0,0,0,0,28,0,0,0,0,0,0,0,male,Pakistan in West Indies ODI Series,ODI,LMP Simmons,caught,West Indies,Pakistan,2011-04-23,,6
89f64c19,489214,51,1,48,4,2,0,0,0,0,25,0,0,0,0,0,0,0,male,Pakistan in West Indies ODI Series,ODI,LMP Simmons,0,West Indies,Pakistan,2011-04-25,,6
89f64c19,489215,51,1,64,4,2,2,0,0,0,40,0,0,0,0,0,0,0,male,Pakistan in West Indies ODI Series,ODI,LMP Simmons,caught and bowled,West Indies,Pakistan,2011-04-28,,6
89f64c19,489216,76,1,70,4,3,1,0,1,0,30,0,0,0,0,0,0,0,male,Pakistan in West Indies ODI Series,ODI,LMP Simmons,caught,West Indies,Pakistan,2011-05-02,,6
89f64c19,489217,77,0,75,7,3,0,0,0,0,41,0,0,0,0,0,0,0,male,Pakistan in West Indies ODI Series,ODI,LMP Simmons,0,West Indies,Pakistan,2011-05-05,,6
89f64c19,489218,70,2,159,4,1,0,0,0,0,116,0,0,0,0,0,0,0,male,Pakistan in West Indies Test Series,Test,LMP Simmons,0,West Indies,Pakistan,2011-05-12,2011-05-13,6
89f64c19,489219,24,2,60,2,0,1,0,0,0,45,0,0,0,0,0,0,0,male,Pakistan in West Indies Test Series,Test,LMP Simmons,0,West Indies,Pakistan,2011-05-20,2011-05-21,6
89f64c19,489220,9,1,10,1,0,0,0,0,0,5,0,0,0,0,0,0,0,male,,T20,LMP Simmons,caught,West Indies,India,2011-06-04,,6
89f64c19,489221,6,1,25,1,0,2,0,0,0,22,0,11,0,0,0,0,7,male,India in West Indies ODI Series,ODI,LMP Simmons,caught,West Indies,India,2011-06-06,,6
89f64c19,489222,53,1,87,3,2,0,0,0,0,60,0,0,0,0,0,0,0,male,India in West Indies ODI Series,ODI,LMP Simmons,stumped,West Indies,India,2011-06-08,,6
89f64c19,489223,45,1,68,4,1,2,0,0,0,43,0,0,0,0,0,0,0,male,India in West Indies ODI Series,ODI,LMP Simmons,caught,West Indies,India,2011-06-11,,6
89f64c19,489224,67,1,79,3,3,0,0,0,0,48,0,3,1,0,0,0,3,male,India in West Indies ODI Series,ODI,LMP Simmons,run out,West Indies,India,2011-06-13,,6
89f64c19,489225,6,1,17,0,0,0,0,0,0,13,0,37,0,0,0,0,12,male,India in West Indies ODI Series,ODI,LMP Simmons,caught,West Indies,India,2011-06-16,,6
89f64c19,489226,30,2,64,3,1,1,0,0,0,51,0,8,0,0,0,0,8,male,India in West Indies Test Series,Test,LMP Simmons,caught,West Indies,India,2011-06-20,2011-06-21,6
89f64c19,489227,16,2,22,3,0,0,0,0,0,17,0,0,0,0,0,0,0,male,India in West Indies Test Series,Test,LMP Simmons,caught,West Indies,India,2011-06-28,2011-06-29,6
89f64c19,531982,23,1,24,2,1,0,0,0,0,12,0,0,0,0,0,0,0,male,,T20,LMP Simmons,lbw,West Indies,Bangladesh,2011-10-11,,6
89f64c19,531983,122,1,126,8,2,1,0,0,0,53,0,0,0,0,0,0,0,male,West Indies in Bangladesh ODI Series,ODI,LMP Simmons,0,West Indies,Bangladesh,2011-10-13,,6
89f64c19,531984,80,1,127,3,3,1,0,0,0,80,0,0,0,0,0,0,0,male,West Indies in Bangladesh ODI Series,ODI,LMP Simmons,0,West Indies,Bangladesh,2011-10-15,,6
89f64c19,531986,51,2,62,6,1,0,0,0,0,39,0,0,0,0,0,0,0,male,West Indies in Bangladesh Test Series,Test,LMP Simmons,0,West Indies,Bangladesh,2011-10-21,2011-10-22,6
89f64c19,536929,19,1,31,2,1,1,0,0,0,24,0,0,0,0,0,0,0,male,West Indies in India ODI Series,ODI,LMP Simmons,0,West Indies,India,2011-11-29,,6
89f64c19,536930,78,1,106,8,1,0,0,0,0,65,0,12,0,0,0,0,10,male,West Indies in India ODI Series,ODI,LMP Simmons,0,West Indies,India,2011-12-02,,6
89f64c19,536931,1,1,8,0,0,0,0,0,0,7,0,10,0,0,0,0,5,male,West Indies in India ODI Series,ODI,LMP Simmons,0,West Indies,India,2011-12-05,,6
89f64c19,536932,36,1,35,6,1,0,0,0,0,22,0,0,0,0,0,0,0,male,West Indies in India ODI Series,ODI,LMP Simmons,0,West Indies,India,2011-12-08,,6
89f64c19,536933,0,1,1,0,0,0,0,0,0,1,0,0,0,0,0,0,0,male,West Indies in India ODI Series,ODI,LMP Simmons,0,West Indies,India,2011-12-11,,6
89f64c19,534209,15,1,16,2,0,0,0,0,0,9,0,0,0,0,0,0,0,male,NatWest Series,ODI,LMP Simmons,bowled,West Indies,England,2012-06-16,,6
89f64c19,534210,12,1,51,1,0,1,0,0,0,42,0,0,0,0,0,0,0,male,NatWest Series,ODI,LMP Simmons,run out,West Indies,England,2012-06-19,,6
89f64c19,534208,6,1,5,1,0,0,0,0,0,2,0,0,0,0,0,0,0,male,,T20,LMP Simmons,0,West Indies,England,2012-06-24,,6
89f64c19,560922,18,1,16,0,2,0,0,1,0,8,0,0,0,0,0,0,0,male,New Zealand v West Indies T20I Series,T20,LMP Simmons,0,West Indies,New Zealand,2012-07-01,,6
89f64c19,560923,0,1,12,0,0,1,0,0,0,12,0,0,0,0,0,0,0,male,New Zealand in West Indies ODI Series,ODI,LMP Simmons,caught,West Indies,New Zealand,2012-07-05,,6
89f64c19,560924,3,1,18,0,0,0,0,0,0,16,0,0,0,0,0,0,0,male,New Zealand in West Indies ODI Series,ODI,LMP Simmons,0,West Indies,New Zealand,2012-07-07,,6
89f64c19,587471,13,1,25,2,0,0,0,0,0,18,0,0,0,0,0,0,0,male,West Indies in Bangladesh ODI Series,ODI,LMP Simmons,0,West Indies,Bangladesh,2012-11-30,,6
89f64c19,587472,9,1,15,0,1,1,0,0,0,11,0,0,0,0,0,0,0,male,West Indies in Bangladesh ODI Series,ODI,LMP Simmons,caught,West Indies,Bangladesh,2012-12-02,,6
89f64c19,587476,18,0,12,2,0,0,0,0,0,1,0,0,0,0,0,0,0,male,,T20,LMP Simmons,0,West Indies,Bangladesh,2012-12-10,,6
89f64c19,593986,63,0,50,1,6,1,0,0,0,21,0,0,0,0,0,0,0,male,Zimbabwe in West Indies T20I Series,T20,LMP Simmons,0,West Indies,Zimbabwe,2013-03-02,,6
89f64c19,593987,41,1,40,1,2,0,0,1,0,15,0,0,0,0,0,0,0,male,Zimbabwe in West Indies T20I Series,T20,LMP Simmons,caught,West Indies,Zimbabwe,2013-03-03,,6
89f64c19,597927,67,1,80,5,4,0,0,0,0,49,0,0,0,0,0,0,0,male,West Indies Tri-Nation Series,ODI,LMP Simmons,0,West Indies,Sri Lanka,2013-07-07,2013-07-08,6
89f64c19,645635,10,1,47,0,0,0,0,0,0,37,0,0,0,0,0,0,0,male,Pakistan in West Indies ODI Series,ODI,LMP Simmons,0,West Indies,Pakistan,2013-07-14,,6
89f64c19,645637,10,1,15,0,0,1,0,0,0,8,0,0,0,0,0,0,0,male,Pakistan in West Indies ODI Series,ODI,LMP Simmons,0,West Indies,Pakistan,2013-07-16,,6
89f64c19,645639,75,1,90,7,2,0,0,0,0,49,0,0,0,0,0,0,0,male,Pakistan in West Indies ODI Series,ODI,LMP Simmons,0,West Indies,Pakistan,2013-07-19,,6
89f64c19,645641,46,1,46,5,1,1,0,0,0,23,0,0,0,0,0,0,0,male,Pakistan in West Indies ODI Series,ODI,LMP Simmons,0,West Indies,Pakistan,2013-07-21,,6
89f64c19,645643,25,1,27,1,2,2,0,0,0,15,0,0,0,0,0,0,0,male,Pakistan in West Indies ODI Series,ODI,LMP Simmons,0,West Indies,Pakistan,2013-07-24,,6
89f64c19,645645,6,1,5,0,1,1,1,0,0,4,0,0,0,0,0,0,0,male,Pakistan in West Indies T20I Series,T20,LMP Simmons,0,West Indies,Pakistan,2013-07-27,,6
89f64c19,645647,3,1,16,0,0,2,0,0,0,13,0,0,0,0,0,0,0,male,Pakistan in West Indies T20I Series,T20,LMP Simmons,bowled,West Indies,Pakistan,2013-07-28,,6
89f64c19,635216,42,1,51,2,1,0,0,0,0,24,0,0,0,0,0,0,0,male,Caribbean Premier League,T20,LMP Simmons,0,Guyana Amazon Warriors,Trinidad & Tobago Red Steel,2013-07-31,,6
89f64c19,635218,67,0,45,5,4,0,0,0,0,18,0,0,0,0,0,0,0,male,Caribbean Premier League,T20,LMP Simmons,0,Guyana Amazon Warriors,Jamaica Tallawahs,2013-08-02,,6
89f64c19,635221,38,1,44,5,0,0,0,0,0,24,0,0,0,0,0,0,0,male,Caribbean Premier League,T20,LMP Simmons,bowled,Guyana Amazon Warriors,St Lucia Zouks,2013-08-04,,6
89f64c19,635225,18,1,10,1,2,0,0,0,0,5,0,0,0,0,0,0,0,male,Caribbean Premier League,T20,LMP Simmons,0,Guyana Amazon Warriors,Trinidad & Tobago Red Steel,2013-08-09,,6
89f64c19,635227,0,1,1,0,0,0,0,0,0,1,0,0,0,0,0,0,0,male,Caribbean Premier League,T20,LMP Simmons,0,Guyana Amazon Warriors,Barbados Tridents,2013-08-11,,6
89f64c19,635230,30,1,39,2,2,0,0,0,0,26,0,0,0,0,0,0,0,male,Caribbean Premier League,T20,LMP Simmons,caught,Guyana Amazon Warriors,Jamaica Tallawahs,2013-08-15,,6
89f64c19,635233,23,1,28,1,1,0,0,0,0,14,0,0,0,0,0,0,0,male,Caribbean Premier League,T20,LMP Simmons,caught,Guyana Amazon Warriors,Antigua Hawksbills,2013-08-17,,6
89f64c19,635236,8,1,8,1,0,0,0,0,0,4,0,0,0,0,0,0,0,male,Caribbean Premier League,T20,LMP Simmons,0,Guyana Amazon Warriors,Trinidad & Tobago Red Steel,2013-08-22,,6
89f64c19,635238,40,1,45,3,2,0,0,0,0,26,0,0,0,0,0,0,0,male,Caribbean Premier League,T20,LMP Simmons,0,Guyana Amazon Warriors,Jamaica Tallawahs,2013-08-24,,6
89f64c19,676529,29,1,42,1,1,1,0,0,0,21,0,14,0,0,0,0,7,male,West Indies in India ODI Series,ODI,LMP Simmons,lbw,West Indies,India,2013-11-21,,6
89f64c19,676531,62,1,75,5,1,0,0,0,0,36,0,5,0,0,0,0,1,male,West Indies in India ODI Series,ODI,LMP Simmons,0,West Indies,India,2013-11-24,,6
89f64c19,676533,13,1,14,2,0,0,0,0,0,7,0,17,0,0,0,0,9,male,West Indies in India ODI Series,ODI,LMP Simmons,0,West Indies,India,2013-11-27,,6
89f64c19,661685,34,1,50,4,1,1,0,0,0,35,0,0,0,0,0,0,0,male,West Indies in New Zealand ODI Series,ODI,LMP Simmons,0,West Indies,New Zealand,2013-12-26,,6
89f64c19,661689,13,1,11,1,1,1,0,0,0,7,0,29,0,0,0,0,0,male,West Indies in New Zealand ODI Series,ODI,LMP Simmons,caught,West Indies,New Zealand,2014-01-01,,6
89f64c19,661691,43,1,48,6,0,0,0,0,0,24,0,0,0,0,0,0,0,male,West Indies in New Zealand ODI Series,ODI,LMP Simmons,0,West Indies,New Zealand,2014-01-04,,6
89f64c19,661693,9,1,19,0,0,1,0,0,0,11,0,0,0,0,0,0,0,male,West Indies in New Zealand ODI Series,ODI,LMP Simmons,0,West Indies,New Zealand,2014-01-08,,6
89f64c19,661695,0,1,4,0,0,0,0,0,0,4,0,0,0,0,0,0,0,male,West Indies in New Zealand T20I Series,T20,LMP Simmons,caught,West Indies,New Zealand,2014-01-11,,6
89f64c19,661697,29,1,19,5,1,1,0,0,0,10,0,0,0,0,0,0,0,male,West Indies in New Zealand T20I Series,T20,LMP Simmons,caught,West Indies,New Zealand,2014-01-15,,6
89f64c19,702141,16,1,23,2,0,0,0,0,0,13,0,0,0,0,0,0,0,male,Ireland in West Indies T20I Series,T20,LMP Simmons,caught,West Indies,Ireland,2014-02-19,,6
89f64c19,702143,12,1,18,0,0,0,0,0,0,6,0,0,0,0,0,0,0,male,Ireland in West Indies T20I Series,T20,LMP Simmons,lbw,West Indies,Ireland,2014-02-21,,6
89f64c19,636533,65,1,96,6,0,0,0,0,0,58,0,0,0,0,0,0,0,male,England in West Indies ODI Series,ODI,LMP Simmons,caught,West Indies,England,2014-02-28,,6
89f64c19,636534,70,1,99,4,2,0,0,0,0,58,0,0,0,0,0,0,0,male,England in West Indies ODI Series,ODI,LMP Simmons,0,West Indies,England,2014-03-02,,6
89f64c19,636535,16,1,22,3,0,0,0,0,0,15,0,13,0,0,0,0,0,male,England in West Indies ODI Series,ODI,LMP Simmons,bowled,West Indies,England,2014-03-05,,6
89f64c19,636536,3,1,7,0,0,0,0,0,0,4,0,0,0,0,0,0,0,male,England in West Indies T20I Series,T20,LMP Simmons,0,West Indies,England,2014-03-09,,6
89f64c19,636537,19,1,13,3,0,2,0,0,0,3,0,0,0,0,0,0,0,male,England in West Indies T20I Series,T20,LMP Simmons,caught,West Indies,England,2014-03-11,,6
89f64c19,636538,69,0,55,7,2,1,0,0,0,21,0,0,0,0,0,0,0,male,England in West Indies T20I Series,T20,LMP Simmons,0,West Indies,England,2014-03-13,,6
89f64c19,682929,27,1,24,1,2,0,0,0,0,12,0,0,0,0,0,0,0,male,World T20,T20,LMP Simmons,0,West Indies,India,2014-03-23,,6
89f64c19,682935,0,1,1,0,0,1,0,0,0,1,0,0,0,0,0,0,0,male,World T20,T20,LMP Simmons,0,West Indies,Bangladesh,2014-03-25,,6
89f64c19,682941,26,1,24,3,0,0,0,0,0,10,0,0,0,0,0,0,0,male,World T20,T20,LMP Simmons,0,West Indies,Australia,2014-03-28,,6
89f64c19,682959,31,1,30,2,2,1,0,0,0,18,0,0,0,0,0,0,0,male,World T20,T20,LMP Simmons,0,West Indies,Pakistan,2014-04-01,,6
89f64c19,682961,4,1,8,0,0,1,1,0,0,4,0,0,0,0,0,0,0,male,World T20,T20,LMP Simmons,lbw,West Indies,Sri Lanka,2014-04-03,,6
89f64c19,733995,38,1,39,3,2,1,0,0,0,22,0,0,0,0,0,0,0,male,Indian Premier League,T20,LMP Simmons,0,Mumbai Indians,Chennai Super Kings,2014-05-10,,6
89f64c19,734001,68,1,50,5,4,0,0,0,0,22,0,0,0,0,0,0,0,male,Indian Premier League,T20,LMP Simmons,bowled,Mumbai Indians,Sunrisers Hyderabad,2014-05-12,,6
89f64c19,734009,12,1,15,2,0,0,0,0,0,9,0,34,1,1,0,0,2,male,Indian Premier League,T20,LMP Simmons,bowled,Mumbai Indians,Kolkata Knight Riders,2014-05-14,,6
89f64c19,734017,62,1,51,6,2,0,0,0,0,21,0,0,0,0,0,0,0,male,Indian Premier League,T20,LMP Simmons,caught,Mumbai Indians,Rajasthan Royals,2014-05-19,,6
89f64c19,734025,100,0,65,14,2,0,0,0,0,21,0,0,0,0,0,0,0,male,Indian Premier League,T20,LMP Simmons,0,Mumbai Indians,Kings XI Punjab,2014-05-21,,6
89f64c19,734031,35,1,27,5,0,0,0,0,0,10,0,0,0,0,0,0,0,male,Indian Premier League,T20,LMP Simmons,0,Mumbai Indians,Delhi Daredevils,2014-05-23,,6
89f64c19,734041,12,1,8,3,0,1,0,0,0,5,0,0,0,0,0,0,0,male,Indian Premier League,T20,LMP Simmons,0,Mumbai Indians,Rajasthan Royals,2014-05-25,,6
89f64c19,734045,67,1,44,5,4,0,0,0,0,15,0,0,0,0,0,0,0,male,Indian Premier League,T20,LMP Simmons,0,Mumbai Indians,Chennai Super Kings,2014-05-28,,6
89f64c19,730283,1,1,3,0,0,0,0,0,0,2,0,0,0,0,0,0,0,male,New Zealand in West Indies T20I Series,T20,LMP Simmons,lbw,West Indies,New Zealand,2014-07-05,,6
89f64c19,730285,36,1,35,3,2,1,0,0,0,19,0,0,0,0,0,0,0,male,New Zealand in West Indies T20I Series,T20,LMP Simmons,0,West Indies,New Zealand,2014-07-06,,6
89f64c19,743137,0,1,3,0,0,0,0,0,0,3,0,0,0,0,0,0,0,male,Caribbean Premier League,T20,LMP Simmons,0,Guyana Amazon Warriors,Antigua Hawksbills,2014-07-11,,6
89f64c19,743149,36,1,28,3,2,0,0,0,0,14,0,0,0,0,0,0,0,male,Caribbean Premier League,T20,LMP Simmons,bowled,Guyana Amazon Warriors,St Lucia Zouks,2014-07-19,,6
89f64c19,743153,68,0,65,3,2,1,0,0,0,23,0,0,0,0,0,0,0,male,Caribbean Premier League,T20,LMP Simmons,0,Guyana Amazon Warriors,Jamaica Tallawahs,2014-07-20,,6
89f64c19,743157,24,1,21,5,0,1,0,0,0,12,0,0,0,0,0,0,0,male,Caribbean Premier League,T20,LMP Simmons,stumped,Guyana Amazon Warriors,Trinidad & Tobago Red Steel,2014-07-24,,6
89f64c19,743163,64,1,43,5,4,0,0,0,0,16,0,9,0,0,0,0,2,male,Caribbean Premier League,T20,LMP Simmons,caught,Guyana Amazon Warriors,Barbados Tridents,2014-07-26,,6
89f64c19,743171,34,1,36,1,3,1,0,0,0,21,0,0,0,0,0,0,0,male,Caribbean Premier League,T20,LMP Simmons,caught,Guyana Amazon Warriors,Jamaica Tallawahs,2014-08-02,,6
89f64c19,743179,0,1,6,0,0,0,0,0,0,6,0,0,0,0,0,0,0,male,Caribbean Premier League,T20,LMP Simmons,0,Guyana Amazon Warriors,Antigua Hawksbills,2014-08-07,,6
89f64c19,743187,97,1,63,5,8,1,0,0,0,25,0,28,0,0,0,0,2,male,Caribbean Premier League,T20,LMP Simmons,0,Guyana Amazon Warriors,St Lucia Zouks,2014-08-10,,6
89f64c19,743193,71,0,44,7,3,1,0,0,0,13,0,0,0,0,0,0,0,male,Caribbean Premier League,T20,LMP Simmons,0,Guyana Amazon Warriors,Jamaica Tallawahs,2014-08-14,,6
89f64c19,743195,20,1,26,1,1,0,0,0,0,15,0,0,0,0,0,0,0,male,Caribbean Premier League,T20,LMP Simmons,caught,Guyana Amazon Warriors,Barbados Tridents,2014-08-16,,6
89f64c19,730287,0,1,2,0,0,0,0,1,0,2,0,0,0,0,0,0,0,male,Bangladesh in West Indies ODI Series,ODI,LMP Simmons,0,West Indies,Bangladesh,2014-08-20,,6
89f64c19,730289,40,1,62,3,0,1,0,1,0,33,0,0,0,0,0,0,0,male,Bangladesh in West Indies ODI Series,ODI,LMP Simmons,caught,West Indies,Bangladesh,2014-08-22,,6
89f64c19,730291,6,1,12,1,0,0,0,0,0,9,0,0,0,0,0,0,0,male,Bangladesh in West Indies ODI Series,ODI,LMP Simmons,caught,West Indies,Bangladesh,2014-08-25,,6
89f64c19,730293,0,0,0,0,0,0,0,0,0,0,0,0,0,0,0,0,0,male,,T20,LMP Simmons,0,West Indies,Bangladesh,2014-08-27,,6
89f64c19,736063,49,1,36,6,2,0,0,0,0,19,0,0,0,0,0,0,0,male,West Indies in South Africa T20I Series,T20,LMP Simmons,caught,West Indies,South Africa,2015-01-14,,6
89f64c19,656407,102,1,87,9,5,0,0,0,0,43,0,12,0,0,0,0,0,male,ICC Cricket World Cup,ODI,LMP Simmons,caught,West Indies,Ireland,2015-02-16,,6
89f64c19,656417,50,0,47,4,2,1,0,0,0,20,0,0,0,0,0,0,0,male,ICC Cricket World Cup,ODI,LMP Simmons,0,West Indies,Pakistan,2015-02-21,,6
89f64c19,656427,0,0,0,0,0,1,0,0,0,0,0,0,0,0,0,0,0,male,ICC Cricket World Cup,ODI,LMP Simmons,0,West Indies,Zimbabwe,2015-02-24,,6
89f64c19,656435,0,1,2,0,0,0,0,0,0,2,0,0,0,0,0,0,0,male,ICC Cricket World Cup,ODI,LMP Simmons,0,West Indies,South Africa,2015-02-27,,6
89f64c19,656453,9,1,23,0,0,0,0,0,0,16,0,0,0,0,0,0,0,male,ICC Cricket World Cup,ODI,LMP Simmons,caught,West Indies,India,2015-03-06,,6
89f64c19,656479,0,0,0,0,0,0,0,0,0,0,0,0,0,0,0,0,0,male,ICC Cricket World Cup,ODI,LMP Simmons,0,West Indies,United Arab Emirates,2015-03-15,,6
89f64c19,656489,12,1,17,1,1,0,0,0,0,13,0,0,0,0,0,0,0,male,ICC Cricket World Cup,ODI,LMP Simmons,0,West Indies,New Zealand,2015-03-21,,6
89f64c19,829729,5,1,13,1,0,0,0,0,0,11,0,0,0,0,0,0,0,male,Indian Premier League,T20,LMP Simmons,caught,Mumbai Indians,Chennai Super Kings,2015-04-17,,6
89f64c19,829737,59,1,46,9,2,0,0,0,0,25,0,0,0,0,0,0,0,male,Indian Premier League,T20,LMP Simmons,0,Mumbai Indians,Royal Challengers Bangalore,2015-04-19,,6
89f64c19,829747,15,1,16,3,0,0,0,0,0,10,0,0,0,0,0,0,0,male,Indian Premier League,T20,LMP Simmons,0,Mumbai Indians,Delhi Daredevils,2015-04-23,,6
89f64c19,829751,51,1,43,6,1,0,0,0,0,16,0,0,0,0,0,0,0,male,Indian Premier League,T20,LMP Simmons,0,Mumbai Indians,Sunrisers Hyderabad,2015-04-25,,6
89f64c19,829769,38,1,33,4,1,0,0,0,0,15,0,0,0,0,0,0,0,male,Indian Premier League,T20,LMP Simmons,0,Mumbai Indians,Rajasthan Royals,2015-05-01,,6
89f64c19,829775,71,1,56,9,1,0,0,0,0,24,0,0,0,0,0,0,0,male,Indian Premier League,T20,LMP Simmons,0,Mumbai Indians,Kings XI Punjab,2015-05-03,,6
89f64c19,829783,0,1,2,0,0,1,0,0,0,2,0,0,0,0,0,0,0,male,Indian Premier League,T20,LMP Simmons,0,Mumbai Indians,Delhi Daredevils,2015-05-05,,6
89f64c19,829789,38,1,32,3,2,1,0,0,0,15,0,0,0,0,0,0,0,male,Indian Premier League,T20,LMP Simmons,0,Mumbai Indians,Chennai Super Kings,2015-05-08,,6
89f64c19,829795,68,1,53,5,3,1,0,0,0,18,0,0,0,0,0,0,0,male,Indian Premier League,T20,LMP Simmons,run out,Mumbai Indians,Royal Challengers Bangalore,2015-05-10,,6
89f64c19,829805,14,1,16,1,1,0,1,0,0,10,0,0,0,0,0,0,0,male,Indian Premier League,T20,LMP Simmons,0,Mumbai Indians,Kolkata Knight Riders,2015-05-14,,6
89f64c19,829815,48,1,47,4,2,1,0,0,0,24,0,0,0,0,0,0,0,male,Indian Premier League,T20,LMP Simmons,caught,Mumbai Indians,Sunrisers Hyderabad,2015-05-17,,6
89f64c19,829817,65,1,53,3,5,1,0,0,0,27,0,0,0,0,0,0,0,male,Indian Premier League,T20,LMP Simmons,0,Mumbai Indians,Chennai Super Kings,2015-05-19,,6
89f64c19,829823,68,1,45,8,3,1,0,0,0,18,0,0,0,0,0,0,0,male,Indian Premier League,T20,LMP Simmons,0,Mumbai Indians,Chennai Super Kings,2015-05-24,,6
89f64c19,857703,1,0,5,0,0,0,0,0,0,4,0,19,0,0,0,0,4,male,Caribbean Premier League,T20,LMP Simmons,0,Guyana Amazon Warriors,Barbados Tridents,2015-06-20,,6
89f64c19,857713,14,1,18,2,0,0,0,0,0,10,0,0,0,0,0,0,0,male,Caribbean Premier League,T20,LMP Simmons,caught,Guyana Amazon Warriors,St Lucia Zouks,2015-06-26,,6
89f64c19,857723,41,1,34,5,1,0,0,0,0,15,0,0,0,0,0,0,0,male,Caribbean Premier League,T20,LMP Simmons,caught,Guyana Amazon Warriors,St Kitts and Nevis Patriots,2015-07-03,,6
89f64c19,857729,50,1,49,3,2,0,0,0,0,20,0,0,0,0,0,0,0,male,Caribbean Premier League,T20,LMP Simmons,0,Guyana Amazon Warriors,Trinidad & Tobago Red Steel,2015-07-04,,6
89f64c19,857745,36,1,34,4,1,2,0,0,0,19,0,0,0,0,0,0,0,male,Caribbean Premier League,T20,LMP Simmons,caught,Guyana Amazon Warriors,Jamaica Tallawahs,2015-07-12,,6
89f64c19,857753,31,1,27,5,0,0,0,0,0,12,0,0,0,0,0,0,0,male,Caribbean Premier League,T20,LMP Simmons,0,Guyana Amazon Warriors,St Lucia Zouks,2015-07-17,,6
89f64c19,857757,15,1,32,0,0,0,0,0,0,19,0,0,0,0,0,0,0,male,Caribbean Premier League,T20,LMP Simmons,caught,Guyana Amazon Warriors,Barbados Tridents,2015-07-18,,6
89f64c19,857761,65,0,51,5,3,1,0,0,0,19,0,0,0,0,0,0,0,male,Caribbean Premier League,T20,LMP Simmons,0,Guyana Amazon Warriors,Trinidad & Tobago Red Steel,2015-07-21,,6
89f64c19,857765,64,1,51,8,0,1,0,0,0,16,0,3,0,0,0,0,1,male,Caribbean Premier League,T20,LMP Simmons,run out,Guyana Amazon Warriors,Trinidad & Tobago Red Steel,2015-07-25,,6
89f64c19,935289,19,1,21,3,0,0,1,0,0,12,0,0,0,0,0,0,0,male,Bangladesh Premier League,T20,LMP Simmons,caught,Rangpur Riders,Barisal Bulls,2015-11-23,,6
89f64c19,935295,51,1,39,5,3,0,0,0,0,19,0,0,0,0,0,0,0,male,Bangladesh Premier League,T20,LMP Simmons,caught,Rangpur Riders,Dhaka Dynamites,2015-11-25,,6
89f64c19,935299,13,0,16,2,0,0,0,0,0,10,0,0,0,0,0,0,0,male,Bangladesh Premier League,T20,LMP Simmons,0,Rangpur Riders,Sylhet Super Stars,2015-11-26,,6
89f64c19,935303,3,1,7,0,0,0,0,0,0,4,0,0,0,0,0,0,0,male,Bangladesh Premier League,T20,LMP Simmons,caught,Rangpur Riders,Comilla Victorians,2015-11-27,,6
89f64c19,935325,18,1,22,2,0,0,0,0,0,11,0,0,0,0,0,0,0,male,Bangladesh Premier League,T20,LMP Simmons,0,Rangpur Riders,Dhaka Dynamites,2015-12-06,,6
89f64c19,935329,5,1,8,1,0,0,0,0,0,6,0,0,0,0,0,0,0,male,Bangladesh Premier League,T20,LMP Simmons,caught,Rangpur Riders,Sylhet Super Stars,2015-12-07,,6
89f64c19,935333,13,1,18,2,0,1,0,0,0,11,0,0,0,0,0,0,0,male,Bangladesh Premier League,T20,LMP Simmons,0,Rangpur Riders,Comilla Victorians,2015-12-08,,6
89f64c19,935343,25,1,21,5,0,0,0,0,0,12,0,0,0,0,0,0,0,male,Bangladesh Premier League,T20,LMP Simmons,bowled,Rangpur Riders,Comilla Victorians,2015-12-12,,6
89f64c19,935347,73,1,58,9,2,0,1,0,0,25,0,0,0,0,0,0,0,male,Bangladesh Premier League,T20,LMP Simmons,0,Rangpur Riders,Barisal Bulls,2015-12-13,,6
89f64c19,897699,29,1,28,2,2,1,0,0,0,16,0,0,0,0,0,0,0,male,Big Bash League,T20,LMP Simmons,0,Brisbane Heat,Melbourne Renegades,2015-12-19,,6
89f64c19,897707,16,1,18,1,1,2,0,0,0,11,0,0,0,0,0,0,0,male,Big Bash League,T20,LMP Simmons,caught,Brisbane Heat,Hobart Hurricanes,2015-12-22,,6
89f64c19,897711,0,1,2,0,0,0,0,0,0,2,0,0,0,0,0,0,0,male,Big Bash League,T20,LMP Simmons,caught,Brisbane Heat,Perth Scorchers,2015-12-26,,6
89f64c19,897717,0,1,3,0,0,1,0,0,0,3,0,0,0,0,0,0,0,male,Big Bash League,T20,LMP Simmons,bowled,Brisbane Heat,Hobart Hurricanes,2015-12-29,,6
89f64c19,897729,34,1,25,2,2,0,0,0,0,10,0,0,0,0,0,0,0,male,Big Bash League,T20,LMP Simmons,0,Brisbane Heat,Sydney Thunder,2016-01-03,,6
89f64c19,897739,0,1,3,0,0,0,0,0,0,3,0,0,0,0,0,0,0,male,Big Bash League,T20,LMP Simmons,lbw,Brisbane Heat,Adelaide Strikers,2016-01-08,,6
89f64c19,897745,54,1,31,9,1,1,0,0,0,10,0,0,0,0,0,0,0,male,Big Bash League,T20,LMP Simmons,0,Brisbane Heat,Sydney Sixers,2016-01-10,,6
89f64c19,897751,44,1,37,5,1,0,0,0,0,14,0,0,0,0,0,0,0,male,Big Bash League,T20,LMP Simmons,0,Brisbane Heat,Melbourne Stars,2016-01-14,,6
89f64c19,959177,62,0,47,8,2,0,0,0,0,20,0,0,0,0,0,0,0,male,Pakistan Super League,T20,LMP Simmons,0,Karachi Kings,Lahore Qalandars,2016-02-05,,6
89f64c19,959181,11,1,19,0,1,0,0,0,0,13,0,0,0,0,0,0,0,male,Pakistan Super League,T20,LMP Simmons,0,Karachi Kings,Quetta Gladiators,2016-02-06,,6
89f64c19,959185,1,0,3,0,0,0,0,0,0,2,0,0,0,0,0,0,0,male,Pakistan Super League,T20,LMP Simmons,0,Karachi Kings,Islamabad United,2016-02-07,,6
89f64c19,959211,49,1,39,6,2,0,0,0,0,19,0,0,0,0,0,0,0,male,Pakistan Super League,T20,LMP Simmons,bowled,Karachi Kings,Peshawar Zalmi,2016-02-17,,6
89f64c19,959217,19,1,18,3,1,0,0,0,0,13,0,0,0,0,0,0,0,male,Pakistan Super League,T20,LMP Simmons,caught and bowled,Karachi Kings,Islamabad United,2016-02-20,,6
89f64c19,951371,82,0,51,7,5,0,0,0,0,20,0,0,0,0,0,0,0,male,World T20,T20,LMP Simmons,0,West Indies,India,2016-03-31,,6
89f64c19,951373,0,1,1,0,0,1,0,0,0,1,0,0,0,0,0,0,0,male,World T20,T20,LMP Simmons,0,West Indies,England,2016-04-03,,6
89f64c19,980901,8,1,8,0,1,0,0,0,0,5,0,0,0,0,0,0,0,male,Indian Premier League,T20,LMP Simmons,0,Mumbai Indians,Rising Pune Supergiants,2016-04-09,,6
89f64c19,994669,0,1,5,0,0,0,0,0,0,5,0,0,0,0,0,0,0,male,Caribbean Premier League,T20,LMP Simmons,0,St Kitts and Nevis Patriots,Guyana Amazon Warriors,2016-06-30,,6
89f64c19,994671,29,1,31,2,2,0,0,0,0,20,0,0,0,0,0,0,0,male,Caribbean Premier League,T20,LMP Simmons,0,St Kitts and Nevis Patriots,Jamaica Tallawahs,2016-07-02,,6
89f64c19,994673,30,1,16,2,3,0,0,0,0,7,0,0,0,0,0,0,0,male,Caribbean Premier League,T20,LMP Simmons,0,St Kitts and Nevis Patriots,St Lucia Zouks,2016-07-03,,6
89f64c19,1019645,18,1,14,4,0,1,0,0,0,8,0,0,0,0,0,0,0,male,Caribbean Premier League,T20,LMP Simmons,stumped,St Kitts and Nevis Patriots,Barbados Tridents,2016-07-13,,6
89f64c19,1019771,0,1,3,0,0,0,0,0,0,3,0,0,0,0,0,0,0,male,Caribbean Premier League,T20,LMP Simmons,caught and bowled,St Kitts and Nevis Patriots,Jamaica Tallawahs,2016-07-16,,6
89f64c19,1011497,15,1,15,1,0,0,0,0,0,6,0,0,0,0,0,0,0,male,Caribbean Premier League,T20,LMP Simmons,caught,St Kitts and Nevis Patriots,St Lucia Zouks,2016-07-21,,6
89f64c19,994679,5,1,5,1,0,0,0,0,0,3,0,0,0,0,0,0,0,male,Caribbean Premier League,T20,LMP Simmons,caught,St Kitts and Nevis Patriots,Trinbago Knight Riders,2016-07-29,,6
89f64c19,994685,60,0,43,3,4,0,0,0,0,16,0,9,0,0,0,0,1,male,Caribbean Premier League,T20,LMP Simmons,0,St Kitts and Nevis Patriots,Trinbago Knight Riders,2016-07-31,,6
89f64c19,1041615,0,1,1,0,0,0,0,0,0,1,0,0,0,0,0,0,0,male,West Indies v India T20I Series,T20,LMP Simmons,bowled,West Indies,India,2016-08-27,,6
89f64c19,1041617,19,1,20,3,0,0,0,0,0,10,0,0,0,0,0,0,0,male,West Indies v India T20I Series,T20,LMP Simmons,stumped,West Indies,India,2016-08-28,,6
89f64c19,1077947,1,1,3,0,0,0,0,0,0,2,0,0,0,0,0,0,0,male,Pakistan in West Indies T20I Series,T20,LMP Simmons,bowled,West Indies,Pakistan,2017-03-26,,6
89f64c19,1077948,1,1,2,0,0,0,0,0,0,1,0,0,0,0,0,0,0,male,Pakistan in West Indies T20I Series,T20,LMP Simmons,0,West Indies,Pakistan,2017-03-30,,6
89f64c19,1085495,4,0,1,1,0,1,0,0,0,0,0,0,0,0,0,0,0,male,Pakistan in West Indies T20I Series,T20,LMP Simmons,0,West Indies,Pakistan,2017-04-01,,6
89f64c19,1085496,1,1,4,0,0,0,0,0,0,3,0,0,0,0,0,0,0,male,Pakistan in West Indies T20I Series,T20,LMP Simmons,0,West Indies,Pakistan,2017-04-02,,6
89f64c19,1082635,66,1,44,5,4,2,0,0,0,16,0,0,0,0,0,0,0,male,Indian Premier League,T20,LMP Simmons,caught,Mumbai Indians,Delhi Daredevils,2017-05-06,,6
89f64c19,1082638,1,1,5,0,0,0,0,0,0,4,0,0,0,0,0,0,0,male,Indian Premier League,T20,LMP Simmons,0,Mumbai Indians,Sunrisers Hyderabad,2017-05-08,,6
89f64c19,1082641,59,1,33,5,4,0,0,0,0,13,0,0,0,0,0,0,0,male,Indian Premier League,T20,LMP Simmons,caught,Mumbai Indians,Kings XI Punjab,2017-05-11,,6
89f64c19,1082644,0,1,5,0,0,0,0,0,0,5,0,0,0,0,0,0,0,male,Indian Premier League,T20,LMP Simmons,0,Mumbai Indians,Kolkata Knight Riders,2017-05-13,,6
89f64c19,1082647,5,0,15,0,0,0,0,0,0,10,0,0,0,0,0,0,0,male,Indian Premier League,T20,LMP Simmons,0,Mumbai Indians,Rising Pune Supergiant,2017-05-16,,6
89f64c19,1082649,3,1,6,0,0,0,0,0,0,4,0,0,0,0,0,0,0,male,Indian Premier League,T20,LMP Simmons,0,Mumbai Indians,Kolkata Knight Riders,2017-05-19,,6
89f64c19,1082650,3,1,8,0,0,0,0,0,0,5,0,0,0,0,0,0,0,male,Indian Premier League,T20,LMP Simmons,0,Mumbai Indians,Rising Pune Supergiant,2017-05-21,,6
89f64c19,1089776,6,1,3,0,1,0,0,0,0,2,0,0,0,0,0,0,0,male,Afghanistan in West Indies T20I Series,T20,LMP Simmons,0,West Indies,Afghanistan,2017-06-02,,6
89f64c19,1089777,17,0,14,1,0,1,0,0,0,4,0,0,0,0,0,0,0,male,Afghanistan in West Indies T20I Series,T20,LMP Simmons,0,West Indies,Afghanistan,2017-06-03,,6
89f64c19,1089778,15,1,10,1,1,0,0,0,0,4,0,0,0,0,0,0,0,male,Afghanistan in West Indies T20I Series,T20,LMP Simmons,caught,West Indies,Afghanistan,2017-06-05,,6
89f64c19,1094674,53,1,49,6,1,0,0,0,0,23,0,0,0,0,0,0,0,male,Caribbean Premier League,T20,LMP Simmons,0,Jamaica Tallawahs,Barbados Tridents,2017-08-05,,6
89f64c19,1094676,30,1,35,3,0,1,0,0,0,16,0,0,0,0,0,0,0,male,Caribbean Premier League,T20,LMP Simmons,0,Jamaica Tallawahs,Barbados Tridents,2017-08-06,,6
89f64c19,1094678,38,1,18,4,3,1,0,0,0,8,0,0,0,0,0,0,0,male,Caribbean Premier League,T20,LMP Simmons,0,Jamaica Tallawahs,Trinbago Knight Riders,2017-08-09,,6
89f64c19,1094685,17,1,19,1,1,1,0,0,0,10,0,0,0,0,0,0,0,male,Caribbean Premier League,T20,LMP Simmons,0,Jamaica Tallawahs,St Lucia Stars,2017-08-15,,6
89f64c19,1094686,20,1,29,2,1,0,0,0,0,21,0,0,0,0,0,0,0,male,Caribbean Premier League,T20,LMP Simmons,bowled,Jamaica Tallawahs,Guyana Amazon Warriors,2017-08-17,,6
89f64c19,1094691,6,1,8,1,0,1,0,0,0,5,0,0,0,0,0,0,0,male,Caribbean Premier League,T20,LMP Simmons,caught,Jamaica Tallawahs,St Kitts and Nevis Patriots,2017-08-21,,6
89f64c19,1094694,11,1,21,1,1,0,0,0,0,18,0,0,0,0,0,0,0,male,Caribbean Premier League,T20,LMP Simmons,0,Jamaica Tallawahs,St Lucia Stars,2017-08-25,,6
89f64c19,1094695,32,1,19,1,3,2,0,0,0,8,0,0,0,0,0,0,0,male,Caribbean Premier League,T20,LMP Simmons,0,Jamaica Tallawahs,Trinbago Knight Riders,2017-08-26,,6
89f64c19,1094697,0,1,1,0,0,0,0,0,0,1,0,0,0,0,0,0,0,male,Caribbean Premier League,T20,LMP Simmons,0,Jamaica Tallawahs,St Kitts and Nevis Patriots,2017-08-30,,6
89f64c19,1094699,15,1,15,2,0,0,0,0,0,7,0,0,0,0,0,0,0,male,Caribbean Premier League,T20,LMP Simmons,caught,Jamaica Tallawahs,Guyana Amazon Warriors,2017-09-01,,6
89f64c19,1094703,34,1,25,5,1,1,0,0,0,13,0,0,0,0,0,0,0,male,Caribbean Premier League,T20,LMP Simmons,0,Jamaica Tallawahs,Guyana Amazon Warriors,2017-09-06,,6
89f64c19,1121253,53,0,52,4,1,0,0,0,0,21,0,0,0,0,0,0,0,male,Bangladesh Premier League,T20,LMP Simmons,0,Rajshahi Kings,Rangpur Riders,2017-11-11,,6
89f64c19,1121256,40,1,24,6,1,0,0,0,0,7,0,0,0,0,0,0,0,male,Bangladesh Premier League,T20,LMP Simmons,0,Rajshahi Kings,Comilla Victorians,2017-11-12,,6
89f64c19,1121280,1,1,8,0,0,0,0,0,0,7,0,0,0,0,0,0,0,male,Bangladesh Premier League,T20,LMP Simmons,0,Rajshahi Kings,Dhaka Dynamites,2017-12-02,,6
89f64c19,1128839,4,1,14,0,0,0,0,0,0,10,0,0,0,0,0,0,0,male,Pakistan Super League,T20,LMP Simmons,caught,Karachi Kings,Multan Sultans,2018-03-10,,6
89f64c19,1128841,57,1,43,8,1,2,0,0,0,17,0,0,0,0,0,0,0,male,Pakistan Super League,T20,LMP Simmons,0,Karachi Kings,Lahore Qalandars,2018-03-11,,6
89f64c19,1148647,3,1,10,0,0,0,0,0,0,7,0,15,0,0,0,0,1,male,Caribbean Premier League,T20,LMP Simmons,0,St Lucia Stars,Trinbago Knight Riders,2018-08-08,,6
89f64c19,1148650,45,1,41,0,5,0,0,0,0,21,0,0,0,0,0,0,0,male,Caribbean Premier League,T20,LMP Simmons,0,St Lucia Stars,Guyana Amazon Warriors,2018-08-11,,6
89f64c19,1148653,22,1,16,1,2,1,0,0,0,8,0,0,0,0,0,0,0,male,Caribbean Premier League,T20,LMP Simmons,caught,St Lucia Stars,Jamaica Tallawahs,2018-08-14,,6
89f64c19,1148655,0,0,0,0,0,0,0,0,0,0,0,0,0,0,0,0,0,male,Caribbean Premier League,T20,LMP Simmons,0,St Lucia Stars,Trinbago Knight Riders,2018-08-16,,6
89f64c19,1148656,0,1,1,0,0,2,0,0,0,1,0,0,0,0,0,0,0,male,Caribbean Premier League,T20,LMP Simmons,lbw,St Lucia Stars,Barbados Tridents,2018-08-17,,6
89f64c19,1148659,2,1,5,0,0,0,0,0,0,3,0,0,0,0,0,0,0,male,Caribbean Premier League,T20,LMP Simmons,0,St Lucia Stars,St Kitts and Nevis Patriots,2018-08-21,,6
89f64c19,1148661,15,1,20,1,1,0,0,0,0,14,0,0,0,0,0,0,0,male,Caribbean Premier League,T20,LMP Simmons,0,St Lucia Stars,Guyana Amazon Warriors,2018-08-24,,6
89f64c19,1148663,45,0,29,4,3,1,0,0,0,11,0,0,0,0,0,0,0,male,Caribbean Premier League,T20,LMP Simmons,0,St Lucia Stars,Jamaica Tallawahs,2018-08-25,,6
89f64c19,1148670,24,0,19,2,1,0,0,0,0,8,0,0,0,0,0,0,0,male,Caribbean Premier League,T20,LMP Simmons,0,St Lucia Stars,Barbados Tridents,2018-09-02,,6
89f64c19,1185837,11,1,10,0,1,0,0,0,0,5,0,0,0,0,0,0,0,male,Caribbean Premier League,T20,LMP Simmons,bowled,Trinbago Knight Riders,St Kitts and Nevis Patriots,2019-09-04,,6
89f64c19,1185839,11,1,8,1,1,0,0,0,0,5,0,0,0,0,0,0,0,male,Caribbean Premier League,T20,LMP Simmons,bowled,Trinbago Knight Riders,Jamaica Tallawahs,2019-09-06,,6
89f64c19,1185841,63,1,42,5,5,0,0,0,0,21,0,0,0,0,0,0,0,male,Caribbean Premier League,T20,LMP Simmons,stumped,Trinbago Knight Riders,St Lucia Zouks,2019-09-08,,6
89f64c19,1185846,86,1,45,8,5,0,0,0,0,12,0,0,0,0,0,0,0,male,Caribbean Premier League,T20,LMP Simmons,run out,Trinbago Knight Riders,Jamaica Tallawahs,2019-09-13,,6
89f64c19,1185850,91,1,48,9,6,0,0,0,0,17,0,0,0,0,0,0,0,male,Caribbean Premier League,T20,LMP Simmons,0,Trinbago Knight Riders,St Kitts and Nevis Patriots,2019-09-17,,6
89f64c19,1185854,0,0,0,0,0,0,0,0,0,0,0,0,0,0,0,0,0,male,Caribbean Premier League,T20,LMP Simmons,0,Trinbago Knight Riders,St Lucia Zouks,2019-09-21,,6
89f64c19,1185859,11,1,9,1,1,0,0,0,0,6,0,0,0,0,0,0,0,male,Caribbean Premier League,T20,LMP Simmons,0,Trinbago Knight Riders,Barbados Tridents,2019-09-26,,6
89f64c19,1185863,16,1,13,1,1,0,0,0,0,5,0,0,0,0,0,0,0,male,Caribbean Premier League,T20,LMP Simmons,0,Trinbago Knight Riders,Guyana Amazon Warriors,2019-09-30,,6
89f64c19,1185864,60,1,46,3,4,0,0,0,0,19,0,0,0,0,0,0,0,male,Caribbean Premier League,T20,LMP Simmons,bowled,Trinbago Knight Riders,Barbados Tridents,2019-10-02,,6
89f64c19,1185866,30,1,25,3,2,1,0,0,0,14,0,0,0,0,0,0,0,male,Caribbean Premier League,T20,LMP Simmons,0,Trinbago Knight Riders,Guyana Amazon Warriors,2019-10-04,,6
89f64c19,1185868,51,1,47,3,3,0,0,0,0,22,0,0,0,0,0,0,0,male,Caribbean Premier League,T20,LMP Simmons,caught,Trinbago Knight Riders,St Kitts and Nevis Patriots,2019-10-06,,6
89f64c19,1185869,1,1,5,0,0,0,0,0,0,4,0,0,0,0,0,0,0,male,Caribbean Premier League,T20,LMP Simmons,0,Trinbago Knight Riders,Barbados Tridents,2019-10-10,,6
89f64c19,1193496,7,1,12,1,0,0,0,0,0,8,0,0,0,0,0,0,0,male,Afghanistan tour of India,T20,LMP Simmons,bowled,West Indies,Afghanistan,2019-11-17,,6
89f64c19,1187018,2,1,4,0,0,0,0,0,0,2,0,0,0,0,0,0,0,male,West Indies tour of India,T20,LMP Simmons,caught,West Indies,India,2019-12-06,,6
89f64c19,1187019,67,0,46,4,4,1,0,0,0,14,0,0,0,0,0,0,0,male,West Indies tour of India,T20,LMP Simmons,0,West Indies,India,2019-12-08,,6
89f64c19,1187020,7,1,11,1,0,0,0,0,0,7,0,0,0,0,0,0,0,male,West Indies tour of India,T20,LMP Simmons,caught,West Indies,India,2019-12-11,,6
89f64c19,1208070,26,1,24,2,2,0,0,0,0,14,0,0,0,0,0,0,0,male,Bangladesh Premier League,T20,LMP Simmons,bowled,Chattogram Challengers,Khulna Tigers,2019-12-12,,6
89f64c19,1208076,44,1,38,3,3,0,0,0,0,19,0,0,0,0,0,0,0,male,Bangladesh Premier League,T20,LMP Simmons,0,Chattogram Challengers,Sylhet Thunder,2019-12-17,,6
89f64c19,1208078,57,0,36,5,4,0,0,0,0,14,0,0,0,0,0,0,0,male,Bangladesh Premier League,T20,LMP Simmons,0,Chattogram Challengers,Dhaka Platoon,2019-12-18,,6
89f64c19,1208080,10,1,7,2,0,0,0,0,0,3,0,0,0,0,0,0,0,male,Bangladesh Premier League,T20,LMP Simmons,bowled,Chattogram Challengers,Cumilla Warriors,2019-12-20,,6
89f64c19,1208082,0,1,4,0,0,0,0,0,0,4,0,0,0,0,0,0,0,male,Bangladesh Premier League,T20,LMP Simmons,bowled,Chattogram Challengers,Rangpur Rangers,2019-12-21,,6
89f64c19,1208087,15,1,13,0,2,0,0,1,0,8,0,0,0,0,0,0,0,male,Bangladesh Premier League,T20,LMP Simmons,caught,Chattogram Challengers,Dhaka Platoon,2019-12-27,,6
89f64c19,1208093,54,1,36,5,2,0,0,1,0,10,0,0,0,0,0,0,0,male,Bangladesh Premier League,T20,LMP Simmons,0,Chattogram Challengers,Cumilla Warriors,2019-12-31,,6
89f64c19,1208099,36,1,29,3,2,0,0,0,0,12,0,0,0,0,0,0,0,male,Bangladesh Premier League,T20,LMP Simmons,0,Chattogram Challengers,Khulna Tigers,2020-01-04,,6
89f64c19,1208102,51,1,45,2,4,0,0,0,0,25,0,0,0,0,0,0,0,male,Bangladesh Premier League,T20,LMP Simmons,0,Chattogram Challengers,Rajshahi Royals,2020-01-07,,6
89f64c19,1203676,22,1,15,3,1,0,0,0,0,7,0,0,0,0,0,0,0,male,Ireland tour of West Indies,T20,LMP Simmons,caught,West Indies,Ireland,2020-01-15,,6
89f64c19,1203677,10,1,5,1,1,0,0,0,0,3,0,0,0,0,0,0,0,male,Ireland tour of West Indies,T20,LMP Simmons,0,West Indies,Ireland,2020-01-18,,6
89f64c19,1203678,91,0,41,5,10,2,0,0,0,16,0,0,0,0,0,0,0,male,Ireland tour of West Indies,T20,LMP Simmons,0,West Indies,Ireland,2020-01-19,,6
89f64c19,1213874,67,0,53,7,2,0,0,0,0,21,0,0,0,0,0,0,0,male,West Indies tour of Sri Lanka,T20,LMP Simmons,0,West Indies,Sri Lanka,2020-03-04,,6
89f64c19,1213875,9,1,10,0,0,1,0,0,0,5,0,0,0,0,0,0,0,male,West Indies tour of Sri Lanka,T20,LMP Simmons,bowled,West Indies,Sri Lanka,2020-03-06,,6
89f64c19,1227865,17,1,22,2,0,1,0,0,0,13,0,0,0,0,0,0,0,male,Caribbean Premier League,T20,LMP Simmons,0,Trinbago Knight Riders,Guyana Amazon Warriors,2020-08-18,,6
89f64c19,1227870,0,1,3,0,0,0,0,0,0,3,0,0,0,0,0,0,0,male,Caribbean Premier League,T20,LMP Simmons,0,Trinbago Knight Riders,Jamaica Tallawahs,2020-08-20,,6
89f64c19,1227873,21,1,21,2,1,0,0,0,0,13,0,0,0,0,0,0,0,male,Caribbean Premier League,T20,LMP Simmons,caught,Trinbago Knight Riders,Barbados Tridents,2020-08-23,,6
89f64c19,1227877,0,1,2,0,0,0,0,0,0,2,0,0,0,0,0,0,0,male,Caribbean Premier League,T20,LMP Simmons,lbw,Trinbago Knight Riders,St Lucia Zouks,2020-08-26,,6
89f64c19,1227880,19,1,19,1,1,1,0,0,0,9,0,0,0,0,0,0,0,male,Caribbean Premier League,T20,LMP Simmons,0,Trinbago Knight Riders,Guyana Amazon Warriors,2020-08-27,,6
89f64c19,1227881,32,1,31,0,3,2,0,0,0,14,0,0,0,0,0,0,0,male,Caribbean Premier League,T20,LMP Simmons,0,Trinbago Knight Riders,Barbados Tridents,2020-08-29,,6
89f64c19,1227885,25,1,30,0,2,0,0,0,0,17,0,0,0,0,0,0,0,male,Caribbean Premier League,T20,LMP Simmons,caught,Trinbago Knight Riders,Jamaica Tallawahs,2020-09-01,,6
89f64c19,1227887,96,1,69,7,6,0,0,0,0,29,0,0,0,0,0,0,0,male,Caribbean Premier League,T20,LMP Simmons,caught,Trinbago Knight Riders,St Kitts and Nevis Patriots,2020-09-02,,6
89f64c19,1227891,8,1,12,0,1,0,0,0,0,9,0,0,0,0,0,0,0,male,Caribbean Premier League,T20,LMP Simmons,caught,Trinbago Knight Riders,St Lucia Zouks,2020-09-05,,6
89f64c19,1227895,54,0,48,6,2,0,0,0,0,25,0,0,0,0,0,0,0,male,Caribbean Premier League,T20,LMP Simmons,0,Trinbago Knight Riders,Jamaica Tallawahs,2020-09-08,,6
89f64c19,1227897,84,0,50,8,4,1,0,0,0,12,0,0,0,0,0,0,0,male,Caribbean Premier League,T20,LMP Simmons,0,Trinbago Knight Riders,St Lucia Zouks,2020-09-10,,6
89f64c19,1252066,26,1,15,3,2,1,0,0,0,8,0,0,0,0,0,0,0,male,Sri Lanka tour of West Indies,T20,LMP Simmons,0,West Indies,Sri Lanka,2021-03-03,,6
89f64c19,1252067,21,1,19,2,1,2,0,0,0,9,0,0,0,0,0,0,0,male,Sri Lanka tour of West Indies,T20,LMP Simmons,lbw,West Indies,Sri Lanka,2021-03-05,,6
89f64c19,1252068,26,1,18,3,1,0,0,0,0,7,0,0,0,0,0,0,0,male,Sri Lanka tour of West Indies,T20,LMP Simmons,0,West Indies,Sri Lanka,2021-03-07,,6
89f64c19,1263153,22,1,22,1,1,2,0,0,0,13,0,0,0,0,0,0,0,male,South Africa tour of West Indies,T20,LMP Simmons,caught,West Indies,South Africa,2021-06-29,,6
89f64c19,1263154,47,1,34,4,4,3,0,0,0,19,0,0,0,0,0,0,0,male,South Africa tour of West Indies,T20,LMP Simmons,lbw,West Indies,South Africa,2021-07-01,,6
89f64c19,1263155,3,1,6,0,0,1,0,0,0,3,0,0,0,0,0,0,0,male,South Africa tour of West Indies,T20,LMP Simmons,0,West Indies,South Africa,2021-07-03,,6
89f64c19,1263156,27,1,28,2,2,0,0,0,0,18,0,0,0,0,0,0,0,male,Australia tour of West Indies,T20,LMP Simmons,caught,West Indies,Australia,2021-07-09,,6
89f64c19,1263157,30,1,21,1,3,0,0,1,0,11,0,1,0,0,0,0,0,male,Australia tour of West Indies,T20,LMP Simmons,caught,West Indies,Australia,2021-07-10,,6
89f64c19,1263158,15,1,13,3,0,1,0,0,0,7,0,0,0,0,0,0,0,male,Australia tour of West Indies,T20,LMP Simmons,0,West Indies,Australia,2021-07-12,,6
89f64c19,1263159,72,1,51,10,2,0,0,0,0,21,0,16,0,0,0,0,1,male,Australia tour of West Indies,T20,LMP Simmons,0,West Indies,Australia,2021-07-14,,6
89f64c19,1263160,21,1,26,1,1,2,0,0,0,14,0,0,0,0,0,0,0,male,Australia tour of West Indies,T20,LMP Simmons,caught,West Indies,Australia,2021-07-16,,6
89f64c19,1263164,9,1,8,2,0,0,0,0,0,5,0,0,0,0,0,0,0,male,Pakistan tour of West Indies,T20,LMP Simmons,retired hurt,West Indies,Pakistan,2021-07-28,,6
89f64c19,1269700,5,1,7,1,0,0,0,0,0,5,0,0,0,0,0,0,0,male,Caribbean Premier League,T20,LMP Simmons,0,Trinbago Knight Riders,Guyana Amazon Warriors,2021-08-26,,6
89f64c19,1269703,5,1,9,0,0,2,0,0,0,6,0,0,0,0,0,0,0,male,Caribbean Premier League,T20,LMP Simmons,0,Trinbago Knight Riders,Barbados Royals,2021-08-27,,6
89f64c19,1269706,25,1,34,1,2,0,0,0,0,22,0,0,0,0,0,0,0,male,Caribbean Premier League,T20,LMP Simmons,caught,Trinbago Knight Riders,St Lucia Kings,2021-08-29,,6
89f64c19,1269708,11,1,14,2,0,1,0,0,0,9,0,0,0,0,0,0,0,male,Caribbean Premier League,T20,LMP Simmons,0,Trinbago Knight Riders,St Lucia Kings,2021-08-31,,6
89f64c19,1269710,0,1,1,0,0,0,0,0,0,1,0,0,0,0,0,0,0,male,Caribbean Premier League,T20,LMP Simmons,0,Trinbago Knight Riders,Guyana Amazon Warriors,2021-09-01,,6
89f64c19,1269717,70,1,48,5,5,3,0,0,0,19,0,0,0,0,0,0,0,male,Caribbean Premier League,T20,LMP Simmons,bowled,Trinbago Knight Riders,Jamaica Tallawahs,2021-09-05,,6
89f64c19,1269718,42,1,42,3,1,0,0,0,0,16,0,0,0,0,0,0,0,male,Caribbean Premier League,T20,LMP Simmons,0,Trinbago Knight Riders,Jamaica Tallawahs,2021-09-07,,6
89f64c19,1269722,0,1,1,0,0,2,0,0,0,1,0,0,0,0,0,0,0,male,Caribbean Premier League,T20,LMP Simmons,caught,Trinbago Knight Riders,Barbados Royals,2021-09-09,,6
89f64c19,1269726,11,1,6,2,0,0,0,0,0,2,0,0,0,0,0,0,0,male,Caribbean Premier League,T20,LMP Simmons,0,Trinbago Knight Riders,St Kitts and Nevis Patriots,2021-09-11,,6
89f64c19,1269729,20,1,19,4,0,0,0,0,0,11,0,0,0,0,0,0,0,male,Caribbean Premier League,T20,LMP Simmons,0,Trinbago Knight Riders,St Kitts and Nevis Patriots,2021-09-12,,6
89f64c19,1269730,4,1,8,1,0,0,0,0,0,7,0,0,0,0,0,0,0,male,Caribbean Premier League,T20,LMP Simmons,caught,Trinbago Knight Riders,St Lucia Kings,2021-09-14,,6
89f64c19,1273725,3,1,7,0,0,0,0,0,0,4,0,0,0,0,0,0,0,male,ICC Men's T20 World Cup,T20,LMP Simmons,caught,West Indies,England,2021-10-23,,6
89f64c19,1273729,16,1,35,0,0,0,0,0,0,19,0,0,0,0,0,0,0,male,ICC Men's T20 World Cup,T20,LMP Simmons,bowled,West Indies,South Africa,2021-10-26,,6
89f64c19,1296691,16,1,21,2,0,0,0,0,0,13,0,0,0,0,0,0,0,male,Bangladesh Premier League,T20,LMP Simmons,0,Sylhet Sunrisers,Minister Group Dhaka,2022-01-25,,6
89f64c19,1296694,116,1,67,14,5,0,0,0,0,23,0,0,0,0,0,0,0,male,Bangladesh Premier League,T20,LMP Simmons,0,Sylhet Sunrisers,Minister Group Dhaka,2022-01-28,,6
89f64c19,1296696,9,1,7,2,0,1,0,0,0,4,0,0,0,0,0,0,0,male,Bangladesh Premier League,T20,LMP Simmons,0,Sylhet Sunrisers,Chattogram Challengers,2022-01-29,,6
89f64c19,1296701,6,1,21,0,0,0,0,0,0,15,0,0,0,0,0,0,0,male,Bangladesh Premier League,T20,LMP Simmons,caught,Sylhet Sunrisers,Khulna Tigers,2022-02-03,,6
89f64c19,1296706,10,1,17,1,0,0,0,0,0,11,0,0,0,0,0,0,0,male,Bangladesh Premier League,T20,LMP Simmons,0,Sylhet Sunrisers,Khulna Tigers,2022-02-07,,6
89f64c19,1296710,16,1,13,1,1,0,0,0,0,5,0,0,0,0,0,0,0,male,Bangladesh Premier League,T20,LMP Simmons,0,Sylhet Sunrisers,Comilla Victorians,2022-02-09,,6
89f64c19,1296713,42,1,28,5,2,0,0,0,0,12,0,33,1,0,0,0,5,male,Bangladesh Premier League,T20,LMP Simmons,caught,Sylhet Sunrisers,Chattogram Challengers,2022-02-12,,6
