player_id,match_id,runs_scored,player_out,balls_faced,fours_scored,sixes_scored,catches_taken,run_out_direct,run_out_throw,stumpings_done,dot_balls_as_batsman,order_seenballs_bowled,runs_conceded,wickets_taken,bowled_done,lbw_done,maidens,dot_balls_as_bowler,gender,series_name,match_type,name,out_kind,player_team,opposition_team,start_date,end_date,balls_per_over
441b1b20,374059,0,0,0,0,0,0,0,0,0,0,0,47,3,1,0,0,26,male,Pakistan v West Indies ODI Series,ODI,LS Baker,0,West Indies,Pakistan,2008-11-12,,6
441b1b20,374060,0,1,2,0,0,0,0,0,0,2,0,37,1,1,0,0,32,male,Pakistan v West Indies ODI Series,ODI,LS Baker,0,West Indies,Pakistan,2008-11-14,,6
441b1b20,366707,0,0,0,0,0,0,0,0,0,0,0,32,1,0,0,0,14,male,West Indies tour of New Zealand,T20,LS Baker,0,West Indies,New Zealand,2008-12-26,,6
441b1b20,366708,0,0,0,0,0,0,0,0,0,0,0,14,0,0,0,0,7,male,West Indies in New Zealand T20I Series,T20,LS Baker,0,West Indies,New Zealand,2008-12-28,,6
441b1b20,366709,0,0,0,0,0,0,0,0,0,0,0,0,0,0,0,0,0,male,West Indies in New Zealand ODI Series,ODI,LS Baker,0,West Indies,New Zealand,2008-12-31,,6
441b1b20,352664,0,1,3,0,0,0,0,0,0,3,0,125,4,1,1,4,121,male,The Wisden Trophy,Test,LS Baker,0,West Indies,England,2009-03-06,2009-03-07,6
441b1b20,352674,0,0,0,0,0,0,0,0,0,0,0,12,1,1,0,0,4,male,,T20,LS Baker,0,West Indies,England,2009-03-15,,6
441b1b20,352666,0,0,0,0,0,0,0,0,0,0,0,31,1,1,0,0,23,male,England in West Indies ODI Series,ODI,LS Baker,0,West Indies,England,2009-03-22,,6
441b1b20,352667,0,0,0,0,0,0,0,0,0,0,0,21,1,0,0,5,47,male,England in West Indies ODI Series,ODI,LS Baker,0,West Indies,England,2009-03-27,,6
441b1b20,352668,11,0,12,2,0,0,0,0,0,7,0,24,0,0,0,0,2,male,England in West Indies ODI Series,ODI,LS Baker,0,West Indies,England,2009-03-29,,6
441b1b20,380712,19,1,42,2,0,0,0,0,0,33,0,76,0,0,0,5,116,male,The Wisden Trophy,Test,LS Baker,0,West Indies,England,2009-05-06,2009-05-07,6
441b1b20,380713,4,0,5,1,0,0,0,0,0,4,0,125,1,1,0,3,129,male,The Wisden Trophy,Test,LS Baker,0,West Indies,England,2009-05-14,2009-05-15,6
441b1b20,377313,0,0,3,0,0,0,0,0,0,3,0,65,1,0,0,0,31,male,India in West Indies ODI Series,ODI,LS Baker,0,West Indies,India,2009-06-26,,6
