player_id,match_id,runs_scored,player_out,balls_faced,fours_scored,sixes_scored,catches_taken,run_out_direct,run_out_throw,stumpings_done,dot_balls_as_batsman,order_seenballs_bowled,runs_conceded,wickets_taken,bowled_done,lbw_done,maidens,dot_balls_as_bowler,gender,series_name,match_type,name,out_kind,player_team,opposition_team,start_date,end_date,balls_per_over
f846de6a,64820,2,1,9,0,0,1,0,0,0,7,0,26,0,0,0,0,17,male,Australia tour of West Indies,ODI,MN Samuels,0,West Indies,Australia,2003-05-17,,6
f846de6a,64825,0,1,2,0,0,0,0,1,0,2,0,40,2,0,0,0,38,male,Australia tour of West Indies,ODI,MN Samuels,0,West Indies,Australia,2003-05-30,,6
f846de6a,64826,0,0,0,0,0,2,0,0,0,0,0,39,1,1,0,0,27,male,Australia tour of West Indies,ODI,MN Samuels,0,West Indies,Australia,2003-06-01,,6
f846de6a,64827,29,1,40,5,0,1,0,0,0,27,0,31,1,0,0,0,34,male,Sri Lanka tour of West Indies,ODI,MN Samuels,0,West Indies,Sri Lanka,2003-06-07,,6
f846de6a,64829,45,0,39,1,3,1,2,0,0,16,0,29,1,0,0,0,14,male,Sri Lanka tour of West Indies,ODI,MN Samuels,0,West Indies,Sri Lanka,2003-06-11,,6
f846de6a,64848,36,1,54,1,2,0,0,1,0,32,0,10,0,0,0,0,8,male,West Indies tour of Zimbabwe,ODI,MN Samuels,run out,West Indies,Zimbabwe,2003-11-23,,6
f846de6a,64849,25,1,19,2,1,0,0,0,0,8,0,23,0,0,0,0,6,male,West Indies tour of Zimbabwe,ODI,MN Samuels,0,West Indies,Zimbabwe,2003-11-26,,6
f846de6a,65659,0,0,0,0,0,0,0,0,0,0,0,72,0,0,0,0,17,male,VB Series,ODI,MN Samuels,0,West Indies,Pakistan,2005-01-19,,6
f846de6a,65660,13,1,11,1,0,1,0,0,0,3,0,13,0,0,0,0,3,male,VB Series,ODI,MN Samuels,run out,West Indies,Australia,2005-01-21,,6
f846de6a,65662,14,1,21,1,0,0,0,0,0,12,0,45,0,0,0,0,32,male,VB Series,ODI,MN Samuels,0,West Indies,Australia,2005-01-26,,6
f846de6a,226120,34,2,109,3,0,0,0,0,0,88,0,0,0,0,0,0,0,male,West Indies tour of Australia,Test,MN Samuels,caught,West Indies,Australia,2005-11-17,2005-11-18,6
f846de6a,239911,0,0,0,0,0,0,0,0,0,0,0,15,0,0,0,0,14,male,Zimbabwe in West Indies ODI Series,ODI,MN Samuels,0,West Indies,Zimbabwe,2006-05-10,,6
f846de6a,239912,0,0,0,0,0,0,0,0,0,0,0,31,1,0,0,0,21,male,Zimbabwe in West Indies ODI Series,ODI,MN Samuels,0,West Indies,Zimbabwe,2006-05-13,,6
f846de6a,239913,6,1,4,1,0,0,0,0,0,1,0,17,1,0,0,0,25,male,Zimbabwe in West Indies ODI Series,ODI,MN Samuels,0,West Indies,Zimbabwe,2006-05-14,,6
f846de6a,239916,19,1,53,1,0,1,0,0,0,37,0,30,2,0,0,0,36,male,India in West Indies ODI Series,ODI,MN Samuels,caught,West Indies,India,2006-05-20,,6
f846de6a,239917,11,1,33,1,0,0,0,0,0,25,0,41,1,0,0,0,30,male,India in West Indies ODI Series,ODI,MN Samuels,0,West Indies,India,2006-05-23,,6
f846de6a,239918,9,1,14,2,0,0,0,0,0,11,0,37,0,0,0,1,36,male,India in West Indies ODI Series,ODI,MN Samuels,0,West Indies,India,2006-05-26,,6
f846de6a,239922,107,2,178,11,3,0,0,0,0,125,0,88,0,0,0,2,117,male,India tour of West Indies,Test,MN Samuels,0,West Indies,India,2006-06-22,2006-06-23,6
f846de6a,239923,7,2,47,0,0,0,0,0,0,41,0,0,0,0,0,0,0,male,India tour of West Indies,Test,MN Samuels,0,West Indies,India,2006-06-30,2006-07-01,6
f846de6a,256610,0,1,2,0,0,0,0,0,0,2,0,43,0,0,0,0,18,male,DLF Cup,ODI,MN Samuels,0,West Indies,Australia,2006-09-18,,6
f846de6a,256612,5,1,5,1,0,0,1,1,0,3,0,17,0,0,0,0,16,male,DLF Cup,ODI,MN Samuels,lbw,West Indies,India,2006-09-20,,6
f846de6a,249740,0,0,0,0,0,0,0,0,0,0,0,0,0,0,0,0,0,male,ICC Champions Trophy,ODI,MN Samuels,0,West Indies,Zimbabwe,2006-10-08,,6
f846de6a,249740,0,0,0,0,0,0,0,0,0,0,0,0,0,0,0,0,0,male,ICC Champions Trophy,ODI,MN Samuels,0,West Indies,Zimbabwe,2006-10-08,,6
f846de6a,249742,0,0,0,0,0,1,0,0,0,0,0,28,2,0,0,0,30,male,ICC Champions Trophy,ODI,MN Samuels,0,West Indies,Bangladesh,2006-10-11,,6
f846de6a,249744,1,1,11,0,0,0,0,0,0,10,0,16,0,0,0,0,4,male,ICC Champions Trophy,ODI,MN Samuels,0,West Indies,Sri Lanka,2006-10-14,,6
f846de6a,249748,1,0,1,0,0,0,0,0,0,0,0,41,0,0,0,1,38,male,ICC Champions Trophy,ODI,MN Samuels,0,West Indies,Australia,2006-10-18,,6
f846de6a,249753,5,1,3,1,0,0,0,0,0,1,0,36,0,0,0,0,27,male,ICC Champions Trophy,ODI,MN Samuels,0,West Indies,India,2006-10-26,,6
f846de6a,249755,3,0,2,0,0,0,0,0,0,0,0,45,2,1,0,0,28,male,ICC Champions Trophy,ODI,MN Samuels,0,West Indies,England,2006-10-28,,6
f846de6a,249758,5,0,8,1,0,0,0,0,0,6,0,45,2,0,0,0,24,male,ICC Champions Trophy,ODI,MN Samuels,0,West Indies,South Africa,2006-11-02,,6
f846de6a,249759,7,1,12,1,0,0,0,0,0,8,0,12,0,0,0,0,22,male,ICC Champions Trophy,ODI,MN Samuels,caught,West Indies,Australia,2006-11-05,,6
f846de6a,257769,37,1,88,2,0,0,0,0,0,62,0,10,1,0,1,0,2,male,West Indies in Pakistan ODI Series,ODI,MN Samuels,0,West Indies,Pakistan,2006-12-07,,6
f846de6a,257770,13,1,20,1,0,1,0,0,0,14,0,9,0,0,0,0,2,male,West Indies in Pakistan ODI Series,ODI,MN Samuels,caught,West Indies,Pakistan,2006-12-10,,6
f846de6a,257771,100,0,104,17,1,0,0,0,0,65,0,53,1,0,0,0,28,male,West Indies in Pakistan ODI Series,ODI,MN Samuels,0,West Indies,Pakistan,2006-12-13,,6
f846de6a,257772,22,1,39,3,0,0,0,0,0,27,0,17,0,0,0,0,4,male,West Indies in Pakistan ODI Series,ODI,MN Samuels,stumped,West Indies,Pakistan,2006-12-16,,6
f846de6a,267708,98,1,102,12,1,0,0,0,0,57,0,42,1,0,0,0,32,male,West Indies in India ODI Series,ODI,MN Samuels,0,West Indies,India,2007-01-27,,6
f846de6a,267709,55,1,63,7,1,0,0,0,0,37,0,52,1,0,0,0,25,male,West Indies in India ODI Series,ODI,MN Samuels,0,West Indies,India,2007-01-31,,6
f846de6a,247457,63,1,70,5,3,0,0,0,0,40,0,0,0,0,0,0,0,male,ICC World Cup,ODI,MN Samuels,caught,West Indies,Pakistan,2007-03-13,,6
f846de6a,247469,28,1,50,3,0,0,0,1,0,31,0,52,0,0,0,1,34,male,ICC World Cup,ODI,MN Samuels,0,West Indies,Zimbabwe,2007-03-19,,6
f846de6a,247477,27,0,31,2,2,0,0,0,0,20,0,23,0,0,0,0,13,male,ICC World Cup,ODI,MN Samuels,0,West Indies,Ireland,2007-03-23,,6
f846de6a,247481,4,1,8,1,0,1,0,0,0,7,0,58,1,0,0,0,22,male,ICC World Cup,ODI,MN Samuels,caught,West Indies,Australia,2007-03-27,2007-03-28,6
f846de6a,247483,9,1,18,1,0,0,0,0,0,13,0,0,0,0,0,0,0,male,ICC World Cup,ODI,MN Samuels,0,West Indies,New Zealand,2007-03-29,,6
f846de6a,247486,3,1,5,0,0,0,0,0,0,2,0,0,0,0,0,0,0,male,ICC World Cup,ODI,MN Samuels,0,West Indies,Sri Lanka,2007-04-01,,6
f846de6a,247502,31,1,66,4,0,1,0,0,0,50,0,0,0,0,0,0,0,male,ICC World Cup,ODI,MN Samuels,caught,West Indies,Bangladesh,2007-04-19,,6
f846de6a,247504,51,1,40,6,1,0,0,0,0,15,0,0,0,0,0,0,0,male,ICC World Cup,ODI,MN Samuels,caught,West Indies,England,2007-04-21,,6
f846de6a,258462,21,2,74,3,0,1,0,0,0,65,0,51,0,0,0,0,29,male,West Indies tour of England and Ireland,Test,MN Samuels,bowled,West Indies,England,2007-06-15,2007-06-16,6
f846de6a,258463,0,0,0,0,0,0,0,1,0,0,0,56,0,0,0,0,2,male,West Indies in England T20I Series,T20,MN Samuels,0,West Indies,England,2007-06-28,,6
f846de6a,258463,51,1,27,3,4,0,0,0,0,8,0,0,0,0,0,0,0,male,West Indies in England T20I Series,T20,MN Samuels,caught,West Indies,England,2007-06-28,,6
f846de6a,258464,42,1,21,3,3,0,0,0,0,5,0,31,0,0,0,0,5,male,West Indies in England T20I Series,T20,MN Samuels,0,West Indies,England,2007-06-29,,6
f846de6a,258465,0,1,1,0,0,1,0,1,0,1,0,18,0,0,0,0,14,male,NatWest Series,ODI,MN Samuels,caught,West Indies,England,2007-07-01,,6
f846de6a,258466,77,1,105,7,1,0,0,0,0,60,0,0,0,0,0,0,0,male,NatWest Series,ODI,MN Samuels,0,West Indies,England,2007-07-04,,6
f846de6a,258467,9,1,7,2,0,1,0,0,0,4,0,0,0,0,0,0,0,male,NatWest Series,ODI,MN Samuels,0,West Indies,England,2007-07-07,,6
f846de6a,295788,0,0,0,0,0,0,0,0,0,0,0,0,0,0,0,0,0,male,Quadrangular Series (Ireland),ODI,MN Samuels,0,West Indies,Ireland,2007-07-14,,6
f846de6a,287853,6,1,4,0,1,0,0,0,0,3,0,22,0,0,0,0,3,male,ICC World Twenty20,T20,MN Samuels,0,West Indies,South Africa,2007-09-11,,6
f846de6a,287857,27,1,14,2,2,0,0,0,0,4,0,0,0,0,0,0,0,male,ICC World Twenty20,T20,MN Samuels,0,West Indies,Bangladesh,2007-09-13,,6
f846de6a,317578,25,1,49,3,0,0,0,0,0,35,0,0,0,0,0,0,0,male,West Indies in Zimbabwe ODI Series,ODI,MN Samuels,caught,West Indies,Zimbabwe,2007-11-30,,6
f846de6a,317579,43,1,43,1,3,1,0,0,0,21,0,28,1,1,0,0,12,male,West Indies in Zimbabwe ODI Series,ODI,MN Samuels,0,West Indies,Zimbabwe,2007-12-02,,6
f846de6a,317581,62,1,71,5,1,0,0,0,0,36,0,36,0,0,0,0,36,male,West Indies in Zimbabwe ODI Series,ODI,MN Samuels,0,West Indies,Zimbabwe,2007-12-07,,6
f846de6a,319112,1,1,3,0,0,0,0,0,0,2,0,0,0,0,0,0,0,male,West Indies in South Africa T20I Series,T20,MN Samuels,bowled,West Indies,South Africa,2007-12-16,,6
f846de6a,298801,134,2,283,17,0,1,0,0,0,215,0,14,1,0,0,2,27,male,West Indies tour of Zimbabwe and South Africa,Test,MN Samuels,0,West Indies,South Africa,2007-12-26,2007-12-27,6
f846de6a,298802,69,2,196,10,0,0,0,0,0,163,0,35,0,0,0,3,49,male,Sir Vivian Richards Trophy,Test,MN Samuels,lbw,West Indies,South Africa,2008-01-02,2008-01-03,6
f846de6a,298803,111,2,197,19,0,0,0,0,0,146,0,92,1,0,0,0,77,male,Sir Vivian Richards Trophy,Test,MN Samuels,caught,West Indies,South Africa,2008-01-10,2008-01-11,6
f846de6a,298804,4,1,7,1,0,0,0,0,0,6,0,24,1,0,0,0,8,male,West Indies in South Africa T20I Series,T20,MN Samuels,caught,West Indies,South Africa,2008-01-18,,6
f846de6a,298805,11,1,19,1,0,1,0,0,0,13,0,9,0,0,0,0,7,male,West Indies in South Africa ODI Series,ODI,MN Samuels,bowled,West Indies,South Africa,2008-01-20,,6
f846de6a,298806,2,1,10,0,0,0,0,0,0,8,0,47,1,0,0,0,33,male,West Indies in South Africa ODI Series,ODI,MN Samuels,caught,West Indies,South Africa,2008-01-25,,6
f846de6a,298807,98,1,91,7,4,0,0,0,0,39,0,38,1,0,0,1,28,male,West Indies in South Africa ODI Series,ODI,MN Samuels,caught,West Indies,South Africa,2008-01-27,,6
f846de6a,298808,4,1,6,0,0,0,0,0,0,2,0,0,0,0,0,0,0,male,West Indies in South Africa ODI Series,ODI,MN Samuels,0,West Indies,South Africa,2008-02-01,,6
f846de6a,319132,15,2,42,2,0,0,0,0,0,33,0,0,0,0,0,0,0,male,Sri Lanka in West Indies Test Series,Test,MN Samuels,caught,West Indies,Sri Lanka,2008-03-22,2008-03-23,6
f846de6a,319133,14,2,50,1,0,2,1,0,0,42,0,0,0,0,0,0,0,male,Sri Lanka in West Indies Test Series,Test,MN Samuels,lbw,West Indies,Sri Lanka,2008-04-03,2008-04-04,6
f846de6a,319134,0,1,1,0,0,0,0,0,0,1,0,0,0,0,0,0,0,male,Sri Lanka in West Indies ODI Series,ODI,MN Samuels,0,West Indies,Sri Lanka,2008-04-10,,6
f846de6a,319135,54,0,51,3,3,0,0,0,0,24,0,0,0,0,0,0,0,male,Sri Lanka in West Indies ODI Series,ODI,MN Samuels,0,West Indies,Sri Lanka,2008-04-12,,6
f846de6a,319136,3,0,11,0,0,0,0,0,0,8,0,0,0,0,0,0,0,male,Sri Lanka in West Indies ODI Series,ODI,MN Samuels,0,West Indies,Sri Lanka,2008-04-15,,6
f846de6a,489212,4,1,12,0,0,1,0,0,0,9,0,0,0,0,0,0,0,male,,T20,MN Samuels,stumped,West Indies,Pakistan,2011-04-21,,6
f846de6a,489213,2,1,19,0,0,0,0,0,0,17,0,0,0,0,0,0,0,male,Pakistan in West Indies ODI Series,ODI,MN Samuels,run out,West Indies,Pakistan,2011-04-23,,6
f846de6a,489214,29,1,75,2,0,0,0,0,0,54,0,0,0,0,0,0,0,male,Pakistan in West Indies ODI Series,ODI,MN Samuels,0,West Indies,Pakistan,2011-04-25,,6
f846de6a,489215,18,1,35,1,0,0,0,0,0,20,0,0,0,0,0,0,0,male,Pakistan in West Indies ODI Series,ODI,MN Samuels,bowled,West Indies,Pakistan,2011-04-28,,6
f846de6a,489216,8,0,12,1,0,0,0,0,0,7,0,0,0,0,0,0,0,male,Pakistan in West Indies ODI Series,ODI,MN Samuels,0,West Indies,Pakistan,2011-05-02,,6
f846de6a,489217,0,0,0,0,0,0,0,0,0,0,0,0,0,0,0,0,0,male,Pakistan in West Indies ODI Series,ODI,MN Samuels,0,West Indies,Pakistan,2011-05-05,,6
f846de6a,489219,63,2,157,7,2,2,0,0,0,128,0,0,0,0,0,0,0,male,Pakistan in West Indies Test Series,Test,MN Samuels,0,West Indies,Pakistan,2011-05-20,2011-05-21,6
f846de6a,489220,27,1,30,3,0,1,0,0,0,13,0,0,0,0,0,0,0,male,,T20,MN Samuels,caught,West Indies,India,2011-06-04,,6
f846de6a,489221,55,1,75,3,2,0,0,0,0,42,0,0,0,0,0,0,0,male,India in West Indies ODI Series,ODI,MN Samuels,bowled,West Indies,India,2011-06-06,,6
f846de6a,489222,36,1,32,3,1,0,0,0,0,14,0,0,0,0,0,0,0,male,India in West Indies ODI Series,ODI,MN Samuels,stumped,West Indies,India,2011-06-08,,6
f846de6a,489223,1,1,10,0,0,1,0,0,0,9,0,0,0,0,0,0,0,male,India in West Indies ODI Series,ODI,MN Samuels,stumped,West Indies,India,2011-06-11,,6
f846de6a,489224,8,1,21,0,0,1,0,0,0,15,0,0,0,0,0,0,0,male,India in West Indies ODI Series,ODI,MN Samuels,lbw,West Indies,India,2011-06-13,,6
f846de6a,489225,28,0,25,3,0,0,0,0,0,9,0,0,0,0,0,0,0,male,India in West Indies ODI Series,ODI,MN Samuels,0,West Indies,India,2011-06-16,,6
f846de6a,489227,87,1,191,9,0,1,0,0,0,148,0,0,0,0,0,0,0,male,India in West Indies Test Series,Test,MN Samuels,lbw,West Indies,India,2011-06-28,2011-06-29,6
f846de6a,489228,9,2,26,2,0,1,0,0,0,23,0,0,0,0,0,0,0,male,India in West Indies Test Series,Test,MN Samuels,bowled,West Indies,India,2011-07-06,2011-07-07,6
f846de6a,525816,4,1,7,0,0,0,0,0,0,3,0,0,0,0,0,0,0,male,West Indies in England T20I Series,T20,MN Samuels,0,West Indies,England,2011-09-23,,6
f846de6a,525817,35,0,35,3,0,0,0,1,0,14,0,0,0,0,0,0,0,male,West Indies in England T20I Series,T20,MN Samuels,0,West Indies,England,2011-09-25,,6
f846de6a,531982,58,1,43,2,4,0,0,0,0,15,0,14,2,1,0,0,12,male,,T20,MN Samuels,caught,West Indies,Bangladesh,2011-10-11,,6
f846de6a,531983,71,1,79,6,2,0,0,0,0,41,0,42,2,0,0,0,30,male,West Indies in Bangladesh ODI Series,ODI,MN Samuels,0,West Indies,Bangladesh,2011-10-13,,6
f846de6a,531984,88,0,78,12,1,1,0,0,0,38,0,24,1,0,0,0,12,male,West Indies in Bangladesh ODI Series,ODI,MN Samuels,0,West Indies,Bangladesh,2011-10-15,,6
f846de6a,531985,5,1,15,0,0,0,0,0,0,10,0,15,1,1,0,1,37,male,West Indies in Bangladesh ODI Series,ODI,MN Samuels,0,West Indies,Bangladesh,2011-10-18,,6
f846de6a,531986,24,1,44,4,0,0,0,0,0,33,0,115,3,1,0,7,168,male,West Indies in Bangladesh Test Series,Test,MN Samuels,0,West Indies,Bangladesh,2011-10-21,2011-10-22,6
f846de6a,531987,48,1,79,7,0,0,0,0,0,55,0,80,2,0,0,4,117,male,West Indies in Bangladesh Test Series,Test,MN Samuels,caught and bowled,West Indies,Bangladesh,2011-10-29,2011-10-30,6
f846de6a,535997,15,2,26,3,0,0,0,0,0,21,0,74,2,0,1,0,83,male,West Indies in India Test Series,Test,MN Samuels,caught,West Indies,India,2011-11-06,2011-11-07,6
f846de6a,535998,109,2,162,16,1,1,0,0,0,113,0,104,0,0,0,0,91,male,West Indies in India Test Series,Test,MN Samuels,lbw,West Indies,India,2011-11-14,2011-11-15,6
f846de6a,535999,61,2,107,9,0,1,0,0,0,77,0,167,5,2,0,0,140,male,West Indies in India Test Series,Test,MN Samuels,caught,West Indies,India,2011-11-22,2011-11-23,6
f846de6a,536929,10,1,11,2,0,0,0,0,0,7,0,38,0,0,0,0,36,male,West Indies in India ODI Series,ODI,MN Samuels,0,West Indies,India,2011-11-29,,6
f846de6a,536930,4,1,8,0,0,0,0,0,0,4,0,41,1,0,0,1,31,male,West Indies in India ODI Series,ODI,MN Samuels,0,West Indies,India,2011-12-02,,6
f846de6a,536931,58,1,93,5,1,0,0,0,0,59,0,50,1,1,0,0,30,male,West Indies in India ODI Series,ODI,MN Samuels,0,West Indies,India,2011-12-05,,6
f846de6a,536932,33,1,27,4,2,0,1,0,0,16,0,59,0,0,0,0,11,male,West Indies in India ODI Series,ODI,MN Samuels,0,West Indies,India,2011-12-08,,6
f846de6a,536933,6,1,15,1,0,1,0,0,0,12,0,56,0,0,0,0,19,male,West Indies in India ODI Series,ODI,MN Samuels,0,West Indies,India,2011-12-11,,6
f846de6a,551048,8,1,9,1,0,0,0,0,0,4,0,22,1,0,0,1,15,male,Bangladesh Premier League,T20,MN Samuels,0,Duronto Rajshahi,Barisal Burners,2012-02-11,,6
f846de6a,551053,72,1,49,3,5,0,0,0,0,15,0,22,0,0,0,0,12,male,Bangladesh Premier League,T20,MN Samuels,0,Duronto Rajshahi,Sylhet Royals,2012-02-14,,6
f846de6a,551060,6,1,12,0,0,0,0,0,0,6,0,26,0,0,0,0,20,male,Bangladesh Premier League,T20,MN Samuels,bowled,Duronto Rajshahi,Chittagong Kings,2012-02-18,,6
f846de6a,551063,54,0,30,4,3,1,0,0,0,6,0,25,0,0,0,0,5,male,Bangladesh Premier League,T20,MN Samuels,0,Duronto Rajshahi,Barisal Burners,2012-02-20,,6
f846de6a,551068,6,1,10,1,0,0,0,0,0,7,0,23,0,0,0,0,3,male,Bangladesh Premier League,T20,MN Samuels,0,Duronto Rajshahi,Sylhet Royals,2012-02-24,,6
f846de6a,551071,50,1,39,7,2,0,0,0,0,22,0,14,1,0,0,0,9,male,Bangladesh Premier League,T20,MN Samuels,0,Duronto Rajshahi,Khulna Royal Bengals,2012-02-26,,6
f846de6a,551073,0,1,4,0,0,0,0,0,0,4,0,35,2,1,0,0,9,male,Bangladesh Premier League,T20,MN Samuels,0,Duronto Rajshahi,Dhaka Gladiators,2012-02-27,,6
f846de6a,540168,35,1,58,2,3,0,0,0,0,44,0,33,1,0,0,0,30,male,Australia in West Indies ODI Series,ODI,MN Samuels,0,West Indies,Australia,2012-03-16,,6
f846de6a,540169,20,1,37,2,0,1,0,0,0,26,0,19,0,0,0,0,13,male,Australia in West Indies ODI Series,ODI,MN Samuels,0,West Indies,Australia,2012-03-18,,6
f846de6a,540170,2,1,20,0,0,0,0,0,0,18,0,39,1,0,0,0,30,male,Australia in West Indies ODI Series,ODI,MN Samuels,0,West Indies,Australia,2012-03-20,,6
f846de6a,540171,11,1,42,1,0,0,0,0,0,35,0,18,0,0,0,0,9,male,Australia in West Indies ODI Series,ODI,MN Samuels,caught,West Indies,Australia,2012-03-23,,6
f846de6a,540172,0,1,2,0,0,1,0,0,0,2,0,40,0,0,0,0,32,male,Australia in West Indies ODI Series,ODI,MN Samuels,caught,West Indies,Australia,2012-03-25,,6
f846de6a,540174,2,1,3,0,0,0,0,0,0,1,0,23,3,0,0,0,10,male,Australia in West Indies T20I Series,T20,MN Samuels,caught,West Indies,Australia,2012-03-30,,6
f846de6a,548308,4,1,4,0,0,0,0,0,0,1,0,22,1,1,0,0,14,male,Indian Premier League,T20,MN Samuels,bowled,Pune Warriors,Mumbai Indians,2012-04-06,,6
f846de6a,548313,46,1,39,4,2,0,0,0,0,16,0,23,1,0,0,0,12,male,Indian Premier League,T20,MN Samuels,0,Pune Warriors,Kings XI Punjab,2012-04-08,,6
f846de6a,548319,2,1,13,0,0,0,0,0,0,11,0,27,0,0,0,0,11,male,Indian Premier League,T20,MN Samuels,bowled,Pune Warriors,Kings XI Punjab,2012-04-12,,6
f846de6a,548322,8,1,15,0,0,0,0,0,0,8,0,29,0,0,0,0,7,male,Indian Premier League,T20,MN Samuels,0,Pune Warriors,Chennai Super Kings,2012-04-14,,6
f846de6a,548327,34,0,20,1,2,0,0,0,0,2,0,5,1,0,0,0,7,male,Indian Premier League,T20,MN Samuels,0,Pune Warriors,Royal Challengers Bangalore,2012-04-17,,6
f846de6a,548330,26,1,24,2,1,0,0,0,0,12,0,39,3,0,0,0,8,male,Indian Premier League,T20,MN Samuels,caught,Pune Warriors,Chennai Super Kings,2012-04-19,,6
f846de6a,548341,3,1,8,0,0,0,0,0,0,5,0,39,1,0,0,0,7,male,Indian Premier League,T20,MN Samuels,caught,Pune Warriors,Deccan Chargers,2012-04-26,,6
f846de6a,548348,1,0,1,0,0,0,0,0,0,0,0,33,1,1,0,0,5,male,Indian Premier League,T20,MN Samuels,0,Pune Warriors,Deccan Chargers,2012-05-01,,6
f846de6a,534205,117,2,256,16,0,0,0,0,0,199,0,92,1,0,0,3,93,male,The Wisden Trophy,Test,MN Samuels,caught,West Indies,England,2012-05-17,2012-05-18,6
f846de6a,534206,193,1,422,25,2,0,0,0,0,325,0,32,3,0,1,2,58,male,The Wisden Trophy,Test,MN Samuels,0,West Indies,England,2012-05-25,2012-05-26,6
f846de6a,534207,76,1,114,10,1,0,0,0,0,79,0,29,1,0,0,0,38,male,The Wisden Trophy,Test,MN Samuels,0,West Indies,England,2012-06-07,2012-06-08,6
f846de6a,534209,30,1,30,3,0,0,0,0,0,13,0,43,2,1,0,0,24,male,NatWest Series,ODI,MN Samuels,caught,West Indies,England,2012-06-16,,6
f846de6a,534210,13,1,21,2,0,0,0,0,0,15,0,11,0,0,0,0,2,male,NatWest Series,ODI,MN Samuels,caught,West Indies,England,2012-06-19,,6
f846de6a,534208,4,1,4,1,0,0,0,0,0,3,0,15,1,0,0,0,4,male,,T20,MN Samuels,0,West Indies,England,2012-06-24,,6
f846de6a,560921,0,0,0,0,0,0,0,0,0,0,0,14,0,0,0,0,3,male,New Zealand v West Indies T20I Series,T20,MN Samuels,0,West Indies,New Zealand,2012-06-30,,6
f846de6a,560922,4,0,4,0,0,0,0,0,0,1,0,25,2,1,0,0,7,male,New Zealand v West Indies T20I Series,T20,MN Samuels,0,West Indies,New Zealand,2012-07-01,,6
f846de6a,560923,0,0,0,0,0,1,0,0,0,0,0,20,0,0,0,1,28,male,New Zealand in West Indies ODI Series,ODI,MN Samuels,0,West Indies,New Zealand,2012-07-05,,6
f846de6a,560924,101,0,104,7,1,0,0,0,0,37,0,46,2,0,0,0,19,male,New Zealand in West Indies ODI Series,ODI,MN Samuels,0,West Indies,New Zealand,2012-07-07,,6
f846de6a,560925,11,1,19,2,0,0,0,0,0,14,0,28,1,0,0,0,14,male,New Zealand in West Indies ODI Series,ODI,MN Samuels,run out,West Indies,New Zealand,2012-07-11,,6
f846de6a,560926,46,1,67,6,1,0,0,0,0,44,0,51,1,0,0,0,26,male,New Zealand in West Indies ODI Series,ODI,MN Samuels,lbw,West Indies,New Zealand,2012-07-14,,6
f846de6a,560927,43,1,59,4,1,0,0,0,0,38,0,49,0,0,0,0,27,male,New Zealand in West Indies ODI Series,ODI,MN Samuels,0,West Indies,New Zealand,2012-07-16,,6
f846de6a,560929,28,1,48,4,1,0,0,0,0,38,0,36,0,0,0,3,38,male,New Zealand in West Indies Test Series,Test,MN Samuels,bowled,West Indies,New Zealand,2012-07-25,2012-07-26,6
f846de6a,560930,175,2,275,22,4,0,0,0,0,194,0,2,0,0,0,0,4,male,New Zealand in West Indies Test Series,Test,MN Samuels,caught,West Indies,New Zealand,2012-08-02,2012-08-03,6
f846de6a,533279,50,1,32,3,4,0,0,0,0,12,0,22,0,0,0,0,0,male,ICC World Twenty20,T20,MN Samuels,0,West Indies,Australia,2012-09-22,,6
f846de6a,533282,0,0,0,0,0,0,0,0,0,0,0,0,0,0,0,0,0,male,ICC World Twenty20,T20,MN Samuels,0,West Indies,Ireland,2012-09-24,,6
f846de6a,533285,2,1,8,0,0,0,0,0,0,6,0,32,0,0,0,0,6,male,ICC World Twenty20,T20,MN Samuels,0,West Indies,England,2012-09-27,,6
f846de6a,533289,50,1,35,4,2,0,0,0,0,11,0,0,0,0,0,0,0,male,ICC World Twenty20,T20,MN Samuels,caught,West Indies,Sri Lanka,2012-09-29,,6
f846de6a,533292,33,1,25,2,2,1,0,0,0,9,0,30,0,0,0,0,4,male,ICC World Twenty20,T20,MN Samuels,0,West Indies,New Zealand,2012-10-01,,6
f846de6a,533297,26,1,20,2,2,0,0,0,0,10,0,26,1,0,0,0,9,male,ICC World Twenty20,T20,MN Samuels,bowled,West Indies,Australia,2012-10-05,,6
f846de6a,533298,78,1,56,3,6,0,0,0,0,22,0,15,1,0,0,0,11,male,ICC World Twenty20,T20,MN Samuels,caught,West Indies,Sri Lanka,2012-10-07,,6
f846de6a,587469,17,2,45,3,0,0,0,0,0,37,0,30,0,0,0,0,29,male,West Indies in Bangladesh Test Series,Test,MN Samuels,caught,West Indies,Bangladesh,2012-11-13,2012-11-14,6
f846de6a,587470,260,1,456,31,3,0,0,0,0,316,0,15,0,0,0,0,6,male,West Indies in Bangladesh Test Series,Test,MN Samuels,0,West Indies,Bangladesh,2012-11-21,2012-11-22,6
f846de6a,587471,0,1,9,0,0,0,0,0,0,9,0,14,0,0,0,0,16,male,West Indies in Bangladesh ODI Series,ODI,MN Samuels,0,West Indies,Bangladesh,2012-11-30,,6
f846de6a,587472,16,1,21,1,0,0,0,0,0,11,0,52,0,0,0,0,20,male,West Indies in Bangladesh ODI Series,ODI,MN Samuels,caught,West Indies,Bangladesh,2012-12-02,,6
f846de6a,587473,126,1,154,17,2,0,0,0,0,95,0,8,0,0,0,0,2,male,West Indies in Bangladesh ODI Series,ODI,MN Samuels,caught,West Indies,Bangladesh,2012-12-05,,6
f846de6a,587474,27,1,43,3,0,0,0,0,0,26,0,0,0,0,0,0,0,male,West Indies in Bangladesh ODI Series,ODI,MN Samuels,caught,West Indies,Bangladesh,2012-12-07,,6
f846de6a,587475,1,1,11,0,0,0,0,0,0,10,0,7,0,0,0,0,2,male,West Indies in Bangladesh ODI Series,ODI,MN Samuels,0,West Indies,Bangladesh,2012-12-08,,6
f846de6a,587476,85,0,44,3,9,0,0,0,0,14,0,32,0,0,0,0,6,male,,T20,MN Samuels,0,West Indies,Bangladesh,2012-12-10,,6
f846de6a,571238,4,1,10,0,0,0,0,0,0,7,0,30,1,0,0,0,12,male,Big Bash League,T20,MN Samuels,0,Melbourne Renegades,Sydney Thunder,2012-12-14,,6
f846de6a,571242,21,1,10,5,0,1,0,0,0,4,0,23,3,1,0,0,10,male,Big Bash League,T20,MN Samuels,bowled,Melbourne Renegades,Hobart Hurricanes,2012-12-19,,6
f846de6a,571245,15,1,18,1,0,0,0,0,0,6,0,19,0,0,0,0,10,male,Big Bash League,T20,MN Samuels,0,Melbourne Renegades,Brisbane Heat,2012-12-22,,6
f846de6a,571251,0,1,1,0,0,1,0,0,0,1,0,35,0,0,0,0,6,male,Big Bash League,T20,MN Samuels,0,Melbourne Renegades,Perth Scorchers,2012-12-29,,6
f846de6a,571254,16,1,10,2,1,0,0,0,0,6,0,16,3,0,0,0,8,male,Big Bash League,T20,MN Samuels,caught,Melbourne Renegades,Adelaide Strikers,2013-01-02,,6
f846de6a,571258,17,1,18,3,0,1,0,0,0,10,0,26,1,0,0,0,6,male,Big Bash League,T20,MN Samuels,0,Melbourne Renegades,Melbourne Stars,2013-01-06,,6
f846de6a,593988,51,1,74,9,1,1,0,0,0,55,0,13,4,1,0,1,30,male,Clive Lloyd Trophy,Test,MN Samuels,caught,West Indies,Zimbabwe,2013-03-12,2013-03-13,6
f846de6a,593989,26,1,53,2,1,1,0,0,0,40,0,51,6,0,1,3,83,male,Clive Lloyd Trophy,Test,MN Samuels,bowled,West Indies,Zimbabwe,2013-03-20,2013-03-21,6
f846de6a,598000,5,1,9,1,0,0,0,0,0,7,0,34,1,0,0,0,9,male,Indian Premier League,T20,MN Samuels,caught,Pune Warriors,Sunrisers Hyderabad,2013-04-05,,6
f846de6a,598003,3,1,9,0,0,1,0,0,0,6,0,0,0,0,0,0,0,male,Indian Premier League,T20,MN Samuels,run out,Pune Warriors,Kings XI Punjab,2013-04-07,,6
f846de6a,578615,30,1,58,3,0,0,0,0,0,38,0,17,0,0,0,0,15,male,ICC Champions Trophy,ODI,MN Samuels,stumped,West Indies,Pakistan,2013-06-07,,6
f846de6a,578619,1,1,8,0,0,0,0,0,0,7,0,17,0,0,0,0,12,male,ICC Champions Trophy,ODI,MN Samuels,lbw,West Indies,India,2013-06-11,,6
f846de6a,578622,48,1,38,6,2,0,0,0,0,19,0,14,1,0,0,0,5,male,ICC Champions Trophy,ODI,MN Samuels,0,West Indies,South Africa,2013-06-14,,6
f846de6a,597923,15,1,24,1,1,1,0,0,0,17,0,12,1,0,0,0,20,male,West Indies Tri-Nation Series,ODI,MN Samuels,run out,West Indies,Sri Lanka,2013-06-28,,6
f846de6a,597924,1,1,5,0,0,0,0,0,0,4,0,20,1,0,0,1,39,male,West Indies Tri-Nation Series,ODI,MN Samuels,bowled,West Indies,India,2013-06-30,,6
f846de6a,597926,6,1,22,1,0,0,0,0,0,19,0,39,1,0,0,0,29,male,West Indies Tri-Nation Series,ODI,MN Samuels,0,West Indies,India,2013-07-05,,6
f846de6a,597927,0,1,4,0,0,0,0,0,0,4,0,48,1,1,0,0,16,male,West Indies Tri-Nation Series,ODI,MN Samuels,caught,West Indies,Sri Lanka,2013-07-07,2013-07-08,6
f846de6a,645635,25,1,76,2,0,0,0,0,0,57,0,24,0,0,0,0,14,male,Pakistan in West Indies ODI Series,ODI,MN Samuels,0,West Indies,Pakistan,2013-07-14,,6
f846de6a,645637,21,1,66,1,0,1,0,0,0,49,0,32,1,0,0,0,25,male,Pakistan in West Indies ODI Series,ODI,MN Samuels,0,West Indies,Pakistan,2013-07-16,,6
f846de6a,645639,46,1,108,4,0,0,0,0,0,79,0,5,0,0,0,0,15,male,Pakistan in West Indies ODI Series,ODI,MN Samuels,0,West Indies,Pakistan,2013-07-19,,6
f846de6a,645641,106,0,106,9,4,0,0,0,0,54,0,26,0,0,0,0,2,male,Pakistan in West Indies ODI Series,ODI,MN Samuels,0,West Indies,Pakistan,2013-07-21,,6
f846de6a,645643,45,1,89,2,1,0,0,0,0,61,0,25,0,0,0,0,17,male,Pakistan in West Indies ODI Series,ODI,MN Samuels,0,West Indies,Pakistan,2013-07-24,,6
f846de6a,645645,25,1,22,4,1,0,0,0,0,14,0,34,0,0,0,0,11,male,Pakistan in West Indies T20I Series,T20,MN Samuels,0,West Indies,Pakistan,2013-07-27,,6
f846de6a,645647,1,1,4,0,0,1,0,0,0,3,0,0,0,0,0,0,0,male,Pakistan in West Indies T20I Series,T20,MN Samuels,caught,West Indies,Pakistan,2013-07-28,,6
f846de6a,635217,23,1,33,2,0,1,0,0,0,16,0,17,2,0,0,0,12,male,Caribbean Premier League,T20,MN Samuels,0,Antigua Hawksbills,Barbados Tridents,2013-08-01,,6
f846de6a,635220,8,1,12,0,1,0,0,0,0,9,0,14,1,1,0,0,8,male,Caribbean Premier League,T20,MN Samuels,lbw,Antigua Hawksbills,Jamaica Tallawahs,2013-08-04,,6
f846de6a,635222,12,0,16,0,0,1,0,0,0,6,0,10,3,1,0,1,15,male,Caribbean Premier League,T20,MN Samuels,0,Antigua Hawksbills,St Lucia Zouks,2013-08-06,,6
f846de6a,635228,10,1,10,0,1,0,0,0,0,5,0,28,0,0,0,0,7,male,Caribbean Premier League,T20,MN Samuels,caught,Antigua Hawksbills,Trinidad & Tobago Red Steel,2013-08-11,,6
f846de6a,635229,18,0,28,2,0,0,0,0,0,17,0,12,2,1,0,0,13,male,Caribbean Premier League,T20,MN Samuels,0,Antigua Hawksbills,Barbados Tridents,2013-08-13,,6
f846de6a,635231,22,0,24,1,0,0,0,0,0,8,0,33,2,1,0,0,9,male,Caribbean Premier League,T20,MN Samuels,0,Antigua Hawksbills,St Lucia Zouks,2013-08-15,,6
f846de6a,635233,43,1,30,2,3,0,0,0,0,10,0,22,0,0,0,0,8,male,Caribbean Premier League,T20,MN Samuels,caught,Antigua Hawksbills,Guyana Amazon Warriors,2013-08-17,,6
f846de6a,676525,69,2,103,12,2,0,0,0,0,81,0,12,0,0,0,0,16,male,West Indies in India Test Series,Test,MN Samuels,bowled,West Indies,India,2013-11-06,2013-11-07,6
f846de6a,676527,30,2,77,5,0,0,0,0,0,66,0,42,0,0,0,0,44,male,West Indies in India Test Series,Test,MN Samuels,0,West Indies,India,2013-11-14,2013-11-15,6
f846de6a,676529,24,1,35,2,1,0,0,0,0,22,0,0,0,0,0,0,0,male,West Indies in India ODI Series,ODI,MN Samuels,bowled,West Indies,India,2013-11-21,,6
f846de6a,676531,8,1,10,2,0,1,0,0,0,8,0,0,0,0,0,0,0,male,West Indies in India ODI Series,ODI,MN Samuels,0,West Indies,India,2013-11-24,,6
f846de6a,676533,71,1,94,7,1,0,0,0,0,60,0,0,0,0,0,0,0,male,West Indies in India ODI Series,ODI,MN Samuels,0,West Indies,India,2013-11-27,,6
f846de6a,661679,37,2,114,5,0,1,0,0,0,98,0,0,0,0,0,0,0,male,West Indies in New Zealand Test Series,Test,MN Samuels,caught and bowled,West Indies,New Zealand,2013-12-03,2013-12-04,6
f846de6a,661681,72,2,98,13,0,0,0,0,0,68,0,0,0,0,0,0,0,male,West Indies in New Zealand Test Series,Test,MN Samuels,0,West Indies,New Zealand,2013-12-11,2013-12-12,6
f846de6a,661683,8,2,47,1,0,1,0,0,0,43,0,0,0,0,0,0,0,male,West Indies in New Zealand Test Series,Test,MN Samuels,caught,West Indies,New Zealand,2013-12-19,2013-12-20,6
f846de6a,702141,16,1,17,1,1,0,0,0,0,9,0,7,0,0,0,0,2,male,Ireland in West Indies T20I Series,T20,MN Samuels,stumped,West Indies,Ireland,2014-02-19,,6
f846de6a,702143,10,1,17,1,0,1,0,0,0,11,0,0,0,0,0,0,0,male,Ireland in West Indies T20I Series,T20,MN Samuels,caught,West Indies,Ireland,2014-02-21,,6
f846de6a,702139,26,0,21,4,1,0,0,0,0,12,0,29,0,0,0,0,24,male,,ODI,MN Samuels,0,West Indies,Ireland,2014-02-23,,6
f846de6a,636535,23,1,39,0,2,0,0,0,0,28,0,29,0,0,0,0,12,male,England in West Indies ODI Series,ODI,MN Samuels,0,West Indies,England,2014-03-05,,6
f846de6a,636536,69,0,46,10,1,0,0,0,0,17,0,21,1,0,0,0,6,male,England in West Indies T20I Series,T20,MN Samuels,0,West Indies,England,2014-03-09,,6
f846de6a,636537,28,1,35,1,1,0,0,0,0,16,0,17,0,0,0,0,5,male,England in West Indies T20I Series,T20,MN Samuels,caught,West Indies,England,2014-03-11,,6
f846de6a,636538,15,1,13,3,0,0,0,0,0,8,0,7,0,0,0,0,6,male,England in West Indies T20I Series,T20,MN Samuels,bowled,West Indies,England,2014-03-13,,6
f846de6a,682929,18,1,22,3,0,0,0,0,0,13,0,22,1,0,0,0,9,male,World T20,T20,MN Samuels,0,West Indies,India,2014-03-23,,6
f846de6a,682935,18,1,22,1,0,0,0,0,0,9,0,9,0,0,0,0,2,male,World T20,T20,MN Samuels,0,West Indies,Bangladesh,2014-03-25,,6
f846de6a,682941,12,1,15,1,0,0,0,0,0,8,0,20,2,1,0,0,5,male,World T20,T20,MN Samuels,0,West Indies,Australia,2014-03-28,,6
f846de6a,682959,20,1,18,1,1,0,0,0,0,8,0,21,0,0,0,0,8,male,World T20,T20,MN Samuels,0,West Indies,Pakistan,2014-04-01,,6
f846de6a,682961,18,0,29,1,0,0,0,0,0,17,0,23,0,0,0,0,8,male,World T20,T20,MN Samuels,0,West Indies,Sri Lanka,2014-04-03,,6
f846de6a,730277,0,2,4,0,0,0,0,0,0,4,0,80,0,0,0,2,80,male,New Zealand in West Indies Test Series,Test,MN Samuels,0,West Indies,New Zealand,2014-06-08,2014-06-09,6
f846de6a,743137,4,1,10,0,0,0,0,0,0,6,0,20,1,0,0,0,5,male,Caribbean Premier League,T20,MN Samuels,run out,Antigua Hawksbills,Guyana Amazon Warriors,2014-07-11,,6
f846de6a,743143,13,1,6,3,0,1,0,0,0,2,0,13,0,0,0,0,5,male,Caribbean Premier League,T20,MN Samuels,0,Antigua Hawksbills,Jamaica Tallawahs,2014-07-17,,6
f846de6a,743147,84,1,59,7,4,0,0,0,0,23,0,39,0,0,0,0,6,male,Caribbean Premier League,T20,MN Samuels,caught,Antigua Hawksbills,Barbados Tridents,2014-07-19,,6
f846de6a,743151,13,1,10,1,1,0,0,0,0,5,0,10,0,0,0,0,0,male,Caribbean Premier League,T20,MN Samuels,caught,Antigua Hawksbills,Trinidad & Tobago Red Steel,2014-07-20,,6
f846de6a,743167,2,1,6,0,0,0,0,0,0,4,0,13,0,0,0,0,18,male,Caribbean Premier League,T20,MN Samuels,0,Antigua Hawksbills,Jamaica Tallawahs,2014-07-31,,6
f846de6a,743177,21,0,20,1,1,0,0,0,0,7,0,18,0,0,0,0,2,male,Caribbean Premier League,T20,MN Samuels,0,Antigua Hawksbills,St Lucia Zouks,2014-08-03,,6
f846de6a,743179,106,0,52,10,8,1,0,0,0,18,0,33,0,0,0,0,7,male,Caribbean Premier League,T20,MN Samuels,0,Antigua Hawksbills,Guyana Amazon Warriors,2014-08-07,,6
f846de6a,743185,23,1,27,5,0,1,0,0,0,19,0,26,1,0,0,0,10,male,Caribbean Premier League,T20,MN Samuels,0,Antigua Hawksbills,Trinidad & Tobago Red Steel,2014-08-09,,6
f846de6a,770121,126,0,118,11,4,0,0,0,0,54,0,10,2,1,0,0,11,male,West Indies in India ODI Series,ODI,MN Samuels,0,West Indies,India,2014-10-08,,6
f846de6a,770123,16,1,38,0,1,1,0,0,0,27,0,21,0,0,0,1,15,male,West Indies in India ODI Series,ODI,MN Samuels,caught,West Indies,India,2014-10-11,,6
f846de6a,770127,112,1,110,9,6,0,0,0,0,58,0,54,0,0,0,0,27,male,West Indies in India ODI Series,ODI,MN Samuels,0,West Indies,India,2014-10-17,,6
f846de6a,722329,50,2,118,8,0,1,0,0,0,97,0,90,0,0,0,0,61,male,Sir Vivian Richards Trophy,Test,MN Samuels,0,West Indies,South Africa,2014-12-17,2014-12-18,6
f846de6a,722331,101,1,160,14,1,0,0,0,0,111,0,0,0,0,0,1,6,male,Sir Vivian Richards Trophy,Test,MN Samuels,lbw,West Indies,South Africa,2014-12-26,2014-12-27,6
f846de6a,722333,117,2,220,15,2,0,0,0,0,169,0,92,2,0,1,0,79,male,Sir Vivian Richards Trophy,Test,MN Samuels,caught,West Indies,South Africa,2015-01-02,2015-01-03,6
f846de6a,722335,41,1,33,5,1,0,0,0,0,14,0,0,0,0,0,0,0,male,West Indies in South Africa T20I Series,T20,MN Samuels,0,West Indies,South Africa,2015-01-09,,6
f846de6a,722337,60,1,41,7,2,0,0,0,0,15,0,0,0,0,0,0,0,male,West Indies in South Africa T20I Series,T20,MN Samuels,caught,West Indies,South Africa,2015-01-11,,6
f846de6a,736063,6,1,8,1,0,0,0,0,0,5,0,22,0,0,0,0,3,male,West Indies in South Africa T20I Series,T20,MN Samuels,caught,West Indies,South Africa,2015-01-14,,6
f846de6a,722339,12,0,17,0,1,0,0,0,0,10,0,0,0,0,0,0,0,male,West Indies in South Africa ODI Series,ODI,MN Samuels,0,West Indies,South Africa,2015-01-16,,6
f846de6a,722341,40,1,50,3,1,0,0,0,0,28,0,28,0,0,0,0,5,male,West Indies in South Africa ODI Series,ODI,MN Samuels,caught,West Indies,South Africa,2015-01-18,,6
f846de6a,722343,26,1,38,4,0,0,0,0,0,25,0,0,0,0,0,0,0,male,West Indies in South Africa ODI Series,ODI,MN Samuels,caught,West Indies,South Africa,2015-01-21,,6
f846de6a,722345,68,1,96,5,2,0,0,0,0,54,0,19,0,0,0,0,7,male,West Indies in South Africa ODI Series,ODI,MN Samuels,bowled,West Indies,South Africa,2015-01-25,,6
f846de6a,722347,50,1,50,1,4,0,0,0,0,25,0,0,0,0,0,0,0,male,West Indies in South Africa ODI Series,ODI,MN Samuels,bowled,West Indies,South Africa,2015-01-28,,6
f846de6a,656407,21,1,41,1,1,0,0,0,0,29,0,25,1,0,0,0,10,male,ICC Cricket World Cup,ODI,MN Samuels,0,West Indies,Ireland,2015-02-16,,6
f846de6a,656417,38,1,52,4,0,0,0,0,0,29,0,0,0,0,0,0,0,male,ICC Cricket World Cup,ODI,MN Samuels,0,West Indies,Pakistan,2015-02-21,,6
f846de6a,656427,133,0,167,11,3,0,0,0,0,90,0,59,1,0,0,0,20,male,ICC Cricket World Cup,ODI,MN Samuels,0,West Indies,Zimbabwe,2015-02-24,,6
f846de6a,656435,0,1,11,0,0,0,0,0,0,11,0,14,0,0,0,0,3,male,ICC Cricket World Cup,ODI,MN Samuels,0,West Indies,South Africa,2015-02-27,,6
f846de6a,656453,2,0,8,0,0,2,0,0,0,6,0,10,0,0,0,0,12,male,ICC Cricket World Cup,ODI,MN Samuels,0,West Indies,India,2015-03-06,,6
f846de6a,656479,9,1,18,1,0,0,0,0,0,14,0,25,1,0,0,4,50,male,ICC Cricket World Cup,ODI,MN Samuels,0,West Indies,United Arab Emirates,2015-03-15,,6
f846de6a,656489,27,1,15,3,1,0,0,0,0,4,0,44,0,0,0,0,14,male,ICC Cricket World Cup,ODI,MN Samuels,0,West Indies,New Zealand,2015-03-21,,6
f846de6a,766929,56,2,120,6,2,0,0,0,0,98,0,104,1,0,0,0,90,male,The Wisden Trophy,Test,MN Samuels,caught,West Indies,England,2015-04-13,2015-04-14,6
f846de6a,766931,140,2,332,17,0,0,0,0,0,260,0,92,1,1,0,5,144,male,The Wisden Trophy,Test,MN Samuels,caught,West Indies,England,2015-04-21,2015-04-22,6
f846de6a,766933,29,2,49,5,0,0,0,0,0,37,0,63,1,0,0,6,148,male,The Wisden Trophy,Test,MN Samuels,0,West Indies,England,2015-05-01,2015-05-02,6
f846de6a,810423,81,2,224,8,1,1,0,0,0,183,0,76,1,1,0,2,91,male,The Frank Worrell Trophy,Test,MN Samuels,0,West Indies,Australia,2015-06-03,2015-06-04,6
f846de6a,857709,52,0,40,4,3,0,0,0,0,17,0,0,0,0,0,0,0,male,Caribbean Premier League,T20,MN Samuels,0,St Kitts and Nevis Patriots,St Lucia Zouks,2015-06-24,,6
f846de6a,857715,8,1,13,1,0,0,0,0,0,8,0,0,0,0,0,0,0,male,Caribbean Premier League,T20,MN Samuels,0,St Kitts and Nevis Patriots,Barbados Tridents,2015-06-27,,6
f846de6a,857719,50,1,31,4,2,1,0,0,0,6,0,26,0,0,0,0,2,male,Caribbean Premier League,T20,MN Samuels,caught,St Kitts and Nevis Patriots,Jamaica Tallawahs,2015-06-30,,6
f846de6a,857723,17,1,15,2,0,0,0,0,0,5,0,0,0,0,0,0,0,male,Caribbean Premier League,T20,MN Samuels,0,St Kitts and Nevis Patriots,Guyana Amazon Warriors,2015-07-03,,6
f846de6a,857727,19,1,18,1,0,0,0,0,0,4,0,0,0,0,0,0,0,male,Caribbean Premier League,T20,MN Samuels,caught,St Kitts and Nevis Patriots,Jamaica Tallawahs,2015-07-04,,6
f846de6a,857731,71,1,57,6,3,0,0,0,0,22,0,0,0,0,0,0,0,male,Caribbean Premier League,T20,MN Samuels,run out,St Kitts and Nevis Patriots,Barbados Tridents,2015-07-06,,6
f846de6a,857735,61,1,41,6,2,0,0,0,0,12,0,5,0,0,0,0,1,male,Caribbean Premier League,T20,MN Samuels,0,St Kitts and Nevis Patriots,Guyana Amazon Warriors,2015-07-08,,6
f846de6a,857739,5,1,4,1,0,2,0,0,0,2,0,0,0,0,0,0,0,male,Caribbean Premier League,T20,MN Samuels,0,St Kitts and Nevis Patriots,St Lucia Zouks,2015-07-10,,6
f846de6a,857741,17,1,18,0,1,0,0,0,0,6,0,0,0,0,0,0,0,male,Caribbean Premier League,T20,MN Samuels,caught,St Kitts and Nevis Patriots,Trinidad & Tobago Red Steel,2015-07-11,,6
f846de6a,857755,25,1,22,2,1,0,0,0,0,9,0,0,0,0,0,0,0,male,Caribbean Premier League,T20,MN Samuels,0,St Kitts and Nevis Patriots,Trinidad & Tobago Red Steel,2015-07-18,,6
f846de6a,915773,11,2,29,2,0,0,0,0,0,24,0,84,1,0,0,4,116,male,Sobers/Tissera Trophy,Test,MN Samuels,0,West Indies,Sri Lanka,2015-10-14,2015-10-15,6
f846de6a,915775,19,2,80,1,0,0,0,0,0,66,0,0,0,0,0,0,0,male,Sobers/Tissera Trophy,Test,MN Samuels,0,West Indies,Sri Lanka,2015-10-22,2015-10-23,6
f846de6a,915777,2,1,14,0,0,0,0,0,0,12,0,0,0,0,0,0,0,male,West Indies in Sri Lanka ODI Series,ODI,MN Samuels,0,West Indies,Sri Lanka,2015-11-01,,6
f846de6a,915779,63,1,62,4,2,0,0,0,0,27,0,34,0,0,0,0,13,male,West Indies in Sri Lanka ODI Series,ODI,MN Samuels,0,West Indies,Sri Lanka,2015-11-04,,6
f846de6a,915781,110,0,101,15,1,1,0,0,0,48,0,0,0,0,0,0,0,male,West Indies in Sri Lanka ODI Series,ODI,MN Samuels,0,West Indies,Sri Lanka,2015-11-07,,6
f846de6a,915783,10,1,14,1,0,0,0,0,0,8,0,0,0,0,0,0,0,male,West Indies in Sri Lanka T20I Series,T20,MN Samuels,caught,West Indies,Sri Lanka,2015-11-09,,6
f846de6a,915785,1,0,1,0,0,0,0,0,0,0,0,0,0,0,0,0,0,male,West Indies in Sri Lanka T20I Series,T20,MN Samuels,0,West Indies,Sri Lanka,2015-11-11,,6
f846de6a,935285,8,1,10,1,0,1,0,0,0,7,0,0,0,0,0,0,0,male,Bangladesh Premier League,T20,MN Samuels,0,Comilla Victorians,Dhaka Dynamites,2015-11-22,,6
f846de6a,935291,69,0,57,8,1,0,0,0,0,20,0,0,0,0,0,0,0,male,Bangladesh Premier League,T20,MN Samuels,0,Comilla Victorians,Chittagong Vikings,2015-11-24,,6
f846de6a,935297,23,0,38,0,0,0,0,0,0,18,0,0,0,0,0,0,0,male,Bangladesh Premier League,T20,MN Samuels,0,Comilla Victorians,Barisal Bulls,2015-11-25,,6
f846de6a,935303,42,0,24,8,1,1,0,0,0,13,0,0,0,0,0,0,0,male,Bangladesh Premier League,T20,MN Samuels,0,Comilla Victorians,Rangpur Riders,2015-11-27,,6
f846de6a,892515,12,2,20,1,0,0,0,0,0,14,0,0,0,0,0,0,0,male,The Frank Worrell Trophy,Test,MN Samuels,caught and bowled,West Indies,Australia,2015-12-10,2015-12-11,6
f846de6a,892517,19,2,52,2,0,1,0,0,0,43,0,0,0,0,0,0,0,male,The Frank Worrell Trophy,Test,MN Samuels,lbw,West Indies,Australia,2015-12-26,2015-12-27,6
f846de6a,892519,4,1,20,1,0,0,0,0,0,19,0,0,0,0,0,0,0,male,The Frank Worrell Trophy,Test,MN Samuels,0,West Indies,Australia,2016-01-03,2016-01-04,6
f846de6a,951331,37,1,27,8,0,0,0,0,0,14,0,0,0,0,0,0,0,male,World T20,T20,MN Samuels,caught,West Indies,England,2016-03-16,,6
f846de6a,951345,3,1,12,0,0,0,0,0,0,9,0,0,0,0,0,0,0,male,World T20,T20,MN Samuels,stumped,West Indies,Sri Lanka,2016-03-20,,6
f846de6a,951357,43,1,45,6,0,0,0,0,0,20,0,0,0,0,0,0,0,male,World T20,T20,MN Samuels,0,West Indies,South Africa,2016-03-25,,6
f846de6a,951365,5,1,5,1,0,1,0,0,0,3,0,0,0,0,0,0,0,male,World T20,T20,MN Samuels,bowled,West Indies,Afghanistan,2016-03-27,,6
f846de6a,951371,8,1,7,2,0,0,0,0,0,5,0,0,0,0,0,0,0,male,World T20,T20,MN Samuels,caught,West Indies,India,2016-03-31,,6
f846de6a,951373,85,0,69,9,2,0,0,0,0,24,0,0,0,0,0,0,0,male,World T20,T20,MN Samuels,0,West Indies,England,2016-04-03,,6
f846de6a,932849,1,1,4,0,0,0,0,0,0,3,0,0,0,0,0,0,0,male,West Indies Tri-Nation Series,ODI,MN Samuels,lbw,West Indies,South Africa,2016-06-03,,6
f846de6a,932851,10,1,15,0,0,0,0,0,0,9,0,0,0,0,0,0,0,male,West Indies Tri-Nation Series,ODI,MN Samuels,0,West Indies,Australia,2016-06-05,,6
f846de6a,932857,92,1,88,8,4,0,0,0,0,44,0,0,0,0,0,0,0,male,West Indies Tri-Nation Series,ODI,MN Samuels,0,West Indies,Australia,2016-06-13,,6
f846de6a,932859,24,1,30,1,1,0,0,0,0,17,0,0,0,0,0,0,0,male,West Indies Tri-Nation Series,ODI,MN Samuels,caught,West Indies,South Africa,2016-06-15,,6
f846de6a,932863,125,1,139,14,2,1,0,0,0,68,0,0,0,0,0,0,0,male,West Indies Tri-Nation Series,ODI,MN Samuels,caught,West Indies,Australia,2016-06-21,,6
f846de6a,932865,0,1,1,0,0,0,0,0,0,1,0,0,0,0,0,0,0,male,West Indies Tri-Nation Series,ODI,MN Samuels,bowled,West Indies,South Africa,2016-06-24,,6
f846de6a,932867,6,1,7,1,0,2,0,0,0,4,0,0,0,0,0,0,0,male,West Indies Tri-Nation Series,ODI,MN Samuels,0,West Indies,Australia,2016-06-26,,6
f846de6a,1022593,51,2,101,11,0,0,0,0,0,85,0,0,0,0,0,0,0,male,India in West Indies Test Series,Test,MN Samuels,0,West Indies,India,2016-07-21,2016-07-22,6
f846de6a,1022595,37,2,95,5,2,0,0,0,0,84,0,0,0,0,0,0,0,male,India in West Indies Test Series,Test,MN Samuels,0,West Indies,India,2016-07-30,2016-07-31,6
f846de6a,1022597,60,2,136,9,1,1,0,0,0,113,0,0,0,0,0,0,0,male,India in West Indies Test Series,Test,MN Samuels,bowled,West Indies,India,2016-08-09,2016-08-10,6
f846de6a,1022599,4,0,15,0,0,0,0,0,0,12,0,0,0,0,0,0,0,male,India in West Indies Test Series,Test,MN Samuels,0,West Indies,India,2016-08-18,2016-08-19,6
f846de6a,1041615,1,0,1,0,0,1,0,0,0,0,0,0,0,0,0,0,0,male,West Indies v India T20I Series,T20,MN Samuels,0,West Indies,India,2016-08-27,,6
f846de6a,1041617,5,1,11,0,0,0,0,0,0,6,0,0,0,0,0,0,0,male,West Indies v India T20I Series,T20,MN Samuels,caught,West Indies,India,2016-08-28,,6
f846de6a,1050217,4,1,2,1,0,0,0,0,0,1,0,0,0,0,0,0,0,male,Pakistan v West Indies T20I Series,T20,MN Samuels,lbw,West Indies,Pakistan,2016-09-23,,6
f846de6a,1050219,1,1,5,0,0,0,0,0,0,4,0,0,0,0,0,0,0,male,Pakistan v West Indies T20I Series,T20,MN Samuels,0,West Indies,Pakistan,2016-09-24,,6
f846de6a,1050221,42,0,59,3,0,0,0,0,0,29,0,0,0,0,0,0,0,male,Pakistan v West Indies T20I Series,T20,MN Samuels,0,West Indies,Pakistan,2016-09-27,,6
f846de6a,1050223,46,1,61,1,2,0,0,0,0,32,0,0,0,0,0,0,0,male,Pakistan v West Indies ODI Series,ODI,MN Samuels,bowled,West Indies,Pakistan,2016-09-30,,6
f846de6a,1050225,57,1,53,4,2,0,0,0,0,20,0,0,0,0,0,0,0,male,Pakistan v West Indies ODI Series,ODI,MN Samuels,0,West Indies,Pakistan,2016-10-02,,6
f846de6a,1050227,13,0,17,1,0,0,0,0,0,9,0,0,0,0,0,0,0,male,Pakistan v West Indies ODI Series,ODI,MN Samuels,0,West Indies,Pakistan,2016-10-05,,6
f846de6a,1050229,80,2,150,14,0,0,0,0,0,118,0,0,0,0,0,0,0,male,Pakistan v West Indies Test Series,Test,MN Samuels,lbw,West Indies,Pakistan,2016-10-13,2016-10-14,6
f846de6a,1050231,53,2,122,8,0,0,0,0,0,100,0,0,0,0,0,0,0,male,Pakistan v West Indies Test Series,Test,MN Samuels,0,West Indies,Pakistan,2016-10-21,2016-10-22,6
f846de6a,1050233,10,2,35,1,0,0,0,0,0,30,0,0,0,0,0,0,0,male,Pakistan v West Indies Test Series,Test,MN Samuels,0,West Indies,Pakistan,2016-10-30,2016-10-31,6
f846de6a,1063054,23,1,19,3,1,0,1,0,0,11,0,0,0,0,0,0,0,male,Bangladesh Premier League,T20,MN Samuels,0,Comilla Victorians,Chittagong Vikings,2016-11-08,,6
f846de6a,1063057,48,1,49,5,0,1,0,0,0,20,0,0,0,0,0,0,0,male,Bangladesh Premier League,T20,MN Samuels,0,Comilla Victorians,Barisal Bulls,2016-11-11,,6
f846de6a,1063062,30,1,34,2,1,0,0,0,0,18,0,0,0,0,0,0,0,male,Bangladesh Premier League,T20,MN Samuels,0,Comilla Victorians,Khulna Titans,2016-11-13,,6
f846de6a,1063066,52,1,46,3,2,0,0,0,0,16,0,0,0,0,0,0,0,male,Bangladesh Premier League,T20,MN Samuels,0,Comilla Victorians,Rangpur Riders,2016-11-18,,6
f846de6a,1063079,27,0,18,2,1,0,1,0,0,4,0,0,0,0,0,0,0,male,Bangladesh Premier League,T20,MN Samuels,0,Comilla Victorians,Barisal Bulls,2016-11-29,,6
f846de6a,1063047,55,0,41,2,4,0,0,0,0,13,0,0,0,0,0,0,0,male,Bangladesh Premier League,T20,MN Samuels,0,Comilla Victorians,Rajshahi Kings,2016-11-30,,6
f846de6a,1063087,30,0,25,2,1,0,0,0,0,7,0,0,0,0,0,0,0,male,Bangladesh Premier League,T20,MN Samuels,0,Comilla Victorians,Rangpur Riders,2016-12-04,,6
f846de6a,1076001,17,1,21,0,0,0,0,0,0,7,0,0,0,0,0,0,0,male,Pakistan Super League,T20,MN Samuels,0,Peshawar Zalmi,Lahore Qalandars,2017-02-24,,6
f846de6a,1076004,7,1,4,0,1,0,0,0,0,2,0,0,0,0,0,0,0,male,Pakistan Super League,T20,MN Samuels,0,Peshawar Zalmi,Quetta Gladiators,2017-02-25,,6
f846de6a,1076006,1,1,3,0,0,0,0,0,0,2,0,0,0,0,0,0,0,male,Pakistan Super League,T20,MN Samuels,run out,Peshawar Zalmi,Quetta Gladiators,2017-02-28,,6
f846de6a,1076008,37,1,22,3,1,1,0,0,0,1,0,0,0,0,0,0,0,male,Pakistan Super League,T20,MN Samuels,run out,Peshawar Zalmi,Karachi Kings,2017-03-03,,6
f846de6a,1076009,19,1,17,2,1,0,0,0,0,9,0,0,0,0,0,0,0,male,Pakistan Super League,T20,MN Samuels,bowled,Peshawar Zalmi,Quetta Gladiators,2017-03-05,,6
f846de6a,1077947,7,1,14,1,0,0,0,0,0,10,0,0,0,0,0,0,0,male,Pakistan in West Indies T20I Series,T20,MN Samuels,lbw,West Indies,Pakistan,2017-03-26,,6
f846de6a,1077948,44,1,35,5,2,1,0,0,0,17,0,0,0,0,0,0,0,male,Pakistan in West Indies T20I Series,T20,MN Samuels,0,West Indies,Pakistan,2017-03-30,,6
f846de6a,1085495,18,1,22,3,0,0,0,0,0,13,0,11,1,0,0,0,6,male,Pakistan in West Indies T20I Series,T20,MN Samuels,caught,West Indies,Pakistan,2017-04-01,,6
f846de6a,1085496,22,1,21,1,2,0,0,0,0,12,0,11,1,0,0,0,3,male,Pakistan in West Indies T20I Series,T20,MN Samuels,0,West Indies,Pakistan,2017-04-02,,6
f846de6a,1082632,0,0,0,0,0,0,0,0,0,0,0,22,0,0,0,0,3,male,Indian Premier League,T20,MN Samuels,0,Delhi Daredevils,Gujarat Lions,2017-05-04,,6
f846de6a,1082635,1,1,5,0,0,1,0,0,0,4,0,0,0,0,0,0,0,male,Indian Premier League,T20,MN Samuels,0,Delhi Daredevils,Mumbai Indians,2017-05-06,,6
f846de6a,1082640,1,0,4,0,0,0,0,0,0,3,0,0,0,0,0,0,0,male,Indian Premier League,T20,MN Samuels,0,Delhi Daredevils,Gujarat Lions,2017-05-10,,6
f846de6a,1082642,27,1,22,1,2,0,0,0,0,10,0,12,0,0,0,0,2,male,Indian Premier League,T20,MN Samuels,caught,Delhi Daredevils,Rising Pune Supergiant,2017-05-12,,6
f846de6a,1082646,0,1,1,0,0,0,0,0,0,1,0,0,0,0,0,0,0,male,Indian Premier League,T20,MN Samuels,bowled,Delhi Daredevils,Royal Challengers Bangalore,2017-05-14,,6
f846de6a,1089776,35,1,37,2,2,0,0,0,0,20,0,0,0,0,0,0,0,male,Afghanistan in West Indies T20I Series,T20,MN Samuels,0,West Indies,Afghanistan,2017-06-02,,6
f846de6a,1089777,22,1,26,0,2,0,0,0,0,15,0,0,0,0,0,0,0,male,Afghanistan in West Indies T20I Series,T20,MN Samuels,0,West Indies,Afghanistan,2017-06-03,,6
f846de6a,1089778,89,0,66,9,3,0,0,0,0,22,0,0,0,0,0,0,0,male,Afghanistan in West Indies T20I Series,T20,MN Samuels,0,West Indies,Afghanistan,2017-06-05,,6
f846de6a,1098211,36,0,30,5,1,1,0,0,0,14,0,32,1,1,0,0,5,male,,T20,MN Samuels,0,West Indies,India,2017-07-09,,6
f846de6a,1094672,13,1,12,1,1,0,0,0,0,7,0,0,0,0,0,0,0,male,Caribbean Premier League,T20,MN Samuels,caught,St Lucia Stars,Trinbago Knight Riders,2017-08-04,,6
f846de6a,1094677,9,1,14,0,0,0,0,0,0,5,0,8,0,0,0,0,3,male,Caribbean Premier League,T20,MN Samuels,0,St Lucia Stars,Trinbago Knight Riders,2017-08-07,,6
f846de6a,1094679,10,1,6,1,1,1,0,0,0,4,0,20,0,0,0,0,5,male,Caribbean Premier League,T20,MN Samuels,caught,St Lucia Stars,Barbados Tridents,2017-08-10,,6
f846de6a,1094681,21,1,15,1,1,0,0,0,0,5,0,13,0,0,0,0,2,male,Caribbean Premier League,T20,MN Samuels,caught and bowled,St Lucia Stars,St Kitts and Nevis Patriots,2017-08-12,,6
f846de6a,1094683,2,1,7,0,0,1,0,0,0,5,0,0,0,0,0,0,0,male,Caribbean Premier League,T20,MN Samuels,caught,St Lucia Stars,Guyana Amazon Warriors,2017-08-13,,6
f846de6a,1094685,54,1,37,2,4,0,0,0,0,13,0,19,1,0,0,0,8,male,Caribbean Premier League,T20,MN Samuels,caught,St Lucia Stars,Jamaica Tallawahs,2017-08-15,,6
f846de6a,1094689,0,0,0,0,0,0,0,0,0,0,0,0,0,0,0,0,0,male,Caribbean Premier League,T20,MN Samuels,0,St Lucia Stars,St Kitts and Nevis Patriots,2017-08-19,,6
f846de6a,1094694,4,1,9,0,0,1,0,0,0,6,0,19,0,0,0,0,6,male,Caribbean Premier League,T20,MN Samuels,0,St Lucia Stars,Jamaica Tallawahs,2017-08-25,,6
f846de6a,1094698,17,1,19,1,1,0,0,0,0,10,0,0,0,0,0,0,0,male,Caribbean Premier League,T20,MN Samuels,0,St Lucia Stars,Barbados Tridents,2017-08-31,,6
f846de6a,1031665,10,1,14,1,0,0,0,0,0,7,0,0,0,0,0,0,0,male,West Indies tour of England,T20,MN Samuels,0,West Indies,England,2017-09-16,,6
f846de6a,1031667,17,1,48,0,0,0,0,0,0,33,0,0,0,0,0,0,0,male,West Indies tour of England,ODI,MN Samuels,0,West Indies,England,2017-09-19,,6
f846de6a,1031669,0,0,0,0,0,0,0,0,0,0,0,0,0,0,0,0,0,male,West Indies tour of England,ODI,MN Samuels,0,West Indies,England,2017-09-21,,6
f846de6a,1031671,11,1,11,1,0,0,0,0,0,7,0,0,0,0,0,0,0,male,West Indies tour of England,ODI,MN Samuels,0,West Indies,England,2017-09-24,,6
f846de6a,1031673,1,1,7,0,0,0,0,0,0,6,0,0,0,0,0,0,0,male,West Indies tour of England,ODI,MN Samuels,lbw,West Indies,England,2017-09-27,,6
f846de6a,1031675,32,1,62,1,0,0,0,0,0,38,0,41,0,0,0,0,6,male,West Indies tour of England,ODI,MN Samuels,0,West Indies,England,2017-09-29,,6
f846de6a,1121247,60,1,49,2,3,0,0,0,0,14,0,22,0,0,0,0,4,male,Bangladesh Premier League,T20,MN Samuels,caught,Comilla Victorians,Sylhet Sixers,2017-11-05,,6
f846de6a,1121249,35,0,18,4,1,1,0,0,0,5,0,0,0,0,0,0,0,male,Bangladesh Premier League,T20,MN Samuels,0,Comilla Victorians,Chittagong Vikings,2017-11-07,,6
f846de6a,1121256,0,0,0,0,0,1,0,0,0,0,0,0,0,0,0,0,0,male,Bangladesh Premier League,T20,MN Samuels,0,Comilla Victorians,Rajshahi Kings,2017-11-12,,6
f846de6a,1121258,17,0,8,1,2,0,0,0,0,4,0,0,0,0,0,0,0,male,Bangladesh Premier League,T20,MN Samuels,0,Comilla Victorians,Chittagong Vikings,2017-11-14,,6
f846de6a,1121264,41,1,34,4,1,0,0,0,0,13,0,0,0,0,0,0,0,male,Bangladesh Premier League,T20,MN Samuels,caught,Comilla Victorians,Rangpur Riders,2017-11-18,,6
f846de6a,1121276,0,0,0,0,0,0,0,0,0,0,0,0,0,0,0,0,0,male,Bangladesh Premier League,T20,MN Samuels,0,Comilla Victorians,Khulna Titans,2017-11-28,,6
f846de6a,1121278,39,1,28,5,2,0,0,0,0,14,0,0,0,0,0,0,0,male,Bangladesh Premier League,T20,MN Samuels,caught,Comilla Victorians,Dhaka Dynamites,2017-11-29,,6
f846de6a,1121279,16,0,18,2,0,0,0,0,0,8,0,0,0,0,0,0,0,male,Bangladesh Premier League,T20,MN Samuels,0,Comilla Victorians,Rangpur Riders,2017-12-02,,6
f846de6a,1121283,25,0,16,2,2,0,0,0,0,7,0,0,0,0,0,0,0,male,Bangladesh Premier League,T20,MN Samuels,0,Comilla Victorians,Khulna Titans,2017-12-05,,6
f846de6a,1121286,55,1,45,5,2,0,0,0,0,17,0,0,0,0,0,0,0,male,Bangladesh Premier League,T20,MN Samuels,caught,Comilla Victorians,Sylhet Sixers,2017-12-06,,6
f846de6a,1121288,6,1,11,0,0,0,1,0,0,5,0,0,0,0,0,0,0,male,Bangladesh Premier League,T20,MN Samuels,0,Comilla Victorians,Dhaka Dynamites,2017-12-08,,6
f846de6a,1121289,27,1,33,2,1,0,0,0,0,18,0,0,0,0,0,0,0,male,Bangladesh Premier League,T20,MN Samuels,0,Comilla Victorians,Rangpur Riders,2017-12-10,2017-12-11,6
f846de6a,1133003,15,1,34,1,0,0,0,0,0,22,0,28,0,0,0,0,18,male,ICC Cricket World Cup Qualifier (ICC Trophy),ODI,MN Samuels,0,West Indies,United Arab Emirates,2018-03-06,,6
f846de6a,1133007,24,1,21,3,1,0,0,0,0,12,0,19,0,0,0,0,16,male,ICC Cricket World Cup Qualifier (ICC Trophy),ODI,MN Samuels,caught,West Indies,Papua New Guinea,2018-03-08,,6
f846de6a,1133010,2,1,7,0,0,0,0,0,0,5,0,20,0,0,0,0,8,male,ICC Cricket World Cup Qualifier (ICC Trophy),ODI,MN Samuels,caught,West Indies,Ireland,2018-03-10,,6
f846de6a,1133014,73,0,92,5,0,0,0,0,0,41,0,0,0,0,0,0,0,male,ICC Cricket World Cup Qualifier,ODM,MN Samuels,0,West Indies,Netherlands,2018-03-12,,6
f846de6a,1133018,36,1,64,2,0,0,0,0,0,41,0,0,0,0,0,0,0,male,ICC Cricket World Cup Qualifier (ICC Trophy),ODI,MN Samuels,0,West Indies,Afghanistan,2018-03-15,,6
f846de6a,1133026,86,1,80,6,4,0,0,0,0,37,0,0,0,0,0,0,0,male,ICC Cricket World Cup Qualifier (ICC Trophy),ODI,MN Samuels,caught,West Indies,Zimbabwe,2018-03-19,,6
f846de6a,1133028,51,1,103,4,0,0,0,0,0,67,0,0,0,0,0,0,0,male,ICC Cricket World Cup Qualifier (ICC Trophy),ODI,MN Samuels,0,West Indies,Scotland,2018-03-21,,6
f846de6a,1133031,17,1,26,1,1,0,0,0,0,17,0,0,0,0,0,0,0,male,ICC Cricket World Cup Qualifier (ICC Trophy),ODI,MN Samuels,0,West Indies,Afghanistan,2018-03-25,,6
f846de6a,1140069,18,1,21,3,0,0,0,0,0,12,0,7,0,0,0,0,1,male,West Indies tour of Pakistan,T20,MN Samuels,0,West Indies,Pakistan,2018-04-01,,6
f846de6a,1140070,12,1,22,1,0,0,0,0,0,13,0,0,0,0,0,0,0,male,West Indies tour of Pakistan,T20,MN Samuels,caught,West Indies,Pakistan,2018-04-02,,6
f846de6a,1140071,31,1,25,2,2,0,0,0,0,11,0,0,0,0,0,0,0,male,West Indies tour of Pakistan,T20,MN Samuels,bowled,West Indies,Pakistan,2018-04-03,,6
f846de6a,1141232,43,1,24,2,4,0,0,0,0,10,0,0,0,0,0,0,0,male,ICC World XI tour of England,T20,MN Samuels,0,West Indies,ICC World XI,2018-05-31,,6
f846de6a,1146723,26,1,15,2,2,0,0,0,0,6,0,0,0,0,0,0,0,male,Bangladesh tour of West Indies and United States of America,T20,MN Samuels,0,West Indies,Bangladesh,2018-07-31,,6
f846de6a,1146724,10,1,3,1,1,0,0,0,0,1,0,0,0,0,0,0,0,male,Bangladesh tour of West Indies and United States of America,T20,MN Samuels,caught,West Indies,Bangladesh,2018-08-04,,6
f846de6a,1146725,2,1,8,0,0,0,0,0,0,6,0,0,0,0,0,0,0,male,Bangladesh tour of West Indies and United States of America,T20,MN Samuels,bowled,West Indies,Bangladesh,2018-08-05,,6
f846de6a,1157754,0,1,2,0,0,0,0,0,0,2,0,0,0,0,0,0,0,male,West Indies tour of India,ODI,MN Samuels,lbw,West Indies,India,2018-10-21,,6
f846de6a,1157755,13,1,10,3,0,0,0,0,0,6,0,36,1,0,1,0,8,male,West Indies tour of India,ODI,MN Samuels,bowled,West Indies,India,2018-10-24,,6
f846de6a,1157756,9,1,17,1,0,0,0,0,0,11,0,12,2,1,0,1,13,male,West Indies tour of India,ODI,MN Samuels,caught,West Indies,India,2018-10-27,,6
f846de6a,1157757,18,1,23,3,0,0,0,0,0,14,0,14,0,0,0,0,0,male,West Indies tour of India,ODI,MN Samuels,caught,West Indies,India,2018-10-29,,6
f846de6a,1157758,24,1,40,3,1,0,0,0,0,31,0,0,0,0,0,0,0,male,West Indies tour of India,ODI,MN Samuels,0,West Indies,India,2018-11-01,,6
f846de6a,1153314,25,1,49,2,0,0,0,0,0,31,0,0,0,0,0,0,0,male,West Indies tour of Bangladesh,ODI,MN Samuels,caught,West Indies,Bangladesh,2018-12-09,,6
f846de6a,1153315,26,1,45,2,1,0,0,0,0,31,0,0,0,0,0,0,0,male,West Indies tour of Bangladesh,ODI,MN Samuels,0,West Indies,Bangladesh,2018-12-11,,6
f846de6a,1153316,19,1,32,2,0,0,0,0,0,19,0,25,0,0,0,0,14,male,West Indies tour of Bangladesh,ODI,MN Samuels,0,West Indies,Bangladesh,2018-12-14,,6
