player_id,match_id,runs_scored,player_out,balls_faced,fours_scored,sixes_scored,catches_taken,run_out_direct,run_out_throw,stumpings_done,dot_balls_as_batsman,order_seenballs_bowled,runs_conceded,wickets_taken,bowled_done,lbw_done,maidens,dot_balls_as_bowler,gender,series_name,match_type,name,out_kind,player_team,opposition_team,start_date,end_date,balls_per_over
3241e3fd,635216,54,1,26,1,6,0,0,0,0,8,0,0,0,0,0,0,0,male,Caribbean Premier League,T20,N Pooran,0,Trinidad & Tobago Red Steel,Guyana Amazon Warriors,2013-07-31,,6
3241e3fd,635219,0,1,3,0,0,2,0,0,0,3,0,0,0,0,0,0,0,male,Caribbean Premier League,T20,N Pooran,caught,Trinidad & Tobago Red Steel,Barbados Tridents,2013-08-03,,6
3241e3fd,635223,20,0,15,2,1,0,0,0,0,7,0,0,0,0,0,0,0,male,Caribbean Premier League,T20,N Pooran,0,Trinidad & Tobago Red Steel,Jamaica Tallawahs,2013-08-07,,6
3241e3fd,635225,3,1,5,0,0,3,0,0,0,3,0,0,0,0,0,0,0,male,Caribbean Premier League,T20,N Pooran,caught,Trinidad & Tobago Red Steel,Guyana Amazon Warriors,2013-08-09,,6
3241e3fd,635228,1,1,1,0,0,0,0,0,0,0,0,0,0,0,0,0,0,male,Caribbean Premier League,T20,N Pooran,0,Trinidad & Tobago Red Steel,Antigua Hawksbills,2013-08-11,,6
3241e3fd,635234,0,0,0,0,0,0,0,0,0,0,0,0,0,0,0,0,0,male,Caribbean Premier League,T20,N Pooran,0,Trinidad & Tobago Red Steel,St Lucia Zouks,2013-08-17,,6
3241e3fd,635235,10,1,10,0,1,2,0,0,0,5,0,0,0,0,0,0,0,male,Caribbean Premier League,T20,N Pooran,0,Trinidad & Tobago Red Steel,Jamaica Tallawahs,2013-08-18,,6
3241e3fd,635236,14,1,12,0,1,0,0,0,0,3,0,0,0,0,0,0,0,male,Caribbean Premier League,T20,N Pooran,caught,Trinidad & Tobago Red Steel,Guyana Amazon Warriors,2013-08-22,,6
3241e3fd,743139,1,0,2,0,0,0,0,0,0,1,0,0,0,0,0,0,0,male,Caribbean Premier League,T20,N Pooran,0,Trinidad & Tobago Red Steel,Barbados Tridents,2014-07-12,,6
3241e3fd,743151,0,0,0,0,0,2,0,0,0,0,0,0,0,0,0,0,0,male,Caribbean Premier League,T20,N Pooran,0,Trinidad & Tobago Red Steel,Antigua Hawksbills,2014-07-20,,6
3241e3fd,743157,16,1,11,0,2,0,0,0,1,5,0,0,0,0,0,0,0,male,Caribbean Premier League,T20,N Pooran,0,Trinidad & Tobago Red Steel,Guyana Amazon Warriors,2014-07-24,,6
3241e3fd,743161,1,1,3,0,0,0,0,0,0,2,0,0,0,0,0,0,0,male,Caribbean Premier League,T20,N Pooran,caught,Trinidad & Tobago Red Steel,Jamaica Tallawahs,2014-07-26,,6
3241e3fd,743165,0,0,0,0,0,0,0,0,1,0,0,0,0,0,0,0,0,male,Caribbean Premier League,T20,N Pooran,0,Trinidad & Tobago Red Steel,St Lucia Zouks,2014-07-27,,6
3241e3fd,743173,7,0,3,0,1,1,0,0,0,1,0,0,0,0,0,0,0,male,Caribbean Premier League,T20,N Pooran,0,Trinidad & Tobago Red Steel,St Lucia Zouks,2014-08-02,,6
3241e3fd,743181,33,1,24,1,3,0,0,0,0,12,0,0,0,0,0,0,0,male,Caribbean Premier League,T20,N Pooran,caught,Trinidad & Tobago Red Steel,Barbados Tridents,2014-08-07,,6
3241e3fd,743185,9,1,10,1,0,1,0,0,0,4,0,0,0,0,0,0,0,male,Caribbean Premier League,T20,N Pooran,0,Trinidad & Tobago Red Steel,Antigua Hawksbills,2014-08-09,,6
3241e3fd,743191,3,1,4,0,0,0,0,0,0,1,0,0,0,0,0,0,0,male,Caribbean Premier League,T20,N Pooran,0,Trinidad & Tobago Red Steel,Jamaica Tallawahs,2014-08-13,,6
3241e3fd,1025985,33,1,13,2,3,2,0,0,0,2,0,0,0,0,0,0,0,male,Caribbean Premier League,T20,N Pooran,0,Barbados Tridents,Trinbago Knight Riders,2016-07-01,,6
3241e3fd,1019643,0,0,0,0,0,0,0,0,0,0,0,0,0,0,0,0,0,male,Caribbean Premier League,T20,N Pooran,0,Barbados Tridents,Jamaica Tallawahs,2016-07-11,,6
3241e3fd,1019645,38,1,19,2,4,0,0,0,2,7,0,0,0,0,0,0,0,male,Caribbean Premier League,T20,N Pooran,0,Barbados Tridents,St Kitts and Nevis Patriots,2016-07-13,,6
3241e3fd,1019647,0,1,1,0,0,0,0,0,0,1,0,0,0,0,0,0,0,male,Caribbean Premier League,T20,N Pooran,0,Barbados Tridents,Trinbago Knight Riders,2016-07-16,,6
3241e3fd,1019649,81,0,41,9,4,0,0,0,1,9,0,0,0,0,0,0,0,male,Caribbean Premier League,T20,N Pooran,0,Barbados Tridents,St Lucia Zouks,2016-07-17,,6
3241e3fd,1019775,51,1,26,1,6,1,0,0,0,8,0,0,0,0,0,0,0,male,Caribbean Premier League,T20,N Pooran,run out,Barbados Tridents,Jamaica Tallawahs,2016-07-20,,6
3241e3fd,994677,3,1,3,0,0,0,0,0,0,1,0,0,0,0,0,0,0,male,Caribbean Premier League,T20,N Pooran,caught,Barbados Tridents,Guyana Amazon Warriors,2016-07-28,,6
3241e3fd,994683,9,1,8,0,1,0,0,0,0,5,0,0,0,0,0,0,0,male,Caribbean Premier League,T20,N Pooran,0,Barbados Tridents,Guyana Amazon Warriors,2016-07-30,,6
3241e3fd,1050217,5,1,4,1,0,0,0,0,0,2,0,0,0,0,0,0,0,male,Pakistan v West Indies T20I Series,T20,N Pooran,caught,West Indies,Pakistan,2016-09-23,,6
3241e3fd,1050219,4,1,7,1,0,0,0,0,0,6,0,0,0,0,0,0,0,male,Pakistan v West Indies T20I Series,T20,N Pooran,0,West Indies,Pakistan,2016-09-24,,6
3241e3fd,1050221,16,1,13,0,1,0,0,0,0,4,0,0,0,0,0,0,0,male,Pakistan v West Indies T20I Series,T20,N Pooran,caught,West Indies,Pakistan,2016-09-27,,6
3241e3fd,1063055,14,1,15,3,0,2,0,0,1,10,0,0,0,0,0,0,0,male,Bangladesh Premier League,T20,N Pooran,bowled,Khulna Titans,Rajshahi Kings,2016-11-09,,6
3241e3fd,1063048,0,1,1,0,0,0,0,0,0,1,0,0,0,0,0,0,0,male,Bangladesh Premier League,T20,N Pooran,bowled,Khulna Titans,Rangpur Riders,2016-11-10,,6
3241e3fd,1063059,29,1,30,0,1,1,0,0,0,8,0,0,0,0,0,0,0,male,Bangladesh Premier League,T20,N Pooran,run out,Khulna Titans,Chittagong Vikings,2016-11-12,,6
3241e3fd,1063062,12,1,15,1,0,0,1,0,0,6,0,0,0,0,0,0,0,male,Bangladesh Premier League,T20,N Pooran,caught,Khulna Titans,Comilla Victorians,2016-11-13,,6
3241e3fd,1063067,16,1,17,1,1,0,0,0,0,9,0,0,0,0,0,0,0,male,Bangladesh Premier League,T20,N Pooran,0,Khulna Titans,Dhaka Dynamites,2016-11-19,,6
3241e3fd,1063074,8,0,7,1,0,1,1,0,0,2,0,0,0,0,0,0,0,male,Bangladesh Premier League,T20,N Pooran,0,Khulna Titans,Barisal Bulls,2016-11-25,,6
3241e3fd,1063076,28,1,12,1,3,1,0,0,0,3,0,0,0,0,0,0,0,male,Bangladesh Premier League,T20,N Pooran,caught,Khulna Titans,Rajshahi Kings,2016-11-26,,6
3241e3fd,1063080,18,1,18,1,1,0,0,0,1,9,0,0,0,0,0,0,0,male,Bangladesh Premier League,T20,N Pooran,caught,Khulna Titans,Chittagong Vikings,2016-11-29,,6
3241e3fd,1063088,1,0,1,0,0,0,0,0,0,0,0,0,0,0,0,0,0,male,Bangladesh Premier League,T20,N Pooran,0,Khulna Titans,Dhaka Dynamites,2016-12-04,,6
3241e3fd,1063090,9,1,13,1,0,2,0,0,0,7,0,0,0,0,0,0,0,male,Bangladesh Premier League,T20,N Pooran,0,Khulna Titans,Dhaka Dynamites,2016-12-06,,6
3241e3fd,1063091,22,1,10,2,2,0,0,0,0,4,0,0,0,0,0,0,0,male,Bangladesh Premier League,T20,N Pooran,0,Khulna Titans,Rajshahi Kings,2016-12-07,,6
3241e3fd,1076007,1,1,3,0,0,0,0,0,0,2,0,0,0,0,0,0,0,male,Pakistan Super League,T20,N Pooran,lbw,Islamabad United,Karachi Kings,2017-03-01,,6
3241e3fd,1094674,12,1,14,2,0,1,0,0,0,8,0,0,0,0,0,0,0,male,Caribbean Premier League,T20,N Pooran,caught,Barbados Tridents,Jamaica Tallawahs,2017-08-05,,6
3241e3fd,1094676,0,1,1,0,0,0,0,0,0,1,0,0,0,0,0,0,0,male,Caribbean Premier League,T20,N Pooran,bowled,Barbados Tridents,Jamaica Tallawahs,2017-08-06,,6
3241e3fd,1094679,18,1,12,0,2,2,0,0,0,4,0,0,0,0,0,0,0,male,Caribbean Premier League,T20,N Pooran,caught,Barbados Tridents,St Lucia Stars,2017-08-10,,6
3241e3fd,1094682,18,1,6,1,2,1,0,0,0,1,0,0,0,0,0,0,0,male,Caribbean Premier League,T20,N Pooran,0,Barbados Tridents,Trinbago Knight Riders,2017-08-12,,6
3241e3fd,1094687,20,1,15,0,2,0,0,0,0,5,0,0,0,0,0,0,0,male,Caribbean Premier League,T20,N Pooran,caught,Barbados Tridents,St Kitts and Nevis Patriots,2017-08-18,,6
3241e3fd,1094690,0,1,1,0,0,0,0,0,0,1,0,0,0,0,0,0,0,male,Caribbean Premier League,T20,N Pooran,0,Barbados Tridents,Guyana Amazon Warriors,2017-08-20,,6
3241e3fd,1094696,11,1,15,1,1,0,0,0,0,12,0,0,0,0,0,0,0,male,Caribbean Premier League,T20,N Pooran,caught,Barbados Tridents,Guyana Amazon Warriors,2017-08-29,,6
3241e3fd,1094698,32,1,22,4,2,0,0,0,0,13,0,0,0,0,0,0,0,male,Caribbean Premier League,T20,N Pooran,caught,Barbados Tridents,St Lucia Stars,2017-08-31,,6
3241e3fd,1094700,19,1,14,2,1,2,0,0,0,7,0,0,0,0,0,0,0,male,Caribbean Premier League,T20,N Pooran,0,Barbados Tridents,Trinbago Knight Riders,2017-09-02,,6
3241e3fd,1094701,21,1,19,3,1,0,0,0,0,12,0,0,0,0,0,0,0,male,Caribbean Premier League,T20,N Pooran,bowled,Barbados Tridents,St Kitts and Nevis Patriots,2017-09-03,,6
3241e3fd,1121269,16,1,20,1,0,1,0,0,0,8,0,0,0,0,0,0,0,male,Bangladesh Premier League,T20,N Pooran,caught,Khulna Titans,Rangpur Riders,2017-11-24,,6
3241e3fd,1121274,57,1,27,6,3,0,0,0,1,6,0,0,0,0,0,0,0,male,Bangladesh Premier League,T20,N Pooran,0,Khulna Titans,Rajshahi Kings,2017-11-27,,6
3241e3fd,1121276,0,1,7,0,0,0,0,0,0,7,0,0,0,0,0,0,0,male,Bangladesh Premier League,T20,N Pooran,stumped,Khulna Titans,Comilla Victorians,2017-11-28,,6
3241e3fd,1121282,1,0,5,0,0,0,0,0,0,4,0,0,0,0,0,0,0,male,Bangladesh Premier League,T20,N Pooran,0,Khulna Titans,Rangpur Riders,2017-12-03,,6
3241e3fd,1121283,8,1,13,0,0,1,0,0,0,6,0,0,0,0,0,0,0,male,Bangladesh Premier League,T20,N Pooran,0,Khulna Titans,Comilla Victorians,2017-12-05,,6
3241e3fd,1121287,28,1,23,2,1,0,0,0,0,7,0,0,0,0,0,0,0,male,Bangladesh Premier League,T20,N Pooran,lbw,Khulna Titans,Rangpur Riders,2017-12-08,,6
3241e3fd,1148652,45,0,27,2,3,1,0,0,0,8,0,0,0,0,0,0,0,male,Caribbean Premier League,T20,N Pooran,0,Barbados Tridents,Guyana Amazon Warriors,2018-08-12,,6
3241e3fd,1148656,23,1,11,1,2,1,0,0,0,3,0,0,0,0,0,0,0,male,Caribbean Premier League,T20,N Pooran,0,Barbados Tridents,St Lucia Stars,2018-08-17,,6
3241e3fd,1148660,7,1,7,0,0,2,0,0,0,1,0,0,0,0,0,0,0,male,Caribbean Premier League,T20,N Pooran,0,Barbados Tridents,Jamaica Tallawahs,2018-08-22,,6
3241e3fd,1148662,8,1,7,0,1,2,0,0,0,4,0,0,0,0,0,0,0,male,Caribbean Premier League,T20,N Pooran,0,Barbados Tridents,St Kitts and Nevis Patriots,2018-08-25,,6
3241e3fd,1148664,34,1,21,3,2,0,0,0,0,7,0,0,0,0,0,0,0,male,Caribbean Premier League,T20,N Pooran,bowled,Barbados Tridents,Trinbago Knight Riders,2018-08-26,,6
3241e3fd,1148666,2,1,6,0,0,2,0,0,0,4,0,0,0,0,0,0,0,male,Caribbean Premier League,T20,N Pooran,0,Barbados Tridents,Jamaica Tallawahs,2018-08-29,,6
3241e3fd,1148668,46,1,28,4,2,0,0,0,0,7,0,0,0,0,0,0,0,male,Caribbean Premier League,T20,N Pooran,caught,Barbados Tridents,Guyana Amazon Warriors,2018-08-31,,6
3241e3fd,1148670,14,1,17,0,1,1,0,0,0,10,0,0,0,0,0,0,0,male,Caribbean Premier League,T20,N Pooran,caught,Barbados Tridents,St Lucia Stars,2018-09-02,,6
3241e3fd,1148672,44,1,34,3,3,0,0,0,0,14,0,0,0,0,0,0,0,male,Caribbean Premier League,T20,N Pooran,caught,Barbados Tridents,St Kitts and Nevis Patriots,2018-09-04,,6
3241e3fd,1148674,44,1,38,2,4,1,0,0,0,21,0,0,0,0,0,0,0,male,Caribbean Premier League,T20,N Pooran,run out,Barbados Tridents,Trinbago Knight Riders,2018-09-07,,6
3241e3fd,1157760,4,1,3,1,0,1,0,0,0,2,0,0,0,0,0,0,0,male,West Indies tour of India,T20,N Pooran,0,West Indies,India,2018-11-06,,6
3241e3fd,1157761,53,0,27,4,4,0,0,0,0,7,0,0,0,0,0,0,0,male,West Indies tour of India,T20,N Pooran,0,West Indies,India,2018-11-11,,6
3241e3fd,1153317,23,0,18,3,0,2,0,0,0,5,0,0,0,0,0,0,0,male,West Indies tour of Bangladesh,T20,N Pooran,0,West Indies,Bangladesh,2018-12-17,,6
3241e3fd,1153318,14,1,7,2,1,0,0,0,0,4,0,0,0,0,0,0,0,male,West Indies tour of Bangladesh,T20,N Pooran,0,West Indies,Bangladesh,2018-12-20,,6
3241e3fd,1153319,29,1,24,2,2,0,0,0,0,12,0,0,0,0,0,0,0,male,West Indies tour of Bangladesh,T20,N Pooran,0,West Indies,Bangladesh,2018-12-22,,6
3241e3fd,1169381,41,1,26,5,2,0,1,0,0,11,0,0,0,0,0,0,0,male,Bangladesh Premier League,T20,N Pooran,caught,Sylhet Sixers,Comilla Victorians,2019-01-06,,6
3241e3fd,1169385,52,0,32,3,3,0,0,0,0,6,0,0,0,0,0,0,0,male,Bangladesh Premier League,T20,N Pooran,0,Sylhet Sixers,Chittagong Vikings,2019-01-09,,6
3241e3fd,1169390,72,1,50,1,9,1,0,0,0,26,0,0,0,0,0,0,0,male,Bangladesh Premier League,T20,N Pooran,caught,Sylhet Sixers,Dhaka Dynamites,2019-01-12,,6
3241e3fd,1169394,0,1,3,0,0,0,0,0,0,3,0,0,0,0,0,0,0,male,Bangladesh Premier League,T20,N Pooran,lbw,Sylhet Sixers,Comilla Victorians,2019-01-15,,6
3241e3fd,1169396,26,1,16,3,1,1,0,0,0,6,0,0,0,0,0,0,0,male,Bangladesh Premier League,T20,N Pooran,0,Sylhet Sixers,Rangpur Riders,2019-01-16,,6
3241e3fd,1169397,6,1,6,1,0,0,0,0,0,3,0,0,0,0,0,0,0,male,Bangladesh Premier League,T20,N Pooran,bowled,Sylhet Sixers,Dhaka Dynamites,2019-01-18,,6
3241e3fd,1169399,47,0,29,4,3,0,0,0,0,9,0,0,0,0,0,0,0,male,Bangladesh Premier League,T20,N Pooran,0,Sylhet Sixers,Rangpur Riders,2019-01-19,,6
3241e3fd,1169406,28,1,23,3,1,0,0,0,0,9,0,0,0,0,0,0,0,male,Bangladesh Premier League,T20,N Pooran,caught,Sylhet Sixers,Khulna Titans,2019-01-23,,6
3241e3fd,1169407,19,1,18,0,2,0,0,0,0,10,0,0,0,0,0,0,0,male,Bangladesh Premier League,T20,N Pooran,caught,Sylhet Sixers,Rajshahi Kings,2019-01-25,,6
3241e3fd,1169409,12,1,11,1,1,1,0,0,0,7,0,0,0,0,0,0,0,male,Bangladesh Premier League,T20,N Pooran,0,Sylhet Sixers,Khulna Titans,2019-01-26,,6
3241e3fd,1169416,76,0,33,6,6,1,0,0,0,8,0,0,0,0,0,0,0,male,Bangladesh Premier League,T20,N Pooran,0,Sylhet Sixers,Rajshahi Kings,2019-01-30,,6
3241e3fd,1158066,0,1,4,0,0,1,0,0,0,4,0,0,0,0,0,0,0,male,England tour of West Indies,ODI,N Pooran,0,West Indies,England,2019-02-20,,6
3241e3fd,1158071,58,1,40,3,4,1,0,0,0,15,0,0,0,0,0,0,0,male,England tour of West Indies,T20,N Pooran,0,West Indies,England,2019-03-05,,6
3241e3fd,1158072,1,1,4,0,0,0,0,0,0,3,0,0,0,0,0,0,0,male,England tour of West Indies,T20,N Pooran,0,West Indies,England,2019-03-08,,6
3241e3fd,1158073,11,1,17,0,0,0,0,0,0,6,0,0,0,0,0,0,0,male,England tour of West Indies,T20,N Pooran,0,West Indies,England,2019-03-10,,6
3241e3fd,1175359,12,1,15,1,0,0,0,0,0,7,0,0,0,0,0,0,0,male,Indian Premier League,T20,N Pooran,0,Kings XI Punjab,Rajasthan Royals,2019-03-25,,6
3241e3fd,1178403,0,0,0,0,0,0,0,0,0,0,0,0,0,0,0,0,0,male,Indian Premier League,T20,N Pooran,0,Kings XI Punjab,Royal Challengers Bangalore,2019-04-13,,6
3241e3fd,1178407,5,1,6,0,0,1,0,0,0,3,0,0,0,0,0,0,0,male,Indian Premier League,T20,N Pooran,caught,Kings XI Punjab,Rajasthan Royals,2019-04-16,,6
3241e3fd,1178417,46,1,28,1,5,0,0,0,0,10,0,0,0,0,0,0,0,male,Indian Premier League,T20,N Pooran,0,Kings XI Punjab,Royal Challengers Bangalore,2019-04-24,,6
3241e3fd,1178423,21,1,10,2,2,0,0,0,0,5,0,0,0,0,0,0,0,male,Indian Premier League,T20,N Pooran,0,Kings XI Punjab,Sunrisers Hyderabad,2019-04-29,,6
3241e3fd,1178427,48,1,28,3,4,0,0,0,0,13,0,0,0,0,0,0,0,male,Indian Premier League,T20,N Pooran,0,Kings XI Punjab,Kolkata Knight Riders,2019-05-03,,6
3241e3fd,1178430,36,1,23,3,3,0,0,0,0,11,0,0,0,0,0,0,0,male,Indian Premier League,T20,N Pooran,0,Kings XI Punjab,Chennai Super Kings,2019-05-05,,6
3241e3fd,1144484,34,0,19,4,2,0,0,0,0,8,0,0,0,0,0,0,0,male,World Cup,ODI,N Pooran,0,West Indies,Pakistan,2019-05-31,,6
3241e3fd,1144492,40,1,36,5,1,1,0,0,0,19,0,0,0,0,0,0,0,male,World Cup,ODI,N Pooran,caught,West Indies,Australia,2019-06-06,,6
3241e3fd,1144497,0,0,0,0,0,0,0,0,0,0,0,0,0,0,0,0,0,male,World Cup,ODI,N Pooran,0,West Indies,South Africa,2019-06-10,,6
3241e3fd,1144501,63,1,80,3,1,0,0,0,0,39,0,0,0,0,0,0,0,male,World Cup,ODI,N Pooran,0,West Indies,England,2019-06-14,,6
3241e3fd,1144505,25,1,31,2,1,0,0,0,0,18,0,0,0,0,0,0,0,male,World Cup,ODI,N Pooran,0,West Indies,Bangladesh,2019-06-17,,6
3241e3fd,1144511,1,1,7,0,0,0,0,0,0,6,0,0,0,0,0,0,0,male,World Cup,ODI,N Pooran,0,West Indies,New Zealand,2019-06-22,,6
3241e3fd,1144516,28,1,51,2,0,0,0,0,0,30,0,0,0,0,0,0,0,male,World Cup,ODI,N Pooran,0,West Indies,India,2019-06-27,,6
3241e3fd,1144521,118,1,109,11,4,0,0,0,0,51,0,0,0,0,0,0,0,male,World Cup,ODI,N Pooran,caught,West Indies,Sri Lanka,2019-07-01,,6
3241e3fd,1144524,58,0,44,6,1,0,0,0,0,15,0,0,0,0,0,0,0,male,World Cup,ODI,N Pooran,0,West Indies,Afghanistan,2019-07-04,,6
3241e3fd,1167138,12,1,7,1,1,0,0,0,0,3,0,0,0,0,0,0,0,male,Vitality Blast,T20,N Pooran,0,Yorkshire,Derbyshire,2019-07-20,,6
3241e3fd,1167143,67,1,30,6,6,0,0,0,0,11,0,0,0,0,0,0,0,male,Vitality Blast,T20,N Pooran,caught,Yorkshire,Leicestershire,2019-07-23,,6
3241e3fd,1167147,43,1,32,3,3,2,0,0,0,13,0,0,0,0,0,0,0,male,Vitality Blast,T20,N Pooran,bowled,Yorkshire,Lancashire,2019-07-25,,6
3241e3fd,1188621,20,1,17,1,2,0,0,0,0,11,0,0,0,0,0,0,0,male,India tour of United States of America and West Indies,T20,N Pooran,0,West Indies,India,2019-08-03,,6
3241e3fd,1188622,19,1,35,1,0,1,0,0,0,20,0,0,0,0,0,0,0,male,India tour of United States of America and West Indies,T20,N Pooran,0,West Indies,India,2019-08-04,,6
3241e3fd,1188623,17,1,24,1,1,1,0,0,0,15,0,0,0,0,0,0,0,male,India tour of United States of America and West Indies,T20,N Pooran,caught,West Indies,India,2019-08-06,,6
3241e3fd,1188624,0,0,0,0,0,0,0,0,0,0,0,0,0,0,0,0,0,male,India tour of United States of America and West Indies,ODI,N Pooran,0,West Indies,India,2019-08-08,,6
3241e3fd,1188625,42,1,52,4,1,1,0,0,0,27,0,0,0,0,0,0,0,male,India tour of United States of America and West Indies,ODI,N Pooran,caught,West Indies,India,2019-08-11,,6
3241e3fd,1188626,30,1,18,1,3,0,0,0,0,7,0,0,0,0,0,0,0,male,India tour of United States of America and West Indies,ODI,N Pooran,caught,West Indies,India,2019-08-14,,6
3241e3fd,1185838,0,1,1,0,0,0,0,0,1,1,0,0,0,0,0,0,0,male,Caribbean Premier League,T20,N Pooran,bowled,Guyana Amazon Warriors,St Lucia Zouks,2019-09-05,,6
3241e3fd,1185840,0,0,0,0,0,0,0,0,0,0,0,0,0,0,0,0,0,male,Caribbean Premier League,T20,N Pooran,0,Guyana Amazon Warriors,St Kitts and Nevis Patriots,2019-09-07,,6
3241e3fd,1185842,61,0,31,3,5,1,0,0,0,7,0,0,0,0,0,0,0,male,Caribbean Premier League,T20,N Pooran,0,Guyana Amazon Warriors,Barbados Tridents,2019-09-08,,6
3241e3fd,1185847,18,0,18,1,1,0,0,0,0,9,0,0,0,0,0,0,0,male,Caribbean Premier League,T20,N Pooran,0,Guyana Amazon Warriors,St Kitts and Nevis Patriots,2019-09-14,,6
3241e3fd,1185851,20,1,12,1,2,2,0,0,0,6,0,0,0,0,0,0,0,male,Caribbean Premier League,T20,N Pooran,0,Guyana Amazon Warriors,Jamaica Tallawahs,2019-09-18,,6
3241e3fd,1185855,0,0,0,0,0,0,0,0,1,0,0,0,0,0,0,0,0,male,Caribbean Premier League,T20,N Pooran,0,Guyana Amazon Warriors,Barbados Tridents,2019-09-22,,6
3241e3fd,1185858,0,0,0,0,0,0,0,0,0,0,0,0,0,0,0,0,0,male,Caribbean Premier League,T20,N Pooran,0,Guyana Amazon Warriors,St Lucia Zouks,2019-09-25,,6
3241e3fd,1185863,3,1,5,0,0,2,0,0,0,2,0,0,0,0,0,0,0,male,Caribbean Premier League,T20,N Pooran,caught,Guyana Amazon Warriors,Trinbago Knight Riders,2019-09-30,,6
3241e3fd,1185865,0,1,1,0,0,1,0,0,0,1,0,0,0,0,0,0,0,male,Caribbean Premier League,T20,N Pooran,0,Guyana Amazon Warriors,Jamaica Tallawahs,2019-10-03,,6
3241e3fd,1185866,54,0,36,5,3,0,0,0,0,14,0,0,0,0,0,0,0,male,Caribbean Premier League,T20,N Pooran,0,Guyana Amazon Warriors,Trinbago Knight Riders,2019-10-04,,6
3241e3fd,1185867,12,0,4,0,2,0,0,0,0,2,0,0,0,0,0,0,0,male,Caribbean Premier League,T20,N Pooran,0,Guyana Amazon Warriors,Barbados Tridents,2019-10-06,,6
3241e3fd,1185870,24,1,25,2,1,1,0,0,0,13,0,0,0,0,0,0,0,male,Caribbean Premier League,T20,N Pooran,0,Guyana Amazon Warriors,Barbados Tridents,2019-10-12,,6
3241e3fd,1193497,8,0,13,1,0,1,0,0,0,8,0,0,0,0,0,0,0,male,Afghanistan tour of India,ODI,N Pooran,0,West Indies,Afghanistan,2019-11-06,,6
3241e3fd,1193498,67,1,51,7,3,1,0,0,1,22,0,0,0,0,0,0,0,male,Afghanistan tour of India,ODI,N Pooran,0,West Indies,Afghanistan,2019-11-09,,6
3241e3fd,1193499,21,1,26,1,1,1,0,0,0,13,0,0,0,0,0,0,0,male,Afghanistan tour of India,ODI,N Pooran,0,West Indies,Afghanistan,2019-11-11,,6
3241e3fd,1187019,38,0,18,4,2,0,0,0,0,4,0,0,0,0,0,0,0,male,West Indies tour of India,T20,N Pooran,0,West Indies,India,2019-12-08,,6
3241e3fd,1187020,0,1,1,0,0,1,0,0,0,1,0,0,0,0,0,0,0,male,West Indies tour of India,T20,N Pooran,caught,West Indies,India,2019-12-11,,6
3241e3fd,1187021,29,0,23,4,0,0,0,0,0,6,0,0,0,0,0,0,0,male,West Indies tour of India,ODI,N Pooran,0,West Indies,India,2019-12-15,,6
3241e3fd,1187022,75,1,48,6,6,1,0,0,0,21,0,0,0,0,0,0,0,male,West Indies tour of India,ODI,N Pooran,caught,West Indies,India,2019-12-18,,6
3241e3fd,1187023,89,1,65,10,3,0,0,0,0,23,0,0,0,0,0,0,0,male,West Indies tour of India,ODI,N Pooran,caught,West Indies,India,2019-12-22,,6
3241e3fd,1203673,17,1,12,2,1,0,0,0,0,7,0,0,0,0,0,0,0,male,Ireland tour of West Indies,ODI,N Pooran,caught,West Indies,Ireland,2020-01-07,,6
3241e3fd,1203674,52,1,46,6,0,0,0,0,0,15,0,0,0,0,0,0,0,male,Ireland tour of West Indies,ODI,N Pooran,bowled,West Indies,Ireland,2020-01-09,,6
3241e3fd,1203675,43,0,44,5,1,1,0,0,0,24,0,0,0,0,0,0,0,male,Ireland tour of West Indies,ODI,N Pooran,0,West Indies,Ireland,2020-01-12,,6
3241e3fd,1203676,26,1,23,3,1,0,0,0,0,11,0,0,0,0,0,0,0,male,Ireland tour of West Indies,T20,N Pooran,caught,West Indies,Ireland,2020-01-15,,6
3241e3fd,1203677,0,0,0,0,0,1,0,0,0,0,0,0,0,0,0,0,0,male,Ireland tour of West Indies,T20,N Pooran,0,West Indies,Ireland,2020-01-18,,6
3241e3fd,1203678,1,0,1,0,0,3,0,0,0,0,0,0,0,0,0,0,0,male,Ireland tour of West Indies,T20,N Pooran,0,West Indies,Ireland,2020-01-19,,6
3241e3fd,1213871,11,1,13,1,0,0,0,0,0,6,0,0,0,0,0,0,0,male,West Indies tour of Sri Lanka,ODI,N Pooran,0,West Indies,Sri Lanka,2020-02-22,,6
3241e3fd,1213872,31,1,42,3,0,0,0,0,0,23,0,0,0,0,0,0,0,male,West Indies tour of Sri Lanka,ODI,N Pooran,caught,West Indies,Sri Lanka,2020-02-26,,6
3241e3fd,1213873,50,1,61,3,1,0,0,0,0,29,0,0,0,0,0,0,0,male,West Indies tour of Sri Lanka,ODI,N Pooran,caught,West Indies,Sri Lanka,2020-03-01,,6
3241e3fd,1213874,14,1,12,2,0,2,0,0,0,5,0,0,0,0,0,0,0,male,West Indies tour of Sri Lanka,T20,N Pooran,caught,West Indies,Sri Lanka,2020-03-04,,6
3241e3fd,1213875,0,0,0,0,0,0,0,0,0,0,0,0,0,0,0,0,0,male,West Indies tour of Sri Lanka,T20,N Pooran,0,West Indies,Sri Lanka,2020-03-06,,6
3241e3fd,1227865,18,1,16,2,1,0,0,0,0,9,0,0,0,0,0,0,0,male,Caribbean Premier League,T20,N Pooran,0,Guyana Amazon Warriors,Trinbago Knight Riders,2020-08-18,,6
3241e3fd,1227868,0,1,1,0,0,1,0,0,1,1,0,0,0,0,0,0,0,male,Caribbean Premier League,T20,N Pooran,0,Guyana Amazon Warriors,St Kitts and Nevis Patriots,2020-08-19,,6
3241e3fd,1227872,4,1,6,0,0,0,0,0,0,3,0,0,0,0,0,0,0,male,Caribbean Premier League,T20,N Pooran,0,Guyana Amazon Warriors,Jamaica Tallawahs,2020-08-22,,6
3241e3fd,1227874,68,1,53,7,1,1,0,0,0,19,0,0,0,0,0,0,0,male,Caribbean Premier League,T20,N Pooran,0,Guyana Amazon Warriors,St Lucia Zouks,2020-08-23,,6
3241e3fd,1227876,15,1,17,1,0,0,0,0,0,7,0,0,0,0,0,0,0,male,Caribbean Premier League,T20,N Pooran,bowled,Guyana Amazon Warriors,Jamaica Tallawahs,2020-08-25,,6
3241e3fd,1227880,1,1,2,0,0,0,0,0,0,1,0,0,0,0,0,0,0,male,Caribbean Premier League,T20,N Pooran,bowled,Guyana Amazon Warriors,Trinbago Knight Riders,2020-08-27,,6
3241e3fd,1227884,100,0,46,4,10,0,0,0,0,12,0,0,0,0,0,0,0,male,Caribbean Premier League,T20,N Pooran,0,Guyana Amazon Warriors,St Kitts and Nevis Patriots,2020-08-30,,6
3241e3fd,1227886,18,0,34,0,0,2,0,0,0,19,0,0,0,0,0,0,0,male,Caribbean Premier League,T20,N Pooran,0,Guyana Amazon Warriors,Barbados Tridents,2020-09-01,,6
3241e3fd,1227888,10,1,10,2,0,2,0,0,0,6,0,0,0,0,0,0,0,male,Caribbean Premier League,T20,N Pooran,0,Guyana Amazon Warriors,St Lucia Zouks,2020-09-02,,6
3241e3fd,1227890,0,1,6,0,0,0,0,0,0,6,0,0,0,0,0,0,0,male,Caribbean Premier League,T20,N Pooran,0,Guyana Amazon Warriors,Barbados Tridents,2020-09-03,,6
3241e3fd,1227896,11,1,15,2,0,0,0,0,0,10,0,0,0,0,0,0,0,male,Caribbean Premier League,T20,N Pooran,caught,Guyana Amazon Warriors,St Lucia Zouks,2020-09-08,,6
3241e3fd,1216493,0,2,4,0,0,0,0,0,0,4,0,0,0,0,0,0,0,male,Indian Premier League,T20,N Pooran,0,Kings XI Punjab,Delhi Capitals,2020-09-20,,6
3241e3fd,1216510,17,1,19,1,0,0,0,0,0,7,0,0,0,0,0,0,0,male,Indian Premier League,T20,N Pooran,0,Kings XI Punjab,Royal Challengers Bangalore,2020-09-24,,6
3241e3fd,1216527,25,0,8,1,3,1,0,0,0,2,0,0,0,0,0,0,0,male,Indian Premier League,T20,N Pooran,0,Kings XI Punjab,Rajasthan Royals,2020-09-27,,6
3241e3fd,1216503,44,1,30,3,2,0,0,0,0,10,0,0,0,0,0,0,0,male,Indian Premier League,T20,N Pooran,0,Kings XI Punjab,Mumbai Indians,2020-10-01,,6
3241e3fd,1216513,33,1,17,1,3,0,0,0,0,5,0,0,0,0,0,0,0,male,Indian Premier League,T20,N Pooran,caught,Kings XI Punjab,Chennai Super Kings,2020-10-04,,6
3241e3fd,1216542,77,1,37,5,7,1,0,0,0,12,0,0,0,0,0,0,0,male,Indian Premier League,T20,N Pooran,caught,Kings XI Punjab,Sunrisers Hyderabad,2020-10-08,,6
3241e3fd,1216523,16,1,10,2,1,0,0,0,0,5,0,0,0,0,0,0,0,male,Indian Premier League,T20,N Pooran,bowled,Kings XI Punjab,Kolkata Knight Riders,2020-10-10,,6
3241e3fd,1216531,6,0,1,0,1,1,0,0,0,0,0,0,0,0,0,0,0,male,Indian Premier League,T20,N Pooran,0,Kings XI Punjab,Royal Challengers Bangalore,2020-10-15,,6
3241e3fd,1216517,24,2,13,2,2,1,0,0,0,6,0,0,0,0,0,0,0,male,Indian Premier League,T20,N Pooran,0,Kings XI Punjab,Mumbai Indians,2020-10-18,,6
3241e3fd,1216546,53,1,28,6,3,0,0,0,0,10,0,0,0,0,0,0,0,male,Indian Premier League,T20,N Pooran,caught,Kings XI Punjab,Delhi Capitals,2020-10-20,,6
3241e3fd,1216498,32,0,29,2,0,1,0,0,0,7,0,0,0,0,0,0,0,male,Indian Premier League,T20,N Pooran,0,Kings XI Punjab,Sunrisers Hyderabad,2020-10-24,,6
3241e3fd,1216520,2,0,3,0,0,1,0,0,0,1,0,0,0,0,0,0,0,male,Indian Premier League,T20,N Pooran,0,Kings XI Punjab,Kolkata Knight Riders,2020-10-26,,6
3241e3fd,1216537,22,1,10,0,3,1,0,0,0,4,0,0,0,0,0,0,0,male,Indian Premier League,T20,N Pooran,caught,Kings XI Punjab,Rajasthan Royals,2020-10-30,,6
3241e3fd,1216506,2,1,6,0,0,0,0,0,0,4,0,0,0,0,0,0,0,male,Indian Premier League,T20,N Pooran,0,Kings XI Punjab,Chennai Super Kings,2020-11-01,,6
3241e3fd,1233954,1,1,2,0,0,1,0,0,0,1,0,0,0,0,0,0,0,male,West Indies tour of New Zealand,T20,N Pooran,0,West Indies,New Zealand,2020-11-27,,6
3241e3fd,1233955,7,1,4,0,1,1,0,0,0,2,0,0,0,0,0,0,0,male,West Indies tour of New Zealand,T20,N Pooran,0,West Indies,New Zealand,2020-11-29,,6
3241e3fd,1233956,0,0,0,0,0,0,0,0,0,0,0,0,0,0,0,0,0,male,West Indies tour of New Zealand,T20,N Pooran,0,West Indies,New Zealand,2020-11-30,,6
3241e3fd,1226867,0,0,0,0,0,2,0,0,0,0,0,0,0,0,0,0,0,male,Big Bash League,T20,N Pooran,0,Melbourne Stars,Perth Scorchers,2020-12-16,,6
3241e3fd,1226846,65,1,27,2,8,0,0,0,0,9,0,0,0,0,0,0,0,male,Big Bash League,T20,N Pooran,caught,Melbourne Stars,Sydney Sixers,2020-12-26,,6
3241e3fd,1226854,6,1,8,0,1,0,0,0,1,7,0,0,0,0,0,0,0,male,Big Bash League,T20,N Pooran,0,Melbourne Stars,Sydney Thunder,2020-12-29,,6
3241e3fd,1226844,14,1,16,0,1,0,0,0,0,7,0,0,0,0,0,0,0,male,Big Bash League,T20,N Pooran,caught,Melbourne Stars,Hobart Hurricanes,2021-01-02,,6
3241e3fd,1226879,26,1,21,3,1,0,0,0,0,9,0,0,0,0,0,0,0,male,Big Bash League,T20,N Pooran,0,Melbourne Stars,Hobart Hurricanes,2021-01-04,,6
3241e3fd,1226835,16,1,5,1,2,0,0,0,0,2,0,0,0,0,0,0,0,male,Big Bash League,T20,N Pooran,caught,Melbourne Stars,Brisbane Heat,2021-01-07,,6
3241e3fd,1252066,0,1,1,0,0,0,0,0,1,1,0,0,0,0,0,0,0,male,Sri Lanka tour of West Indies,T20,N Pooran,0,West Indies,Sri Lanka,2021-03-03,,6
3241e3fd,1252067,8,1,15,0,0,0,0,0,0,7,0,0,0,0,0,0,0,male,Sri Lanka tour of West Indies,T20,N Pooran,bowled,West Indies,Sri Lanka,2021-03-05,,6
3241e3fd,1252068,23,1,18,0,2,1,0,0,0,5,0,0,0,0,0,0,0,male,Sri Lanka tour of West Indies,T20,N Pooran,0,West Indies,Sri Lanka,2021-03-07,,6
3241e3fd,1252069,0,0,0,0,0,0,0,0,0,0,0,0,0,0,0,0,0,male,West Indies v Sri Lanka,ODI,N Pooran,0,West Indies,Sri Lanka,2021-03-10,,6
3241e3fd,1252070,35,0,40,4,0,0,0,0,0,20,0,0,0,0,0,0,0,male,West Indies v Sri Lanka,ODI,N Pooran,0,West Indies,Sri Lanka,2021-03-12,,6
3241e3fd,1252071,15,1,9,0,2,0,1,0,0,5,0,0,0,0,0,0,0,male,West Indies v Sri Lanka,ODI,N Pooran,0,West Indies,Sri Lanka,2021-03-14,,6
3241e3fd,1254061,0,1,1,0,0,0,0,0,0,1,0,0,0,0,0,0,0,male,Indian Premier League,T20,N Pooran,caught,Punjab Kings,Rajasthan Royals,2021-04-12,,6
3241e3fd,1254065,0,1,2,0,0,1,0,0,0,2,0,0,0,0,0,0,0,male,Indian Premier League,T20,N Pooran,caught,Punjab Kings,Chennai Super Kings,2021-04-16,,6
3241e3fd,1254068,9,1,8,1,0,0,0,0,0,2,0,0,0,0,0,0,0,male,Indian Premier League,T20,N Pooran,caught,Punjab Kings,Delhi Capitals,2021-04-18,,6
3241e3fd,1254071,0,0,0,0,0,0,0,0,0,0,0,0,0,0,0,0,0,male,Indian Premier League,T20,N Pooran,0,Punjab Kings,Sunrisers Hyderabad,2021-04-21,,6
3241e3fd,1254074,0,0,0,0,0,1,0,0,0,0,0,0,0,0,0,0,0,male,Indian Premier League,T20,N Pooran,0,Punjab Kings,Mumbai Indians,2021-04-23,,6
3241e3fd,1254078,19,1,19,1,1,0,0,0,0,8,0,0,0,0,0,0,0,male,Indian Premier League,T20,N Pooran,bowled,Punjab Kings,Kolkata Knight Riders,2021-04-26,,6
3241e3fd,1254083,0,1,4,0,0,1,0,0,0,4,0,0,0,0,0,0,0,male,Indian Premier League,T20,N Pooran,0,Punjab Kings,Royal Challengers Bangalore,2021-04-30,,6
3241e3fd,1263151,0,0,0,0,0,0,0,0,0,0,0,0,0,0,0,0,0,male,South Africa tour of West Indies,T20,N Pooran,0,West Indies,South Africa,2021-06-26,,6
3241e3fd,1263152,9,1,11,1,0,1,0,0,0,6,0,0,0,0,0,0,0,male,South Africa tour of West Indies,T20,N Pooran,0,West Indies,South Africa,2021-06-27,,6
3241e3fd,1263153,26,1,29,1,1,0,0,0,0,12,0,0,0,0,0,0,0,male,South Africa tour of West Indies,T20,N Pooran,lbw,West Indies,South Africa,2021-06-29,,6
3241e3fd,1263154,16,1,16,2,0,1,0,0,1,6,0,0,0,0,0,0,0,male,South Africa tour of West Indies,T20,N Pooran,0,West Indies,South Africa,2021-07-01,,6
3241e3fd,1263155,20,1,15,0,2,0,0,0,0,5,0,0,0,0,0,0,0,male,South Africa tour of West Indies,T20,N Pooran,caught,West Indies,South Africa,2021-07-03,,6
3241e3fd,1263156,17,0,16,3,0,1,0,0,0,8,0,0,0,0,0,0,0,male,Australia tour of West Indies,T20,N Pooran,0,West Indies,Australia,2021-07-09,,6
3241e3fd,1263157,0,0,0,0,0,0,0,1,0,0,0,0,0,0,0,0,0,male,Australia tour of West Indies,T20,N Pooran,0,West Indies,Australia,2021-07-10,,6
3241e3fd,1263158,32,0,31,4,1,0,0,0,0,17,0,0,0,0,0,0,0,male,Australia tour of West Indies,T20,N Pooran,0,West Indies,Australia,2021-07-12,,6
3241e3fd,1263159,16,1,15,1,1,2,0,0,1,8,0,0,0,0,0,0,0,male,Australia tour of West Indies,T20,N Pooran,0,West Indies,Australia,2021-07-14,,6
3241e3fd,1263160,31,1,21,1,3,1,1,0,0,9,0,0,0,0,0,0,0,male,Australia tour of West Indies,T20,N Pooran,caught,West Indies,Australia,2021-07-16,,6
3241e3fd,1263161,0,1,2,0,0,1,0,0,1,2,0,0,0,0,0,0,0,male,Australia tour of West Indies,ODI,N Pooran,lbw,West Indies,Australia,2021-07-20,,6
3241e3fd,1263162,59,0,75,2,2,1,0,0,0,37,0,0,0,0,0,0,0,male,Australia tour of West Indies,ODI,N Pooran,0,West Indies,Australia,2021-07-22,2021-07-23,6
3241e3fd,1263163,3,1,7,0,0,0,0,0,0,5,0,6,0,0,0,0,0,male,Australia tour of West Indies,ODI,N Pooran,0,West Indies,Australia,2021-07-26,,6
3241e3fd,1263164,13,1,11,0,2,0,0,0,0,8,0,0,0,0,0,0,0,male,Pakistan tour of West Indies,T20,N Pooran,caught,West Indies,Pakistan,2021-07-28,,6
3241e3fd,1263165,62,0,34,4,6,1,0,0,0,14,0,0,0,0,0,0,0,male,Pakistan tour of West Indies,T20,N Pooran,0,West Indies,Pakistan,2021-07-31,,6
3241e3fd,1263166,0,0,0,0,0,0,0,0,0,0,0,0,0,0,0,0,0,male,Pakistan tour of West Indies,T20,N Pooran,0,West Indies,Pakistan,2021-08-01,,6
3241e3fd,1263167,0,0,0,0,0,0,0,0,0,0,0,0,0,0,0,0,0,male,Pakistan tour of West Indies,T20,N Pooran,0,West Indies,Pakistan,2021-08-03,,6
3241e3fd,1269700,12,1,11,1,1,3,0,0,0,7,0,0,0,0,0,0,0,male,Caribbean Premier League,T20,N Pooran,caught,Guyana Amazon Warriors,Trinbago Knight Riders,2021-08-26,,6
3241e3fd,1269704,23,1,10,0,3,0,0,0,1,3,0,0,0,0,0,0,0,male,Caribbean Premier League,T20,N Pooran,caught,Guyana Amazon Warriors,St Kitts and Nevis Patriots,2021-08-28,,6
3241e3fd,1269707,11,0,9,0,0,1,0,0,0,2,0,0,0,0,0,0,0,male,Caribbean Premier League,T20,N Pooran,0,Guyana Amazon Warriors,St Kitts and Nevis Patriots,2021-08-29,,6
3241e3fd,1269710,28,2,17,2,2,1,0,0,0,6,0,0,0,0,0,0,0,male,Caribbean Premier League,T20,N Pooran,caught,Guyana Amazon Warriors,Trinbago Knight Riders,2021-09-01,,6
3241e3fd,1269712,41,1,26,2,5,0,0,1,0,16,0,0,0,0,0,0,0,male,Caribbean Premier League,T20,N Pooran,caught,Guyana Amazon Warriors,St Lucia Kings,2021-09-02,,6
3241e3fd,1269715,0,0,0,0,0,0,0,2,0,0,0,0,0,0,0,0,0,male,Caribbean Premier League,T20,N Pooran,0,Guyana Amazon Warriors,Barbados Royals,2021-09-04,,6
3241e3fd,1269719,14,1,10,1,1,1,0,0,0,4,0,0,0,0,0,0,0,male,Caribbean Premier League,T20,N Pooran,0,Guyana Amazon Warriors,Barbados Royals,2021-09-07,,6
3241e3fd,1269721,25,1,21,1,2,1,0,0,0,9,0,0,0,0,0,0,0,male,Caribbean Premier League,T20,N Pooran,0,Guyana Amazon Warriors,St Lucia Kings,2021-09-08,,6
3241e3fd,1269725,75,0,40,4,7,1,0,0,0,14,0,0,0,0,0,0,0,male,Caribbean Premier League,T20,N Pooran,0,Guyana Amazon Warriors,Jamaica Tallawahs,2021-09-11,,6
3241e3fd,1269728,9,1,7,0,1,2,0,0,0,3,0,0,0,0,0,0,0,male,Caribbean Premier League,T20,N Pooran,0,Guyana Amazon Warriors,Jamaica Tallawahs,2021-09-12,,6
3241e3fd,1269731,26,1,14,1,3,0,0,0,0,6,0,0,0,0,0,0,0,male,Caribbean Premier League,T20,N Pooran,0,Guyana Amazon Warriors,St Kitts and Nevis Patriots,2021-09-14,,6
3241e3fd,1254111,32,1,22,1,2,0,0,0,0,7,0,0,0,0,0,0,0,male,Indian Premier League,T20,N Pooran,caught,Punjab Kings,Rajasthan Royals,2021-09-21,,6
3241e3fd,1254107,8,1,4,0,1,0,0,0,0,1,0,0,0,0,0,0,0,male,Indian Premier League,T20,N Pooran,0,Punjab Kings,Sunrisers Hyderabad,2021-09-25,,6
3241e3fd,1254099,2,1,3,0,0,0,0,0,0,1,0,0,0,0,0,0,0,male,Indian Premier League,T20,N Pooran,lbw,Punjab Kings,Mumbai Indians,2021-09-28,,6
3241e3fd,1254102,12,1,7,0,1,0,0,0,0,1,0,0,0,0,0,0,0,male,Indian Premier League,T20,N Pooran,0,Punjab Kings,Kolkata Knight Riders,2021-10-01,,6
3241e3fd,1254090,3,1,7,0,0,0,0,0,0,4,0,0,0,0,0,0,0,male,Indian Premier League,T20,N Pooran,0,Punjab Kings,Royal Challengers Bangalore,2021-10-03,,6
3241e3fd,1273725,1,1,11,0,0,0,0,0,0,10,0,0,0,0,0,0,0,male,ICC Men's T20 World Cup,T20,N Pooran,0,West Indies,England,2021-10-23,,6
3241e3fd,1273729,12,1,7,2,0,0,0,0,0,2,0,0,0,0,0,0,0,male,ICC Men's T20 World Cup,T20,N Pooran,0,West Indies,South Africa,2021-10-26,,6
3241e3fd,1273734,40,1,25,1,4,0,0,0,0,9,0,0,0,0,0,0,0,male,ICC Men's T20 World Cup,T20,N Pooran,caught,West Indies,Bangladesh,2021-10-29,,6
3241e3fd,1273746,46,1,35,6,1,0,0,0,0,15,0,0,0,0,0,0,0,male,ICC Men's T20 World Cup,T20,N Pooran,caught,West Indies,Sri Lanka,2021-11-04,,6
3241e3fd,1273749,4,1,4,1,0,0,0,0,0,3,0,0,0,0,0,0,0,male,ICC Men's T20 World Cup,T20,N Pooran,0,West Indies,Australia,2021-11-06,,6
3241e3fd,1287773,18,1,10,1,2,0,0,0,0,5,0,0,0,0,0,0,0,male,West Indies tour of Pakistan,T20,N Pooran,bowled,West Indies,Pakistan,2021-12-13,,6
3241e3fd,1287774,26,1,27,1,1,1,0,2,1,11,0,0,0,0,0,0,0,male,West Indies tour of Pakistan,T20,N Pooran,caught,West Indies,Pakistan,2021-12-14,,6
3241e3fd,1287775,64,1,40,2,6,1,0,0,0,15,0,0,0,0,0,0,0,male,West Indies tour of Pakistan,T20,N Pooran,0,West Indies,Pakistan,2021-12-16,,6
3241e3fd,1277085,13,1,37,2,0,1,0,0,0,30,0,0,0,0,0,0,0,male,Ireland tour of United States of America and West Indies,ODI,N Pooran,caught,West Indies,Ireland,2022-01-08,,6
3241e3fd,1277086,1,1,11,0,0,1,0,0,0,10,0,0,0,0,0,0,0,male,Ireland tour of United States of America and West Indies,ODI,N Pooran,0,West Indies,Ireland,2022-01-13,,6
3241e3fd,1277087,2,1,8,0,0,0,0,0,0,6,0,0,0,0,0,0,0,male,Ireland tour of United States of America and West Indies,ODI,N Pooran,lbw,West Indies,Ireland,2022-01-16,,6
3241e3fd,1256720,27,0,29,2,0,1,0,0,0,11,0,0,0,0,0,0,0,male,England tour of West Indies,T20,N Pooran,0,West Indies,England,2022-01-22,,6
3241e3fd,1256721,24,1,22,3,1,0,0,0,0,13,0,0,0,0,0,0,0,male,England tour of West Indies,T20,N Pooran,0,West Indies,England,2022-01-23,,6
3241e3fd,1256722,70,1,44,4,5,0,0,0,0,15,0,0,0,0,0,0,0,male,England tour of West Indies,T20,N Pooran,0,West Indies,England,2022-01-26,,6
3241e3fd,1256723,22,1,17,0,2,1,0,0,0,6,0,0,0,0,0,0,0,male,England tour of West Indies,T20,N Pooran,caught,West Indies,England,2022-01-29,,6
3241e3fd,1256724,21,1,26,0,1,1,0,0,1,11,0,0,0,0,0,0,0,male,England tour of West Indies,T20,N Pooran,bowled,West Indies,England,2022-01-30,,6
3241e3fd,1278676,18,1,25,3,0,0,0,0,0,17,0,0,0,0,0,0,0,male,West Indies tour of India,ODI,N Pooran,lbw,West Indies,India,2022-02-06,,6
3241e3fd,1278677,9,1,13,0,1,0,0,0,0,9,0,0,0,0,0,0,0,male,West Indies tour of India,ODI,N Pooran,caught,West Indies,India,2022-02-09,,6
3241e3fd,1278678,34,1,39,2,1,0,0,0,0,23,0,0,0,0,0,0,0,male,West Indies tour of India,ODI,N Pooran,0,West Indies,India,2022-02-11,,6
3241e3fd,1278679,61,1,48,4,5,0,0,0,0,24,0,0,0,0,0,0,0,male,West Indies tour of India,T20,N Pooran,0,West Indies,India,2022-02-16,,6
3241e3fd,1278680,62,1,43,5,3,0,0,0,0,13,0,0,0,0,0,0,0,male,West Indies tour of India,T20,N Pooran,0,West Indies,India,2022-02-18,,6
3241e3fd,1278681,61,1,49,8,1,0,0,0,0,21,0,0,0,0,0,0,0,male,West Indies tour of India,T20,N Pooran,caught,West Indies,India,2022-02-20,,6
3241e3fd,1304051,0,1,10,0,0,2,0,0,0,10,0,0,0,0,0,0,0,male,Indian Premier League,T20,N Pooran,0,Sunrisers Hyderabad,Rajasthan Royals,2022-03-29,,6
3241e3fd,1304058,34,1,26,3,2,0,0,1,0,11,0,0,0,0,0,0,0,male,Indian Premier League,T20,N Pooran,caught,Sunrisers Hyderabad,Lucknow Super Giants,2022-04-04,,6
3241e3fd,1304063,5,0,3,1,0,0,0,0,0,1,0,0,0,0,0,0,0,male,Indian Premier League,T20,N Pooran,0,Sunrisers Hyderabad,Chennai Super Kings,2022-04-09,,6
3241e3fd,1304067,34,0,19,2,2,0,0,1,0,4,0,0,0,0,0,0,0,male,Indian Premier League,T20,N Pooran,0,Sunrisers Hyderabad,Gujarat Titans,2022-04-11,,6
3241e3fd,1304071,5,0,9,0,0,2,0,0,0,4,0,0,0,0,0,0,0,male,Indian Premier League,T20,N Pooran,0,Sunrisers Hyderabad,Kolkata Knight Riders,2022-04-15,,6
3241e3fd,1304074,35,0,32,1,1,1,0,1,0,10,0,0,0,0,0,0,0,male,Indian Premier League,T20,N Pooran,0,Sunrisers Hyderabad,Punjab Kings,2022-04-17,,6
3241e3fd,1304082,0,0,0,0,0,2,0,0,1,0,0,0,0,0,0,0,0,male,Indian Premier League,T20,N Pooran,0,Sunrisers Hyderabad,Royal Challengers Bangalore,2022-04-23,,6
3241e3fd,1304086,3,1,5,0,0,0,0,0,0,2,0,0,0,0,0,0,0,male,Indian Premier League,T20,N Pooran,caught,Sunrisers Hyderabad,Gujarat Titans,2022-04-27,,6
3241e3fd,1304092,64,0,35,3,6,0,0,0,0,12,0,0,0,0,0,0,0,male,Indian Premier League,T20,N Pooran,0,Sunrisers Hyderabad,Chennai Super Kings,2022-05-01,,6
3241e3fd,1304096,62,1,38,2,6,1,0,0,0,15,0,0,0,0,0,0,0,male,Indian Premier League,T20,N Pooran,caught,Sunrisers Hyderabad,Delhi Capitals,2022-05-05,,6
3241e3fd,1304100,19,1,14,2,1,0,0,0,0,6,0,0,0,0,0,0,0,male,Indian Premier League,T20,N Pooran,caught,Sunrisers Hyderabad,Royal Challengers Bangalore,2022-05-08,,6
3241e3fd,1304107,2,1,4,0,0,0,0,0,0,2,0,0,0,0,0,0,0,male,Indian Premier League,T20,N Pooran,0,Sunrisers Hyderabad,Kolkata Knight Riders,2022-05-14,,6
3241e3fd,1304111,38,1,22,2,3,0,0,0,0,5,0,0,0,0,0,0,0,male,Indian Premier League,T20,N Pooran,0,Sunrisers Hyderabad,Mumbai Indians,2022-05-17,,6
3241e3fd,1304116,5,1,11,0,0,0,0,0,0,6,0,0,0,0,0,0,0,male,Indian Premier League,T20,N Pooran,caught,Sunrisers Hyderabad,Punjab Kings,2022-05-22,,6
3241e3fd,1302349,7,1,11,0,0,0,0,0,0,7,0,0,0,0,0,0,0,male,West Indies tour of Netherlands,ODI,N Pooran,bowled,West Indies,Netherlands,2022-05-31,,6
3241e3fd,1302350,10,1,27,0,1,0,0,0,0,23,0,0,0,0,0,0,0,male,West Indies tour of Netherlands,ODI,N Pooran,0,West Indies,Netherlands,2022-06-02,,6
3241e3fd,1302351,7,1,7,1,0,0,0,0,0,3,0,0,0,0,0,0,0,male,West Indies tour of Netherlands,ODI,N Pooran,0,West Indies,Netherlands,2022-06-04,,6
3241e3fd,1315038,21,1,16,0,3,2,0,0,0,10,0,0,0,0,0,0,0,male,West Indies tour of Pakistan,ODI,N Pooran,0,West Indies,Pakistan,2022-06-08,,6
3241e3fd,1315039,25,1,37,1,1,1,0,1,0,23,0,0,0,0,0,0,0,male,West Indies tour of Pakistan,ODI,N Pooran,0,West Indies,Pakistan,2022-06-10,,6
3241e3fd,1315040,11,1,13,1,0,0,0,0,0,6,0,48,4,1,0,0,25,male,West Indies tour of Pakistan,ODI,N Pooran,0,West Indies,Pakistan,2022-06-12,,6
3241e3fd,1317149,0,0,0,0,0,1,0,0,0,0,0,0,0,0,0,0,0,male,Bangladesh tour of West Indies,T20,N Pooran,0,West Indies,Bangladesh,2022-07-02,,6
3241e3fd,1317150,34,1,33,3,1,2,0,0,0,16,0,0,0,0,0,0,0,male,Bangladesh tour of West Indies,T20,N Pooran,lbw,West Indies,Bangladesh,2022-07-03,,6
3241e3fd,1317151,74,0,40,5,5,0,0,1,0,8,0,0,0,0,0,0,0,male,Bangladesh tour of West Indies,T20,N Pooran,0,West Indies,Bangladesh,2022-07-07,,6
3241e3fd,1317152,18,1,24,3,0,1,0,0,0,16,0,39,1,0,0,0,21,male,Bangladesh tour of West Indies,ODI,N Pooran,bowled,West Indies,Bangladesh,2022-07-10,,6
3241e3fd,1317153,0,1,1,0,0,0,0,0,0,1,0,14,0,0,0,0,8,male,Bangladesh tour of West Indies,ODI,N Pooran,bowled,West Indies,Bangladesh,2022-07-13,,6
3241e3fd,1317154,73,1,110,4,2,0,0,0,0,68,0,38,0,0,0,0,15,male,Bangladesh tour of West Indies,ODI,N Pooran,bowled,West Indies,Bangladesh,2022-07-16,,6
3241e3fd,1317900,25,1,27,0,2,1,1,0,0,12,0,23,0,0,0,0,6,male,India tour of West Indies,ODI,N Pooran,0,West Indies,India,2022-07-22,,6
3241e3fd,1317901,74,1,78,1,6,0,0,0,0,40,0,0,0,0,0,0,0,male,India tour of West Indies,ODI,N Pooran,0,West Indies,India,2022-07-24,,6
3241e3fd,1317902,42,1,32,5,1,1,0,0,0,11,0,0,0,0,0,0,0,male,India tour of West Indies,ODI,N Pooran,caught,West Indies,India,2022-07-27,,6
3241e3fd,1317903,18,1,15,1,1,0,0,0,0,6,0,0,0,0,0,0,0,male,India tour of West Indies,T20,N Pooran,0,West Indies,India,2022-07-29,,6
3241e3fd,1317904,14,1,12,1,1,0,0,0,0,6,0,0,0,0,0,0,0,male,India tour of West Indies,T20,N Pooran,caught,West Indies,India,2022-08-01,,6
3241e3fd,1317905,22,1,23,2,1,0,0,0,0,13,0,0,0,0,0,0,0,male,India tour of West Indies,T20,N Pooran,caught,West Indies,India,2022-08-02,,6
3241e3fd,1317906,24,1,9,1,3,0,0,0,0,3,0,0,0,0,0,0,0,male,West Indies v India T20I Series,T20,N Pooran,run out,West Indies,India,2022-08-06,,6
3241e3fd,1317907,3,1,6,0,0,2,0,0,0,3,0,0,0,0,0,0,0,male,West Indies v India T20I Series,T20,N Pooran,0,West Indies,India,2022-08-07,,6
3241e3fd,1317908,15,1,8,2,1,0,0,0,0,4,0,0,0,0,0,0,0,male,New Zealand tour of West Indies,T20,N Pooran,0,West Indies,New Zealand,2022-08-10,,6
3241e3fd,1317909,1,1,4,0,0,1,0,0,0,3,0,0,0,0,0,0,0,male,New Zealand tour of West Indies,T20,N Pooran,0,West Indies,New Zealand,2022-08-12,,6
3241e3fd,1317911,28,1,50,2,0,1,0,0,0,30,0,0,0,0,0,0,0,male,New Zealand tour of West Indies,ODI,N Pooran,0,West Indies,New Zealand,2022-08-17,,6
3241e3fd,1317912,2,1,6,0,0,1,0,0,0,5,0,0,0,0,0,0,0,male,New Zealand tour of West Indies,ODI,N Pooran,bowled,West Indies,New Zealand,2022-08-19,,6
3241e3fd,1317913,91,1,55,4,9,1,0,0,0,23,0,6,0,0,0,0,0,male,New Zealand tour of West Indies,ODI,N Pooran,caught,West Indies,New Zealand,2022-08-21,,6
3241e3fd,1323145,4,1,6,0,0,1,0,0,0,2,0,0,0,0,0,0,0,male,Caribbean Premier League,T20,N Pooran,0,Trinbago Knight Riders,St Lucia Kings,2022-09-01,,6
3241e3fd,1323151,8,1,8,1,0,0,0,0,0,4,0,0,0,0,0,0,0,male,Caribbean Premier League,T20,N Pooran,lbw,Trinbago Knight Riders,Barbados Royals,2022-09-07,,6
3241e3fd,1323155,13,1,12,0,1,0,0,0,0,5,0,0,0,0,0,0,0,male,Caribbean Premier League,T20,N Pooran,0,Trinbago Knight Riders,Jamaica Tallawahs,2022-09-10,,6
3241e3fd,1323159,52,1,43,2,2,0,0,0,0,11,0,0,0,0,0,0,0,male,Caribbean Premier League,T20,N Pooran,bowled,Trinbago Knight Riders,Barbados Royals,2022-09-13,,6
3241e3fd,1323161,15,1,7,2,1,2,0,0,0,3,0,0,0,0,0,0,0,male,Caribbean Premier League,T20,N Pooran,0,Trinbago Knight Riders,Guyana Amazon Warriors,2022-09-14,,6
3241e3fd,1323164,0,1,4,0,0,0,0,0,0,4,0,0,0,0,0,0,0,male,Caribbean Premier League,T20,N Pooran,caught,Trinbago Knight Riders,Jamaica Tallawahs,2022-09-17,,6
3241e3fd,1323166,0,1,2,0,0,0,0,0,0,2,0,0,0,0,0,0,0,male,Caribbean Premier League,T20,N Pooran,0,Trinbago Knight Riders,St Lucia Kings,2022-09-18,,6
3241e3fd,1323169,15,1,11,0,1,0,0,0,0,4,0,0,0,0,0,0,0,male,Caribbean Premier League,T20,N Pooran,stumped,Trinbago Knight Riders,St Kitts and Nevis Patriots,2022-09-22,,6
3241e3fd,1323171,1,1,2,0,0,0,0,0,0,1,0,0,0,0,0,0,0,male,Caribbean Premier League,T20,N Pooran,0,Trinbago Knight Riders,Guyana Amazon Warriors,2022-09-24,,6
3241e3fd,1317482,2,1,6,0,0,1,0,0,0,4,0,0,0,0,0,0,0,male,West Indies tour of Australia,T20,N Pooran,0,West Indies,Australia,2022-10-05,,6
3241e3fd,1317483,2,1,4,0,0,0,0,1,0,2,0,0,0,0,0,0,0,male,West Indies tour of Australia,T20,N Pooran,0,West Indies,Australia,2022-10-07,,6
3241e3fd,1298137,5,1,9,0,0,0,0,0,0,4,0,0,0,0,0,0,0,male,ICC Men's T20 World Cup,T20,N Pooran,bowled,West Indies,Scotland,2022-10-17,,6
3241e3fd,1298142,7,1,9,0,0,1,0,0,0,2,0,0,0,0,0,0,0,male,ICC Men's T20 World Cup,T20,N Pooran,0,West Indies,Zimbabwe,2022-10-19,,6
3241e3fd,1298145,13,1,11,0,1,0,0,0,0,4,0,0,0,0,0,0,0,male,ICC Men's T20 World Cup,T20,N Pooran,caught,West Indies,Ireland,2022-10-21,,6
3241e3fd,1346917,49,1,32,2,4,1,0,0,0,11,0,0,0,0,0,0,0,male,International League T20,T20,N Pooran,0,MI Emirates,Sharjah Warriors,2023-01-14,,6
3241e3fd,1346921,39,0,23,1,3,1,0,0,0,8,0,0,0,0,0,0,0,male,International League T20,T20,N Pooran,0,MI Emirates,Sharjah Warriors,2023-01-17,,6
3241e3fd,1346926,20,1,13,2,1,1,0,1,0,5,0,0,0,0,0,0,0,male,International League T20,T20,N Pooran,0,MI Emirates,Abu Dhabi Knight Riders,2023-01-21,,6
3241e3fd,1346928,0,1,5,0,0,0,0,0,0,5,0,0,0,0,0,0,0,male,International League T20,T20,N Pooran,bowled,MI Emirates,Dubai Capitals,2023-01-22,,6
3241e3fd,1346930,57,1,54,4,2,1,0,0,0,21,0,0,0,0,0,0,0,male,International League T20,T20,N Pooran,bowled,MI Emirates,Desert Vipers,2023-01-24,,6
3241e3fd,1346939,42,1,29,3,3,0,0,0,0,13,0,0,0,0,0,0,0,male,International League T20,T20,N Pooran,0,MI Emirates,Gulf Giants,2023-02-01,,6
3241e3fd,1346941,10,0,10,0,1,0,0,0,0,5,0,0,0,0,0,0,0,male,International League T20,T20,N Pooran,0,MI Emirates,Abu Dhabi Knight Riders,2023-02-03,,6
3241e3fd,1346944,43,1,31,5,1,0,0,0,0,11,0,0,0,0,0,0,0,male,International League T20,T20,N Pooran,0,MI Emirates,Dubai Capitals,2023-02-05,,6
3241e3fd,1346947,66,0,38,3,5,1,0,0,0,9,0,0,0,0,0,0,0,male,International League T20,T20,N Pooran,0,MI Emirates,Dubai Capitals,2023-02-09,,6
3241e3fd,1346948,29,1,29,0,3,0,0,0,0,15,0,0,0,0,0,0,0,male,International League T20,T20,N Pooran,caught,MI Emirates,Gulf Giants,2023-02-10,,6
3241e3fd,1351094,5,1,9,0,0,0,0,0,0,4,0,0,0,0,0,0,0,male,Bangladesh Premier League,T20,N Pooran,caught,Rangpur Riders,Fortune Barishal,2023-02-12,,6
3241e3fd,1351096,30,1,14,1,4,1,0,0,0,7,0,0,0,0,0,0,0,male,Bangladesh Premier League,T20,N Pooran,0,Rangpur Riders,Sylhet Strikers,2023-02-14,,6
3241e3fd,1339602,39,1,41,5,0,0,0,0,0,17,0,0,0,0,0,0,0,male,West Indies tour of South Africa,ODI,N Pooran,caught,West Indies,South Africa,2023-03-18,,6
3241e3fd,1339603,39,1,42,1,3,0,0,0,0,21,0,0,0,0,0,0,0,male,West Indies tour of South Africa,ODI,N Pooran,caught,West Indies,South Africa,2023-03-21,,6
3241e3fd,1339604,16,1,7,3,0,2,1,0,0,1,0,0,0,0,0,0,0,male,West Indies tour of South Africa,T20,N Pooran,0,West Indies,South Africa,2023-03-25,,6
3241e3fd,1339605,2,1,3,0,0,2,0,0,0,2,0,0,0,0,0,0,0,male,West Indies tour of South Africa,T20,N Pooran,caught,West Indies,South Africa,2023-03-26,,6
3241e3fd,1339606,41,1,20,2,4,0,0,0,0,6,0,0,0,0,0,0,0,male,West Indies tour of South Africa,T20,N Pooran,caught,West Indies,South Africa,2023-03-28,,6
3241e3fd,1359477,36,1,23,2,3,1,0,0,0,11,0,0,0,0,0,0,0,male,Indian Premier League,T20,N Pooran,0,Lucknow Super Giants,Delhi Capitals,2023-04-01,,6
3241e3fd,1359480,32,1,18,2,3,0,0,0,1,7,0,0,0,0,0,0,0,male,Indian Premier League,T20,N Pooran,caught,Lucknow Super Giants,Chennai Super Kings,2023-04-03,,6
3241e3fd,1359484,11,0,6,1,1,0,0,0,1,3,0,0,0,0,0,0,0,male,Indian Premier League,T20,N Pooran,0,Lucknow Super Giants,Sunrisers Hyderabad,2023-04-07,,6
3241e3fd,1359489,62,1,20,4,7,0,0,0,0,5,0,0,0,0,0,0,0,male,Indian Premier League,T20,N Pooran,caught,Lucknow Super Giants,Royal Challengers Bangalore,2023-04-10,,6
3241e3fd,1359495,0,1,2,0,0,1,0,0,0,2,0,0,0,0,0,0,0,male,Indian Premier League,T20,N Pooran,0,Lucknow Super Giants,Punjab Kings,2023-04-15,,6
3241e3fd,1359500,29,0,20,2,1,1,0,1,0,5,0,0,0,0,0,0,0,male,Indian Premier League,T20,N Pooran,0,Lucknow Super Giants,Rajasthan Royals,2023-04-19,,6
3241e3fd,1359504,1,1,7,0,0,0,0,0,0,6,0,0,0,0,0,0,0,male,Indian Premier League,T20,N Pooran,0,Lucknow Super Giants,Gujarat Titans,2023-04-22,,6
3241e3fd,1359512,45,1,20,7,1,0,0,0,0,4,0,0,0,0,0,0,0,male,Indian Premier League,T20,N Pooran,lbw,Lucknow Super Giants,Punjab Kings,2023-04-28,,6
3241e3fd,1359517,9,1,7,0,1,1,0,0,1,3,0,0,0,0,0,0,0,male,Indian Premier League,T20,N Pooran,0,Lucknow Super Giants,Royal Challengers Bangalore,2023-05-01,,6
3241e3fd,1359519,20,1,31,0,0,0,0,0,0,11,0,0,0,0,0,0,0,male,Indian Premier League,T20,N Pooran,caught,Lucknow Super Giants,Chennai Super Kings,2023-05-03,,6
3241e3fd,1359525,3,1,6,0,0,0,0,0,0,3,0,0,0,0,0,0,0,male,Indian Premier League,T20,N Pooran,caught,Lucknow Super Giants,Gujarat Titans,2023-05-07,,6
3241e3fd,1359532,44,0,13,3,4,0,0,0,0,0,0,0,0,0,0,0,0,male,Indian Premier League,T20,N Pooran,0,Lucknow Super Giants,Sunrisers Hyderabad,2023-05-13,,6
3241e3fd,1359537,8,0,10,1,0,1,0,0,0,5,0,0,0,0,0,0,0,male,Indian Premier League,T20,N Pooran,0,Lucknow Super Giants,Mumbai Indians,2023-05-16,,6
3241e3fd,1359542,58,1,33,4,5,0,0,0,0,12,0,0,0,0,0,0,0,male,Indian Premier League,T20,N Pooran,0,Lucknow Super Giants,Kolkata Knight Riders,2023-05-20,,6
3241e3fd,1370351,0,1,1,0,0,1,0,0,0,1,0,0,0,0,0,0,0,male,Indian Premier League,T20,N Pooran,0,Lucknow Super Giants,Mumbai Indians,2023-05-24,,6
3241e3fd,1377747,43,1,28,2,3,0,0,0,0,11,0,0,0,0,0,0,0,male,ICC Cricket World Cup Qualifier,ODI,N Pooran,caught,West Indies,United States of America,2023-06-18,,6
3241e3fd,1377754,115,1,96,10,4,1,0,0,0,39,0,0,0,0,0,0,0,male,ICC Cricket World Cup Qualifier,ODI,N Pooran,caught and bowled,West Indies,Nepal,2023-06-22,,6
3241e3fd,1377758,34,1,38,3,2,0,0,0,0,23,0,0,0,0,0,0,0,male,ICC Cricket World Cup Qualifier,ODI,N Pooran,0,West Indies,Zimbabwe,2023-06-24,,6
3241e3fd,1377763,104,0,67,9,6,1,0,0,0,27,0,0,0,0,0,0,0,male,ICC Cricket World Cup Qualifier,ODI,N Pooran,0,West Indies,Netherlands,2023-06-26,,6
3241e3fd,1377769,21,1,44,2,0,0,0,0,0,32,0,0,0,0,0,0,0,male,ICC Cricket World Cup Qualifier,ODI,N Pooran,caught,West Indies,Scotland,2023-07-01,,6
3241e3fd,1377775,19,0,14,2,1,0,0,0,0,6,0,0,0,0,0,0,0,male,ICC Cricket World Cup Qualifier,ODI,N Pooran,0,West Indies,Oman,2023-07-05,,6
3241e3fd,1377778,14,1,22,1,0,0,0,0,0,12,0,0,0,0,0,0,0,male,ICC Cricket World Cup Qualifier,ODI,N Pooran,0,West Indies,Sri Lanka,2023-07-07,,6
3241e3fd,1381362,40,1,29,2,3,0,0,0,0,11,0,0,0,0,0,0,0,male,Major League Cricket,T20,N Pooran,caught and bowled,MI New York,San Francisco Unicorns,2023-07-14,,6
3241e3fd,1381366,38,1,37,1,2,1,0,0,0,16,0,0,0,0,0,0,0,male,Major League Cricket,T20,N Pooran,caught,MI New York,Los Angeles Knight Riders,2023-07-16,,6
3241e3fd,1381367,19,1,16,0,1,0,0,1,0,5,0,0,0,0,0,0,0,male,Major League Cricket,T20,N Pooran,run out,MI New York,Texas Super Kings,2023-07-17,,6
3241e3fd,1381373,62,0,34,4,6,0,0,0,0,15,0,0,0,0,0,0,0,male,Major League Cricket,T20,N Pooran,0,MI New York,Washington Freedom,2023-07-23,,6
3241e3fd,1381375,68,1,36,3,7,2,0,0,0,13,0,0,0,0,0,0,0,male,Major League Cricket,T20,N Pooran,caught,MI New York,Seattle Orcas,2023-07-25,,6
3241e3fd,1381376,1,1,10,0,0,0,0,0,0,9,0,0,0,0,0,0,0,male,Major League Cricket,T20,N Pooran,0,MI New York,Washington Freedom,2023-07-27,,6
3241e3fd,1381378,23,1,20,0,2,2,0,2,0,8,0,0,0,0,0,0,0,male,Major League Cricket,T20,N Pooran,lbw,MI New York,Texas Super Kings,2023-07-28,,6
3241e3fd,1381379,137,1,60,10,13,0,0,1,1,23,0,0,0,0,0,0,0,male,Major League Cricket,T20,N Pooran,run out,MI New York,Seattle Orcas,2023-07-30,,6
3241e3fd,1381217,41,1,35,2,2,0,0,1,1,13,0,0,0,0,0,0,0,male,India tour of West Indies and United States of America,T20,N Pooran,caught,West Indies,India,2023-08-03,,6
3241e3fd,1381218,67,1,40,6,4,1,0,0,1,13,0,0,0,0,0,0,0,male,India tour of West Indies and United States of America,T20,N Pooran,0,West Indies,India,2023-08-06,,6
3241e3fd,1381219,20,1,12,2,1,0,0,0,0,3,0,0,0,0,0,0,0,male,India tour of West Indies and United States of America,T20,N Pooran,0,West Indies,India,2023-08-08,,6
3241e3fd,1381220,1,1,3,0,0,0,0,0,0,2,0,0,0,0,0,0,0,male,India tour of West Indies and United States of America,T20,N Pooran,0,West Indies,India,2023-08-12,,6
3241e3fd,1381221,47,1,38,1,4,1,0,0,0,16,0,0,0,0,0,0,0,male,India tour of West Indies and United States of America,T20,N Pooran,caught,West Indies,India,2023-08-13,,6
3241e3fd,1369560,0,0,0,0,0,0,0,0,0,0,0,0,0,0,0,0,0,male,Caribbean Premier League,T20,N Pooran,0,Trinbago Knight Riders,St Kitts and Nevis Patriots,2023-08-19,,6
3241e3fd,1369566,0,1,5,0,0,2,0,0,0,5,0,0,0,0,0,0,0,male,Caribbean Premier League,T20,N Pooran,0,Trinbago Knight Riders,St Lucia Kings,2023-08-26,,6
3241e3fd,1369569,61,1,33,5,4,0,0,0,0,9,0,0,0,0,0,0,0,male,Caribbean Premier League,T20,N Pooran,0,Trinbago Knight Riders,St Kitts and Nevis Patriots,2023-08-27,,6
3241e3fd,1369570,6,1,5,1,0,2,0,0,0,2,0,0,0,0,0,0,0,male,Caribbean Premier League,T20,N Pooran,0,Trinbago Knight Riders,Barbados Royals,2023-08-30,,6
3241e3fd,1369574,1,1,2,0,0,2,0,0,0,1,0,0,0,0,0,0,0,male,Caribbean Premier League,T20,N Pooran,0,Trinbago Knight Riders,Jamaica Tallawahs,2023-09-03,,6
3241e3fd,1369576,18,1,16,1,1,2,0,0,0,10,0,0,0,0,0,0,0,male,Caribbean Premier League,T20,N Pooran,caught,Trinbago Knight Riders,Guyana Amazon Warriors,2023-09-05,,6
3241e3fd,1369577,102,0,56,5,10,1,0,0,0,22,0,0,0,0,0,0,0,male,Caribbean Premier League,T20,N Pooran,0,Trinbago Knight Riders,Barbados Royals,2023-09-06,,6
3241e3fd,1369579,54,1,36,6,2,0,0,1,0,13,0,0,0,0,0,0,0,male,Caribbean Premier League,T20,N Pooran,0,Trinbago Knight Riders,Jamaica Tallawahs,2023-09-09,,6
3241e3fd,1369581,15,1,13,2,1,0,0,0,0,9,0,0,0,0,0,0,0,male,Caribbean Premier League,T20,N Pooran,caught,Trinbago Knight Riders,St Lucia Kings,2023-09-10,,6
3241e3fd,1369589,33,1,27,2,2,2,0,0,0,12,0,0,0,0,0,0,0,male,Caribbean Premier League,T20,N Pooran,caught,Trinbago Knight Riders,Guyana Amazon Warriors,2023-09-20,,6
3241e3fd,1369591,1,1,6,0,0,0,0,0,0,5,0,0,0,0,0,0,0,male,Caribbean Premier League,T20,N Pooran,0,Trinbago Knight Riders,Guyana Amazon Warriors,2023-09-24,,6
3241e3fd,1373579,13,1,13,0,1,2,0,0,0,6,0,0,0,0,0,0,0,male,England tour of West Indies,T20,N Pooran,0,West Indies,England,2023-12-12,,6
3241e3fd,1373580,5,1,5,1,0,0,0,0,0,3,0,0,0,0,0,0,0,male,England tour of West Indies,T20,N Pooran,0,West Indies,England,2023-12-14,,6
3241e3fd,1373581,82,1,47,6,6,1,0,0,0,14,0,0,0,0,0,0,0,male,England tour of West Indies,T20,N Pooran,0,West Indies,England,2023-12-16,,6
3241e3fd,1373582,39,1,15,3,4,0,0,0,0,6,0,0,0,0,0,0,0,male,England tour of West Indies,T20,N Pooran,caught,West Indies,England,2023-12-19,,6
3241e3fd,1373583,10,1,6,0,1,1,0,0,0,2,0,0,0,0,0,0,0,male,England tour of West Indies,T20,N Pooran,0,West Indies,England,2023-12-21,,6
3241e3fd,1392653,11,1,8,2,0,0,0,0,0,3,0,0,0,0,0,0,0,male,SA20,T20,N Pooran,caught,Durban's Super Giants,MI Cape Town,2024-01-11,,6
3241e3fd,1392656,60,0,34,5,4,0,0,0,0,13,0,0,0,0,0,0,0,male,SA20,T20,N Pooran,0,Durban's Super Giants,Sunrisers Eastern Cape,2024-01-13,,6
3241e3fd,1392658,15,1,15,2,0,2,0,0,0,6,0,0,0,0,0,0,0,male,SA20,T20,N Pooran,caught,Durban's Super Giants,Joburg Super Kings,2024-01-15,,6
3241e3fd,1406890,21,1,23,1,1,0,0,0,0,10,0,0,0,0,0,0,0,male,International League T20,T20,N Pooran,bowled,MI Emirates,Dubai Capitals,2024-01-20,,6
3241e3fd,1406892,51,1,28,3,4,0,0,0,0,8,0,0,0,0,0,0,0,male,International League T20,T20,N Pooran,0,MI Emirates,Gulf Giants,2024-01-21,,6
3241e3fd,1406894,39,0,18,1,5,2,0,0,0,7,0,0,0,0,0,0,0,male,International League T20,T20,N Pooran,0,MI Emirates,Abu Dhabi Knight Riders,2024-01-23,,6
3241e3fd,1406897,37,1,33,1,2,0,0,0,0,13,0,0,0,0,0,0,0,male,International League T20,T20,N Pooran,caught,MI Emirates,Sharjah Warriors,2024-01-26,,6
3241e3fd,1406900,33,1,20,3,2,1,0,0,0,7,0,0,0,0,0,0,0,male,International League T20,T20,N Pooran,0,MI Emirates,Abu Dhabi Knight Riders,2024-01-28,,6
3241e3fd,1406903,17,1,15,1,1,1,0,0,0,7,0,0,0,0,0,0,0,male,International League T20,T20,N Pooran,caught,MI Emirates,Desert Vipers,2024-01-30,,6
3241e3fd,1406906,24,0,10,1,3,0,0,1,0,4,0,0,0,0,0,0,0,male,International League T20,T20,N Pooran,0,MI Emirates,Sharjah Warriors,2024-02-02,,6
3241e3fd,1406909,39,1,16,3,4,4,0,0,0,6,0,0,0,0,0,0,0,male,International League T20,T20,N Pooran,bowled,MI Emirates,Desert Vipers,2024-02-04,,6
3241e3fd,1375850,18,1,18,0,2,2,0,0,0,10,0,0,0,0,0,0,0,male,West Indies tour of Australia,T20,N Pooran,0,West Indies,Australia,2024-02-09,,6
3241e3fd,1375851,18,1,12,0,3,0,0,0,0,9,0,0,0,0,0,0,0,male,West Indies tour of Australia,T20,N Pooran,caught,West Indies,Australia,2024-02-11,,6
3241e3fd,1375852,1,1,3,0,0,0,0,0,0,2,0,0,0,0,0,0,0,male,West Indies tour of Australia,T20,N Pooran,caught,West Indies,Australia,2024-02-13,,6
3241e3fd,1406919,36,1,29,1,3,1,0,0,0,14,0,0,0,0,0,0,0,male,International League T20,T20,N Pooran,caught,MI Emirates,Gulf Giants,2024-02-14,,6
3241e3fd,1406922,57,0,29,2,6,0,0,0,2,9,0,0,0,0,0,0,0,male,International League T20,T20,N Pooran,0,MI Emirates,Dubai Capitals,2024-02-17,,6
3241e3fd,1412317,14,1,9,1,1,0,0,0,0,3,0,0,0,0,0,0,0,male,Bangladesh Premier League,T20,N Pooran,0,Rangpur Riders,Comilla Victorians,2024-02-26,,6
3241e3fd,1412318,3,1,14,0,0,0,0,0,0,11,0,0,0,0,0,0,0,male,Bangladesh Premier League,T20,N Pooran,0,Rangpur Riders,Fortune Barishal,2024-02-28,,6
3241e3fd,1422122,64,0,43,4,4,0,0,0,0,13,0,0,0,0,0,0,0,male,Indian Premier League,T20,N Pooran,0,Lucknow Super Giants,Rajasthan Royals,2024-03-24,,6
3241e3fd,1422129,42,1,21,3,3,1,0,0,0,4,0,0,0,0,0,0,0,male,Indian Premier League,T20,N Pooran,bowled,Lucknow Super Giants,Punjab Kings,2024-03-30,,6
3241e3fd,1422133,40,0,22,1,5,3,1,0,0,10,0,0,0,0,0,0,0,male,Indian Premier League,T20,N Pooran,0,Lucknow Super Giants,Royal Challengers Bengaluru,2024-04-02,,6
3241e3fd,1422139,32,0,22,0,3,1,0,0,0,7,0,0,0,0,0,0,0,male,Indian Premier League,T20,N Pooran,0,Lucknow Super Giants,Gujarat Titans,2024-04-07,,6
3241e3fd,1426264,0,1,1,0,0,1,0,0,0,1,0,0,0,0,0,0,0,male,Indian Premier League,T20,N Pooran,0,Lucknow Super Giants,Delhi Capitals,2024-04-12,,6
3241e3fd,1426266,45,1,36,2,4,0,0,0,0,18,0,0,0,0,0,0,0,male,Indian Premier League,T20,N Pooran,0,Lucknow Super Giants,Kolkata Knight Riders,2024-04-14,,6
3241e3fd,1426272,23,0,13,3,1,0,0,0,0,4,0,0,0,0,0,0,0,male,Indian Premier League,T20,N Pooran,0,Lucknow Super Giants,Chennai Super Kings,2024-04-19,,6
3241e3fd,1426277,34,1,15,3,2,0,0,0,0,1,0,0,0,0,0,0,0,male,Indian Premier League,T20,N Pooran,0,Lucknow Super Giants,Chennai Super Kings,2024-04-23,,6
3241e3fd,1426282,11,1,11,1,0,0,0,0,0,4,0,0,0,0,0,0,0,male,Indian Premier League,T20,N Pooran,0,Lucknow Super Giants,Rajasthan Royals,2024-04-27,,6
3241e3fd,1426286,14,0,16,1,0,0,0,0,0,7,0,0,0,0,0,0,0,male,Indian Premier League,T20,N Pooran,0,Lucknow Super Giants,Mumbai Indians,2024-04-30,,6
3241e3fd,1426292,10,1,8,0,1,0,0,0,0,3,0,0,0,0,0,0,0,male,Indian Premier League,T20,N Pooran,caught,Lucknow Super Giants,Kolkata Knight Riders,2024-05-05,,6
3241e3fd,1426295,48,0,27,6,1,0,0,0,0,5,0,0,0,0,0,0,0,male,Indian Premier League,T20,N Pooran,0,Lucknow Super Giants,Sunrisers Hyderabad,2024-05-08,,6
3241e3fd,1426302,61,1,27,6,4,1,0,0,0,7,0,0,0,0,0,0,0,male,Indian Premier League,T20,N Pooran,caught,Lucknow Super Giants,Delhi Capitals,2024-05-14,,6
3241e3fd,1426305,75,1,34,5,8,0,0,0,0,14,0,0,0,0,0,0,0,male,Indian Premier League,T20,N Pooran,caught,Lucknow Super Giants,Mumbai Indians,2024-05-17,,6
3241e3fd,1415702,27,1,27,1,2,2,0,0,0,16,0,0,0,0,0,0,0,male,ICC Men's T20 World Cup,T20,N Pooran,0,West Indies,Papua New Guinea,2024-06-02,,6
3241e3fd,1415718,22,1,17,0,3,1,0,0,0,10,0,0,0,0,0,0,0,male,ICC Men's T20 World Cup,T20,N Pooran,0,West Indies,Uganda,2024-06-08,,6
3241e3fd,1415726,17,1,12,3,0,1,0,0,0,5,0,0,0,0,0,0,0,male,ICC Men's T20 World Cup,T20,N Pooran,caught,West Indies,New Zealand,2024-06-12,,6
3241e3fd,1415740,98,1,56,6,8,1,0,0,0,19,0,0,0,0,0,0,0,male,ICC Men's T20 World Cup,T20,N Pooran,0,West Indies,Afghanistan,2024-06-17,,6
3241e3fd,1415742,36,1,32,4,1,0,0,0,0,15,0,0,0,0,0,0,0,male,ICC Men's T20 World Cup,T20,N Pooran,caught,West Indies,England,2024-06-19,,6
3241e3fd,1415746,27,0,14,1,3,1,0,0,0,5,0,0,0,0,0,0,0,male,ICC Men's T20 World Cup,T20,N Pooran,0,West Indies,United States of America,2024-06-21,,6
3241e3fd,1415750,1,1,5,0,0,2,0,0,0,4,0,0,0,0,0,0,0,male,ICC Men's T20 World Cup,T20,N Pooran,0,West Indies,South Africa,2024-06-23,,6
3241e3fd,1432726,62,0,44,7,2,2,0,0,0,16,0,0,0,0,0,0,0,male,Major League Cricket,T20,N Pooran,0,MI New York,Seattle Orcas,2024-07-05,,6
3241e3fd,1432728,44,1,31,5,1,1,0,0,0,9,0,0,0,0,0,0,0,male,Major League Cricket,T20,N Pooran,caught,MI New York,Washington Freedom,2024-07-06,,6
3241e3fd,1432737,1,1,4,0,0,0,0,1,0,3,0,0,0,0,0,0,0,male,Major League Cricket,T20,N Pooran,lbw,MI New York,Texas Super Kings,2024-07-14,,6
3241e3fd,1432739,4,1,6,1,0,1,0,0,0,5,0,0,0,0,0,0,0,male,Major League Cricket,T20,N Pooran,caught,MI New York,Washington Freedom,2024-07-16,,6
3241e3fd,1432741,26,1,30,2,0,1,0,0,0,11,0,0,0,0,0,0,0,male,Major League Cricket,T20,N Pooran,0,MI New York,San Francisco Unicorns,2024-07-18,,6
3241e3fd,1432744,35,1,30,2,2,1,0,0,0,15,0,0,0,0,0,0,0,male,Major League Cricket,T20,N Pooran,lbw,MI New York,Los Angeles Knight Riders,2024-07-21,,6
3241e3fd,1432747,8,1,10,1,0,0,0,0,0,5,0,0,0,0,0,0,0,male,Major League Cricket,T20,N Pooran,caught,MI New York,Texas Super Kings,2024-07-24,,6
3241e3fd,1417793,10,1,15,0,1,1,0,0,0,10,0,0,0,0,0,0,0,male,The Hundred Men's Competition,T20,N Pooran,caught,Northern Superchargers,Trent Rockets,2024-07-26,,5
3241e3fd,1417797,62,1,36,4,5,1,0,1,1,14,0,0,0,0,0,0,0,male,The Hundred Men's Competition,T20,N Pooran,caught,Northern Superchargers,Southern Brave,2024-07-30,,5
3241e3fd,1417801,65,0,46,4,4,0,0,0,0,16,0,0,0,0,0,0,0,male,The Hundred Men's Competition,T20,N Pooran,0,Northern Superchargers,Oval Invincibles,2024-08-02,,5
3241e3fd,1417805,9,1,14,2,0,1,1,0,0,11,0,0,0,0,0,0,0,male,The Hundred Men's Competition,T20,N Pooran,caught and bowled,Northern Superchargers,Manchester Originals,2024-08-04,,5
3241e3fd,1417808,11,1,12,1,1,0,0,0,0,9,0,0,0,0,0,0,0,male,The Hundred Men's Competition,T20,N Pooran,0,Northern Superchargers,Birmingham Phoenix,2024-08-06,,5
3241e3fd,1417810,4,1,4,1,0,0,0,0,0,3,0,0,0,0,0,0,0,male,The Hundred Men's Competition,T20,N Pooran,caught,Northern Superchargers,Welsh Fire,2024-08-08,,5
3241e3fd,1417816,66,0,33,2,8,1,0,1,1,13,0,0,0,0,0,0,0,male,The Hundred Men's Competition,T20,N Pooran,0,Northern Superchargers,Manchester Originals,2024-08-11,,5
3241e3fd,1417818,0,0,0,0,0,1,0,1,0,0,0,0,0,0,0,0,0,male,The Hundred Men's Competition,T20,N Pooran,0,Northern Superchargers,London Spirit,2024-08-13,,5
3241e3fd,1433367,65,0,30,2,7,2,0,0,0,8,0,0,0,0,0,0,0,male,South Africa tour of West Indies,T20,N Pooran,0,West Indies,South Africa,2024-08-23,,6
3241e3fd,1433368,19,1,19,0,1,0,0,0,1,6,0,0,0,0,0,0,0,male,South Africa tour of West Indies,T20,N Pooran,caught,West Indies,South Africa,2024-08-25,,6
3241e3fd,1433369,35,1,14,2,4,1,0,0,0,5,0,0,0,0,0,0,0,male,South Africa tour of West Indies,T20,N Pooran,caught,West Indies,South Africa,2024-08-27,,6
3241e3fd,1428680,97,1,46,7,9,1,0,0,0,16,0,0,0,0,0,0,0,male,Caribbean Premier League,T20,N Pooran,0,Trinbago Knight Riders,St Kitts and Nevis Patriots,2024-08-31,,6
3241e3fd,1428685,0,1,1,0,0,0,1,0,1,1,0,0,0,0,0,0,0,male,Caribbean Premier League,T20,N Pooran,caught and bowled,Trinbago Knight Riders,Antigua and Barbuda Falcons,2024-09-05,,6
3241e3fd,1428689,17,1,12,0,2,1,0,0,1,6,0,0,0,0,0,0,0,male,Caribbean Premier League,T20,N Pooran,0,Trinbago Knight Riders,St Lucia Kings,2024-09-10,,6
3241e3fd,1428692,35,1,26,4,2,1,0,0,0,13,0,0,0,0,0,0,0,male,Caribbean Premier League,T20,N Pooran,caught,Trinbago Knight Riders,Barbados Royals,2024-09-13,,6
3241e3fd,1428696,19,1,17,1,1,0,0,1,1,6,0,0,0,0,0,0,0,male,Caribbean Premier League,T20,N Pooran,lbw,Trinbago Knight Riders,Guyana Amazon Warriors,2024-09-18,,6
3241e3fd,1428697,14,1,18,2,0,0,0,0,1,10,0,0,0,0,0,0,0,male,Caribbean Premier League,T20,N Pooran,0,Trinbago Knight Riders,Antigua and Barbuda Falcons,2024-09-19,,6
3241e3fd,1428702,93,0,45,6,7,0,0,0,0,10,0,0,0,0,0,0,0,male,Caribbean Premier League,T20,N Pooran,0,Trinbago Knight Riders,St Kitts and Nevis Patriots,2024-09-22,,6
3241e3fd,1428703,10,1,7,2,0,0,0,0,0,3,0,0,0,0,0,0,0,male,Caribbean Premier League,T20,N Pooran,caught,Trinbago Knight Riders,St Lucia Kings,2024-09-24,,6
3241e3fd,1428705,27,1,16,4,1,1,0,0,0,8,0,0,0,0,0,0,0,male,Caribbean Premier League,T20,N Pooran,0,Trinbago Knight Riders,Barbados Royals,2024-09-27,,6
3241e3fd,1428707,101,1,65,9,8,2,0,0,0,32,0,0,0,0,0,0,0,male,Caribbean Premier League,T20,N Pooran,caught,Trinbago Knight Riders,Guyana Amazon Warriors,2024-09-29,,6
3241e3fd,1428708,91,0,63,6,6,0,0,0,0,22,0,0,0,0,0,0,0,male,Caribbean Premier League,T20,N Pooran,0,Trinbago Knight Riders,Barbados Royals,2024-10-01,,6
3241e3fd,1433373,38,1,29,2,3,0,0,0,0,13,0,0,0,0,0,0,0,male,England tour of West Indies,T20,N Pooran,caught,West Indies,England,2024-11-09,,6
3241e3fd,1433374,14,1,27,1,0,0,0,0,0,18,0,0,0,0,0,0,0,male,England tour of West Indies,T20,N Pooran,stumped,West Indies,England,2024-11-10,,6
