player_id,match_id,runs_scored,player_out,balls_faced,fours_scored,sixes_scored,catches_taken,run_out_direct,run_out_throw,stumpings_done,dot_balls_as_batsman,order_seenballs_bowled,runs_conceded,wickets_taken,bowled_done,lbw_done,maidens,dot_balls_as_bowler,gender,series_name,match_type,name,out_kind,player_team,opposition_team,start_date,end_date,balls_per_over
d69c9b12,401073,0,1,1,0,0,0,0,0,0,1,0,30,0,0,0,0,17,male,Bangladesh in West Indies ODI Series,ODI,NT Pascal,0,West Indies,Bangladesh,2009-07-26,,6
d69c9b12,439152,12,2,27,2,0,1,0,0,0,23,0,63,0,0,0,2,84,male,South Africa in West Indies Test Series,Test,NT Pascal,caught,West Indies,South Africa,2010-06-10,2010-06-11,6
d69c9b12,464989,0,0,0,0,0,0,0,0,0,0,0,0,0,0,0,0,0,male,West Indies in Sri Lanka Test Series,Test,NT Pascal,0,West Indies,Sri Lanka,2010-12-01,2010-12-02,6
d69c9b12,635215,4,0,4,0,0,0,0,0,0,1,0,28,0,0,0,0,2,male,Caribbean Premier League,T20,NT Pascal,0,St Lucia Zouks,Barbados Tridents,2013-07-30,,6
d69c9b12,635226,0,0,0,0,0,0,0,0,0,0,0,32,1,0,0,0,7,male,Caribbean Premier League,T20,NT Pascal,0,St Lucia Zouks,Jamaica Tallawahs,2013-08-10,,6
