player_id,match_id,runs_scored,player_out,balls_faced,fours_scored,sixes_scored,catches_taken,run_out_direct,run_out_throw,stumpings_done,dot_balls_as_batsman,order_seenballs_bowled,runs_conceded,wickets_taken,bowled_done,lbw_done,maidens,dot_balls_as_bowler,gender,series_name,match_type,name,out_kind,player_team,opposition_team,start_date,end_date,balls_per_over
c6097d68,1025669,0,0,0,0,0,1,0,0,0,0,0,15,0,0,0,0,4,male,Caribbean Premier League,T20,O Thomas,0,Jamaica Tallawahs,Trinbago Knight Riders,2016-08-05,,6
c6097d68,1025671,0,0,0,0,0,0,0,0,0,0,0,30,1,0,0,0,11,male,Caribbean Premier League,T20,O Thomas,0,Jamaica Tallawahs,Guyana Amazon Warriors,2016-08-07,,6
c6097d68,1094697,0,0,0,0,0,0,0,0,0,0,0,32,3,0,1,0,14,male,Caribbean Premier League,T20,O Thomas,0,Jamaica Tallawahs,St Kitts and Nevis Patriots,2017-08-30,,6
c6097d68,1094699,0,0,0,0,0,0,0,0,0,0,0,32,1,0,0,0,7,male,Caribbean Premier League,T20,O Thomas,0,Jamaica Tallawahs,Guyana Amazon Warriors,2017-09-01,,6
c6097d68,1148653,0,0,0,0,0,0,0,0,0,0,0,39,3,2,0,0,13,male,Caribbean Premier League,T20,O Thomas,0,Jamaica Tallawahs,St Lucia Stars,2018-08-14,,6
c6097d68,1148654,0,0,0,0,0,1,0,0,0,0,0,27,1,0,0,0,17,male,Caribbean Premier League,T20,O Thomas,0,Jamaica Tallawahs,St Kitts and Nevis Patriots,2018-08-15,,6
c6097d68,1148657,2,0,3,0,0,0,0,0,0,1,0,33,2,1,0,0,14,male,Caribbean Premier League,T20,O Thomas,0,Jamaica Tallawahs,Guyana Amazon Warriors,2018-08-18,,6
c6097d68,1148658,0,0,0,0,0,0,0,0,0,0,0,34,2,0,0,0,16,male,Caribbean Premier League,T20,O Thomas,0,Jamaica Tallawahs,Trinbago Knight Riders,2018-08-19,,6
c6097d68,1148660,0,0,0,0,0,0,0,0,0,0,0,29,1,1,0,0,16,male,Caribbean Premier League,T20,O Thomas,0,Jamaica Tallawahs,Barbados Tridents,2018-08-22,,6
c6097d68,1148663,0,0,0,0,0,0,0,0,0,0,0,29,2,0,0,0,11,male,Caribbean Premier League,T20,O Thomas,0,Jamaica Tallawahs,St Lucia Stars,2018-08-25,,6
c6097d68,1148666,0,0,0,0,0,0,0,0,0,0,0,22,2,2,0,0,13,male,Caribbean Premier League,T20,O Thomas,0,Jamaica Tallawahs,Barbados Tridents,2018-08-29,,6
c6097d68,1148671,0,0,0,0,0,0,0,0,0,0,0,32,1,1,0,0,12,male,Caribbean Premier League,T20,O Thomas,0,Jamaica Tallawahs,St Kitts and Nevis Patriots,2018-09-02,,6
c6097d68,1148675,0,0,0,0,0,0,0,0,0,0,0,42,1,0,0,0,10,male,Caribbean Premier League,T20,O Thomas,0,Jamaica Tallawahs,Guyana Amazon Warriors,2018-09-08,,6
c6097d68,1148678,0,0,0,0,0,0,0,0,0,0,0,43,3,1,0,0,11,male,Caribbean Premier League,T20,O Thomas,0,Jamaica Tallawahs,St Kitts and Nevis Patriots,2018-09-12,,6
c6097d68,1157754,0,0,0,0,0,0,0,0,0,0,0,84,1,1,0,0,26,male,West Indies tour of India,ODI,O Thomas,0,West Indies,India,2018-10-21,,6
c6097d68,1157758,0,1,3,0,0,0,0,0,0,3,0,33,1,1,0,0,16,male,West Indies tour of India,ODI,O Thomas,0,West Indies,India,2018-11-01,,6
c6097d68,1157759,0,0,0,0,0,0,0,0,0,0,0,29,2,1,0,0,18,male,West Indies tour of India,T20,O Thomas,0,West Indies,India,2018-11-04,,6
c6097d68,1157760,8,0,4,2,0,0,0,0,0,2,0,27,0,0,0,1,13,male,West Indies tour of India,T20,O Thomas,0,West Indies,India,2018-11-06,,6
c6097d68,1157761,0,0,0,0,0,0,0,0,0,0,0,43,1,0,0,0,11,male,West Indies tour of India,T20,O Thomas,0,West Indies,India,2018-11-11,,6
c6097d68,1153314,0,0,2,0,0,0,0,0,0,2,0,34,1,1,0,0,22,male,West Indies tour of Bangladesh,ODI,O Thomas,0,West Indies,Bangladesh,2018-12-09,,6
c6097d68,1153315,0,0,0,0,0,0,0,0,0,0,0,55,3,0,0,0,40,male,West Indies tour of Bangladesh,ODI,O Thomas,0,West Indies,Bangladesh,2018-12-11,,6
c6097d68,1153317,0,0,0,0,0,0,0,0,0,0,0,33,1,0,0,0,10,male,West Indies tour of Bangladesh,T20,O Thomas,0,West Indies,Bangladesh,2018-12-17,,6
c6097d68,1153318,0,1,2,0,0,0,0,0,0,2,0,43,1,0,0,0,8,male,West Indies tour of Bangladesh,T20,O Thomas,0,West Indies,Bangladesh,2018-12-20,,6
c6097d68,1153319,0,1,2,0,0,0,0,0,0,2,0,56,0,0,0,0,9,male,West Indies tour of Bangladesh,T20,O Thomas,0,West Indies,Bangladesh,2018-12-22,,6
c6097d68,1158066,0,0,0,0,0,0,0,0,0,0,0,74,1,0,0,0,26,male,England tour of West Indies,ODI,O Thomas,0,West Indies,England,2019-02-20,,6
c6097d68,1158067,0,0,0,0,0,0,0,0,0,0,0,34,1,0,0,0,16,male,England tour of West Indies,ODI,O Thomas,0,West Indies,England,2019-02-22,,6
c6097d68,1158069,0,1,1,0,0,0,0,0,0,1,0,84,2,1,0,0,31,male,England tour of West Indies,ODI,O Thomas,0,West Indies,England,2019-02-27,,6
c6097d68,1158070,0,0,0,0,0,0,0,0,0,0,0,21,5,1,0,1,22,male,England tour of West Indies,ODI,O Thomas,0,West Indies,England,2019-03-02,,6
c6097d68,1158071,0,0,0,0,0,0,0,0,0,0,0,22,0,0,0,0,8,male,England tour of West Indies,T20,O Thomas,0,West Indies,England,2019-03-05,,6
c6097d68,1178418,0,0,0,0,0,0,0,0,0,0,0,34,1,0,0,0,8,male,Indian Premier League,T20,O Thomas,0,Rajasthan Royals,Kolkata Knight Riders,2019-04-25,,6
c6097d68,1178420,0,0,0,0,0,0,0,0,0,0,0,30,2,0,0,0,9,male,Indian Premier League,T20,O Thomas,0,Rajasthan Royals,Sunrisers Hyderabad,2019-04-27,,6
c6097d68,1178424,0,0,0,0,0,1,0,0,0,0,0,8,2,0,0,0,5,male,Indian Premier League,T20,O Thomas,0,Rajasthan Royals,Royal Challengers Bangalore,2019-04-30,,6
c6097d68,1178428,0,0,0,0,0,0,0,0,0,0,0,13,0,0,0,0,2,male,Indian Premier League,T20,O Thomas,0,Rajasthan Royals,Delhi Capitals,2019-05-04,,6
c6097d68,1144484,0,0,0,0,0,0,0,0,0,0,0,27,4,1,1,0,24,male,World Cup,ODI,O Thomas,0,West Indies,Pakistan,2019-05-31,,6
c6097d68,1144492,0,0,4,0,0,0,0,0,0,4,0,64,2,0,0,0,43,male,World Cup,ODI,O Thomas,0,West Indies,Australia,2019-06-06,,6
c6097d68,1144497,0,0,0,0,0,0,0,0,0,0,0,1,0,0,0,0,2,male,World Cup,ODI,O Thomas,0,West Indies,South Africa,2019-06-10,,6
c6097d68,1144501,0,0,11,0,0,0,0,0,0,11,0,43,0,0,0,0,19,male,World Cup,ODI,O Thomas,0,West Indies,England,2019-06-14,,6
c6097d68,1144505,6,0,15,0,0,0,0,0,0,10,0,52,1,0,0,0,19,male,World Cup,ODI,O Thomas,0,West Indies,Bangladesh,2019-06-17,,6
c6097d68,1144511,0,0,4,0,0,0,0,0,0,4,0,30,0,0,0,0,20,male,World Cup,ODI,O Thomas,0,West Indies,New Zealand,2019-06-22,,6
c6097d68,1144516,6,1,11,1,0,0,0,0,0,8,0,63,0,0,0,0,20,male,World Cup,ODI,O Thomas,0,West Indies,India,2019-06-27,,6
c6097d68,1144521,1,1,6,0,0,0,0,0,0,5,0,58,1,0,0,1,33,male,World Cup,ODI,O Thomas,lbw,West Indies,Sri Lanka,2019-07-01,,6
c6097d68,1144524,0,0,0,0,0,0,0,0,0,0,0,44,1,0,0,0,23,male,World Cup,ODI,O Thomas,0,West Indies,Afghanistan,2019-07-04,,6
c6097d68,1188621,0,0,3,0,0,0,0,0,0,3,0,29,0,0,0,0,10,male,India tour of United States of America and West Indies,T20,O Thomas,0,West Indies,India,2019-08-03,,6
c6097d68,1188622,0,0,0,0,0,0,0,0,0,0,0,28,2,0,0,0,10,male,India tour of United States of America and West Indies,T20,O Thomas,0,West Indies,India,2019-08-04,,6
c6097d68,1188623,0,0,0,0,0,0,0,0,0,0,0,29,2,0,0,0,13,male,India tour of United States of America and West Indies,T20,O Thomas,0,West Indies,India,2019-08-06,,6
c6097d68,1188625,0,1,1,0,0,0,0,0,0,1,0,32,0,0,0,0,14,male,India tour of United States of America and West Indies,ODI,O Thomas,lbw,West Indies,India,2019-08-11,,6
c6097d68,1185839,0,0,0,0,0,0,0,0,0,0,0,39,0,0,0,0,11,male,Caribbean Premier League,T20,O Thomas,0,Jamaica Tallawahs,Trinbago Knight Riders,2019-09-06,,6
c6097d68,1185843,0,0,0,0,0,0,0,0,0,0,0,53,4,0,0,0,14,male,Caribbean Premier League,T20,O Thomas,0,Jamaica Tallawahs,St Kitts and Nevis Patriots,2019-09-10,,6
c6097d68,1185845,0,0,0,0,0,0,0,0,0,0,0,27,3,0,0,1,15,male,Caribbean Premier League,T20,O Thomas,0,Jamaica Tallawahs,St Lucia Zouks,2019-09-12,,6
c6097d68,1185846,0,0,0,0,0,0,0,0,0,0,0,63,0,0,0,0,5,male,Caribbean Premier League,T20,O Thomas,0,Jamaica Tallawahs,Trinbago Knight Riders,2019-09-13,,6
c6097d68,1185851,2,0,10,0,0,0,0,0,0,8,0,58,0,0,0,0,13,male,Caribbean Premier League,T20,O Thomas,0,Jamaica Tallawahs,Guyana Amazon Warriors,2019-09-18,,6
c6097d68,1185865,2,0,4,0,0,0,0,0,0,2,0,46,2,1,0,0,16,male,Caribbean Premier League,T20,O Thomas,0,Jamaica Tallawahs,Guyana Amazon Warriors,2019-10-03,,6
c6097d68,1203675,0,0,0,0,0,0,0,0,0,0,0,41,3,0,0,1,39,male,Ireland tour of West Indies,ODI,O Thomas,0,West Indies,Ireland,2020-01-12,,6
c6097d68,1213874,0,0,0,0,0,0,0,0,0,0,0,28,5,1,0,0,18,male,West Indies tour of Sri Lanka,T20,O Thomas,0,West Indies,Sri Lanka,2020-03-04,,6
c6097d68,1213875,0,0,0,0,0,0,0,0,0,0,0,29,1,1,0,0,14,male,West Indies tour of Sri Lanka,T20,O Thomas,0,West Indies,Sri Lanka,2020-03-06,,6
c6097d68,1227867,0,0,0,0,0,1,0,0,0,0,0,19,0,0,0,0,11,male,Caribbean Premier League,T20,O Thomas,0,Jamaica Tallawahs,St Lucia Zouks,2020-08-19,,6
c6097d68,1227872,0,0,0,0,0,0,0,0,0,0,0,24,0,0,0,0,2,male,Caribbean Premier League,T20,O Thomas,0,Jamaica Tallawahs,Guyana Amazon Warriors,2020-08-22,,6
c6097d68,1227892,0,0,0,0,0,0,0,0,0,0,0,37,1,1,0,0,15,male,Caribbean Premier League,T20,O Thomas,0,Jamaica Tallawahs,Barbados Tridents,2020-09-05,,6
c6097d68,1233954,0,0,0,0,0,1,0,0,0,0,0,24,2,1,0,0,12,male,West Indies tour of New Zealand,T20,O Thomas,0,West Indies,New Zealand,2020-11-27,,6
c6097d68,1233955,0,0,0,0,0,0,0,0,0,0,0,44,1,1,0,0,8,male,West Indies tour of New Zealand,T20,O Thomas,0,West Indies,New Zealand,2020-11-29,,6
c6097d68,1233956,0,0,0,0,0,0,0,0,0,0,0,0,0,0,0,0,0,male,West Indies tour of New Zealand,T20,O Thomas,0,West Indies,New Zealand,2020-11-30,,6
c6097d68,1263159,0,0,0,0,0,0,0,0,0,0,0,31,1,0,0,0,7,male,Australia tour of West Indies,T20,O Thomas,0,West Indies,Australia,2021-07-14,,6
c6097d68,1263160,0,0,0,0,0,0,0,0,0,0,0,28,0,0,0,0,4,male,Australia tour of West Indies,T20,O Thomas,0,West Indies,Australia,2021-07-16,,6
c6097d68,1269701,0,0,0,0,0,0,0,0,0,0,0,23,3,1,1,0,21,male,Caribbean Premier League,T20,O Thomas,0,Barbados Royals,St Kitts and Nevis Patriots,2021-08-26,,6
c6097d68,1269703,0,1,2,0,0,0,0,0,0,2,0,14,1,0,0,0,16,male,Caribbean Premier League,T20,O Thomas,caught,Barbados Royals,Trinbago Knight Riders,2021-08-27,,6
c6097d68,1269705,0,0,0,0,0,0,0,0,0,0,0,34,0,0,0,0,11,male,Caribbean Premier League,T20,O Thomas,0,Barbados Royals,Jamaica Tallawahs,2021-08-28,,6
c6097d68,1269709,0,0,0,0,0,0,0,0,0,0,0,20,0,0,0,0,5,male,Caribbean Premier League,T20,O Thomas,0,Barbados Royals,Jamaica Tallawahs,2021-08-31,,6
c6097d68,1269713,0,0,0,0,0,0,0,0,0,0,0,26,0,0,0,0,12,male,Caribbean Premier League,T20,O Thomas,0,Barbados Royals,St Kitts and Nevis Patriots,2021-09-02,,6
c6097d68,1269715,0,0,0,0,0,0,0,0,0,0,0,25,0,0,0,0,5,male,Caribbean Premier League,T20,O Thomas,0,Barbados Royals,Guyana Amazon Warriors,2021-09-04,,6
c6097d68,1269727,0,0,0,0,0,0,0,0,0,0,0,35,2,0,0,0,12,male,Caribbean Premier League,T20,O Thomas,0,Barbados Royals,St Lucia Kings,2021-09-12,,6
c6097d68,1287773,1,1,4,0,0,0,0,0,0,3,0,38,1,0,0,0,10,male,West Indies tour of Pakistan,T20,O Thomas,0,West Indies,Pakistan,2021-12-13,,6
c6097d68,1287774,0,1,1,0,0,0,0,0,0,1,0,39,1,0,0,0,8,male,West Indies tour of Pakistan,T20,O Thomas,bowled,West Indies,Pakistan,2021-12-14,,6
c6097d68,1287775,0,0,0,0,0,0,0,0,0,0,0,25,0,0,0,0,1,male,West Indies tour of Pakistan,T20,O Thomas,0,West Indies,Pakistan,2021-12-16,,6
c6097d68,1323151,0,0,0,0,0,0,0,0,0,0,0,18,2,1,0,0,8,male,Caribbean Premier League,T20,O Thomas,0,Barbados Royals,Trinbago Knight Riders,2022-09-07,,6
c6097d68,1323154,0,0,0,0,0,0,0,0,0,0,0,28,1,0,0,0,8,male,Caribbean Premier League,T20,O Thomas,0,Barbados Royals,St Lucia Kings,2022-09-08,,6
c6097d68,1323157,0,0,0,0,0,1,0,0,0,0,0,31,0,0,0,0,4,male,Caribbean Premier League,T20,O Thomas,0,Barbados Royals,Jamaica Tallawahs,2022-09-11,,6
c6097d68,1324534,0,0,0,0,0,0,0,0,0,0,0,25,3,0,0,0,15,male,Lanka Premier League,T20,O Thomas,0,Kandy Falcons,Colombo Stars,2022-12-17,,6
c6097d68,1324536,0,0,0,0,0,0,0,0,0,0,0,15,3,0,0,0,16,male,Lanka Premier League,T20,O Thomas,0,Kandy Falcons,Dambulla Aura,2022-12-18,,6
c6097d68,1324541,0,0,0,0,0,0,0,0,0,0,0,19,0,0,0,0,2,male,Lanka Premier League,T20,O Thomas,0,Kandy Falcons,Colombo Stars,2022-12-22,,6
c6097d68,1369560,0,0,0,0,0,0,0,0,0,0,0,0,0,0,0,0,0,male,Caribbean Premier League,T20,O Thomas,0,St Kitts and Nevis Patriots,Trinbago Knight Riders,2023-08-19,,6
c6097d68,1369564,0,0,1,0,0,0,0,0,0,1,0,26,1,0,0,0,16,male,Caribbean Premier League,T20,O Thomas,0,St Kitts and Nevis Patriots,Jamaica Tallawahs,2023-08-23,,6
c6097d68,1369565,3,0,5,0,0,0,0,0,0,2,0,38,3,0,0,0,12,male,Caribbean Premier League,T20,O Thomas,0,St Kitts and Nevis Patriots,Guyana Amazon Warriors,2023-08-24,,6
c6097d68,1369567,0,0,0,0,0,1,0,0,0,0,0,48,0,0,0,0,6,male,Caribbean Premier League,T20,O Thomas,0,St Kitts and Nevis Patriots,Barbados Royals,2023-08-26,,6
c6097d68,1369572,1,0,2,0,0,0,0,0,0,1,0,26,3,0,0,0,12,male,Caribbean Premier League,T20,O Thomas,0,St Kitts and Nevis Patriots,Guyana Amazon Warriors,2023-09-02,,6
c6097d68,1369575,0,0,0,0,0,0,0,0,0,0,0,34,1,0,0,0,13,male,Caribbean Premier League,T20,O Thomas,0,St Kitts and Nevis Patriots,Barbados Royals,2023-09-03,,6
c6097d68,1369578,0,0,0,0,0,0,0,0,0,0,0,15,1,0,0,1,12,male,Caribbean Premier League,T20,O Thomas,0,St Kitts and Nevis Patriots,St Lucia Kings,2023-09-09,,6
c6097d68,1369584,0,1,2,0,0,0,0,0,0,2,0,34,1,0,0,0,13,male,Caribbean Premier League,T20,O Thomas,0,St Kitts and Nevis Patriots,Jamaica Tallawahs,2023-09-16,,6
c6097d68,1373576,0,0,0,0,0,0,0,0,0,0,0,57,2,0,0,0,36,male,England tour of West Indies,ODI,O Thomas,0,West Indies,England,2023-12-03,,6
c6097d68,1373577,0,0,5,0,0,0,0,0,0,5,0,31,0,0,0,0,18,male,England tour of West Indies,ODI,O Thomas,0,West Indies,England,2023-12-06,,6
c6097d68,1373583,0,0,0,0,0,1,0,0,0,0,0,36,0,0,0,0,5,male,England tour of West Indies,T20,O Thomas,0,West Indies,England,2023-12-21,,6
c6097d68,1412277,0,0,0,0,0,0,0,0,0,0,0,38,2,1,0,0,10,male,Bangladesh Premier League,T20,O Thomas,0,Khulna Tigers,Chattogram Challengers,2024-01-20,,6
c6097d68,1412279,0,0,0,0,0,0,0,0,0,0,0,38,1,0,0,0,16,male,Bangladesh Premier League,T20,O Thomas,0,Khulna Tigers,Fortune Barishal,2024-01-22,,6
c6097d68,1375847,2,0,5,0,0,0,0,0,0,3,0,40,0,0,0,0,11,male,West Indies tour of Australia,ODI,O Thomas,0,West Indies,Australia,2024-02-02,,6
c6097d68,1375848,7,0,8,1,0,0,0,0,0,5,0,33,1,0,0,0,14,male,West Indies tour of Australia,ODI,O Thomas,0,West Indies,Australia,2024-02-04,,6
c6097d68,1375849,0,0,2,0,0,0,0,0,0,2,0,7,1,0,0,0,4,male,West Indies tour of Australia,ODI,O Thomas,0,West Indies,Australia,2024-02-06,,6
c6097d68,1412306,0,0,0,0,0,0,0,0,0,0,0,22,0,0,0,0,21,male,Bangladesh Premier League,T20,O Thomas,0,Khulna Tigers,Durdanto Dhaka,2024-02-16,,6
c6097d68,1412315,0,0,0,0,0,0,0,0,0,0,0,22,0,0,0,0,2,male,Bangladesh Premier League,T20,O Thomas,0,Khulna Tigers,Sylhet Strikers,2024-02-23,,6
