player_id,match_id,runs_scored,player_out,balls_faced,fours_scored,sixes_scored,catches_taken,run_out_direct,run_out_throw,stumpings_done,dot_balls_as_batsman,order_seenballs_bowled,runs_conceded,wickets_taken,bowled_done,lbw_done,maidens,dot_balls_as_bowler,gender,series_name,match_type,name,out_kind,player_team,opposition_team,start_date,end_date,balls_per_over
8692a3f1,64027,60,0,148,7,0,1,0,0,0,117,0,217,3,1,0,7,235,male,Australia tour of West Indies,Test,OAC Banks,0,West Indies,Australia,2003-05-09,2003-05-10,6
8692a3f1,64820,12,1,15,0,1,0,0,0,0,8,0,44,2,0,0,0,22,male,Australia tour of West Indies,ODI,OAC Banks,run out,West Indies,Australia,2003-05-17,,6
8692a3f1,64055,19,2,80,2,0,0,0,0,0,68,0,153,5,1,1,15,271,male,West Indies tour of Zimbabwe,Test,OAC Banks,caught,West Indies,Zimbabwe,2003-11-12,2003-11-13,6
8692a3f1,64094,29,1,70,6,0,0,0,0,0,61,0,133,1,1,0,4,130,male,West Indies tour of England,Test,OAC Banks,0,West Indies,England,2004-07-29,2004-07-30,6
8692a3f1,215134,33,1,45,0,1,0,0,0,0,21,0,25,2,0,0,1,42,male,Indian Oil Cup,ODI,OAC Banks,0,West Indies,Sri Lanka,2005-08-06,,6
