player_id,match_id,runs_scored,player_out,balls_faced,fours_scored,sixes_scored,catches_taken,run_out_direct,run_out_throw,stumpings_done,dot_balls_as_batsman,order_seenballs_bowled,runs_conceded,wickets_taken,bowled_done,lbw_done,maidens,dot_balls_as_bowler,gender,series_name,match_type,name,out_kind,player_team,opposition_team,start_date,end_date,balls_per_over
f1cb042f,65235,0,0,0,0,0,0,0,0,0,0,0,54,1,0,0,0,26,male,ICC World Cup,ODI,PT Collins,0,West Indies,South Africa,2003-02-09,,6
f1cb042f,65256,0,0,0,0,0,0,0,0,0,0,0,37,1,0,0,0,33,male,ICC World Cup,ODI,PT Collins,0,West Indies,Canada,2003-02-23,,6
f1cb042f,65266,1,0,1,0,0,0,1,0,0,0,0,64,0,0,0,0,33,male,ICC World Cup,ODI,PT Collins,0,West Indies,Sri Lanka,2003-02-28,,6
f1cb042f,64080,0,0,0,0,0,1,0,0,0,0,0,112,4,1,0,6,182,male,England tour of West Indies,Test,PT Collins,0,West Indies,England,2004-04-10,2004-04-11,6
f1cb042f,64094,6,2,31,0,0,0,0,0,0,27,0,119,1,0,0,2,127,male,West Indies tour of England,Test,PT Collins,lbw,West Indies,England,2004-07-29,2004-07-30,6
f1cb042f,65659,0,0,0,0,0,0,0,0,0,0,0,51,0,0,0,0,35,male,VB Series,ODI,PT Collins,0,West Indies,Pakistan,2005-01-19,,6
f1cb042f,65660,0,0,1,0,0,0,0,0,0,1,0,9,3,0,1,1,20,male,VB Series,ODI,PT Collins,0,West Indies,Australia,2005-01-21,,6
f1cb042f,65662,1,0,2,0,0,0,0,0,0,1,0,43,5,1,1,1,40,male,VB Series,ODI,PT Collins,0,West Indies,Australia,2005-01-26,,6
f1cb042f,65665,1,1,3,0,0,0,0,0,0,2,0,47,0,0,0,0,40,male,VB Series,ODI,PT Collins,caught,West Indies,Pakistan,2005-02-01,,6
f1cb042f,209768,0,1,3,0,0,0,0,0,0,3,0,49,1,0,0,0,35,male,Pakistan tour of West Indies,ODI,PT Collins,lbw,West Indies,Pakistan,2005-05-22,,6
f1cb042f,239921,0,1,5,0,0,0,0,0,0,5,0,118,4,1,0,4,117,male,India tour of West Indies,Test,PT Collins,caught,West Indies,India,2006-06-10,2006-06-11,6
f1cb042f,239922,1,1,5,0,0,1,0,0,0,4,0,188,4,0,0,4,220,male,India tour of West Indies,Test,PT Collins,0,West Indies,India,2006-06-22,2006-06-23,6
f1cb042f,239923,3,2,25,0,0,0,0,0,0,22,0,96,2,1,0,14,208,male,India tour of West Indies,Test,PT Collins,0,West Indies,India,2006-06-30,2006-07-01,6
