player_id,match_id,runs_scored,player_out,balls_faced,fours_scored,sixes_scored,catches_taken,run_out_direct,run_out_throw,stumpings_done,dot_balls_as_batsman,order_seenballs_bowled,runs_conceded,wickets_taken,bowled_done,lbw_done,maidens,dot_balls_as_bowler,gender,series_name,match_type,name,out_kind,player_team,opposition_team,start_date,end_date,balls_per_over
98d4cb14,1085956,4,1,18,0,0,0,0,0,0,14,0,0,0,0,0,0,0,female,ICC Women's World Cup,ODI,R Boyce,caught and bowled,West Indies,South Africa,2017-07-02,,6
98d4cb14,1138194,12,1,14,1,0,0,0,0,0,6,0,0,0,0,0,0,0,female,West Indies Women tour of New Zealand,T20,R Boyce,0,West Indies,New Zealand,2018-03-14,,6
98d4cb14,1138195,0,1,2,0,0,0,0,0,0,2,0,0,0,0,0,0,0,female,West Indies Women tour of New Zealand,T20,R Boyce,caught,West Indies,New Zealand,2018-03-16,,6
98d4cb14,1138198,0,0,0,0,0,0,0,0,0,0,0,0,0,0,0,0,0,female,West Indies Women tour of New Zealand,T20,R Boyce,0,West Indies,New Zealand,2018-03-25,,6
98d4cb14,wi_201706,6,0,4,1,0,0,0,0,0,1,0,0,0,0,0,0,0,female,Women's T20 Blaze,T20,R Boyce,0,Trinidad and Tobago,Windward Islands,2019-03-29,,6
98d4cb14,1198472,4,1,21,0,0,1,0,0,0,18,0,0,0,0,0,0,0,female,Australia Women tour of West Indies,ODI,R Boyce,0,West Indies,Australia,2019-09-05,,6
98d4cb14,1198474,1,1,10,0,0,0,0,0,0,9,0,0,0,0,0,0,0,female,ICC Women's Championship,ODI,R Boyce,caught,West Indies,Australia,2019-09-11,,6
98d4cb14,1198475,6,1,4,0,1,0,0,0,0,3,0,0,0,0,0,0,0,female,Australia Women tour of West Indies,T20,R Boyce,0,West Indies,Australia,2019-09-14,,6
98d4cb14,1198476,0,1,2,0,0,0,0,0,0,2,0,0,0,0,0,0,0,female,Australia Women tour of West Indies,T20,R Boyce,0,West Indies,Australia,2019-09-16,,6
98d4cb14,1198477,2,1,8,0,0,0,0,0,0,6,0,0,0,0,0,0,0,female,Australia Women tour of West Indies,T20,R Boyce,caught,West Indies,Australia,2019-09-18,,6
98d4cb14,1273421,7,1,21,1,0,0,0,0,0,18,0,0,0,0,0,0,0,female,South Africa Women tour of West Indies,ODI,R Boyce,0,West Indies,South Africa,2021-09-16,,6
98d4cb14,1273422,14,1,30,2,0,0,0,0,2,23,0,0,0,0,0,0,0,female,South Africa Women tour of West Indies,ODI,R Boyce,bowled,West Indies,South Africa,2021-09-19,,6
98d4cb14,wi_211826,9,1,14,1,0,0,0,0,1,9,0,0,0,0,0,0,0,female,T20 Blaze,T20,R Boyce,0,Trinidad and Tobago,Jamaica,2022-06-07,,6
98d4cb14,wi_211832,5,1,10,1,0,0,0,0,0,8,0,0,0,0,0,0,0,female,T20 Blaze,T20,R Boyce,0,Trinidad and Tobago,Leeward Islands,2022-06-11,,6
98d4cb14,wi_211834,9,1,22,1,0,2,1,0,1,17,0,0,0,0,0,0,0,female,T20 Blaze,T20,R Boyce,0,Trinidad and Tobago,Windward Islands,2022-06-13,,6
98d4cb14,wi_211976,35,1,69,4,0,1,1,0,0,49,0,0,0,0,0,0,0,female,CG United Women's Super50,ODM,R Boyce,0,Trinidad and Tobago,Leeward Islands,2022-06-17,,6
98d4cb14,wi_212061,5,1,20,1,0,0,0,0,0,18,0,0,0,0,0,0,0,female,CG United Women's Super50,ODM,R Boyce,0,Trinidad and Tobago,Barbados,2022-06-22,,6
98d4cb14,1323178,5,1,8,0,0,1,0,1,0,4,0,0,0,0,0,0,0,female,Women's Caribbean Premier League,T20,R Boyce,0,Barbados Royals,Trinbago Knight Riders,2022-08-31,,6
98d4cb14,1323180,3,0,6,0,0,0,0,0,0,4,0,0,0,0,0,0,0,female,Women's Caribbean Premier League,T20,R Boyce,0,Barbados Royals,Guyana Amazon Warriors,2022-09-03,,6
98d4cb14,1323181,2,1,7,0,0,2,0,0,0,5,0,0,0,0,0,0,0,female,Women's Caribbean Premier League,T20,R Boyce,0,Barbados Royals,Trinbago Knight Riders,2022-09-04,,6
