player_id,match_id,runs_scored,player_out,balls_faced,fours_scored,sixes_scored,catches_taken,run_out_direct,run_out_throw,stumpings_done,dot_balls_as_batsman,order_seenballs_bowled,runs_conceded,wickets_taken,bowled_done,lbw_done,maidens,dot_balls_as_bowler,gender,series_name,match_type,name,out_kind,player_team,opposition_team,start_date,end_date,balls_per_over
650d5e49,994671,4,1,8,0,0,0,0,0,0,4,0,0,0,0,0,0,0,male,Caribbean Premier League,T20,R Powell,caught,Jamaica Tallawahs,St Kitts and Nevis Patriots,2016-07-02,,6
650d5e49,1025989,12,0,7,1,1,0,0,0,0,3,0,27,0,0,0,0,5,male,Caribbean Premier League,T20,R Powell,0,Jamaica Tallawahs,Trinbago Knight Riders,2016-07-04,,6
650d5e49,1019643,6,0,5,0,1,0,0,0,0,4,0,0,0,0,0,0,0,male,Caribbean Premier League,T20,R Powell,0,Jamaica Tallawahs,Barbados Tridents,2016-07-11,,6
650d5e49,1019769,0,1,2,0,0,0,0,0,0,2,0,0,0,0,0,0,0,male,Caribbean Premier League,T20,R Powell,0,Jamaica Tallawahs,Guyana Amazon Warriors,2016-07-15,,6
650d5e49,1019771,35,1,24,4,1,1,0,0,0,8,0,24,0,0,0,0,4,male,Caribbean Premier League,T20,R Powell,0,Jamaica Tallawahs,St Kitts and Nevis Patriots,2016-07-16,,6
650d5e49,1019773,44,1,36,2,4,0,0,0,0,20,0,0,0,0,0,0,0,male,Caribbean Premier League,T20,R Powell,caught,Jamaica Tallawahs,Trinbago Knight Riders,2016-07-18,,6
650d5e49,1019775,34,0,16,1,4,1,0,0,0,6,0,24,0,0,0,0,5,male,Caribbean Premier League,T20,R Powell,0,Jamaica Tallawahs,Barbados Tridents,2016-07-20,,6
650d5e49,994681,2,1,7,0,0,1,0,0,0,5,0,39,0,0,0,0,5,male,Caribbean Premier League,T20,R Powell,caught and bowled,Jamaica Tallawahs,St Lucia Zouks,2016-07-30,,6
650d5e49,994687,28,1,24,1,2,0,0,0,0,10,0,45,2,0,0,0,8,male,Caribbean Premier League,T20,R Powell,0,Jamaica Tallawahs,St Lucia Zouks,2016-07-31,,6
650d5e49,1025665,23,1,23,0,2,1,0,0,0,11,0,17,0,0,0,0,3,male,Caribbean Premier League,T20,R Powell,0,Jamaica Tallawahs,Guyana Amazon Warriors,2016-08-03,,6
650d5e49,1025669,2,1,10,0,0,2,0,0,0,8,0,0,0,0,0,0,0,male,Caribbean Premier League,T20,R Powell,0,Jamaica Tallawahs,Trinbago Knight Riders,2016-08-05,,6
650d5e49,1025671,0,0,0,0,0,1,0,0,0,0,0,0,0,0,0,0,0,male,Caribbean Premier League,T20,R Powell,0,Jamaica Tallawahs,Guyana Amazon Warriors,2016-08-07,,6
650d5e49,1059711,44,1,30,2,3,1,0,0,0,10,0,0,0,0,0,0,0,male,Zimbabwe Tri-Nation Series,ODI,R Powell,0,West Indies,Sri Lanka,2016-11-16,,6
650d5e49,1059712,17,1,12,1,1,2,0,0,0,4,0,0,0,0,0,0,0,male,Zimbabwe Tri-Nation Series,ODI,R Powell,bowled,West Indies,Zimbabwe,2016-11-19,,6
650d5e49,1059714,10,1,13,1,0,1,0,0,0,7,0,0,0,0,0,0,0,male,Zimbabwe Tri-Nation Series,ODI,R Powell,0,West Indies,Sri Lanka,2016-11-23,,6
650d5e49,1059715,6,1,15,0,0,0,0,0,0,10,0,0,0,0,0,0,0,male,Zimbabwe Tri-Nation Series,ODI,R Powell,caught,West Indies,Zimbabwe,2016-11-25,,6
650d5e49,1077947,5,1,5,1,0,1,0,0,0,3,0,0,0,0,0,0,0,male,Pakistan in West Indies T20I Series,T20,R Powell,lbw,West Indies,Pakistan,2017-03-26,,6
650d5e49,1077948,0,1,1,0,0,0,0,0,0,1,0,0,0,0,0,0,0,male,Pakistan in West Indies T20I Series,T20,R Powell,0,West Indies,Pakistan,2017-03-30,,6
650d5e49,1089776,2,0,4,0,0,0,0,0,0,2,0,0,0,0,0,0,0,male,Afghanistan in West Indies T20I Series,T20,R Powell,0,West Indies,Afghanistan,2017-06-02,,6
650d5e49,1089777,0,0,0,0,0,0,0,0,0,0,0,0,0,0,0,0,0,male,Afghanistan in West Indies T20I Series,T20,R Powell,0,West Indies,Afghanistan,2017-06-03,,6
650d5e49,1089778,0,0,0,0,0,1,0,0,0,0,0,20,1,0,0,0,8,male,Afghanistan in West Indies T20I Series,T20,R Powell,0,West Indies,Afghanistan,2017-06-05,,6
650d5e49,1089780,17,1,43,2,0,0,0,0,0,32,0,8,0,0,0,0,8,male,Afghanistan in West Indies ODI Series,ODI,R Powell,0,West Indies,Afghanistan,2017-06-11,,6
650d5e49,1098208,30,1,44,5,0,0,0,0,0,29,0,0,0,0,0,0,0,male,India in West Indies ODI Series,ODI,R Powell,caught,West Indies,India,2017-06-30,,6
650d5e49,1098209,2,1,9,0,0,1,0,0,0,7,0,0,0,0,0,0,0,male,India in West Indies ODI Series,ODI,R Powell,0,West Indies,India,2017-07-02,,6
650d5e49,1098210,31,1,33,0,2,0,0,0,0,16,0,6,0,0,0,0,2,male,India in West Indies ODI Series,ODI,R Powell,0,West Indies,India,2017-07-06,,6
650d5e49,1098211,0,0,0,0,0,0,0,0,0,0,0,0,0,0,0,0,0,male,,T20,R Powell,0,West Indies,India,2017-07-09,,6
650d5e49,1094674,13,1,17,1,0,2,0,0,0,7,0,0,0,0,0,0,0,male,Caribbean Premier League,T20,R Powell,0,Jamaica Tallawahs,Barbados Tridents,2017-08-05,,6
650d5e49,1094676,0,1,2,0,0,1,0,0,0,2,0,0,0,0,0,0,0,male,Caribbean Premier League,T20,R Powell,0,Jamaica Tallawahs,Barbados Tridents,2017-08-06,,6
650d5e49,1094678,18,1,17,0,1,1,0,0,0,8,0,0,0,0,0,0,0,male,Caribbean Premier League,T20,R Powell,0,Jamaica Tallawahs,Trinbago Knight Riders,2017-08-09,,6
650d5e49,1094685,6,0,6,0,0,0,0,0,0,1,0,37,2,1,0,0,5,male,Caribbean Premier League,T20,R Powell,0,Jamaica Tallawahs,St Lucia Stars,2017-08-15,,6
650d5e49,1094686,7,1,9,1,0,1,0,0,0,5,0,0,0,0,0,0,0,male,Caribbean Premier League,T20,R Powell,caught,Jamaica Tallawahs,Guyana Amazon Warriors,2017-08-17,,6
650d5e49,1094691,31,1,19,3,2,0,0,0,0,7,0,26,0,0,0,0,0,male,Caribbean Premier League,T20,R Powell,caught,Jamaica Tallawahs,St Kitts and Nevis Patriots,2017-08-21,,6
650d5e49,1094694,9,1,5,0,1,2,0,0,0,1,0,40,1,1,0,0,10,male,Caribbean Premier League,T20,R Powell,0,Jamaica Tallawahs,St Lucia Stars,2017-08-25,,6
650d5e49,1094695,30,1,22,2,1,1,0,0,0,5,0,38,2,0,0,0,7,male,Caribbean Premier League,T20,R Powell,0,Jamaica Tallawahs,Trinbago Knight Riders,2017-08-26,,6
650d5e49,1094697,43,1,29,2,3,0,0,0,0,10,0,0,0,0,0,0,0,male,Caribbean Premier League,T20,R Powell,0,Jamaica Tallawahs,St Kitts and Nevis Patriots,2017-08-30,,6
650d5e49,1094699,16,1,16,1,1,0,0,0,0,8,0,0,0,0,0,0,0,male,Caribbean Premier League,T20,R Powell,caught,Jamaica Tallawahs,Guyana Amazon Warriors,2017-09-01,,6
650d5e49,1094703,0,1,1,0,0,1,0,0,0,1,0,19,0,0,0,0,1,male,Caribbean Premier League,T20,R Powell,bowled,Jamaica Tallawahs,Guyana Amazon Warriors,2017-09-06,,6
650d5e49,1031665,28,1,20,1,2,2,0,0,0,6,0,0,0,0,0,0,0,male,West Indies tour of England,T20,R Powell,0,West Indies,England,2017-09-16,,6
650d5e49,1031667,23,1,32,2,1,0,0,0,0,22,0,0,0,0,0,0,0,male,West Indies tour of England,ODI,R Powell,0,West Indies,England,2017-09-19,,6
650d5e49,1031669,0,0,0,0,0,0,0,0,0,0,0,0,0,0,0,0,0,male,West Indies tour of England,ODI,R Powell,0,West Indies,England,2017-09-21,,6
650d5e49,1031671,8,1,9,0,1,1,0,0,0,6,0,38,1,0,0,0,23,male,West Indies tour of England,ODI,R Powell,0,West Indies,England,2017-09-24,,6
650d5e49,1031673,28,0,15,2,2,0,0,0,0,4,0,10,0,0,0,0,2,male,West Indies tour of England,ODI,R Powell,0,West Indies,England,2017-09-27,,6
650d5e49,1031675,11,1,9,0,1,0,0,0,0,3,0,19,0,0,0,0,4,male,West Indies tour of England,ODI,R Powell,0,West Indies,England,2017-09-29,,6
650d5e49,1115795,59,1,52,2,4,0,0,0,0,23,0,10,0,0,0,0,2,male,West Indies tour of New Zealand,ODI,R Powell,0,West Indies,New Zealand,2017-12-20,,6
650d5e49,1115796,0,1,1,0,0,1,0,0,0,1,0,28,0,0,0,0,1,male,West Indies tour of New Zealand,ODI,R Powell,bowled,West Indies,New Zealand,2017-12-23,,6
650d5e49,1115797,11,1,25,0,0,0,0,0,0,15,0,0,0,0,0,0,0,male,West Indies tour of New Zealand,ODI,R Powell,caught,West Indies,New Zealand,2017-12-26,,6
650d5e49,1115798,6,1,9,0,0,0,0,0,0,4,0,0,0,0,0,0,0,male,West Indies tour of New Zealand,T20,R Powell,0,West Indies,New Zealand,2017-12-29,,6
650d5e49,1115799,0,0,0,0,0,1,0,0,0,0,0,0,0,0,0,0,0,male,West Indies tour of New Zealand,T20,R Powell,0,West Indies,New Zealand,2018-01-01,,6
650d5e49,1115800,16,1,9,4,0,0,0,0,0,5,0,0,0,0,0,0,0,male,West Indies tour of New Zealand,T20,R Powell,caught,West Indies,New Zealand,2018-01-03,,6
650d5e49,1133007,0,0,0,0,0,1,0,0,0,0,0,0,0,0,0,0,0,male,ICC Cricket World Cup Qualifier (ICC Trophy),ODI,R Powell,0,West Indies,Papua New Guinea,2018-03-08,,6
650d5e49,1133010,101,1,105,7,7,0,0,0,0,61,0,0,0,0,0,0,0,male,ICC Cricket World Cup Qualifier (ICC Trophy),ODI,R Powell,caught,West Indies,Ireland,2018-03-10,,6
650d5e49,1133014,52,1,39,2,3,0,1,0,0,11,0,0,0,0,0,0,0,male,ICC Cricket World Cup Qualifier,ODM,R Powell,caught,West Indies,Netherlands,2018-03-12,,6
650d5e49,1133018,3,1,12,0,0,2,0,0,0,9,0,6,0,0,0,0,6,male,ICC Cricket World Cup Qualifier (ICC Trophy),ODI,R Powell,caught,West Indies,Afghanistan,2018-03-15,,6
650d5e49,1133026,15,0,13,0,1,0,0,1,0,4,0,26,0,0,0,0,10,male,ICC Cricket World Cup Qualifier (ICC Trophy),ODI,R Powell,0,West Indies,Zimbabwe,2018-03-19,,6
650d5e49,1133028,15,1,26,0,0,1,0,0,0,13,0,0,0,0,0,0,0,male,ICC Cricket World Cup Qualifier (ICC Trophy),ODI,R Powell,bowled,West Indies,Scotland,2018-03-21,,6
650d5e49,1133031,44,1,75,1,2,0,0,0,0,48,0,0,0,0,0,0,0,male,ICC Cricket World Cup Qualifier (ICC Trophy),ODI,R Powell,0,West Indies,Afghanistan,2018-03-25,,6
650d5e49,1140069,5,1,10,1,0,0,0,0,0,8,0,34,1,0,0,0,1,male,West Indies tour of Pakistan,T20,R Powell,0,West Indies,Pakistan,2018-04-01,,6
650d5e49,1140070,3,1,4,0,0,0,0,0,0,1,0,13,0,0,0,0,1,male,West Indies tour of Pakistan,T20,R Powell,caught,West Indies,Pakistan,2018-04-02,,6
650d5e49,1140071,2,1,5,0,0,0,0,0,0,3,0,0,0,0,0,0,0,male,West Indies tour of Pakistan,T20,R Powell,lbw,West Indies,Pakistan,2018-04-03,,6
650d5e49,1146720,0,1,1,0,0,0,0,0,0,1,0,0,0,0,0,0,0,male,Bangladesh tour of West Indies and United States of America,ODI,R Powell,caught,West Indies,Bangladesh,2018-07-22,,6
650d5e49,1146721,44,1,67,4,0,0,0,0,0,40,0,0,0,0,0,0,0,male,Bangladesh tour of West Indies and United States of America,ODI,R Powell,0,West Indies,Bangladesh,2018-07-25,,6
650d5e49,1146722,74,0,42,5,4,0,0,0,0,7,0,0,0,0,0,0,0,male,Bangladesh tour of West Indies and United States of America,ODI,R Powell,0,West Indies,Bangladesh,2018-07-28,,6
650d5e49,1146723,15,0,9,0,2,1,0,0,0,4,0,0,0,0,0,0,0,male,Bangladesh tour of West Indies and United States of America,T20,R Powell,0,West Indies,Bangladesh,2018-07-31,,6
650d5e49,1146724,43,1,34,3,2,1,0,0,0,12,0,0,0,0,0,0,0,male,Bangladesh tour of West Indies and United States of America,T20,R Powell,0,West Indies,Bangladesh,2018-08-04,,6
650d5e49,1146725,23,1,21,2,0,1,0,0,0,6,0,0,0,0,0,0,0,male,Bangladesh tour of West Indies and United States of America,T20,R Powell,caught,West Indies,Bangladesh,2018-08-05,,6
650d5e49,1148649,1,1,7,0,0,2,0,0,0,6,0,18,0,0,0,0,2,male,Caribbean Premier League,T20,R Powell,bowled,Jamaica Tallawahs,Trinbago Knight Riders,2018-08-10,,6
650d5e49,1148653,43,0,24,2,4,0,0,0,0,7,0,0,0,0,0,0,0,male,Caribbean Premier League,T20,R Powell,0,Jamaica Tallawahs,St Lucia Stars,2018-08-14,,6
650d5e49,1148654,18,1,14,0,2,1,0,0,0,7,0,0,0,0,0,0,0,male,Caribbean Premier League,T20,R Powell,caught,Jamaica Tallawahs,St Kitts and Nevis Patriots,2018-08-15,,6
650d5e49,1148657,13,1,11,0,1,1,0,0,0,4,0,0,0,0,0,0,0,male,Caribbean Premier League,T20,R Powell,bowled,Jamaica Tallawahs,Guyana Amazon Warriors,2018-08-18,,6
650d5e49,1148658,1,0,1,0,0,0,0,0,0,0,0,0,0,0,0,0,0,male,Caribbean Premier League,T20,R Powell,0,Jamaica Tallawahs,Trinbago Knight Riders,2018-08-19,,6
650d5e49,1148660,0,0,0,0,0,1,0,0,0,0,0,0,0,0,0,0,0,male,Caribbean Premier League,T20,R Powell,0,Jamaica Tallawahs,Barbados Tridents,2018-08-22,,6
650d5e49,1148663,64,1,41,2,5,0,0,0,0,13,0,42,1,0,0,0,6,male,Caribbean Premier League,T20,R Powell,caught,Jamaica Tallawahs,St Lucia Stars,2018-08-25,,6
650d5e49,1148666,35,0,29,2,2,1,0,0,0,12,0,21,1,0,0,0,3,male,Caribbean Premier League,T20,R Powell,0,Jamaica Tallawahs,Barbados Tridents,2018-08-29,,6
650d5e49,1148671,84,1,42,11,4,0,0,0,0,11,0,2,0,0,0,0,0,male,Caribbean Premier League,T20,R Powell,bowled,Jamaica Tallawahs,St Kitts and Nevis Patriots,2018-09-02,,6
650d5e49,1148675,55,0,35,6,2,2,0,0,0,10,0,22,2,1,0,0,6,male,Caribbean Premier League,T20,R Powell,0,Jamaica Tallawahs,Guyana Amazon Warriors,2018-09-08,,6
650d5e49,1148678,15,1,9,3,0,1,0,0,0,3,0,16,1,0,0,0,7,male,Caribbean Premier League,T20,R Powell,caught,Jamaica Tallawahs,St Kitts and Nevis Patriots,2018-09-12,,6
650d5e49,1157754,22,1,23,4,0,0,0,0,0,13,0,0,0,0,0,0,0,male,West Indies tour of India,ODI,R Powell,bowled,West Indies,India,2018-10-21,,6
650d5e49,1157755,18,1,18,1,1,0,0,0,0,8,0,0,0,0,0,0,0,male,West Indies tour of India,ODI,R Powell,caught,West Indies,India,2018-10-24,,6
650d5e49,1157756,4,1,16,0,0,1,0,0,0,13,0,0,0,0,0,0,0,male,West Indies tour of India,ODI,R Powell,caught,West Indies,India,2018-10-27,,6
650d5e49,1157757,1,1,9,0,0,0,0,0,0,8,0,23,0,0,0,0,10,male,West Indies tour of India,ODI,R Powell,bowled,West Indies,India,2018-10-29,,6
650d5e49,1157758,16,1,39,1,0,0,0,0,0,27,0,0,0,0,0,0,0,male,West Indies tour of India,ODI,R Powell,0,West Indies,India,2018-11-01,,6
650d5e49,1157759,4,1,13,0,0,0,0,0,0,9,0,0,0,0,0,0,0,male,West Indies tour of India,T20,R Powell,caught,West Indies,India,2018-11-04,,6
650d5e49,1153314,14,1,25,1,0,1,0,0,0,15,0,7,1,0,0,0,3,male,West Indies tour of Bangladesh,ODI,R Powell,caught,West Indies,Bangladesh,2018-12-09,,6
650d5e49,1153315,1,1,2,0,0,0,0,0,0,1,0,41,1,0,0,0,16,male,West Indies tour of Bangladesh,ODI,R Powell,0,West Indies,Bangladesh,2018-12-11,,6
650d5e49,1153316,1,1,9,0,0,1,0,0,0,8,0,21,0,0,0,0,10,male,West Indies tour of Bangladesh,ODI,R Powell,0,West Indies,Bangladesh,2018-12-14,,6
650d5e49,1153317,0,0,0,0,0,1,0,0,0,0,0,7,0,0,0,0,2,male,West Indies tour of Bangladesh,T20,R Powell,0,West Indies,Bangladesh,2018-12-17,,6
650d5e49,1153318,50,1,34,5,1,0,0,0,0,11,0,0,0,0,0,0,0,male,West Indies tour of Bangladesh,T20,R Powell,0,West Indies,Bangladesh,2018-12-20,,6
650d5e49,1153319,19,1,18,1,1,0,0,0,0,8,0,0,0,0,0,0,0,male,West Indies tour of Bangladesh,T20,R Powell,0,West Indies,Bangladesh,2018-12-22,,6
650d5e49,1188621,4,1,5,1,0,0,0,0,0,4,0,0,0,0,0,0,0,male,India tour of United States of America and West Indies,T20,R Powell,0,West Indies,India,2019-08-03,,6
650d5e49,1188622,54,1,36,6,3,0,0,0,0,16,0,0,0,0,0,0,0,male,India tour of United States of America and West Indies,T20,R Powell,0,West Indies,India,2019-08-04,,6
650d5e49,1188623,32,0,20,1,2,0,0,0,0,4,0,0,0,0,0,0,0,male,India tour of United States of America and West Indies,T20,R Powell,0,West Indies,India,2019-08-06,,6
650d5e49,1185839,1,1,3,0,0,0,0,0,0,2,0,0,0,0,0,0,0,male,Caribbean Premier League,T20,R Powell,caught,Jamaica Tallawahs,Trinbago Knight Riders,2019-09-06,,6
650d5e49,1185843,1,0,1,0,0,0,0,0,0,0,0,0,0,0,0,0,0,male,Caribbean Premier League,T20,R Powell,0,Jamaica Tallawahs,St Kitts and Nevis Patriots,2019-09-10,,6
650d5e49,1185845,44,1,24,1,5,0,0,0,0,9,0,0,0,0,0,0,0,male,Caribbean Premier League,T20,R Powell,0,Jamaica Tallawahs,St Lucia Zouks,2019-09-12,,6
650d5e49,1185846,6,1,2,0,1,0,0,0,0,1,0,46,0,0,0,0,5,male,Caribbean Premier League,T20,R Powell,0,Jamaica Tallawahs,Trinbago Knight Riders,2019-09-13,,6
650d5e49,1203678,0,0,0,0,0,0,0,0,0,0,0,0,0,0,0,0,0,male,Ireland tour of West Indies,T20,R Powell,0,West Indies,Ireland,2020-01-19,,6
650d5e49,1213874,0,0,0,0,0,0,0,0,0,0,0,33,2,0,1,0,4,male,West Indies tour of Sri Lanka,T20,R Powell,0,West Indies,Sri Lanka,2020-03-04,,6
650d5e49,1213875,17,1,18,2,0,2,0,0,0,9,0,0,0,0,0,0,0,male,West Indies tour of Sri Lanka,T20,R Powell,caught,West Indies,Sri Lanka,2020-03-06,,6
650d5e49,1227867,26,1,19,2,2,2,0,0,0,10,0,0,0,0,0,0,0,male,Caribbean Premier League,T20,R Powell,caught,Jamaica Tallawahs,St Lucia Zouks,2020-08-19,,6
650d5e49,1227870,8,1,6,0,1,0,0,0,0,4,0,0,0,0,0,0,0,male,Caribbean Premier League,T20,R Powell,caught,Jamaica Tallawahs,Trinbago Knight Riders,2020-08-20,,6
650d5e49,1227872,23,1,31,1,1,1,0,0,0,17,0,14,0,0,0,0,5,male,Caribbean Premier League,T20,R Powell,caught,Jamaica Tallawahs,Guyana Amazon Warriors,2020-08-22,,6
650d5e49,1227876,2,1,5,0,0,2,0,0,0,3,0,25,0,0,0,0,4,male,Caribbean Premier League,T20,R Powell,caught,Jamaica Tallawahs,Guyana Amazon Warriors,2020-08-25,,6
650d5e49,1227878,4,1,12,0,0,1,0,0,0,10,0,22,0,0,0,0,5,male,Caribbean Premier League,T20,R Powell,0,Jamaica Tallawahs,Barbados Tridents,2020-08-26,,6
650d5e49,1227882,1,1,2,0,0,1,0,0,0,1,0,0,0,0,0,0,0,male,Caribbean Premier League,T20,R Powell,caught,Jamaica Tallawahs,St Kitts and Nevis Patriots,2020-08-29,,6
650d5e49,1227885,2,1,6,0,0,0,0,0,0,4,0,49,0,0,0,0,12,male,Caribbean Premier League,T20,R Powell,bowled,Jamaica Tallawahs,Trinbago Knight Riders,2020-09-01,,6
650d5e49,1227889,0,0,0,0,0,0,0,0,0,0,0,0,0,0,0,0,0,male,Caribbean Premier League,T20,R Powell,0,Jamaica Tallawahs,St Kitts and Nevis Patriots,2020-09-03,,6
650d5e49,1227892,5,0,6,0,0,0,0,0,0,1,0,0,0,0,0,0,0,male,Caribbean Premier League,T20,R Powell,0,Jamaica Tallawahs,Barbados Tridents,2020-09-05,,6
650d5e49,1227894,2,1,3,0,0,0,0,0,0,1,0,0,0,0,0,0,0,male,Caribbean Premier League,T20,R Powell,0,Jamaica Tallawahs,St Lucia Zouks,2020-09-06,,6
650d5e49,1227895,33,1,37,1,1,0,0,0,0,17,0,0,0,0,0,0,0,male,Caribbean Premier League,T20,R Powell,0,Jamaica Tallawahs,Trinbago Knight Riders,2020-09-08,,6
650d5e49,1233954,0,1,3,0,0,1,0,0,0,3,0,0,0,0,0,0,0,male,West Indies tour of New Zealand,T20,R Powell,0,West Indies,New Zealand,2020-11-27,,6
650d5e49,1233955,9,1,8,1,0,0,0,0,0,2,0,11,0,0,0,0,3,male,West Indies tour of New Zealand,T20,R Powell,0,West Indies,New Zealand,2020-11-29,,6
650d5e49,1233956,0,0,0,0,0,0,0,0,0,0,0,0,0,0,0,0,0,male,West Indies tour of New Zealand,T20,R Powell,0,West Indies,New Zealand,2020-11-30,,6
650d5e49,1244022,28,1,31,2,2,0,0,0,0,20,0,0,0,0,0,0,0,male,ICC Men's Cricket World Cup Super League,ODI,R Powell,caught,West Indies,Bangladesh,2021-01-20,,6
650d5e49,1244023,41,1,66,2,1,0,0,0,0,39,0,0,0,0,0,0,0,male,ICC Men's Cricket World Cup Super League,ODI,R Powell,0,West Indies,Bangladesh,2021-01-22,,6
650d5e49,1244024,47,1,49,2,2,0,0,0,0,21,0,0,0,0,0,0,0,male,West Indies tour of Bangladesh,ODI,R Powell,0,West Indies,Bangladesh,2021-01-25,,6
650d5e49,1252068,7,1,8,0,1,0,0,0,0,6,0,0,0,0,0,0,0,male,Sri Lanka tour of West Indies,T20,R Powell,0,West Indies,Sri Lanka,2021-03-07,,6
650d5e49,1247026,0,1,2,0,0,0,0,0,0,2,0,0,0,0,0,0,0,male,Pakistan Super League,T20,R Powell,lbw,Peshawar Zalmi,Lahore Qalandars,2021-06-10,,6
650d5e49,1247030,43,1,20,1,5,0,0,0,0,7,0,8,0,0,0,0,3,male,Pakistan Super League,T20,R Powell,run out,Peshawar Zalmi,Quetta Gladiators,2021-06-12,,6
650d5e49,1247031,4,1,4,1,0,0,0,0,0,3,0,0,0,0,0,0,0,male,Pakistan Super League,T20,R Powell,0,Peshawar Zalmi,Multan Sultans,2021-06-13,,6
650d5e49,1247034,2,0,9,0,0,0,0,0,0,7,0,0,0,0,0,0,0,male,Pakistan Super League,T20,R Powell,0,Peshawar Zalmi,Karachi Kings,2021-06-15,,6
650d5e49,1247036,14,1,11,2,0,0,0,0,0,5,0,0,0,0,0,0,0,male,Pakistan Super League,T20,R Powell,0,Peshawar Zalmi,Islamabad United,2021-06-17,,6
650d5e49,1247042,1,0,3,0,0,3,0,0,0,2,0,0,0,0,0,0,0,male,Pakistan Super League,T20,R Powell,0,Peshawar Zalmi,Karachi Kings,2021-06-21,,6
650d5e49,1247043,0,0,0,0,0,0,0,0,0,0,0,0,0,0,0,0,0,male,Pakistan Super League,T20,R Powell,0,Peshawar Zalmi,Islamabad United,2021-06-22,,6
650d5e49,1247044,23,1,16,2,1,0,0,0,0,6,0,0,0,0,0,0,0,male,Pakistan Super League,T20,R Powell,caught,Peshawar Zalmi,Multan Sultans,2021-06-24,,6
650d5e49,1269702,38,1,26,3,2,0,0,0,0,8,0,27,0,0,0,0,10,male,Caribbean Premier League,T20,R Powell,0,Jamaica Tallawahs,St Lucia Kings,2021-08-27,,6
650d5e49,1269705,9,0,8,0,1,0,0,0,0,5,0,21,1,0,0,0,12,male,Caribbean Premier League,T20,R Powell,0,Jamaica Tallawahs,Barbados Royals,2021-08-28,,6
650d5e49,1269709,3,1,10,0,0,2,0,0,0,7,0,8,1,0,0,0,7,male,Caribbean Premier League,T20,R Powell,0,Jamaica Tallawahs,Barbados Royals,2021-08-31,,6
650d5e49,1269711,24,1,27,1,2,1,0,0,0,16,0,34,1,0,0,0,8,male,Caribbean Premier League,T20,R Powell,caught,Jamaica Tallawahs,St Kitts and Nevis Patriots,2021-09-01,,6
650d5e49,1269717,0,1,9,0,0,0,0,0,0,9,0,0,0,0,0,0,0,male,Caribbean Premier League,T20,R Powell,0,Jamaica Tallawahs,Trinbago Knight Riders,2021-09-05,,6
650d5e49,1269718,22,1,22,0,2,0,0,0,0,11,0,0,0,0,0,0,0,male,Caribbean Premier League,T20,R Powell,0,Jamaica Tallawahs,Trinbago Knight Riders,2021-09-07,,6
650d5e49,1269720,37,1,21,1,4,1,0,0,0,8,0,0,0,0,0,0,0,male,Caribbean Premier League,T20,R Powell,caught,Jamaica Tallawahs,St Kitts and Nevis Patriots,2021-09-08,,6
650d5e49,1269723,22,1,21,1,2,0,0,0,0,13,0,0,0,0,0,0,0,male,Caribbean Premier League,T20,R Powell,caught,Jamaica Tallawahs,St Lucia Kings,2021-09-09,,6
650d5e49,1269725,10,1,14,0,0,1,0,0,0,7,0,0,0,0,0,0,0,male,Caribbean Premier League,T20,R Powell,caught,Jamaica Tallawahs,Guyana Amazon Warriors,2021-09-11,,6
650d5e49,1269728,3,1,6,0,0,0,0,0,0,4,0,0,0,0,0,0,0,male,Caribbean Premier League,T20,R Powell,caught,Jamaica Tallawahs,Guyana Amazon Warriors,2021-09-12,,6
650d5e49,1291196,42,1,21,1,4,1,0,0,0,4,0,12,1,0,0,0,6,male,Lanka Premier League,T20,R Powell,caught,Kandy Warriors,Dambulla Giants,2021-12-06,,6
650d5e49,1291199,1,1,4,0,0,0,0,0,0,3,0,12,1,1,0,0,1,male,Lanka Premier League,T20,R Powell,caught,Kandy Warriors,Galle Gladiators,2021-12-07,,6
650d5e49,1291201,61,1,19,2,7,2,0,0,0,1,0,52,0,0,0,0,1,male,Lanka Premier League,T20,R Powell,0,Kandy Warriors,Jaffna Kings,2021-12-08,,6
650d5e49,1287773,23,1,15,1,2,1,0,0,0,6,0,0,0,0,0,0,0,male,West Indies tour of Pakistan,T20,R Powell,caught,West Indies,Pakistan,2021-12-13,,6
650d5e49,1287774,4,1,11,0,0,2,0,0,0,7,0,0,0,0,0,0,0,male,West Indies tour of Pakistan,T20,R Powell,caught,West Indies,Pakistan,2021-12-14,,6
650d5e49,1287775,6,0,6,0,0,0,0,0,0,1,0,0,0,0,0,0,0,male,West Indies tour of Pakistan,T20,R Powell,0,West Indies,Pakistan,2021-12-16,,6
650d5e49,1256722,107,1,55,4,10,2,0,0,0,19,0,9,0,0,0,0,2,male,England tour of West Indies,T20,R Powell,caught,West Indies,England,2022-01-26,,6
650d5e49,1256723,5,1,7,0,0,0,0,0,0,4,0,0,0,0,0,0,0,male,England tour of West Indies,T20,R Powell,bowled,West Indies,England,2022-01-29,,6
650d5e49,1256724,35,0,19,1,4,0,0,0,0,8,0,0,0,0,0,0,0,male,England tour of West Indies,T20,R Powell,0,West Indies,England,2022-01-30,,6
650d5e49,1278679,2,1,3,0,0,0,0,0,0,2,0,0,0,0,0,0,0,male,West Indies tour of India,T20,R Powell,0,West Indies,India,2022-02-16,,6
650d5e49,1278680,68,0,38,4,5,0,0,0,0,8,0,0,0,0,0,0,0,male,West Indies tour of India,T20,R Powell,0,West Indies,India,2022-02-18,,6
650d5e49,1278681,25,1,15,2,2,1,0,0,0,7,0,0,0,0,0,0,0,male,West Indies tour of India,T20,R Powell,caught,West Indies,India,2022-02-20,,6
650d5e49,1304048,0,1,2,0,0,1,0,0,0,2,0,0,0,0,0,0,0,male,Indian Premier League,T20,R Powell,caught,Delhi Capitals,Mumbai Indians,2022-03-27,,6
650d5e49,1304056,20,1,12,2,1,1,0,0,0,3,0,0,0,0,0,0,0,male,Indian Premier League,T20,R Powell,0,Delhi Capitals,Gujarat Titans,2022-04-02,,6
650d5e49,1304061,3,1,10,0,0,0,0,0,0,7,0,0,0,0,0,0,0,male,Indian Premier League,T20,R Powell,0,Delhi Capitals,Lucknow Super Giants,2022-04-07,,6
650d5e49,1304065,8,1,6,0,1,2,0,0,0,3,0,17,0,0,0,0,1,male,Indian Premier League,T20,R Powell,caught,Delhi Capitals,Kolkata Knight Riders,2022-04-10,,6
650d5e49,1304073,0,1,1,0,0,0,0,0,0,1,0,0,0,0,0,0,0,male,Indian Premier League,T20,R Powell,caught,Delhi Capitals,Royal Challengers Bangalore,2022-04-16,,6
650d5e49,1304078,0,0,0,0,0,1,0,0,0,0,0,0,0,0,0,0,0,male,Indian Premier League,T20,R Powell,0,Delhi Capitals,Punjab Kings,2022-04-20,,6
650d5e49,1304080,36,1,16,0,5,0,0,0,0,6,0,0,0,0,0,0,0,male,Indian Premier League,T20,R Powell,caught,Delhi Capitals,Rajasthan Royals,2022-04-22,,6
650d5e49,1304087,33,1,17,1,3,2,0,0,0,3,0,0,0,0,0,0,0,male,Indian Premier League,T20,R Powell,0,Delhi Capitals,Kolkata Knight Riders,2022-04-28,,6
650d5e49,1304091,35,1,21,3,2,0,0,0,0,6,0,0,0,0,0,0,0,male,Indian Premier League,T20,R Powell,0,Delhi Capitals,Lucknow Super Giants,2022-05-01,,6
650d5e49,1304096,67,0,36,3,6,1,0,0,0,11,0,0,0,0,0,0,0,male,Indian Premier League,T20,R Powell,0,Delhi Capitals,Sunrisers Hyderabad,2022-05-05,,6
650d5e49,1304101,3,1,9,0,0,0,0,0,0,6,0,0,0,0,0,0,0,male,Indian Premier League,T20,R Powell,0,Delhi Capitals,Chennai Super Kings,2022-05-08,,6
650d5e49,1304104,0,0,0,0,0,1,0,0,0,0,0,0,0,0,0,0,0,male,Indian Premier League,T20,R Powell,0,Delhi Capitals,Rajasthan Royals,2022-05-11,,6
650d5e49,1304110,2,1,6,0,0,1,0,0,0,4,0,0,0,0,0,0,0,male,Indian Premier League,T20,R Powell,0,Delhi Capitals,Punjab Kings,2022-05-16,,6
650d5e49,1304115,43,1,38,1,4,0,0,0,0,20,0,0,0,0,0,0,0,male,Indian Premier League,T20,R Powell,bowled,Delhi Capitals,Mumbai Indians,2022-05-21,,6
650d5e49,1315038,32,1,25,5,0,0,0,0,0,9,0,0,0,0,0,0,0,male,West Indies tour of Pakistan,ODI,R Powell,0,West Indies,Pakistan,2022-06-08,,6
650d5e49,1315039,10,1,10,0,1,0,0,0,0,6,0,24,0,0,0,0,5,male,West Indies tour of Pakistan,ODI,R Powell,0,West Indies,Pakistan,2022-06-10,,6
650d5e49,1315040,10,1,19,1,0,0,0,0,0,13,0,0,0,0,0,0,0,male,West Indies tour of Pakistan,ODI,R Powell,0,West Indies,Pakistan,2022-06-12,,6
650d5e49,1317149,0,0,0,0,0,0,0,0,0,0,0,0,0,0,0,0,0,male,Bangladesh tour of West Indies,T20,R Powell,0,West Indies,Bangladesh,2022-07-02,,6
650d5e49,1317150,61,0,32,2,6,0,0,0,0,11,0,0,0,0,0,0,0,male,Bangladesh tour of West Indies,T20,R Powell,0,West Indies,Bangladesh,2022-07-03,,6
650d5e49,1317151,5,1,10,0,0,0,0,1,0,6,0,0,0,0,0,0,0,male,Bangladesh tour of West Indies,T20,R Powell,0,West Indies,Bangladesh,2022-07-07,,6
650d5e49,1317152,9,1,11,0,0,0,0,0,0,4,0,0,0,0,0,0,0,male,Bangladesh tour of West Indies,ODI,R Powell,lbw,West Indies,Bangladesh,2022-07-10,,6
650d5e49,1317153,13,1,21,2,0,0,0,0,0,14,0,0,0,0,0,0,0,male,Bangladesh tour of West Indies,ODI,R Powell,caught,West Indies,Bangladesh,2022-07-13,,6
650d5e49,1317154,18,1,29,0,1,0,0,0,0,18,0,8,0,0,0,0,6,male,Bangladesh tour of West Indies,ODI,R Powell,bowled,West Indies,Bangladesh,2022-07-16,,6
650d5e49,1317900,6,1,7,1,0,0,0,0,0,4,0,0,0,0,0,0,0,male,India tour of West Indies,ODI,R Powell,0,West Indies,India,2022-07-22,,6
650d5e49,1317901,13,1,12,1,1,0,0,0,0,7,0,0,0,0,0,0,0,male,India tour of West Indies,ODI,R Powell,0,West Indies,India,2022-07-24,,6
650d5e49,1317903,14,1,17,0,1,0,0,0,0,8,0,0,0,0,0,0,0,male,India tour of West Indies,T20,R Powell,0,West Indies,India,2022-07-29,,6
650d5e49,1317904,5,1,8,0,0,1,0,0,0,3,0,0,0,0,0,0,0,male,India tour of West Indies,T20,R Powell,bowled,West Indies,India,2022-08-01,,6
650d5e49,1317905,23,1,14,2,1,0,0,0,0,2,0,0,0,0,0,0,0,male,India tour of West Indies,T20,R Powell,caught,West Indies,India,2022-08-02,,6
650d5e49,1317906,24,1,17,1,2,0,0,0,0,7,0,0,0,0,0,0,0,male,West Indies v India T20I Series,T20,R Powell,caught,West Indies,India,2022-08-06,,6
650d5e49,1317907,9,1,13,1,0,0,0,0,0,8,0,9,0,0,0,0,2,male,West Indies v India T20I Series,T20,R Powell,0,West Indies,India,2022-08-07,,6
650d5e49,1317908,18,1,13,0,2,0,0,0,0,5,0,0,0,0,0,0,0,male,New Zealand tour of West Indies,T20,R Powell,0,West Indies,New Zealand,2022-08-10,,6
650d5e49,1317909,21,1,19,2,1,1,0,0,0,9,0,0,0,0,0,0,0,male,New Zealand tour of West Indies,T20,R Powell,0,West Indies,New Zealand,2022-08-12,,6
650d5e49,1317910,27,0,15,2,2,1,0,0,0,5,0,0,0,0,0,0,0,male,New Zealand tour of West Indies,T20,R Powell,0,West Indies,New Zealand,2022-08-14,,6
650d5e49,1323144,30,0,17,1,3,0,0,0,0,5,0,0,0,0,0,0,0,male,Caribbean Premier League,T20,R Powell,0,Jamaica Tallawahs,St Kitts and Nevis Patriots,2022-08-31,,6
650d5e49,1323147,44,0,40,1,4,0,0,0,0,19,0,0,0,0,0,0,0,male,Caribbean Premier League,T20,R Powell,0,Jamaica Tallawahs,Guyana Amazon Warriors,2022-09-03,,6
650d5e49,1323152,7,1,11,0,1,1,0,0,0,9,0,0,0,0,0,0,0,male,Caribbean Premier League,T20,R Powell,caught,Jamaica Tallawahs,St Lucia Kings,2022-09-07,,6
650d5e49,1323155,67,1,51,6,4,0,0,0,0,26,0,0,0,0,0,0,0,male,Caribbean Premier League,T20,R Powell,0,Jamaica Tallawahs,Trinbago Knight Riders,2022-09-10,,6
650d5e49,1323157,52,1,33,5,3,0,0,0,0,13,0,4,0,0,0,0,1,male,Caribbean Premier League,T20,R Powell,caught,Jamaica Tallawahs,Barbados Royals,2022-09-11,,6
650d5e49,1323160,6,0,6,1,0,0,0,0,0,3,0,13,0,0,0,0,1,male,Caribbean Premier League,T20,R Powell,0,Jamaica Tallawahs,St Kitts and Nevis Patriots,2022-09-14,,6
650d5e49,1323162,12,0,20,0,1,0,0,0,0,13,0,0,0,0,0,0,0,male,Caribbean Premier League,T20,R Powell,0,Jamaica Tallawahs,Barbados Royals,2022-09-15,,6
650d5e49,1323164,1,1,5,0,0,0,0,0,0,4,0,4,0,0,0,0,0,male,Caribbean Premier League,T20,R Powell,0,Jamaica Tallawahs,Trinbago Knight Riders,2022-09-17,,6
650d5e49,1323168,4,1,5,0,0,1,0,0,0,3,0,19,1,1,0,0,7,male,Caribbean Premier League,T20,R Powell,0,Jamaica Tallawahs,Guyana Amazon Warriors,2022-09-21,,6
650d5e49,1323175,7,1,14,1,0,0,0,0,0,10,0,0,0,0,0,0,0,male,Caribbean Premier League,T20,R Powell,0,Jamaica Tallawahs,St Lucia Kings,2022-09-27,,6
650d5e49,1323176,37,1,23,2,3,0,0,0,0,10,0,12,1,0,0,0,4,male,Caribbean Premier League,T20,R Powell,0,Jamaica Tallawahs,Guyana Amazon Warriors,2022-09-28,,6
650d5e49,1323177,14,0,15,0,1,0,0,0,0,6,0,0,0,0,0,0,0,male,Caribbean Premier League,T20,R Powell,0,Jamaica Tallawahs,Barbados Royals,2022-09-30,,6
650d5e49,1317482,7,1,13,0,0,0,0,0,0,7,0,0,0,0,0,0,0,male,West Indies tour of Australia,T20,R Powell,0,West Indies,Australia,2022-10-05,,6
650d5e49,1317483,18,1,18,0,1,1,0,0,0,7,0,0,0,0,0,0,0,male,West Indies tour of Australia,T20,R Powell,0,West Indies,Australia,2022-10-07,,6
650d5e49,1298137,5,1,7,0,0,0,0,0,0,3,0,0,0,0,0,0,0,male,ICC Men's T20 World Cup,T20,R Powell,caught,West Indies,Scotland,2022-10-17,,6
650d5e49,1298142,28,1,22,1,2,1,0,0,0,8,0,0,0,0,0,0,0,male,ICC Men's T20 World Cup,T20,R Powell,0,West Indies,Zimbabwe,2022-10-19,,6
650d5e49,1298145,6,1,10,1,0,0,0,0,0,7,0,0,0,0,0,0,0,male,ICC Men's T20 World Cup,T20,R Powell,caught,West Indies,Ireland,2022-10-21,,6
650d5e49,1346916,48,1,30,3,3,0,0,0,0,11,0,16,2,0,0,0,4,male,International League T20,T20,R Powell,0,Dubai Capitals,Abu Dhabi Knight Riders,2023-01-13,,6
650d5e49,1346920,38,1,25,1,3,0,1,0,0,8,0,18,1,0,0,0,5,male,International League T20,T20,R Powell,0,Dubai Capitals,Gulf Giants,2023-01-16,,6
650d5e49,1346923,0,1,3,0,0,1,0,0,0,3,0,14,1,0,0,0,3,male,International League T20,T20,R Powell,caught and bowled,Dubai Capitals,Gulf Giants,2023-01-19,,6
650d5e49,1346925,44,1,28,5,1,0,0,0,0,8,0,31,0,0,0,0,2,male,International League T20,T20,R Powell,caught and bowled,Dubai Capitals,Sharjah Warriors,2023-01-21,,6
650d5e49,1346928,97,1,46,4,10,0,0,0,0,17,0,28,1,0,0,0,2,male,International League T20,T20,R Powell,caught,Dubai Capitals,MI Emirates,2023-01-22,,6
650d5e49,1346932,5,0,4,1,0,0,0,0,0,2,0,0,0,0,0,0,0,male,International League T20,T20,R Powell,0,Dubai Capitals,Sharjah Warriors,2023-01-26,,6
650d5e49,1346935,34,0,28,1,2,1,0,0,0,8,0,0,0,0,0,0,0,male,International League T20,T20,R Powell,0,Dubai Capitals,Desert Vipers,2023-01-28,,6
650d5e49,1346937,21,0,14,0,2,1,0,0,0,4,0,0,0,0,0,0,0,male,International League T20,T20,R Powell,0,Dubai Capitals,Abu Dhabi Knight Riders,2023-01-30,,6
650d5e49,1346940,33,1,27,3,2,1,0,0,0,13,0,0,0,0,0,0,0,male,International League T20,T20,R Powell,bowled,Dubai Capitals,Desert Vipers,2023-02-02,,6
650d5e49,1346944,0,1,2,0,0,1,0,0,0,2,0,0,0,0,0,0,0,male,International League T20,T20,R Powell,0,Dubai Capitals,MI Emirates,2023-02-05,,6
650d5e49,1346947,30,1,23,0,3,0,0,0,0,9,0,0,0,0,0,0,0,male,International League T20,T20,R Powell,bowled,Dubai Capitals,MI Emirates,2023-02-09,,6
650d5e49,1354928,23,1,12,1,2,0,0,0,0,4,0,0,0,0,0,0,0,male,Pakistan Super League,T20,R Powell,0,Peshawar Zalmi,Multan Sultans,2023-02-17,,6
650d5e49,1354932,36,1,24,3,2,0,0,0,0,8,0,0,0,0,0,0,0,male,Pakistan Super League,T20,R Powell,bowled,Peshawar Zalmi,Quetta Gladiators,2023-02-20,,6
650d5e49,1354935,0,1,2,0,0,0,0,0,0,2,0,0,0,0,0,0,0,male,Pakistan Super League,T20,R Powell,0,Peshawar Zalmi,Islamabad United,2023-02-23,,6
650d5e49,1354938,20,1,15,2,1,0,0,0,0,6,0,37,1,0,0,0,4,male,Pakistan Super League,T20,R Powell,bowled,Peshawar Zalmi,Lahore Qalandars,2023-02-26,,6
650d5e49,1354940,64,1,38,6,4,1,0,0,0,15,0,0,0,0,0,0,0,male,Pakistan Super League,T20,R Powell,0,Peshawar Zalmi,Karachi Kings,2023-03-01,,6
650d5e49,1354946,9,1,5,0,1,2,0,0,0,1,0,0,0,0,0,0,0,male,Pakistan Super League,T20,R Powell,caught,Peshawar Zalmi,Lahore Qalandars,2023-03-07,,6
650d5e49,1354948,35,0,21,3,2,0,0,0,0,7,0,0,0,0,0,0,0,male,Pakistan Super League,T20,R Powell,0,Peshawar Zalmi,Quetta Gladiators,2023-03-08,,6
650d5e49,1354950,2,1,4,0,0,0,0,0,0,2,0,0,0,0,0,0,0,male,Pakistan Super League,T20,R Powell,caught,Peshawar Zalmi,Multan Sultans,2023-03-10,,6
650d5e49,1339602,46,1,53,2,3,1,0,0,0,30,0,0,0,0,0,0,0,male,West Indies tour of South Africa,ODI,R Powell,bowled,West Indies,South Africa,2023-03-18,,6
650d5e49,1339603,2,1,3,0,0,0,0,0,0,1,0,0,0,0,0,0,0,male,West Indies tour of South Africa,ODI,R Powell,stumped,West Indies,South Africa,2023-03-21,,6
650d5e49,1339604,43,0,21,1,5,1,0,0,0,6,0,0,0,0,0,0,0,male,West Indies tour of South Africa,T20,R Powell,0,West Indies,South Africa,2023-03-25,,6
650d5e49,1339605,28,1,20,1,2,0,0,0,0,7,0,27,1,0,0,0,6,male,West Indies tour of South Africa,T20,R Powell,caught,West Indies,South Africa,2023-03-26,,6
650d5e49,1339606,11,1,4,1,1,1,0,0,0,1,0,0,0,0,0,0,0,male,West Indies tour of South Africa,T20,R Powell,bowled,West Indies,South Africa,2023-03-28,,6
650d5e49,1359477,1,1,3,0,0,0,0,0,0,2,0,0,0,0,0,0,0,male,Indian Premier League,T20,R Powell,lbw,Delhi Capitals,Lucknow Super Giants,2023-04-01,,6
650d5e49,1359485,2,1,2,0,0,0,0,0,0,1,0,18,1,1,0,0,6,male,Indian Premier League,T20,R Powell,0,Delhi Capitals,Rajasthan Royals,2023-04-08,,6
650d5e49,1359490,4,1,4,1,0,0,0,0,0,3,0,0,0,0,0,0,0,male,Indian Premier League,T20,R Powell,0,Delhi Capitals,Mumbai Indians,2023-04-11,,6
650d5e49,1377747,0,1,1,0,0,0,0,0,0,1,0,0,0,0,0,0,0,male,ICC Cricket World Cup Qualifier,ODI,R Powell,caught,West Indies,United States of America,2023-06-18,,6
650d5e49,1377754,29,1,17,3,1,0,0,0,0,5,0,0,0,0,0,0,0,male,ICC Cricket World Cup Qualifier,ODI,R Powell,caught,West Indies,Nepal,2023-06-22,,6
650d5e49,1377758,1,1,2,0,0,0,0,0,0,1,0,0,0,0,0,0,0,male,ICC Cricket World Cup Qualifier,ODI,R Powell,0,West Indies,Zimbabwe,2023-06-24,,6
650d5e49,1381214,4,1,4,1,0,1,0,0,0,3,0,0,0,0,0,0,0,male,India tour of West Indies,ODI,R Powell,0,West Indies,India,2023-07-27,,6
650d5e49,1381217,48,1,33,3,3,1,0,0,0,11,0,0,0,0,0,0,0,male,India tour of West Indies and United States of America,T20,R Powell,caught,West Indies,India,2023-08-03,,6
650d5e49,1381218,21,1,20,1,1,0,0,0,0,9,0,0,0,0,0,0,0,male,India tour of West Indies and United States of America,T20,R Powell,0,West Indies,India,2023-08-06,,6
650d5e49,1381219,40,0,22,1,3,0,0,0,0,5,0,10,0,0,0,0,0,male,India tour of West Indies and United States of America,T20,R Powell,0,West Indies,India,2023-08-08,,6
650d5e49,1381220,1,1,3,0,0,0,0,0,0,2,0,13,0,0,0,0,2,male,India tour of West Indies and United States of America,T20,R Powell,0,West Indies,India,2023-08-12,,6
650d5e49,1381221,0,0,0,0,0,0,0,0,0,0,0,0,0,0,0,0,0,male,India tour of West Indies and United States of America,T20,R Powell,0,West Indies,India,2023-08-13,,6
650d5e49,1369559,0,1,3,0,0,0,0,0,0,3,0,0,0,0,0,0,0,male,Caribbean Premier League,T20,R Powell,caught,Barbados Royals,St Lucia Kings,2023-08-17,,6
650d5e49,1369567,67,0,33,5,5,0,0,0,0,8,0,0,0,0,0,0,0,male,Caribbean Premier League,T20,R Powell,0,Barbados Royals,St Kitts and Nevis Patriots,2023-08-26,,6
650d5e49,1369570,10,1,7,0,1,0,0,0,0,3,0,0,0,0,0,0,0,male,Caribbean Premier League,T20,R Powell,caught,Barbados Royals,Trinbago Knight Riders,2023-08-30,,6
650d5e49,1369571,10,0,10,1,0,1,0,0,0,3,0,0,0,0,0,0,0,male,Caribbean Premier League,T20,R Powell,0,Barbados Royals,Jamaica Tallawahs,2023-08-31,,6
650d5e49,1369573,5,1,6,1,0,0,0,0,0,4,0,0,0,0,0,0,0,male,Caribbean Premier League,T20,R Powell,caught,Barbados Royals,St Lucia Kings,2023-09-02,,6
650d5e49,1369575,49,1,28,5,3,1,0,0,0,11,0,0,0,0,0,0,0,male,Caribbean Premier League,T20,R Powell,retired not out,Barbados Royals,St Kitts and Nevis Patriots,2023-09-03,,6
650d5e49,1369577,9,1,11,0,1,0,0,0,0,7,0,0,0,0,0,0,0,male,Caribbean Premier League,T20,R Powell,0,Barbados Royals,Trinbago Knight Riders,2023-09-06,,6
650d5e49,1369580,39,1,21,3,3,0,0,0,0,7,0,0,0,0,0,0,0,male,Caribbean Premier League,T20,R Powell,run out,Barbados Royals,Guyana Amazon Warriors,2023-09-10,,6
650d5e49,1369587,4,1,5,0,0,1,0,0,0,2,0,0,0,0,0,0,0,male,Caribbean Premier League,T20,R Powell,bowled,Barbados Royals,Guyana Amazon Warriors,2023-09-17,,6
650d5e49,1373579,31,0,15,3,2,1,0,0,0,3,0,0,0,0,0,0,0,male,England tour of West Indies,T20,R Powell,0,West Indies,England,2023-12-12,,6
650d5e49,1373580,50,1,30,3,5,2,0,0,0,14,0,0,0,0,0,0,0,male,England tour of West Indies,T20,R Powell,0,West Indies,England,2023-12-14,,6
650d5e49,1373581,39,1,23,2,3,1,0,0,0,8,0,0,0,0,0,0,0,male,England tour of West Indies,T20,R Powell,0,West Indies,England,2023-12-16,,6
650d5e49,1373582,4,1,6,0,0,1,0,0,0,2,0,0,0,0,0,0,0,male,England tour of West Indies,T20,R Powell,bowled,West Indies,England,2023-12-19,,6
650d5e49,1373583,8,1,6,0,1,1,0,1,0,3,0,0,0,0,0,0,0,male,England tour of West Indies,T20,R Powell,0,West Indies,England,2023-12-21,,6
650d5e49,1406890,7,0,9,0,0,1,0,0,0,2,0,0,0,0,0,0,0,male,International League T20,T20,R Powell,0,Dubai Capitals,MI Emirates,2024-01-20,,6
650d5e49,1406893,2,1,4,0,0,0,0,0,0,2,0,0,0,0,0,0,0,male,International League T20,T20,R Powell,0,Dubai Capitals,Sharjah Warriors,2024-01-22,,6
650d5e49,1406896,1,0,5,0,0,0,0,0,0,4,0,0,0,0,0,0,0,male,International League T20,T20,R Powell,0,Dubai Capitals,Abu Dhabi Knight Riders,2024-01-25,,6
650d5e49,1406899,10,1,9,1,0,0,0,0,0,2,0,0,0,0,0,0,0,male,International League T20,T20,R Powell,caught,Dubai Capitals,Gulf Giants,2024-01-27,,6
650d5e49,1406902,10,1,10,1,0,0,0,0,0,4,0,0,0,0,0,0,0,male,International League T20,T20,R Powell,0,Dubai Capitals,Sharjah Warriors,2024-01-29,,6
650d5e49,1406905,40,0,32,3,1,0,0,0,0,8,0,0,0,0,0,0,0,male,International League T20,T20,R Powell,0,Dubai Capitals,Desert Vipers,2024-02-01,,6
650d5e49,1406908,1,1,4,0,0,1,0,0,0,3,0,0,0,0,0,0,0,male,International League T20,T20,R Powell,caught,Dubai Capitals,Abu Dhabi Knight Riders,2024-02-03,,6
650d5e49,1375850,14,1,5,0,2,1,0,0,0,1,0,6,0,0,0,0,1,male,West Indies tour of Australia,T20,R Powell,0,West Indies,Australia,2024-02-09,,6
650d5e49,1375851,63,1,38,5,4,0,0,0,0,14,0,18,0,0,0,0,0,male,West Indies tour of Australia,T20,R Powell,caught,West Indies,Australia,2024-02-11,,6
650d5e49,1375852,21,1,16,3,0,0,0,0,0,7,0,0,0,0,0,0,0,male,West Indies tour of Australia,T20,R Powell,caught,West Indies,Australia,2024-02-13,,6
650d5e49,1406921,0,0,0,0,0,1,0,0,0,0,0,0,0,0,0,0,0,male,International League T20,T20,R Powell,0,Dubai Capitals,Gulf Giants,2024-02-15,,6
650d5e49,1406922,8,1,9,0,0,1,0,0,0,3,0,0,0,0,0,0,0,male,International League T20,T20,R Powell,0,Dubai Capitals,MI Emirates,2024-02-17,,6
650d5e49,1416473,17,1,10,1,1,0,0,0,0,3,0,0,0,0,0,0,0,male,Pakistan Super League,T20,R Powell,caught,Peshawar Zalmi,Quetta Gladiators,2024-02-18,,6
650d5e49,1416477,39,1,26,3,2,1,0,0,0,9,0,0,0,0,0,0,0,male,Pakistan Super League,T20,R Powell,0,Peshawar Zalmi,Karachi Kings,2024-02-21,,6
650d5e49,1416480,23,1,13,3,1,0,0,0,0,4,0,0,0,0,0,0,0,male,Pakistan Super League,T20,R Powell,0,Peshawar Zalmi,Multan Sultans,2024-02-23,,6
650d5e49,1416483,46,1,21,5,2,0,0,0,0,5,0,0,0,0,0,0,0,male,Pakistan Super League,T20,R Powell,caught,Peshawar Zalmi,Lahore Qalandars,2024-02-25,,6
650d5e49,1416484,8,1,8,1,0,1,0,0,0,4,0,0,0,0,0,0,0,male,Pakistan Super League,T20,R Powell,0,Peshawar Zalmi,Islamabad United,2024-02-26,,6
650d5e49,1416491,0,1,3,0,0,0,0,0,0,3,0,0,0,0,0,0,0,male,Pakistan Super League,T20,R Powell,0,Peshawar Zalmi,Islamabad United,2024-03-04,,6
650d5e49,1416492,23,0,15,1,2,0,0,0,0,6,0,0,0,0,0,0,0,male,Pakistan Super League,T20,R Powell,0,Peshawar Zalmi,Multan Sultans,2024-03-05,,6
650d5e49,1416496,28,0,29,4,0,1,0,0,0,15,0,0,0,0,0,0,0,male,Pakistan Super League,T20,R Powell,0,Peshawar Zalmi,Quetta Gladiators,2024-03-08,,6
650d5e49,1416500,30,1,18,4,0,1,0,0,0,4,0,0,0,0,0,0,0,male,Pakistan Super League,T20,R Powell,0,Peshawar Zalmi,Karachi Kings,2024-03-11,,6
650d5e49,1416502,12,1,12,1,0,0,0,0,0,3,0,0,0,0,0,0,0,male,Pakistan Super League,T20,R Powell,caught,Peshawar Zalmi,Multan Sultans,2024-03-14,,6
650d5e49,1416504,2,1,7,0,0,0,0,0,0,6,0,0,0,0,0,0,0,male,Pakistan Super League,T20,R Powell,caught,Peshawar Zalmi,Islamabad United,2024-03-16,,6
650d5e49,1426265,11,1,5,2,0,0,0,0,0,1,0,0,0,0,0,0,0,male,Indian Premier League,T20,R Powell,caught,Rajasthan Royals,Punjab Kings,2024-04-13,,6
650d5e49,1426269,26,1,13,1,3,0,0,0,0,5,0,0,0,0,0,0,0,male,Indian Premier League,T20,R Powell,0,Rajasthan Royals,Kolkata Knight Riders,2024-04-16,,6
650d5e49,1426276,0,0,0,0,0,2,0,0,0,0,0,0,0,0,0,0,0,male,Indian Premier League,T20,R Powell,0,Rajasthan Royals,Mumbai Indians,2024-04-22,,6
650d5e49,1426282,0,0,0,0,0,1,0,0,0,0,0,0,0,0,0,0,0,male,Indian Premier League,T20,R Powell,0,Rajasthan Royals,Lucknow Super Giants,2024-04-27,,6
650d5e49,1426288,27,1,18,3,1,0,0,0,0,9,0,0,0,0,0,0,0,male,Indian Premier League,T20,R Powell,lbw,Rajasthan Royals,Sunrisers Hyderabad,2024-05-02,,6
650d5e49,1426294,13,1,10,1,1,0,0,0,0,5,0,0,0,0,0,0,0,male,Indian Premier League,T20,R Powell,0,Rajasthan Royals,Delhi Capitals,2024-05-07,,6
650d5e49,1426303,4,1,5,1,0,0,0,0,0,4,0,0,0,0,0,0,0,male,Indian Premier League,T20,R Powell,caught and bowled,Rajasthan Royals,Punjab Kings,2024-05-15,,6
650d5e49,1426310,16,0,8,2,1,4,0,0,0,3,0,0,0,0,0,0,0,male,Indian Premier League,T20,R Powell,0,Rajasthan Royals,Royal Challengers Bengaluru,2024-05-22,,6
650d5e49,1426311,6,1,12,0,0,0,0,0,0,6,0,0,0,0,0,0,0,male,Indian Premier League,T20,R Powell,caught,Rajasthan Royals,Sunrisers Hyderabad,2024-05-24,,6
650d5e49,1415702,15,1,14,2,0,1,0,0,0,6,0,0,0,0,0,0,0,male,ICC Men's T20 World Cup,T20,R Powell,0,West Indies,Papua New Guinea,2024-06-02,,6
650d5e49,1415718,23,1,19,1,1,0,0,0,0,7,0,0,0,0,0,0,0,male,ICC Men's T20 World Cup,T20,R Powell,0,West Indies,Uganda,2024-06-08,,6
650d5e49,1415726,1,1,5,0,0,1,0,0,0,4,0,0,0,0,0,0,0,male,ICC Men's T20 World Cup,T20,R Powell,caught,West Indies,New Zealand,2024-06-12,,6
650d5e49,1415740,26,1,15,1,2,2,0,0,0,3,0,0,0,0,0,0,0,male,ICC Men's T20 World Cup,T20,R Powell,caught,West Indies,Afghanistan,2024-06-17,,6
650d5e49,1415742,36,1,17,0,5,0,0,0,0,7,0,0,0,0,0,0,0,male,ICC Men's T20 World Cup,T20,R Powell,caught,West Indies,England,2024-06-19,,6
650d5e49,1415746,0,0,0,0,0,1,0,0,0,0,0,0,0,0,0,0,0,male,ICC Men's T20 World Cup,T20,R Powell,0,West Indies,United States of America,2024-06-21,,6
650d5e49,1415750,1,1,2,0,0,0,0,0,0,1,0,0,0,0,0,0,0,male,ICC Men's T20 World Cup,T20,R Powell,0,West Indies,South Africa,2024-06-23,,6
650d5e49,1417793,12,1,10,0,1,0,0,0,0,3,0,0,0,0,0,0,0,male,The Hundred Men's Competition,T20,R Powell,0,Trent Rockets,Northern Superchargers,2024-07-26,,5
650d5e49,1417796,27,1,18,2,2,0,0,0,0,7,0,0,0,0,0,0,0,male,The Hundred Men's Competition,T20,R Powell,caught,Trent Rockets,Manchester Originals,2024-07-29,,5
650d5e49,1417798,21,1,13,2,1,0,0,0,0,3,0,0,0,0,0,0,0,male,The Hundred Men's Competition,T20,R Powell,0,Trent Rockets,Birmingham Phoenix,2024-07-31,,5
650d5e49,1417803,14,1,13,1,1,1,0,0,0,7,0,0,0,0,0,0,0,male,The Hundred Men's Competition,T20,R Powell,0,Trent Rockets,Welsh Fire,2024-08-03,,5
650d5e49,1417809,13,0,8,1,1,1,0,0,0,3,0,0,0,0,0,0,0,male,The Hundred Men's Competition,T20,R Powell,0,Trent Rockets,London Spirit,2024-08-07,,5
650d5e49,1417813,16,1,15,2,0,0,0,0,0,6,0,0,0,0,0,0,0,male,The Hundred Men's Competition,T20,R Powell,0,Trent Rockets,Southern Brave,2024-08-10,,5
650d5e49,1417817,1,1,4,0,0,0,0,0,0,3,0,0,0,0,0,0,0,male,The Hundred Men's Competition,T20,R Powell,lbw,Trent Rockets,Birmingham Phoenix,2024-08-12,,5
650d5e49,1417820,45,1,29,2,4,0,0,0,0,11,0,0,0,0,0,0,0,male,The Hundred Men's Competition,T20,R Powell,caught,Trent Rockets,Oval Invincibles,2024-08-14,,5
650d5e49,1433367,7,1,15,0,0,1,0,0,0,8,0,0,0,0,0,0,0,male,South Africa tour of West Indies,T20,R Powell,0,West Indies,South Africa,2024-08-23,,6
650d5e49,1433368,35,1,24,1,3,0,0,0,0,9,0,0,0,0,0,0,0,male,South Africa tour of West Indies,T20,R Powell,caught,West Indies,South Africa,2024-08-25,,6
650d5e49,1428681,0,0,0,0,0,1,0,0,0,0,0,0,0,0,0,0,0,male,Caribbean Premier League,T20,R Powell,0,Barbados Royals,Antigua and Barbuda Falcons,2024-09-01,,6
650d5e49,1428686,19,1,19,1,1,0,0,0,0,8,0,0,0,0,0,0,0,male,Caribbean Premier League,T20,R Powell,bowled,Barbados Royals,St Kitts and Nevis Patriots,2024-09-06,,6
650d5e49,1428690,15,0,13,0,1,0,0,0,0,3,0,0,0,0,0,0,0,male,Caribbean Premier League,T20,R Powell,0,Barbados Royals,Antigua and Barbuda Falcons,2024-09-11,,6
650d5e49,1428692,59,0,38,2,5,2,0,0,0,13,0,0,0,0,0,0,0,male,Caribbean Premier League,T20,R Powell,0,Barbados Royals,Trinbago Knight Riders,2024-09-13,,6
650d5e49,1428693,7,1,8,1,0,1,0,0,0,4,0,0,0,0,0,0,0,male,Caribbean Premier League,T20,R Powell,caught,Barbados Royals,Guyana Amazon Warriors,2024-09-14,,6
650d5e49,1428695,0,0,0,0,0,3,0,0,0,0,0,0,0,0,0,0,0,male,Caribbean Premier League,T20,R Powell,0,Barbados Royals,St Kitts and Nevis Patriots,2024-09-17,,6
650d5e49,1428699,1,1,7,0,0,0,0,0,0,6,0,0,0,0,0,0,0,male,Caribbean Premier League,T20,R Powell,0,Barbados Royals,St Lucia Kings,2024-09-21,,6
650d5e49,1428701,8,1,8,0,1,0,0,0,0,6,0,0,0,0,0,0,0,male,Caribbean Premier League,T20,R Powell,0,Barbados Royals,St Lucia Kings,2024-09-22,,6
650d5e49,1428704,10,1,10,2,0,4,0,1,0,6,0,25,0,0,0,0,2,male,Caribbean Premier League,T20,R Powell,0,Barbados Royals,Guyana Amazon Warriors,2024-09-25,,6
650d5e49,1428705,18,1,24,0,2,0,0,0,0,16,0,15,0,0,0,0,2,male,Caribbean Premier League,T20,R Powell,caught,Barbados Royals,Trinbago Knight Riders,2024-09-27,,6
650d5e49,1428708,9,0,8,0,1,0,0,0,0,4,0,0,0,0,0,0,0,male,Caribbean Premier League,T20,R Powell,0,Barbados Royals,Trinbago Knight Riders,2024-10-01,,6
650d5e49,1428710,12,1,8,1,1,0,0,0,0,4,0,0,0,0,0,0,0,male,Caribbean Premier League,T20,R Powell,0,Barbados Royals,Guyana Amazon Warriors,2024-10-04,,6
650d5e49,1451814,13,1,20,1,0,0,0,0,0,11,0,0,0,0,0,0,0,male,West Indies tour of Sri Lanka,T20,R Powell,0,West Indies,Sri Lanka,2024-10-13,,6
650d5e49,1451815,20,1,17,1,1,1,0,0,0,6,0,0,0,0,0,0,0,male,West Indies tour of Sri Lanka,T20,R Powell,0,West Indies,Sri Lanka,2024-10-15,,6
650d5e49,1451816,37,1,28,1,3,0,0,0,0,11,0,0,0,0,0,0,0,male,West Indies tour of Sri Lanka,T20,R Powell,0,West Indies,Sri Lanka,2024-10-17,,6
650d5e49,1433373,18,1,10,1,2,0,0,0,0,5,0,0,0,0,0,0,0,male,England tour of West Indies,T20,R Powell,caught,West Indies,England,2024-11-09,,6
650d5e49,1433374,43,1,42,2,2,1,0,0,0,20,0,0,0,0,0,0,0,male,England tour of West Indies,T20,R Powell,bowled,West Indies,England,2024-11-10,,6
