player_id,match_id,runs_scored,player_out,balls_faced,fours_scored,sixes_scored,catches_taken,run_out_direct,run_out_throw,stumpings_done,dot_balls_as_batsman,order_seenballs_bowled,runs_conceded,wickets_taken,bowled_done,lbw_done,maidens,dot_balls_as_bowler,gender,series_name,match_type,name,out_kind,player_team,opposition_team,start_date,end_date,balls_per_over
d68e7f48,64848,1,1,11,0,0,0,0,0,0,10,0,48,0,0,0,2,46,male,West Indies tour of Zimbabwe,ODI,R Rampaul,caught,West Indies,Zimbabwe,2003-11-23,,6
d68e7f48,64851,0,0,0,0,0,0,0,0,0,0,0,36,0,0,0,0,24,male,West Indies tour of Zimbabwe,ODI,R Rampaul,0,West Indies,Zimbabwe,2003-11-29,,6
d68e7f48,64852,0,0,0,0,0,0,0,0,0,0,0,17,0,0,0,2,33,male,West Indies tour of Zimbabwe,ODI,R Rampaul,0,West Indies,Zimbabwe,2003-11-30,,6
d68e7f48,64864,0,0,0,0,0,0,0,0,0,0,0,0,0,0,0,0,0,male,West Indies tour of South Africa,ODI,R Rampaul,0,West Indies,South Africa,2004-01-30,,6
d68e7f48,64865,0,0,0,0,0,0,0,0,0,0,0,49,1,0,0,0,31,male,West Indies tour of South Africa,ODI,R Rampaul,0,West Indies,South Africa,2004-02-01,,6
d68e7f48,64889,0,0,0,0,0,0,0,0,0,0,0,0,0,0,0,0,0,male,England tour of West Indies,ODI,R Rampaul,0,West Indies,England,2004-04-24,,6
d68e7f48,64894,0,0,0,0,0,0,0,0,0,0,0,55,1,1,0,0,25,male,England tour of West Indies,ODI,R Rampaul,0,West Indies,England,2004-05-02,,6
d68e7f48,64898,0,0,0,0,0,0,0,0,0,0,0,25,1,0,0,0,19,male,Bangladesh tour of West Indies,ODI,R Rampaul,0,West Indies,Bangladesh,2004-05-19,,6
d68e7f48,66304,0,0,0,0,0,0,0,0,0,0,0,34,2,1,0,0,27,male,NatWest Series,ODI,R Rampaul,0,West Indies,England,2004-06-27,,6
d68e7f48,66306,10,1,17,1,0,0,0,0,0,10,0,29,0,0,0,0,15,male,NatWest Series,ODI,R Rampaul,caught,West Indies,England,2004-07-01,,6
d68e7f48,258463,0,0,0,0,0,0,0,0,0,0,0,27,0,0,0,0,11,male,West Indies in England T20I Series,T20,R Rampaul,0,West Indies,England,2007-06-28,,6
d68e7f48,258463,0,0,1,0,0,0,0,0,0,1,0,0,0,0,0,0,0,male,West Indies in England T20I Series,T20,R Rampaul,0,West Indies,England,2007-06-28,,6
d68e7f48,258464,0,0,0,0,0,0,0,0,0,0,0,39,2,1,0,0,11,male,West Indies in England T20I Series,T20,R Rampaul,0,West Indies,England,2007-06-29,,6
d68e7f48,258465,24,1,44,3,0,0,0,0,0,30,0,38,1,0,1,1,38,male,NatWest Series,ODI,R Rampaul,caught,West Indies,England,2007-07-01,,6
d68e7f48,258466,0,0,0,0,0,0,0,0,0,0,0,43,4,1,1,0,44,male,NatWest Series,ODI,R Rampaul,0,West Indies,England,2007-07-04,,6
d68e7f48,258467,0,0,0,0,0,0,0,0,0,0,0,25,1,0,1,1,38,male,NatWest Series,ODI,R Rampaul,0,West Indies,England,2007-07-07,,6
d68e7f48,295788,0,0,0,0,0,0,0,0,0,0,0,31,1,1,0,0,27,male,Quadrangular Series (Ireland),ODI,R Rampaul,0,West Indies,Ireland,2007-07-14,,6
d68e7f48,287853,0,0,0,0,0,0,0,0,0,0,0,53,1,0,0,0,9,male,ICC World Twenty20,T20,R Rampaul,0,West Indies,South Africa,2007-09-11,,6
d68e7f48,287857,0,0,0,0,0,0,0,0,0,0,0,36,2,0,0,0,14,male,ICC World Twenty20,T20,R Rampaul,0,West Indies,Bangladesh,2007-09-13,,6
d68e7f48,317578,0,1,1,0,0,1,0,0,0,1,0,29,0,0,0,1,32,male,West Indies in Zimbabwe ODI Series,ODI,R Rampaul,caught,West Indies,Zimbabwe,2007-11-30,,6
d68e7f48,317579,26,1,12,1,3,0,0,0,0,4,0,27,1,0,0,2,42,male,West Indies in Zimbabwe ODI Series,ODI,R Rampaul,0,West Indies,Zimbabwe,2007-12-02,,6
d68e7f48,317581,0,0,0,0,0,0,0,0,0,0,0,16,0,0,0,1,31,male,West Indies in Zimbabwe ODI Series,ODI,R Rampaul,0,West Indies,Zimbabwe,2007-12-07,,6
d68e7f48,298804,0,0,0,0,0,0,0,0,0,0,0,27,0,0,0,0,11,male,West Indies in South Africa T20I Series,T20,R Rampaul,0,West Indies,South Africa,2008-01-18,,6
d68e7f48,298805,2,1,5,0,0,0,0,0,0,3,0,34,1,0,0,0,22,male,West Indies in South Africa ODI Series,ODI,R Rampaul,0,West Indies,South Africa,2008-01-20,,6
d68e7f48,298806,1,1,8,0,0,0,0,0,0,7,0,33,0,0,0,0,6,male,West Indies in South Africa ODI Series,ODI,R Rampaul,caught,West Indies,South Africa,2008-01-25,,6
d68e7f48,298809,0,0,0,0,0,0,0,0,0,0,0,39,0,0,0,1,26,male,West Indies in South Africa ODI Series,ODI,R Rampaul,0,West Indies,South Africa,2008-02-03,,6
d68e7f48,352669,0,1,1,0,0,0,0,0,0,1,0,19,1,0,0,0,16,male,England in West Indies ODI Series,ODI,R Rampaul,lbw,West Indies,England,2009-04-03,,6
d68e7f48,380715,7,1,9,1,0,0,0,0,0,6,0,31,0,0,0,0,27,male,NatWest Series,ODI,R Rampaul,0,West Indies,England,2009-05-24,,6
d68e7f48,380716,16,1,10,1,1,1,0,0,0,3,0,29,0,0,0,0,16,male,NatWest Series,ODI,R Rampaul,bowled,West Indies,England,2009-05-26,,6
d68e7f48,377314,0,0,0,0,0,0,0,0,0,0,0,37,4,0,0,2,46,male,India in West Indies ODI Series,ODI,R Rampaul,0,West Indies,India,2009-06-28,,6
d68e7f48,377315,0,0,0,0,0,0,1,0,0,0,0,29,0,0,0,0,11,male,India in West Indies ODI Series,ODI,R Rampaul,0,West Indies,India,2009-07-03,,6
d68e7f48,377316,0,0,0,0,0,0,0,0,0,0,0,0,0,0,0,0,0,male,India in West Indies ODI Series,ODI,R Rampaul,0,West Indies,India,2009-07-05,,6
d68e7f48,406189,1,1,4,0,0,0,0,0,0,3,0,112,1,0,0,4,124,male,The Frank Worrell Trophy,Test,R Rampaul,0,West Indies,Australia,2009-11-26,2009-11-27,6
d68e7f48,406190,54,1,87,8,2,0,0,0,0,71,0,75,1,1,0,3,107,male,The Frank Worrell Trophy,Test,R Rampaul,bowled,West Indies,Australia,2009-12-04,2009-12-05,6
d68e7f48,406191,10,2,16,2,0,0,0,0,0,13,0,106,2,1,0,7,130,male,The Frank Worrell Trophy,Test,R Rampaul,caught,West Indies,Australia,2009-12-16,2009-12-17,6
d68e7f48,406192,3,1,10,0,0,0,0,0,0,7,0,47,2,1,0,0,24,male,West Indies in Australia ODI Series,ODI,R Rampaul,0,West Indies,Australia,2010-02-07,,6
d68e7f48,406193,18,1,23,3,0,0,0,0,0,16,0,36,0,0,0,0,22,male,West Indies in Australia ODI Series,ODI,R Rampaul,run out,West Indies,Australia,2010-02-09,,6
d68e7f48,406194,0,0,0,0,0,0,0,0,0,0,0,63,4,2,0,0,33,male,West Indies in Australia ODI Series,ODI,R Rampaul,0,West Indies,Australia,2010-02-12,,6
d68e7f48,406195,0,0,0,0,0,1,0,0,0,0,0,73,1,0,0,0,24,male,West Indies in Australia ODI Series,ODI,R Rampaul,0,West Indies,Australia,2010-02-14,,6
d68e7f48,406196,4,1,7,0,0,0,0,0,0,4,0,69,2,0,0,0,25,male,West Indies in Australia ODI Series,ODI,R Rampaul,stumped,West Indies,Australia,2010-02-19,,6
d68e7f48,439139,3,0,10,0,0,0,0,0,0,7,0,34,1,1,0,0,17,male,,T20,R Rampaul,0,West Indies,Zimbabwe,2010-02-28,,6
d68e7f48,439142,14,1,6,1,1,0,0,0,0,2,0,24,0,0,0,0,14,male,Zimbabwe in West Indies ODI Series,ODI,R Rampaul,run out,West Indies,Zimbabwe,2010-03-10,,6
d68e7f48,439143,0,0,0,0,0,0,0,0,0,0,0,24,2,1,0,1,37,male,Zimbabwe in West Indies ODI Series,ODI,R Rampaul,0,West Indies,Zimbabwe,2010-03-12,,6
d68e7f48,439144,0,0,0,0,0,0,0,1,0,0,0,28,2,0,0,1,46,male,Zimbabwe in West Indies ODI Series,ODI,R Rampaul,0,West Indies,Zimbabwe,2010-03-14,,6
d68e7f48,412677,8,1,8,0,0,0,0,0,0,4,0,18,3,0,0,0,13,male,ICC World Twenty20,T20,R Rampaul,0,West Indies,Ireland,2010-04-30,,6
d68e7f48,412685,0,0,0,0,0,0,0,0,0,0,0,52,0,0,0,0,6,male,ICC World Twenty20,T20,R Rampaul,0,West Indies,England,2010-05-03,,6
d68e7f48,439147,3,1,8,0,0,1,0,0,0,5,0,46,2,2,0,1,35,male,South Africa in West Indies ODI Series,ODI,R Rampaul,caught,West Indies,South Africa,2010-05-22,,6
d68e7f48,439148,5,0,8,0,0,0,0,0,0,4,0,59,0,0,0,0,22,male,South Africa in West Indies ODI Series,ODI,R Rampaul,0,West Indies,South Africa,2010-05-24,,6
d68e7f48,439149,7,1,11,1,0,0,0,0,0,7,0,46,1,1,0,0,30,male,South Africa in West Indies ODI Series,ODI,R Rampaul,0,West Indies,South Africa,2010-05-28,,6
d68e7f48,439150,0,0,0,0,0,0,0,0,0,0,0,59,0,0,0,0,18,male,South Africa in West Indies ODI Series,ODI,R Rampaul,0,West Indies,South Africa,2010-05-30,,6
d68e7f48,439152,18,1,29,2,0,0,0,0,0,22,0,80,0,0,0,5,115,male,South Africa in West Indies Test Series,Test,R Rampaul,0,West Indies,South Africa,2010-06-10,2010-06-11,6
d68e7f48,439153,31,1,54,3,0,1,0,0,0,36,0,73,0,0,0,3,82,male,South Africa in West Indies Test Series,Test,R Rampaul,caught,West Indies,South Africa,2010-06-18,2010-06-19,6
d68e7f48,464990,0,0,0,0,0,0,0,0,0,0,0,0,0,0,0,0,0,male,West Indies in Sri Lanka ODI Series,ODI,R Rampaul,0,West Indies,Sri Lanka,2011-01-31,,6
d68e7f48,464991,1,1,10,0,0,0,0,0,0,9,0,27,1,0,0,0,30,male,West Indies in Sri Lanka ODI Series,ODI,R Rampaul,0,West Indies,Sri Lanka,2011-02-03,,6
d68e7f48,464992,0,0,0,0,0,0,0,0,0,0,0,50,1,0,0,0,12,male,West Indies in Sri Lanka ODI Series,ODI,R Rampaul,0,West Indies,Sri Lanka,2011-02-06,,6
d68e7f48,433599,1,1,4,0,0,1,0,0,0,3,0,51,5,3,0,0,30,male,ICC Cricket World Cup,ODI,R Rampaul,bowled,West Indies,India,2011-03-20,,6
d68e7f48,433600,0,1,5,0,0,0,0,0,0,5,0,32,0,0,0,1,22,male,ICC Cricket World Cup,ODI,R Rampaul,bowled,West Indies,Pakistan,2011-03-23,,6
d68e7f48,489212,0,0,0,0,0,0,0,0,0,0,0,31,3,0,0,0,12,male,,T20,R Rampaul,0,West Indies,Pakistan,2011-04-21,,6
d68e7f48,489215,9,0,14,1,0,0,0,0,0,9,0,32,4,0,0,0,34,male,Pakistan in West Indies ODI Series,ODI,R Rampaul,0,West Indies,Pakistan,2011-04-28,,6
d68e7f48,489216,0,0,0,0,0,1,0,0,0,0,0,37,0,0,0,2,37,male,Pakistan in West Indies ODI Series,ODI,R Rampaul,0,West Indies,Pakistan,2011-05-02,,6
d68e7f48,489217,0,0,0,0,0,0,0,0,0,0,0,45,4,1,0,1,40,male,Pakistan in West Indies ODI Series,ODI,R Rampaul,0,West Indies,Pakistan,2011-05-05,,6
d68e7f48,489218,16,2,40,2,0,0,0,0,0,32,0,78,7,2,2,10,185,male,Pakistan in West Indies Test Series,Test,R Rampaul,caught,West Indies,Pakistan,2011-05-12,2011-05-13,6
d68e7f48,489219,52,1,99,2,4,1,0,0,0,78,0,156,4,0,0,10,228,male,Pakistan in West Indies Test Series,Test,R Rampaul,0,West Indies,Pakistan,2011-05-20,2011-05-21,6
d68e7f48,489220,0,0,0,0,0,0,0,0,0,0,0,39,0,0,0,0,13,male,,T20,R Rampaul,0,West Indies,India,2011-06-04,,6
d68e7f48,489221,9,0,8,1,0,0,0,0,0,3,0,59,2,0,0,0,33,male,India in West Indies ODI Series,ODI,R Rampaul,0,West Indies,India,2011-06-06,,6
d68e7f48,489222,14,1,16,3,0,0,0,0,0,11,0,32,1,0,0,0,28,male,India in West Indies ODI Series,ODI,R Rampaul,0,West Indies,India,2011-06-08,,6
d68e7f48,489226,48,1,51,8,1,0,0,0,0,32,0,113,4,1,1,6,191,male,India in West Indies Test Series,Test,R Rampaul,0,West Indies,India,2011-06-20,2011-06-21,6
d68e7f48,489227,0,1,7,0,0,0,0,0,0,7,0,114,4,0,0,11,210,male,India in West Indies Test Series,Test,R Rampaul,0,West Indies,India,2011-06-28,2011-06-29,6
d68e7f48,489228,1,0,25,0,0,0,0,0,0,24,0,31,2,0,0,2,47,male,India in West Indies Test Series,Test,R Rampaul,0,West Indies,India,2011-07-06,2011-07-07,6
d68e7f48,531982,0,0,0,0,0,0,0,0,0,0,0,28,2,0,0,0,11,male,,T20,R Rampaul,0,West Indies,Bangladesh,2011-10-11,,6
d68e7f48,531983,0,0,0,0,0,0,0,0,0,0,0,40,2,0,0,0,36,male,West Indies in Bangladesh ODI Series,ODI,R Rampaul,0,West Indies,Bangladesh,2011-10-13,,6
d68e7f48,531984,0,0,0,0,0,0,0,0,0,0,0,27,2,0,0,0,39,male,West Indies in Bangladesh ODI Series,ODI,R Rampaul,0,West Indies,Bangladesh,2011-10-15,,6
d68e7f48,531986,8,1,18,0,1,0,0,0,0,15,0,72,2,0,0,8,166,male,West Indies in Bangladesh Test Series,Test,R Rampaul,0,West Indies,Bangladesh,2011-10-21,2011-10-22,6
d68e7f48,535997,30,2,52,4,1,0,0,0,0,40,0,79,2,1,0,2,106,male,West Indies in India Test Series,Test,R Rampaul,0,West Indies,India,2011-11-06,2011-11-07,6
d68e7f48,535999,10,2,28,2,0,0,0,0,0,24,0,151,6,1,0,4,161,male,West Indies in India Test Series,Test,R Rampaul,0,West Indies,India,2011-11-22,2011-11-23,6
d68e7f48,536930,86,0,66,6,6,0,0,0,0,32,0,63,2,0,0,0,29,male,West Indies in India ODI Series,ODI,R Rampaul,0,West Indies,India,2011-12-02,,6
d68e7f48,536931,0,0,0,0,0,0,0,0,0,0,0,58,4,0,2,1,31,male,West Indies in India ODI Series,ODI,R Rampaul,0,West Indies,India,2011-12-05,,6
d68e7f48,536932,10,1,31,1,0,1,0,0,0,24,0,66,0,0,0,0,23,male,West Indies in India ODI Series,ODI,R Rampaul,caught,West Indies,India,2011-12-08,,6
d68e7f48,540178,42,2,60,6,1,0,0,0,0,42,0,106,1,0,1,7,147,male,The Frank Worrell Trophy,Test,R Rampaul,0,West Indies,Australia,2012-04-23,2012-04-24,6
d68e7f48,534206,6,1,12,1,0,0,0,0,0,10,0,93,3,0,2,9,187,male,The Wisden Trophy,Test,R Rampaul,caught,West Indies,England,2012-05-25,2012-05-26,6
d68e7f48,534207,2,1,12,0,0,0,0,0,0,11,0,59,1,0,1,1,61,male,The Wisden Trophy,Test,R Rampaul,0,West Indies,England,2012-06-07,2012-06-08,6
d68e7f48,534209,9,1,10,1,0,0,0,0,0,6,0,68,1,0,0,0,30,male,NatWest Series,ODI,R Rampaul,0,West Indies,England,2012-06-16,,6
d68e7f48,534210,1,0,1,0,0,0,0,0,0,0,0,32,0,0,0,0,25,male,NatWest Series,ODI,R Rampaul,0,West Indies,England,2012-06-19,,6
d68e7f48,534208,0,0,0,0,0,0,0,0,0,0,0,37,2,1,0,0,10,male,,T20,R Rampaul,0,West Indies,England,2012-06-24,,6
d68e7f48,560923,0,0,0,0,0,0,0,0,0,0,0,43,2,1,1,0,34,male,New Zealand in West Indies ODI Series,ODI,R Rampaul,0,West Indies,New Zealand,2012-07-05,,6
d68e7f48,560924,0,0,0,0,0,0,0,0,0,0,0,54,3,1,1,0,30,male,New Zealand in West Indies ODI Series,ODI,R Rampaul,0,West Indies,New Zealand,2012-07-07,,6
d68e7f48,560925,9,1,11,2,0,0,0,0,0,8,0,62,0,0,0,0,31,male,New Zealand in West Indies ODI Series,ODI,R Rampaul,0,West Indies,New Zealand,2012-07-11,,6
d68e7f48,560929,1,1,18,0,0,0,0,0,0,17,0,102,4,0,0,12,201,male,New Zealand in West Indies Test Series,Test,R Rampaul,0,West Indies,New Zealand,2012-07-25,2012-07-26,6
d68e7f48,533279,0,0,0,0,0,0,0,0,0,0,0,23,0,0,0,0,2,male,ICC World Twenty20,T20,R Rampaul,0,West Indies,Australia,2012-09-22,,6
d68e7f48,533282,0,0,0,0,0,0,0,0,0,0,0,20,1,1,0,0,11,male,ICC World Twenty20,T20,R Rampaul,0,West Indies,Ireland,2012-09-24,,6
d68e7f48,533285,0,0,0,0,0,0,0,0,0,0,0,37,2,0,0,1,11,male,ICC World Twenty20,T20,R Rampaul,0,West Indies,England,2012-09-27,,6
d68e7f48,533289,0,0,0,0,0,0,0,0,0,0,0,40,1,0,0,0,15,male,ICC World Twenty20,T20,R Rampaul,0,West Indies,Sri Lanka,2012-09-29,,6
d68e7f48,533292,1,0,3,0,0,0,0,0,0,2,0,23,1,0,1,0,9,male,ICC World Twenty20,T20,R Rampaul,0,West Indies,New Zealand,2012-10-01,,6
d68e7f48,533297,0,0,0,0,0,0,0,0,0,0,0,17,3,1,0,0,12,male,ICC World Twenty20,T20,R Rampaul,0,West Indies,Australia,2012-10-05,,6
d68e7f48,533298,0,0,0,0,0,0,0,0,0,0,0,31,1,1,0,0,6,male,ICC World Twenty20,T20,R Rampaul,0,West Indies,Sri Lanka,2012-10-07,,6
d68e7f48,587469,5,1,17,0,0,0,0,0,0,13,0,155,5,0,0,3,192,male,West Indies in Bangladesh Test Series,Test,R Rampaul,0,West Indies,Bangladesh,2012-11-13,2012-11-14,6
d68e7f48,587471,25,1,36,3,1,0,0,0,0,26,0,42,0,0,0,0,25,male,West Indies in Bangladesh ODI Series,ODI,R Rampaul,0,West Indies,Bangladesh,2012-11-30,,6
d68e7f48,587472,0,0,0,0,0,0,0,0,0,0,0,50,5,0,0,1,44,male,West Indies in Bangladesh ODI Series,ODI,R Rampaul,0,West Indies,Bangladesh,2012-12-02,,6
d68e7f48,587473,0,0,0,0,0,0,0,0,0,0,0,19,0,0,0,0,17,male,West Indies in Bangladesh ODI Series,ODI,R Rampaul,0,West Indies,Bangladesh,2012-12-05,,6
d68e7f48,598012,0,1,6,0,0,0,0,0,0,6,0,31,3,0,1,0,14,male,Indian Premier League,T20,R Rampaul,caught,Royal Challengers Bangalore,Chennai Super Kings,2013-04-13,,6
d68e7f48,598017,12,0,7,0,1,0,0,0,0,2,0,40,2,1,0,0,15,male,Indian Premier League,T20,R Rampaul,0,Royal Challengers Bangalore,Delhi Daredevils,2013-04-16,,6
d68e7f48,598023,0,0,0,0,0,3,0,0,0,0,0,19,2,0,0,1,15,male,Indian Premier League,T20,R Rampaul,0,Royal Challengers Bangalore,Rajasthan Royals,2013-04-20,,6
d68e7f48,598027,0,1,1,0,0,0,0,0,0,1,0,21,2,0,0,0,15,male,Indian Premier League,T20,R Rampaul,0,Royal Challengers Bangalore,Pune Warriors,2013-04-23,,6
d68e7f48,598033,23,0,18,3,0,1,0,0,0,6,0,35,1,0,0,0,10,male,Indian Premier League,T20,R Rampaul,0,Royal Challengers Bangalore,Mumbai Indians,2013-04-27,,6
d68e7f48,598036,3,1,4,0,0,0,0,0,0,2,0,30,2,0,0,1,14,male,Indian Premier League,T20,R Rampaul,caught,Royal Challengers Bangalore,Rajasthan Royals,2013-04-29,,6
d68e7f48,598064,0,0,0,0,0,0,0,0,0,0,0,28,1,0,0,0,11,male,Indian Premier League,T20,R Rampaul,0,Royal Challengers Bangalore,Kings XI Punjab,2013-05-06,,6
d68e7f48,598054,0,0,0,0,0,0,0,0,0,0,0,40,0,0,0,0,14,male,Indian Premier League,T20,R Rampaul,0,Royal Challengers Bangalore,Delhi Daredevils,2013-05-10,,6
d68e7f48,598057,0,1,3,0,0,0,0,0,0,3,0,18,1,0,0,1,16,male,Indian Premier League,T20,R Rampaul,0,Royal Challengers Bangalore,Kolkata Knight Riders,2013-05-12,,6
d68e7f48,598068,0,0,0,0,0,0,0,0,0,0,0,20,1,0,0,0,3,male,Indian Premier League,T20,R Rampaul,0,Royal Challengers Bangalore,Chennai Super Kings,2013-05-18,,6
d68e7f48,578615,0,0,0,0,0,2,0,1,0,0,0,39,1,0,0,0,45,male,ICC Champions Trophy,ODI,R Rampaul,0,West Indies,Pakistan,2013-06-07,,6
d68e7f48,578619,2,1,7,0,0,0,0,0,0,5,0,32,0,0,0,0,21,male,ICC Champions Trophy,ODI,R Rampaul,bowled,West Indies,India,2013-06-11,,6
d68e7f48,578622,0,0,0,0,0,0,0,0,0,0,0,41,1,0,0,0,21,male,ICC Champions Trophy,ODI,R Rampaul,0,West Indies,South Africa,2013-06-14,,6
d68e7f48,597923,0,0,0,0,0,0,0,0,0,0,0,39,3,0,0,0,42,male,West Indies Tri-Nation Series,ODI,R Rampaul,0,West Indies,Sri Lanka,2013-06-28,,6
d68e7f48,676529,1,1,16,0,0,0,0,0,0,15,0,39,1,0,0,0,29,male,West Indies in India ODI Series,ODI,R Rampaul,caught,West Indies,India,2013-11-21,,6
d68e7f48,676531,0,0,0,0,0,0,0,0,0,0,0,60,4,1,0,0,34,male,West Indies in India ODI Series,ODI,R Rampaul,0,West Indies,India,2013-11-24,,6
d68e7f48,676533,0,0,0,0,0,0,0,0,0,0,0,59,2,0,0,1,35,male,West Indies in India ODI Series,ODI,R Rampaul,0,West Indies,India,2013-11-27,,6
d68e7f48,661685,0,0,0,0,0,0,0,0,0,0,0,27,2,0,1,0,35,male,West Indies in New Zealand ODI Series,ODI,R Rampaul,0,West Indies,New Zealand,2013-12-26,,6
d68e7f48,661689,0,0,0,0,0,0,0,0,0,0,0,64,0,0,0,0,1,male,West Indies in New Zealand ODI Series,ODI,R Rampaul,0,West Indies,New Zealand,2014-01-01,,6
d68e7f48,702141,0,0,0,0,0,0,0,0,0,0,0,31,1,0,0,0,10,male,Ireland in West Indies T20I Series,T20,R Rampaul,0,West Indies,Ireland,2014-02-19,,6
d68e7f48,636533,0,0,0,0,0,0,0,0,0,0,0,54,1,0,0,0,32,male,England in West Indies ODI Series,ODI,R Rampaul,0,West Indies,England,2014-02-28,,6
d68e7f48,636534,1,1,6,0,0,0,0,0,0,5,0,40,1,0,0,0,37,male,England in West Indies ODI Series,ODI,R Rampaul,0,West Indies,England,2014-03-02,,6
d68e7f48,636535,0,0,0,0,0,1,0,0,0,0,0,57,1,0,0,0,28,male,England in West Indies ODI Series,ODI,R Rampaul,0,West Indies,England,2014-03-05,,6
d68e7f48,636536,0,0,0,0,0,1,0,0,0,0,0,31,0,0,0,0,6,male,England in West Indies T20I Series,T20,R Rampaul,0,West Indies,England,2014-03-09,,6
d68e7f48,636537,0,0,0,0,0,0,0,0,0,0,0,30,0,0,0,0,4,male,England in West Indies T20I Series,T20,R Rampaul,0,West Indies,England,2014-03-11,,6
d68e7f48,729305,13,1,13,0,1,0,0,0,0,6,0,16,0,0,0,0,14,male,Indian Premier League,T20,R Rampaul,caught,Royal Challengers Bangalore,Rajasthan Royals,2014-04-26,,6
d68e7f48,734035,0,0,0,0,0,0,0,0,0,0,0,21,1,0,0,0,5,male,Indian Premier League,T20,R Rampaul,0,Royal Challengers Bangalore,Chennai Super Kings,2014-05-24,,6
d68e7f48,743139,0,0,0,0,0,0,0,0,0,0,0,18,2,0,1,0,11,male,Caribbean Premier League,T20,R Rampaul,0,Barbados Tridents,Trinidad & Tobago Red Steel,2014-07-12,,6
d68e7f48,743147,0,0,0,0,0,0,0,0,0,0,0,34,4,2,0,0,13,male,Caribbean Premier League,T20,R Rampaul,0,Barbados Tridents,Antigua Hawksbills,2014-07-19,,6
d68e7f48,743155,0,0,0,0,0,0,0,0,0,0,0,47,0,0,0,0,7,male,Caribbean Premier League,T20,R Rampaul,0,Barbados Tridents,St Lucia Zouks,2014-07-23,,6
d68e7f48,743163,0,0,0,0,0,1,0,0,0,0,0,39,1,0,0,0,10,male,Caribbean Premier League,T20,R Rampaul,0,Barbados Tridents,Guyana Amazon Warriors,2014-07-26,,6
d68e7f48,743169,0,0,0,0,0,1,0,0,0,0,0,34,1,0,0,0,14,male,Caribbean Premier League,T20,R Rampaul,0,Barbados Tridents,St Lucia Zouks,2014-07-31,,6
d68e7f48,743175,0,0,0,0,0,1,0,0,0,0,0,19,4,0,2,0,15,male,Caribbean Premier League,T20,R Rampaul,0,Barbados Tridents,Jamaica Tallawahs,2014-08-03,,6
d68e7f48,743181,0,0,0,0,0,0,0,0,0,0,0,20,1,0,0,0,10,male,Caribbean Premier League,T20,R Rampaul,0,Barbados Tridents,Trinidad & Tobago Red Steel,2014-08-07,,6
d68e7f48,743189,0,0,0,0,0,0,0,0,0,0,0,10,1,0,1,0,12,male,Caribbean Premier League,T20,R Rampaul,0,Barbados Tridents,Jamaica Tallawahs,2014-08-10,,6
d68e7f48,743195,0,0,0,0,0,0,0,0,0,0,0,10,0,0,0,0,6,male,Caribbean Premier League,T20,R Rampaul,0,Barbados Tridents,Guyana Amazon Warriors,2014-08-16,,6
d68e7f48,730287,0,0,0,0,0,0,0,1,0,0,0,48,1,0,0,1,37,male,Bangladesh in West Indies ODI Series,ODI,R Rampaul,0,West Indies,Bangladesh,2014-08-20,,6
d68e7f48,730289,0,0,0,0,0,0,0,0,0,0,0,21,2,0,1,2,27,male,Bangladesh in West Indies ODI Series,ODI,R Rampaul,0,West Indies,Bangladesh,2014-08-22,,6
d68e7f48,730291,0,0,0,0,0,0,0,0,0,0,0,30,4,1,0,2,49,male,Bangladesh in West Indies ODI Series,ODI,R Rampaul,0,West Indies,Bangladesh,2014-08-25,,6
d68e7f48,770121,0,0,0,0,0,0,0,1,0,0,0,49,2,1,0,0,29,male,West Indies in India ODI Series,ODI,R Rampaul,0,West Indies,India,2014-10-08,,6
d68e7f48,770123,16,1,13,1,1,0,0,0,0,6,0,47,1,0,0,0,28,male,West Indies in India ODI Series,ODI,R Rampaul,0,West Indies,India,2014-10-11,,6
d68e7f48,857703,0,0,0,0,0,0,0,0,0,0,0,16,3,0,0,1,12,male,Caribbean Premier League,T20,R Rampaul,0,Barbados Tridents,Guyana Amazon Warriors,2015-06-20,,6
d68e7f48,857707,0,0,0,0,0,0,0,0,0,0,0,25,2,0,0,0,14,male,Caribbean Premier League,T20,R Rampaul,0,Barbados Tridents,Jamaica Tallawahs,2015-06-23,,6
d68e7f48,857711,0,0,0,0,0,0,0,0,0,0,0,24,1,0,0,0,11,male,Caribbean Premier League,T20,R Rampaul,0,Barbados Tridents,Trinidad & Tobago Red Steel,2015-06-25,,6
d68e7f48,857715,0,0,0,0,0,0,0,0,0,0,0,37,2,0,0,0,10,male,Caribbean Premier League,T20,R Rampaul,0,Barbados Tridents,St Kitts and Nevis Patriots,2015-06-27,,6
d68e7f48,857721,0,0,0,0,0,0,0,0,0,0,0,23,0,0,0,0,5,male,Caribbean Premier League,T20,R Rampaul,0,Barbados Tridents,St Lucia Zouks,2015-07-01,,6
d68e7f48,857725,0,0,0,0,0,0,0,0,0,0,0,31,1,0,0,0,17,male,Caribbean Premier League,T20,R Rampaul,0,Barbados Tridents,St Lucia Zouks,2015-07-03,,6
d68e7f48,857731,0,0,0,0,0,0,0,0,0,0,0,21,0,0,0,0,7,male,Caribbean Premier League,T20,R Rampaul,0,Barbados Tridents,St Kitts and Nevis Patriots,2015-07-06,,6
d68e7f48,857743,0,0,0,0,0,0,0,0,0,0,0,23,1,0,0,0,14,male,Caribbean Premier League,T20,R Rampaul,0,Barbados Tridents,Jamaica Tallawahs,2015-07-11,,6
d68e7f48,857751,1,0,3,0,0,1,0,0,0,2,0,60,1,1,0,0,11,male,Caribbean Premier League,T20,R Rampaul,0,Barbados Tridents,Trinidad & Tobago Red Steel,2015-07-16,,6
d68e7f48,857757,5,0,3,1,0,0,0,0,0,1,0,23,0,0,0,0,12,male,Caribbean Premier League,T20,R Rampaul,0,Barbados Tridents,Guyana Amazon Warriors,2015-07-18,,6
d68e7f48,857767,0,0,0,0,0,0,0,0,0,0,0,48,0,0,0,0,5,male,Caribbean Premier League,T20,R Rampaul,0,Barbados Tridents,Trinidad & Tobago Red Steel,2015-07-26,,6
d68e7f48,915779,1,1,1,0,0,0,0,0,0,0,0,40,1,0,0,0,14,male,West Indies in Sri Lanka ODI Series,ODI,R Rampaul,run out,West Indies,Sri Lanka,2015-11-04,,6
d68e7f48,915781,2,0,4,0,0,0,0,0,0,2,0,34,1,0,0,0,13,male,West Indies in Sri Lanka ODI Series,ODI,R Rampaul,0,West Indies,Sri Lanka,2015-11-07,,6
d68e7f48,915785,0,0,0,0,0,0,0,0,0,0,0,20,3,1,0,0,10,male,West Indies in Sri Lanka T20I Series,T20,R Rampaul,0,West Indies,Sri Lanka,2015-11-11,,6
d68e7f48,946805,13,1,27,0,1,0,0,0,0,19,0,152,8,2,2,1,147,male,Specsavers County Championship,MDM,R Rampaul,lbw,Surrey,Nottinghamshire,2016-04-10,2016-04-11,6
d68e7f48,946817,4,0,14,1,0,0,0,0,0,13,0,113,6,1,0,4,137,male,Specsavers County Championship,MDM,R Rampaul,0,Surrey,Somerset,2016-04-24,2016-04-25,6
d68e7f48,946835,16,1,53,4,0,0,0,0,0,49,0,157,4,1,1,0,118,male,Specsavers County Championship,MDM,R Rampaul,0,Surrey,Yorkshire,2016-05-08,2016-05-09,6
d68e7f48,946839,0,1,5,0,0,0,0,0,0,5,0,47,0,0,0,2,51,male,Specsavers County Championship,MDM,R Rampaul,0,Surrey,Middlesex,2016-05-15,2016-05-16,6
d68e7f48,947233,0,0,0,0,0,0,0,0,0,0,0,21,2,0,0,0,9,male,NatWest T20 Blast,T20,R Rampaul,0,Surrey,Hampshire,2016-06-09,,6
d68e7f48,947163,0,0,0,0,0,0,0,0,0,0,0,49,1,0,0,0,8,male,NatWest T20 Blast,T20,R Rampaul,0,Surrey,Somerset,2016-06-10,,6
d68e7f48,947415,0,0,0,0,0,1,0,0,0,0,0,47,4,0,0,0,30,male,Royal London One-Day Cup,ODM,R Rampaul,0,Surrey,Sussex,2016-06-14,,6
d68e7f48,947425,2,0,2,0,0,0,0,0,0,0,0,55,2,1,0,0,30,male,Royal London One-Day Cup,ODM,R Rampaul,0,Surrey,Hampshire,2016-06-15,,6
d68e7f48,947181,0,0,0,0,0,0,0,0,0,0,0,22,3,1,0,0,7,male,NatWest T20 Blast,T20,R Rampaul,0,Surrey,Middlesex,2016-06-17,,6
d68e7f48,946861,0,0,3,0,0,2,0,0,0,3,0,60,3,1,2,5,122,male,Specsavers County Championship,MDM,R Rampaul,0,Surrey,Nottinghamshire,2016-06-19,2016-06-20,6
d68e7f48,947209,6,1,6,1,0,0,0,0,0,3,0,20,0,0,0,0,6,male,NatWest T20 Blast,T20,R Rampaul,caught,Surrey,Glamorgan,2016-06-24,,6
d68e7f48,947215,0,0,0,0,0,0,0,0,0,0,0,13,1,0,0,0,6,male,NatWest T20 Blast,T20,R Rampaul,0,Surrey,Essex,2016-06-25,,6
d68e7f48,1025985,0,0,0,0,0,0,0,0,0,0,0,36,2,0,0,0,10,male,Caribbean Premier League,T20,R Rampaul,0,Barbados Tridents,Trinbago Knight Riders,2016-07-01,,6
d68e7f48,1019643,0,0,0,0,0,0,0,0,0,0,0,30,1,1,0,0,11,male,Caribbean Premier League,T20,R Rampaul,0,Barbados Tridents,Jamaica Tallawahs,2016-07-11,,6
d68e7f48,1019645,0,0,0,0,0,0,0,0,0,0,0,39,2,0,0,0,13,male,Caribbean Premier League,T20,R Rampaul,0,Barbados Tridents,St Kitts and Nevis Patriots,2016-07-13,,6
d68e7f48,1019647,0,0,0,0,0,0,0,0,0,0,0,35,1,0,0,0,5,male,Caribbean Premier League,T20,R Rampaul,0,Barbados Tridents,Trinbago Knight Riders,2016-07-16,,6
d68e7f48,1019649,0,0,0,0,0,0,0,0,0,0,0,23,2,1,0,0,11,male,Caribbean Premier League,T20,R Rampaul,0,Barbados Tridents,St Lucia Zouks,2016-07-17,,6
d68e7f48,1019775,14,1,9,0,2,0,0,0,0,5,0,35,2,0,0,0,14,male,Caribbean Premier League,T20,R Rampaul,caught,Barbados Tridents,Jamaica Tallawahs,2016-07-20,,6
d68e7f48,994677,6,0,7,0,0,0,0,0,0,2,0,15,0,0,0,0,7,male,Caribbean Premier League,T20,R Rampaul,0,Barbados Tridents,Guyana Amazon Warriors,2016-07-28,,6
d68e7f48,994683,0,0,0,0,0,0,0,0,0,0,0,39,0,0,0,0,4,male,Caribbean Premier League,T20,R Rampaul,0,Barbados Tridents,Guyana Amazon Warriors,2016-07-30,,6
d68e7f48,1068441,0,0,0,0,0,1,0,0,0,0,0,62,1,0,0,0,29,male,Royal London One-Day Cup,ODM,R Rampaul,0,Surrey,Glamorgan,2017-04-30,,6
d68e7f48,1068449,2,1,5,0,0,0,0,0,0,3,0,48,1,1,0,0,28,male,Royal London One-Day Cup,ODM,R Rampaul,0,Surrey,Essex,2017-05-02,,6
d68e7f48,1068458,0,0,0,0,0,0,0,0,0,0,0,44,4,0,0,0,38,male,Royal London One-Day Cup,ODM,R Rampaul,0,Surrey,Middlesex,2017-05-05,,6
d68e7f48,1068465,1,1,3,0,0,0,0,0,0,2,0,61,3,1,0,1,28,male,Royal London One-Day Cup,ODM,R Rampaul,bowled,Surrey,Sussex,2017-05-07,,6
d68e7f48,1068481,0,0,0,0,0,1,0,0,0,0,0,30,0,0,0,0,22,male,Royal London One-Day Cup,ODM,R Rampaul,0,Surrey,Kent,2017-05-12,,6
d68e7f48,1068489,0,0,0,0,0,0,0,0,0,0,0,61,4,1,1,1,31,male,Royal London One-Day Cup,ODM,R Rampaul,0,Surrey,Hampshire,2017-05-14,,6
d68e7f48,1068544,1,0,8,0,0,0,0,0,0,7,0,73,1,0,0,8,135,male,Specsavers County Championship,MDM,R Rampaul,0,Surrey,Essex,2017-05-26,2017-05-27,6
d68e7f48,1068550,3,2,7,0,0,0,0,0,0,5,0,120,2,1,0,7,166,male,Specsavers County Championship,MDM,R Rampaul,0,Surrey,Essex,2017-06-09,2017-06-10,6
d68e7f48,1068503,0,0,0,0,0,0,1,0,0,0,0,54,3,0,0,0,17,male,Royal London One-Day Cup,ODM,R Rampaul,0,Surrey,Yorkshire,2017-06-13,,6
d68e7f48,1068505,0,0,0,0,0,0,0,0,0,0,0,39,0,0,0,0,14,male,Royal London One-Day Cup,ODM,R Rampaul,0,Surrey,Worcestershire,2017-06-17,,6
d68e7f48,1068506,0,0,0,0,0,0,0,0,0,0,0,54,2,0,1,0,31,male,Royal London One-Day Cup,ODM,R Rampaul,0,Surrey,Nottinghamshire,2017-07-01,,6
d68e7f48,1068299,0,0,0,0,0,0,0,0,0,0,0,39,0,0,0,0,5,male,NatWest T20 Blast,T20,R Rampaul,0,Surrey,Essex,2017-07-07,,6
d68e7f48,1068309,0,0,0,0,0,0,0,0,0,0,0,43,2,0,0,0,6,male,NatWest T20 Blast,T20,R Rampaul,0,Surrey,Somerset,2017-07-09,,6
d68e7f48,1068315,0,1,1,0,0,0,0,0,0,1,0,45,2,0,0,0,9,male,NatWest T20 Blast,T20,R Rampaul,0,Surrey,Middlesex,2017-07-13,,6
d68e7f48,1068319,0,0,0,0,0,0,0,0,0,0,0,42,0,0,0,0,2,male,NatWest T20 Blast,T20,R Rampaul,0,Surrey,Kent,2017-07-14,,6
d68e7f48,1094674,0,0,0,0,0,0,0,0,0,0,0,31,1,0,0,0,11,male,Caribbean Premier League,T20,R Rampaul,0,Barbados Tridents,Jamaica Tallawahs,2017-08-05,,6
d68e7f48,1094676,3,1,4,0,0,0,0,0,0,2,0,37,1,0,0,0,9,male,Caribbean Premier League,T20,R Rampaul,caught,Barbados Tridents,Jamaica Tallawahs,2017-08-06,,6
d68e7f48,1094679,0,0,0,0,0,0,0,0,0,0,0,41,0,0,0,0,4,male,Caribbean Premier League,T20,R Rampaul,0,Barbados Tridents,St Lucia Stars,2017-08-10,,6
d68e7f48,1094687,0,0,0,0,0,0,0,0,0,0,0,24,0,0,0,0,7,male,Caribbean Premier League,T20,R Rampaul,0,Barbados Tridents,St Kitts and Nevis Patriots,2017-08-18,,6
d68e7f48,1094690,0,0,0,0,0,0,0,0,0,0,0,37,0,0,0,0,13,male,Caribbean Premier League,T20,R Rampaul,0,Barbados Tridents,Guyana Amazon Warriors,2017-08-20,,6
d68e7f48,1094696,0,0,0,0,0,1,0,0,0,0,0,33,2,0,0,0,9,male,Caribbean Premier League,T20,R Rampaul,0,Barbados Tridents,Guyana Amazon Warriors,2017-08-29,,6
d68e7f48,1094698,0,0,0,0,0,0,0,0,0,0,0,39,1,0,0,0,6,male,Caribbean Premier League,T20,R Rampaul,0,Barbados Tridents,St Lucia Stars,2017-08-31,,6
d68e7f48,1094700,3,0,3,0,0,0,0,0,0,1,0,19,1,0,0,0,19,male,Caribbean Premier League,T20,R Rampaul,0,Barbados Tridents,Trinbago Knight Riders,2017-09-02,,6
d68e7f48,1127677,2,1,9,0,0,0,0,0,0,7,0,114,2,0,1,7,169,male,Specsavers County Championship,MDM,R Rampaul,0,Derbyshire,Middlesex,2018-04-20,2018-04-21,6
d68e7f48,1127683,3,0,6,0,0,0,0,0,0,5,0,83,1,0,0,3,85,male,Specsavers County Championship,MDM,R Rampaul,0,Derbyshire,Leicestershire,2018-04-27,2018-04-28,6
d68e7f48,1127691,18,1,37,1,1,0,0,0,0,30,0,91,1,0,0,4,102,male,Specsavers County Championship,MDM,R Rampaul,lbw,Derbyshire,Durham,2018-05-11,2018-05-12,6
d68e7f48,1127761,0,0,0,0,0,1,0,0,0,0,0,60,1,0,0,0,23,male,Royal London One-Day Cup,ODM,R Rampaul,0,Derbyshire,Warwickshire,2018-05-17,,6
d68e7f48,1127769,0,0,1,0,0,0,0,0,0,1,0,78,1,0,0,0,23,male,Royal London One-Day Cup,ODM,R Rampaul,0,Derbyshire,Worcestershire,2018-05-19,,6
d68e7f48,1127784,0,0,0,0,0,0,0,0,0,0,0,52,1,0,0,2,33,male,Royal London One-Day Cup,ODM,R Rampaul,0,Derbyshire,Durham,2018-05-23,,6
d68e7f48,1127792,4,0,2,1,0,0,0,0,0,1,0,45,0,0,0,0,16,male,Royal London One-Day Cup,ODM,R Rampaul,0,Derbyshire,Leicestershire,2018-05-25,,6
d68e7f48,1127808,0,0,0,0,0,0,0,0,0,0,0,48,5,0,1,0,10,male,Royal London One-Day Cup,ODM,R Rampaul,0,Derbyshire,Yorkshire,2018-05-30,,6
d68e7f48,1127812,0,0,0,0,0,0,0,0,0,0,0,40,3,1,0,1,34,male,Royal London One-Day Cup,ODM,R Rampaul,0,Derbyshire,Northamptonshire,2018-06-01,,6
d68e7f48,1127823,0,0,0,0,0,0,0,0,0,0,0,59,2,0,0,0,23,male,Royal London One-Day Cup,ODM,R Rampaul,0,Derbyshire,Lancashire,2018-06-03,,6
d68e7f48,1127832,0,0,2,0,0,0,0,0,0,2,0,0,0,0,0,0,0,male,Royal London One-Day Cup,ODM,R Rampaul,0,Derbyshire,Nottinghamshire,2018-06-07,,6
d68e7f48,1127705,0,1,10,0,0,0,0,0,0,10,0,79,1,0,0,3,86,male,Specsavers County Championship,MDM,R Rampaul,0,Derbyshire,Leicestershire,2018-06-25,2018-06-26,6
d68e7f48,1127459,0,0,0,0,0,0,0,0,0,0,0,25,0,0,0,0,6,male,Vitality Blast,T20,R Rampaul,0,Derbyshire,Lancashire,2018-07-06,,6
d68e7f48,1127466,8,0,4,2,0,0,0,0,0,2,0,24,2,0,0,0,11,male,Vitality Blast,T20,R Rampaul,0,Derbyshire,Worcestershire,2018-07-08,,6
d68e7f48,1127479,4,0,4,0,0,0,0,0,0,0,0,40,1,0,0,0,11,male,Vitality Blast,T20,R Rampaul,0,Derbyshire,Nottinghamshire,2018-07-13,,6
d68e7f48,1127481,0,0,0,0,0,1,0,0,0,0,0,25,0,0,0,0,3,male,Vitality Blast,T20,R Rampaul,0,Derbyshire,Lancashire,2018-07-14,,6
d68e7f48,1127487,0,0,0,0,0,1,0,0,0,0,0,33,1,0,0,0,9,male,Vitality Blast,T20,R Rampaul,0,Derbyshire,Northamptonshire,2018-07-19,,6
d68e7f48,1127503,0,0,0,0,0,0,0,0,0,0,0,32,2,1,0,0,9,male,Vitality Blast,T20,R Rampaul,0,Derbyshire,Leicestershire,2018-07-27,,6
d68e7f48,1127505,0,0,0,0,0,0,0,0,0,0,0,20,4,1,0,0,16,male,Vitality Blast,T20,R Rampaul,0,Derbyshire,Yorkshire,2018-07-28,,6
d68e7f48,1127469,0,0,0,0,0,0,0,0,0,0,0,15,0,0,0,0,2,male,Vitality Blast,T20,R Rampaul,0,Derbyshire,Yorkshire,2018-07-30,,6
d68e7f48,1127519,0,0,0,0,0,1,0,0,0,0,0,38,0,0,0,0,4,male,Vitality Blast,T20,R Rampaul,0,Derbyshire,Nottinghamshire,2018-08-02,,6
d68e7f48,1127526,0,0,0,0,0,0,0,0,0,0,0,38,1,0,0,0,9,male,Vitality Blast,T20,R Rampaul,0,Derbyshire,Birmingham Bears,2018-08-03,,6
d68e7f48,1127538,0,0,0,0,0,1,0,0,0,0,0,34,0,0,0,0,7,male,Vitality Blast,T20,R Rampaul,0,Derbyshire,Northamptonshire,2018-08-08,,6
d68e7f48,1127542,0,0,0,0,0,0,0,0,0,0,0,25,2,0,0,0,9,male,Vitality Blast,T20,R Rampaul,0,Derbyshire,Worcestershire,2018-08-09,,6
d68e7f48,1127552,0,0,0,0,0,0,0,0,0,0,0,16,1,0,0,0,9,male,Vitality Blast,T20,R Rampaul,0,Derbyshire,Leicestershire,2018-08-11,,6
d68e7f48,1127725,18,2,21,2,0,0,0,0,0,11,0,44,1,0,0,2,57,male,Specsavers County Championship,MDM,R Rampaul,caught,Derbyshire,Glamorgan,2018-09-04,2018-09-05,6
d68e7f48,1127729,9,0,15,1,0,1,0,0,0,11,0,128,4,1,0,5,142,male,Specsavers County Championship,MDM,R Rampaul,0,Derbyshire,Northamptonshire,2018-09-10,2018-09-11,6
d68e7f48,1166969,24,2,19,2,2,0,0,0,0,13,0,107,5,1,1,12,211,male,Specsavers County Championship,MDM,R Rampaul,run out,Derbyshire,Durham,2019-04-05,2019-04-06,6
d68e7f48,1166974,9,1,12,1,0,0,0,0,0,7,0,86,2,0,1,4,111,male,Specsavers County Championship,MDM,R Rampaul,0,Derbyshire,Gloucestershire,2019-04-11,2019-04-12,6
d68e7f48,1167055,0,0,0,0,0,1,0,0,0,0,0,35,2,0,0,1,33,male,Royal London One-Day Cup,ODM,R Rampaul,0,Derbyshire,Northamptonshire,2019-04-19,,6
d68e7f48,1167085,0,0,0,0,0,0,0,0,0,0,0,45,1,0,0,0,28,male,Royal London One-Day Cup,ODM,R Rampaul,0,Derbyshire,Yorkshire,2019-04-26,,6
d68e7f48,1167093,0,0,0,0,0,0,0,0,0,0,0,29,2,0,0,2,32,male,Royal London One-Day Cup,ODM,R Rampaul,0,Derbyshire,Durham,2019-04-28,,6
d68e7f48,1167097,0,0,0,0,0,0,0,0,0,0,0,66,1,0,0,0,28,male,Royal London One-Day Cup,ODM,R Rampaul,0,Derbyshire,Warwickshire,2019-04-30,,6
d68e7f48,1167102,0,0,0,0,0,0,0,0,0,0,0,50,1,0,0,0,24,male,Royal London One-Day Cup,ODM,R Rampaul,0,Derbyshire,Lancashire,2019-05-02,,6
d68e7f48,1167113,0,0,0,0,0,0,0,0,0,0,0,52,1,0,0,0,23,male,Royal London One-Day Cup,ODM,R Rampaul,0,Derbyshire,Worcestershire,2019-05-06,,6
d68e7f48,1166981,41,1,55,6,1,0,0,0,0,39,0,155,8,1,4,8,181,male,Specsavers County Championship,MDM,R Rampaul,0,Derbyshire,Glamorgan,2019-05-19,2019-05-20,6
d68e7f48,1166989,16,1,25,2,0,0,0,0,0,17,0,142,8,0,3,10,246,male,Specsavers County Championship,MDM,R Rampaul,0,Derbyshire,Durham,2019-06-03,2019-06-04,6
d68e7f48,1166994,0,0,0,0,0,0,0,0,0,0,0,104,1,1,0,3,138,male,Specsavers County Championship,MDM,R Rampaul,0,Derbyshire,Glamorgan,2019-06-11,2019-06-12,6
d68e7f48,1167005,0,0,0,0,0,0,0,0,0,0,0,96,1,0,0,5,135,male,Specsavers County Championship,MDM,R Rampaul,0,Derbyshire,Middlesex,2019-06-30,2019-07-01,6
d68e7f48,1167012,4,2,12,1,0,0,0,0,0,11,0,116,6,1,2,3,176,male,Specsavers County Championship,MDM,R Rampaul,0,Derbyshire,Worcestershire,2019-07-07,2019-07-08,6
d68e7f48,1167016,20,2,35,3,1,1,0,0,0,29,0,67,1,0,0,3,79,male,Specsavers County Championship,MDM,R Rampaul,bowled,Derbyshire,Northamptonshire,2019-07-14,2019-07-15,6
d68e7f48,1167138,0,0,0,0,0,0,0,0,0,0,0,29,2,0,0,1,15,male,Vitality Blast,T20,R Rampaul,0,Derbyshire,Yorkshire,2019-07-20,,6
d68e7f48,1167142,1,0,2,0,0,0,0,0,0,1,0,23,3,1,0,0,15,male,Vitality Blast,T20,R Rampaul,0,Derbyshire,Birmingham Bears,2019-07-24,,6
d68e7f48,1167155,1,0,1,0,0,0,0,0,0,0,0,34,1,1,0,0,7,male,Vitality Blast,T20,R Rampaul,0,Derbyshire,Nottinghamshire,2019-07-26,,6
d68e7f48,1167165,0,0,0,0,0,1,0,0,0,0,0,18,2,1,0,0,13,male,Vitality Blast,T20,R Rampaul,0,Derbyshire,Worcestershire,2019-07-31,,6
d68e7f48,1167173,0,0,0,0,0,0,0,0,0,0,0,19,3,0,0,0,12,male,Vitality Blast,T20,R Rampaul,0,Derbyshire,Northamptonshire,2019-08-02,,6
d68e7f48,1167191,0,0,0,0,0,0,0,0,0,0,0,30,1,0,0,0,7,male,Vitality Blast,T20,R Rampaul,0,Derbyshire,Durham,2019-08-09,,6
d68e7f48,1167204,0,0,0,0,0,0,0,0,0,0,0,34,1,0,0,0,9,male,Vitality Blast,T20,R Rampaul,0,Derbyshire,Yorkshire,2019-08-11,,6
d68e7f48,1167206,0,0,0,0,0,0,0,0,0,0,0,37,1,0,0,0,9,male,Vitality Blast,T20,R Rampaul,0,Derbyshire,Worcestershire,2019-08-13,,6
d68e7f48,1167212,7,1,9,0,0,0,0,0,0,5,0,36,2,0,0,0,7,male,Vitality Blast,T20,R Rampaul,bowled,Derbyshire,Leicestershire,2019-08-15,,6
d68e7f48,1167019,22,1,27,0,2,0,0,0,0,17,0,146,4,0,0,5,175,male,Specsavers County Championship,MDM,R Rampaul,caught,Derbyshire,Gloucestershire,2019-08-18,2019-08-19,6
d68e7f48,1167226,0,0,0,0,0,0,0,0,0,0,0,21,2,1,1,0,10,male,Vitality Blast,T20,R Rampaul,0,Derbyshire,Northamptonshire,2019-08-23,,6
d68e7f48,1167231,0,0,0,0,0,0,0,0,0,0,0,26,0,0,0,0,9,male,Vitality Blast,T20,R Rampaul,0,Derbyshire,Leicestershire,2019-08-25,,6
d68e7f48,1167237,0,0,0,0,0,0,0,0,0,0,0,22,3,2,0,0,11,male,Vitality Blast,T20,R Rampaul,0,Derbyshire,Lancashire,2019-08-26,,6
d68e7f48,1167256,0,0,0,0,0,0,0,0,0,0,0,25,1,0,1,0,11,male,Vitality Blast,T20,R Rampaul,0,Derbyshire,Gloucestershire,2019-09-07,,6
d68e7f48,1167025,14,2,24,1,1,0,0,0,0,18,0,48,3,1,0,7,94,male,Specsavers County Championship,MDM,R Rampaul,caught,Derbyshire,Lancashire,2019-09-10,2019-09-11,6
d68e7f48,1167258,6,1,9,0,1,0,0,0,0,8,0,31,1,0,0,0,6,male,Vitality Blast,T20,R Rampaul,caught,Derbyshire,Essex,2019-09-21,,6
d68e7f48,1250162,0,0,0,0,0,1,0,0,0,0,0,46,1,0,0,0,30,male,Royal London One-Day Cup,ODM,R Rampaul,0,Derbyshire,Leicestershire,2021-07-22,,6
d68e7f48,1250169,25,0,12,0,3,0,0,0,0,3,0,62,0,0,0,1,33,male,Royal London One-Day Cup,ODM,R Rampaul,0,Derbyshire,Somerset,2021-07-25,,6
d68e7f48,1250173,0,1,3,0,0,0,0,0,0,3,0,41,0,0,0,0,22,male,Royal London One-Day Cup,ODM,R Rampaul,0,Derbyshire,Warwickshire,2021-07-27,,6
d68e7f48,1250201,0,0,0,0,0,0,0,0,0,0,0,55,1,0,0,0,18,male,Royal London One-Day Cup,ODM,R Rampaul,0,Derbyshire,Nottinghamshire,2021-08-04,,6
d68e7f48,1250211,0,0,0,0,0,0,0,0,0,0,0,15,1,0,0,0,4,male,Royal London One-Day Cup,ODM,R Rampaul,0,Derbyshire,Yorkshire,2021-08-08,,6
d68e7f48,1250223,0,1,2,0,0,0,0,0,0,2,0,42,0,0,0,0,35,male,Royal London One-Day Cup,ODM,R Rampaul,caught,Derbyshire,Surrey,2021-08-12,,6
d68e7f48,1269700,1,1,6,0,0,0,0,0,0,5,0,37,1,0,0,0,11,male,Caribbean Premier League,T20,R Rampaul,caught,Trinbago Knight Riders,Guyana Amazon Warriors,2021-08-26,,6
d68e7f48,1269703,0,0,0,0,0,0,0,0,0,0,0,13,2,0,0,1,11,male,Caribbean Premier League,T20,R Rampaul,0,Trinbago Knight Riders,Barbados Royals,2021-08-27,,6
d68e7f48,1269706,0,0,0,0,0,0,0,0,0,0,0,29,3,0,0,0,17,male,Caribbean Premier League,T20,R Rampaul,0,Trinbago Knight Riders,St Lucia Kings,2021-08-29,,6
d68e7f48,1269708,0,0,0,0,0,0,0,0,0,0,0,34,3,1,0,0,12,male,Caribbean Premier League,T20,R Rampaul,0,Trinbago Knight Riders,St Lucia Kings,2021-08-31,,6
d68e7f48,1269710,5,0,2,1,0,1,0,0,0,0,0,29,4,1,0,0,12,male,Caribbean Premier League,T20,R Rampaul,0,Trinbago Knight Riders,Guyana Amazon Warriors,2021-09-01,,6
d68e7f48,1269717,0,0,0,0,0,0,0,0,0,0,0,28,2,0,0,0,16,male,Caribbean Premier League,T20,R Rampaul,0,Trinbago Knight Riders,Jamaica Tallawahs,2021-09-05,,6
d68e7f48,1269718,0,0,0,0,0,0,0,0,0,0,0,32,2,0,0,0,13,male,Caribbean Premier League,T20,R Rampaul,0,Trinbago Knight Riders,Jamaica Tallawahs,2021-09-07,,6
d68e7f48,1269722,0,0,0,0,0,0,0,0,0,0,0,22,0,0,0,0,13,male,Caribbean Premier League,T20,R Rampaul,0,Trinbago Knight Riders,Barbados Royals,2021-09-09,,6
d68e7f48,1269729,0,0,0,0,0,1,0,0,0,0,0,33,1,0,0,0,12,male,Caribbean Premier League,T20,R Rampaul,0,Trinbago Knight Riders,St Kitts and Nevis Patriots,2021-09-12,,6
d68e7f48,1269730,0,0,0,0,0,0,0,0,0,0,0,56,1,0,0,0,9,male,Caribbean Premier League,T20,R Rampaul,0,Trinbago Knight Riders,St Lucia Kings,2021-09-14,,6
d68e7f48,1273725,3,1,8,0,0,0,0,0,0,5,0,14,1,0,0,0,7,male,ICC Men's T20 World Cup,T20,R Rampaul,0,West Indies,England,2021-10-23,,6
d68e7f48,1273729,0,0,0,0,0,0,0,0,0,0,0,22,0,0,0,0,7,male,ICC Men's T20 World Cup,T20,R Rampaul,0,West Indies,South Africa,2021-10-26,,6
d68e7f48,1273734,0,0,0,0,0,0,0,0,0,0,0,26,1,1,0,0,8,male,ICC Men's T20 World Cup,T20,R Rampaul,0,West Indies,Bangladesh,2021-10-29,,6
d68e7f48,1273746,0,0,0,0,0,0,0,0,0,0,0,41,0,0,0,0,9,male,ICC Men's T20 World Cup,T20,R Rampaul,0,West Indies,Sri Lanka,2021-11-04,,6
d68e7f48,1291205,0,0,0,0,0,0,0,1,0,0,0,27,3,0,1,0,13,male,Lanka Premier League,T20,R Rampaul,0,Colombo Stars,Dambulla Giants,2021-12-11,,6
d68e7f48,1291207,0,0,0,0,0,0,0,0,0,0,0,36,2,1,0,0,7,male,Lanka Premier League,T20,R Rampaul,0,Colombo Stars,Galle Gladiators,2021-12-12,,6
d68e7f48,1291209,0,0,0,0,0,0,0,0,0,0,0,34,1,0,0,0,8,male,Lanka Premier League,T20,R Rampaul,0,Colombo Stars,Kandy Warriors,2021-12-14,,6
d68e7f48,1291211,10,0,2,1,1,0,0,0,0,0,0,50,0,0,0,0,9,male,Lanka Premier League,T20,R Rampaul,0,Colombo Stars,Jaffna Kings,2021-12-16,,6
d68e7f48,1323151,0,0,0,0,0,0,0,0,0,0,0,45,1,0,0,0,7,male,Caribbean Premier League,T20,R Rampaul,0,Trinbago Knight Riders,Barbados Royals,2022-09-07,,6
d68e7f48,1323155,2,1,5,0,0,0,0,0,0,3,0,44,3,0,0,0,14,male,Caribbean Premier League,T20,R Rampaul,caught,Trinbago Knight Riders,Jamaica Tallawahs,2022-09-10,,6
d68e7f48,1323159,11,1,7,0,1,0,0,0,0,2,0,24,0,0,0,0,7,male,Caribbean Premier League,T20,R Rampaul,caught,Trinbago Knight Riders,Barbados Royals,2022-09-13,,6
d68e7f48,1323161,8,0,3,0,1,0,0,0,0,0,0,21,1,0,0,0,3,male,Caribbean Premier League,T20,R Rampaul,0,Trinbago Knight Riders,Guyana Amazon Warriors,2022-09-14,,6
d68e7f48,1323164,0,0,0,0,0,0,0,0,0,0,0,19,4,1,0,0,13,male,Caribbean Premier League,T20,R Rampaul,0,Trinbago Knight Riders,Jamaica Tallawahs,2022-09-17,,6
d68e7f48,1323166,0,0,0,0,0,0,0,0,0,0,0,10,2,1,0,0,5,male,Caribbean Premier League,T20,R Rampaul,0,Trinbago Knight Riders,St Lucia Kings,2022-09-18,,6
d68e7f48,1323171,1,1,2,0,0,0,0,0,0,1,0,52,1,0,1,0,13,male,Caribbean Premier League,T20,R Rampaul,0,Trinbago Knight Riders,Guyana Amazon Warriors,2022-09-24,,6
d68e7f48,1346916,6,0,11,0,0,0,0,0,0,5,0,36,2,0,0,0,13,male,International League T20,T20,R Rampaul,0,Abu Dhabi Knight Riders,Dubai Capitals,2023-01-13,,6
d68e7f48,1346918,5,0,7,0,0,0,0,0,0,3,0,28,1,0,0,0,11,male,International League T20,T20,R Rampaul,0,Abu Dhabi Knight Riders,Gulf Giants,2023-01-15,,6
