player_id,match_id,runs_scored,player_out,balls_faced,fours_scored,sixes_scored,catches_taken,run_out_direct,run_out_throw,stumpings_done,dot_balls_as_batsman,order_seenballs_bowled,runs_conceded,wickets_taken,bowled_done,lbw_done,maidens,dot_balls_as_bowler,gender,series_name,match_type,name,out_kind,player_team,opposition_team,start_date,end_date,balls_per_over
d7725664,635229,30,1,42,1,1,0,0,0,0,23,0,0,0,0,0,0,0,male,Caribbean Premier League,T20,RA Reifer,bowled,Barbados Tridents,Antigua Hawksbills,2013-08-13,,6
d7725664,635232,22,1,24,2,1,0,0,0,0,14,0,0,0,0,0,0,0,male,Caribbean Premier League,T20,RA Reifer,bowled,Barbados Tridents,Jamaica Tallawahs,2013-08-17,,6
d7725664,635237,36,0,43,3,0,0,0,0,0,19,0,0,0,0,0,0,0,male,Caribbean Premier League,T20,RA Reifer,0,Barbados Tridents,Jamaica Tallawahs,2013-08-23,,6
d7725664,743181,65,0,42,5,3,0,0,0,0,12,0,0,0,0,0,0,0,male,Caribbean Premier League,T20,RA Reifer,0,Barbados Tridents,Trinidad & Tobago Red Steel,2014-08-07,,6
d7725664,743189,3,1,4,0,0,1,0,0,0,1,0,0,0,0,0,0,0,male,Caribbean Premier League,T20,RA Reifer,caught,Barbados Tridents,Jamaica Tallawahs,2014-08-10,,6
d7725664,743195,5,1,10,0,0,1,0,0,0,5,0,10,0,0,0,0,1,male,Caribbean Premier League,T20,RA Reifer,bowled,Barbados Tridents,Guyana Amazon Warriors,2014-08-16,,6
d7725664,857739,20,0,7,1,2,1,0,0,0,0,0,29,1,0,0,0,9,male,Caribbean Premier League,T20,RA Reifer,0,St Kitts and Nevis Patriots,St Lucia Zouks,2015-07-10,,6
d7725664,857741,3,1,6,0,0,0,0,0,0,3,0,25,1,0,0,0,12,male,Caribbean Premier League,T20,RA Reifer,0,St Kitts and Nevis Patriots,Trinidad & Tobago Red Steel,2015-07-11,,6
d7725664,857755,13,1,7,1,1,0,0,0,0,2,0,29,1,1,0,0,7,male,Caribbean Premier League,T20,RA Reifer,0,St Kitts and Nevis Patriots,Trinidad & Tobago Red Steel,2015-07-18,,6
d7725664,1019643,0,0,0,0,0,0,0,0,0,0,0,8,0,0,0,0,2,male,Caribbean Premier League,T20,RA Reifer,0,Barbados Tridents,Jamaica Tallawahs,2016-07-11,,6
d7725664,1019645,1,1,7,0,0,1,0,0,0,6,0,18,1,1,0,0,2,male,Caribbean Premier League,T20,RA Reifer,0,Barbados Tridents,St Kitts and Nevis Patriots,2016-07-13,,6
d7725664,1019647,0,0,0,0,0,0,0,0,0,0,0,14,0,0,0,0,5,male,Caribbean Premier League,T20,RA Reifer,0,Barbados Tridents,Trinbago Knight Riders,2016-07-16,,6
d7725664,1019649,0,0,0,0,0,0,0,0,0,0,0,34,1,1,0,0,9,male,Caribbean Premier League,T20,RA Reifer,0,Barbados Tridents,St Lucia Zouks,2016-07-17,,6
d7725664,1019775,9,0,7,1,0,1,0,0,0,1,0,36,0,0,0,0,2,male,Caribbean Premier League,T20,RA Reifer,0,Barbados Tridents,Jamaica Tallawahs,2016-07-20,,6
d7725664,994677,1,1,2,0,0,1,0,0,0,1,0,22,2,0,0,0,12,male,Caribbean Premier League,T20,RA Reifer,caught and bowled,Barbados Tridents,Guyana Amazon Warriors,2016-07-28,,6
d7725664,994683,4,1,3,0,0,0,0,0,0,1,0,22,2,1,0,0,17,male,Caribbean Premier League,T20,RA Reifer,run out,Barbados Tridents,Guyana Amazon Warriors,2016-07-30,,6
d7725664,1115794,52,1,200,6,1,0,0,0,0,175,0,88,2,0,2,9,143,male,West Indies tour of New Zealand,Test,RA Reifer,0,West Indies,New Zealand,2017-12-09,2017-12-10,6
d7725664,1148652,0,0,0,0,0,0,0,0,0,0,0,20,5,0,0,0,14,male,Caribbean Premier League,T20,RA Reifer,0,Barbados Tridents,Guyana Amazon Warriors,2018-08-12,,6
d7725664,1148656,1,0,1,0,0,0,0,0,0,0,0,67,2,0,0,0,11,male,Caribbean Premier League,T20,RA Reifer,0,Barbados Tridents,St Lucia Stars,2018-08-17,,6
d7725664,1148660,0,0,0,0,0,0,0,0,0,0,0,40,0,0,0,0,9,male,Caribbean Premier League,T20,RA Reifer,0,Barbados Tridents,Jamaica Tallawahs,2018-08-22,,6
d7725664,1148662,0,0,0,0,0,0,0,0,0,0,0,25,0,0,0,0,6,male,Caribbean Premier League,T20,RA Reifer,0,Barbados Tridents,St Kitts and Nevis Patriots,2018-08-25,,6
d7725664,1148664,10,1,14,1,0,0,0,0,0,9,0,20,1,0,0,0,4,male,Caribbean Premier League,T20,RA Reifer,caught,Barbados Tridents,Trinbago Knight Riders,2018-08-26,,6
d7725664,1168512,7,1,12,0,0,0,0,0,0,5,0,31,0,0,0,0,14,male,Ireland Tri-Nation Series,ODI,RA Reifer,lbw,West Indies,Bangladesh,2019-05-13,,6
d7725664,1168514,0,0,0,0,0,0,0,0,0,0,0,23,2,0,1,0,10,male,Ireland Tri-Nation Series,ODI,RA Reifer,0,West Indies,Bangladesh,2019-05-17,,6
d7725664,1185842,0,1,1,0,0,0,0,0,0,1,0,47,1,0,0,0,6,male,Caribbean Premier League,T20,RA Reifer,0,Barbados Tridents,Guyana Amazon Warriors,2019-09-08,,6
d7725664,1185853,4,1,2,1,0,0,0,0,0,1,0,11,1,0,0,0,2,male,Caribbean Premier League,T20,RA Reifer,caught,Barbados Tridents,St Lucia Zouks,2019-09-20,,6
d7725664,1185855,11,1,14,1,0,0,0,0,0,6,0,0,0,0,0,0,0,male,Caribbean Premier League,T20,RA Reifer,caught,Barbados Tridents,Guyana Amazon Warriors,2019-09-22,,6
d7725664,1185856,26,1,13,2,2,0,0,0,0,5,0,33,2,0,0,0,8,male,Caribbean Premier League,T20,RA Reifer,0,Barbados Tridents,Jamaica Tallawahs,2019-09-23,,6
d7725664,1185859,6,0,1,0,1,0,0,0,0,0,0,9,1,0,0,0,11,male,Caribbean Premier League,T20,RA Reifer,0,Barbados Tridents,Trinbago Knight Riders,2019-09-26,,6
d7725664,1185861,34,1,23,0,3,0,0,0,0,7,0,33,1,0,0,0,5,male,Caribbean Premier League,T20,RA Reifer,run out,Barbados Tridents,St Kitts and Nevis Patriots,2019-09-28,,6
d7725664,1185862,3,1,4,0,0,0,0,0,0,2,0,13,1,0,0,0,11,male,Caribbean Premier League,T20,RA Reifer,caught,Barbados Tridents,St Lucia Zouks,2019-09-29,,6
d7725664,1185864,0,0,0,0,0,0,0,0,0,0,0,24,1,0,0,0,8,male,Caribbean Premier League,T20,RA Reifer,0,Barbados Tridents,Trinbago Knight Riders,2019-10-02,,6
d7725664,1185867,0,1,1,0,0,1,0,0,0,1,0,26,0,0,0,0,7,male,Caribbean Premier League,T20,RA Reifer,0,Barbados Tridents,Guyana Amazon Warriors,2019-10-06,,6
d7725664,1185869,24,0,18,0,2,1,0,0,0,6,0,13,2,0,1,0,3,male,Caribbean Premier League,T20,RA Reifer,0,Barbados Tridents,Trinbago Knight Riders,2019-10-10,,6
d7725664,1185870,0,0,0,0,0,1,0,0,0,0,0,24,4,0,0,0,11,male,Caribbean Premier League,T20,RA Reifer,0,Barbados Tridents,Guyana Amazon Warriors,2019-10-12,,6
d7725664,1227866,2,1,8,0,0,0,0,0,0,6,0,28,0,0,0,0,5,male,Caribbean Premier League,T20,RA Reifer,caught,Barbados Tridents,St Kitts and Nevis Patriots,2020-08-18,,6
d7725664,1227869,1,1,2,0,0,0,0,0,0,1,0,13,1,0,0,0,2,male,Caribbean Premier League,T20,RA Reifer,0,Barbados Tridents,St Lucia Zouks,2020-08-20,,6
d7725664,1227873,0,0,0,0,0,1,0,0,0,0,0,47,1,1,0,0,7,male,Caribbean Premier League,T20,RA Reifer,0,Barbados Tridents,Trinbago Knight Riders,2020-08-23,,6
d7725664,1227875,5,0,6,1,0,0,0,0,0,4,0,18,0,0,0,0,4,male,Caribbean Premier League,T20,RA Reifer,0,Barbados Tridents,St Kitts and Nevis Patriots,2020-08-25,,6
d7725664,1227878,3,0,5,0,0,0,0,0,0,2,0,13,2,0,1,0,5,male,Caribbean Premier League,T20,RA Reifer,0,Barbados Tridents,Jamaica Tallawahs,2020-08-26,,6
d7725664,1227881,2,0,3,0,0,0,0,0,0,1,0,30,1,0,0,0,5,male,Caribbean Premier League,T20,RA Reifer,0,Barbados Tridents,Trinbago Knight Riders,2020-08-29,,6
d7725664,1227883,2,0,3,0,0,0,0,0,0,2,0,5,2,0,0,0,2,male,Caribbean Premier League,T20,RA Reifer,0,Barbados Tridents,St Lucia Zouks,2020-08-30,,6
d7725664,1227886,1,1,3,0,0,0,0,0,0,2,0,6,0,0,0,0,3,male,Caribbean Premier League,T20,RA Reifer,caught,Barbados Tridents,Guyana Amazon Warriors,2020-09-01,,6
d7725664,1227890,7,1,10,1,0,0,0,0,0,6,0,20,1,0,0,0,8,male,Caribbean Premier League,T20,RA Reifer,run out,Barbados Tridents,Guyana Amazon Warriors,2020-09-03,,6
d7725664,1244022,0,1,1,0,0,0,0,0,0,1,0,0,0,0,0,0,0,male,ICC Men's Cricket World Cup Super League,ODI,RA Reifer,lbw,West Indies,Bangladesh,2021-01-20,,6
d7725664,1244023,2,1,14,0,0,0,0,0,0,12,0,18,1,0,0,0,17,male,ICC Men's Cricket World Cup Super League,ODI,RA Reifer,lbw,West Indies,Bangladesh,2021-01-22,,6
d7725664,1244024,27,1,46,1,0,0,0,0,0,23,0,62,2,1,0,0,20,male,West Indies tour of Bangladesh,ODI,RA Reifer,0,West Indies,Bangladesh,2021-01-25,,6
d7725664,1269705,31,0,20,2,2,0,0,0,0,5,0,31,3,0,0,0,21,male,Caribbean Premier League,T20,RA Reifer,0,Barbados Royals,Jamaica Tallawahs,2021-08-28,,6
d7725664,1269709,11,1,15,1,0,0,0,0,0,7,0,28,0,0,0,0,10,male,Caribbean Premier League,T20,RA Reifer,0,Barbados Royals,Jamaica Tallawahs,2021-08-31,,6
d7725664,1269713,2,1,5,0,0,1,0,0,0,3,0,35,2,0,0,0,10,male,Caribbean Premier League,T20,RA Reifer,bowled,Barbados Royals,St Kitts and Nevis Patriots,2021-09-02,,6
d7725664,1269715,22,0,22,2,0,0,0,0,0,6,0,10,0,0,0,0,2,male,Caribbean Premier League,T20,RA Reifer,0,Barbados Royals,Guyana Amazon Warriors,2021-09-04,,6
d7725664,1269719,10,1,7,0,1,0,0,0,0,2,0,25,2,1,0,0,11,male,Caribbean Premier League,T20,RA Reifer,0,Barbados Royals,Guyana Amazon Warriors,2021-09-07,,6
d7725664,1269722,16,1,21,1,0,0,0,0,0,10,0,0,0,0,0,0,0,male,Caribbean Premier League,T20,RA Reifer,0,Barbados Royals,Trinbago Knight Riders,2021-09-09,,6
d7725664,1269727,0,0,0,0,0,1,0,0,0,0,0,43,0,0,0,0,5,male,Caribbean Premier League,T20,RA Reifer,0,Barbados Royals,St Lucia Kings,2021-09-12,,6
d7725664,1317147,13,2,30,2,0,0,0,0,0,24,0,17,0,0,0,1,22,male,Bangladesh tour of West Indies,Test,RA Reifer,caught,West Indies,Bangladesh,2022-06-16,2022-06-17,6
d7725664,1317148,22,1,41,3,0,1,0,0,0,32,0,6,0,0,0,1,15,male,Bangladesh tour of West Indies,Test,RA Reifer,bowled,West Indies,Bangladesh,2022-06-24,2022-06-25,6
d7725664,1323152,62,1,42,4,4,0,0,0,0,13,0,28,2,0,0,0,5,male,Caribbean Premier League,T20,RA Reifer,caught,Jamaica Tallawahs,St Lucia Kings,2022-09-07,,6
d7725664,1323155,28,1,28,4,0,0,0,0,0,13,0,0,0,0,0,0,0,male,Caribbean Premier League,T20,RA Reifer,0,Jamaica Tallawahs,Trinbago Knight Riders,2022-09-10,,6
d7725664,1323157,41,1,26,1,3,0,0,0,0,7,0,0,0,0,0,0,0,male,Caribbean Premier League,T20,RA Reifer,caught,Jamaica Tallawahs,Barbados Royals,2022-09-11,,6
d7725664,1323160,40,0,26,4,2,0,0,0,0,8,0,0,0,0,0,0,0,male,Caribbean Premier League,T20,RA Reifer,0,Jamaica Tallawahs,St Kitts and Nevis Patriots,2022-09-14,,6
d7725664,1323162,1,1,3,0,0,1,0,0,0,2,0,0,0,0,0,0,0,male,Caribbean Premier League,T20,RA Reifer,0,Jamaica Tallawahs,Barbados Royals,2022-09-15,,6
d7725664,1323164,0,1,2,0,0,0,0,0,0,2,0,0,0,0,0,0,0,male,Caribbean Premier League,T20,RA Reifer,0,Jamaica Tallawahs,Trinbago Knight Riders,2022-09-17,,6
d7725664,1323168,6,1,9,1,0,0,0,0,0,6,0,0,0,0,0,0,0,male,Caribbean Premier League,T20,RA Reifer,0,Jamaica Tallawahs,Guyana Amazon Warriors,2022-09-21,,6
d7725664,1323175,25,1,23,2,1,1,0,0,0,9,0,0,0,0,0,0,0,male,Caribbean Premier League,T20,RA Reifer,0,Jamaica Tallawahs,St Lucia Kings,2022-09-27,,6
d7725664,1323176,22,1,22,1,1,1,0,0,0,9,0,0,0,0,0,0,1,male,Caribbean Premier League,T20,RA Reifer,0,Jamaica Tallawahs,Guyana Amazon Warriors,2022-09-28,,6
d7725664,1323177,0,0,0,0,0,0,0,0,0,0,0,10,0,0,0,0,3,male,Caribbean Premier League,T20,RA Reifer,0,Jamaica Tallawahs,Barbados Royals,2022-09-30,,6
d7725664,1317482,19,1,25,0,0,0,0,0,0,8,0,0,0,0,0,0,0,male,West Indies tour of Australia,T20,RA Reifer,0,West Indies,Australia,2022-10-05,,6
d7725664,1346926,3,1,9,0,0,1,0,0,0,6,0,32,0,0,0,0,10,male,International League T20,T20,RA Reifer,0,Abu Dhabi Knight Riders,MI Emirates,2023-01-21,,6
d7725664,1350681,60,2,123,9,0,0,0,0,0,92,0,7,0,0,0,0,13,male,West Indies tour of Zimbabwe,Test,RA Reifer,caught,West Indies,Zimbabwe,2023-02-04,2023-02-05,6
d7725664,1350682,53,1,86,5,1,3,0,0,0,61,0,0,0,0,0,0,0,male,West Indies tour of Zimbabwe,Test,RA Reifer,0,West Indies,Zimbabwe,2023-02-12,2023-02-13,6
d7725664,1339599,70,2,163,8,0,1,0,0,0,124,0,0,0,0,0,0,0,male,West Indies tour of South Africa,Test,RA Reifer,caught,West Indies,South Africa,2023-02-28,2023-03-01,6
d7725664,1339600,15,2,36,3,0,0,0,0,0,30,0,36,1,0,0,0,49,male,West Indies tour of South Africa,Test,RA Reifer,caught,West Indies,South Africa,2023-03-08,2023-03-09,6
d7725664,1339605,0,0,0,0,0,0,0,0,0,0,0,42,1,0,0,0,7,male,West Indies tour of South Africa,T20,RA Reifer,0,West Indies,South Africa,2023-03-26,,6
d7725664,1339606,27,0,18,1,2,0,0,0,0,6,0,18,0,0,0,0,0,male,West Indies tour of South Africa,T20,RA Reifer,0,West Indies,South Africa,2023-03-28,,6
d7725664,1377007,15,1,30,0,0,0,0,0,0,17,0,16,1,1,0,0,12,male,West Indies tour of United Arab Emirates,ODI,RA Reifer,caught,West Indies,United Arab Emirates,2023-06-09,,6
d7725664,1381212,13,2,60,2,0,0,0,0,0,53,0,16,0,0,0,0,13,male,India tour of West Indies,Test,RA Reifer,0,West Indies,India,2023-07-12,2023-07-13,6
d7725664,1369558,16,1,18,0,1,0,0,0,0,8,0,0,0,0,0,0,0,male,Caribbean Premier League,T20,RA Reifer,caught,Jamaica Tallawahs,St Lucia Kings,2023-08-16,,6
d7725664,1369564,0,0,0,0,0,0,0,0,0,0,0,0,0,0,0,0,0,male,Caribbean Premier League,T20,RA Reifer,0,Jamaica Tallawahs,St Kitts and Nevis Patriots,2023-08-23,,6
d7725664,1369568,19,1,14,3,0,0,0,0,0,4,0,29,1,0,0,0,7,male,Caribbean Premier League,T20,RA Reifer,0,Jamaica Tallawahs,Guyana Amazon Warriors,2023-08-27,,6
d7725664,1369571,16,1,20,1,0,0,0,0,0,8,0,0,0,0,0,0,0,male,Caribbean Premier League,T20,RA Reifer,bowled,Jamaica Tallawahs,Barbados Royals,2023-08-31,,6
d7725664,1369574,17,1,20,2,0,0,0,0,0,10,0,0,0,0,0,0,0,male,Caribbean Premier League,T20,RA Reifer,0,Jamaica Tallawahs,Trinbago Knight Riders,2023-09-03,,6
d7725664,1369579,0,0,1,0,0,0,0,0,0,1,0,23,0,0,0,0,3,male,Caribbean Premier League,T20,RA Reifer,0,Jamaica Tallawahs,Trinbago Knight Riders,2023-09-09,,6
d7725664,1369582,20,0,14,3,0,0,0,0,0,4,0,0,0,0,0,0,0,male,Caribbean Premier League,T20,RA Reifer,0,Jamaica Tallawahs,Guyana Amazon Warriors,2023-09-13,,6
d7725664,1369584,28,1,24,2,1,2,0,0,0,9,0,0,0,0,0,0,0,male,Caribbean Premier League,T20,RA Reifer,0,Jamaica Tallawahs,St Kitts and Nevis Patriots,2023-09-16,,6
d7725664,1369586,0,0,0,0,0,0,0,0,0,0,0,0,0,0,0,0,0,male,Caribbean Premier League,T20,RA Reifer,0,Jamaica Tallawahs,St Lucia Kings,2023-09-17,,6
d7725664,1369588,30,0,34,1,1,0,0,0,0,14,0,9,0,0,0,0,13,male,Caribbean Premier League,T20,RA Reifer,0,Jamaica Tallawahs,St Lucia Kings,2023-09-19,,6
d7725664,1369590,0,1,2,0,0,0,0,0,0,2,0,35,1,0,0,0,3,male,Caribbean Premier League,T20,RA Reifer,0,Jamaica Tallawahs,Guyana Amazon Warriors,2023-09-22,,6
d7725664,1412288,1,0,3,0,0,0,0,0,0,2,0,21,2,1,0,0,6,male,Bangladesh Premier League,T20,RA Reifer,0,Comilla Victorians,Rangpur Riders,2024-01-30,,6
d7725664,1412291,4,0,5,0,0,1,0,0,0,2,0,4,1,0,0,0,5,male,Bangladesh Premier League,T20,RA Reifer,0,Comilla Victorians,Chattogram Challengers,2024-02-02,,6
d7725664,1412299,6,1,5,1,0,0,0,0,0,2,0,38,0,0,0,0,5,male,Bangladesh Premier League,T20,RA Reifer,caught,Comilla Victorians,Durdanto Dhaka,2024-02-09,,6
d7725664,1428684,14,1,5,0,2,2,0,0,0,1,0,12,1,0,0,0,2,male,Caribbean Premier League,T20,RA Reifer,run out,Guyana Amazon Warriors,St Kitts and Nevis Patriots,2024-09-04,,6
d7725664,1428693,16,0,17,1,0,0,0,0,0,5,0,50,3,0,0,0,11,male,Caribbean Premier League,T20,RA Reifer,0,Guyana Amazon Warriors,Barbados Royals,2024-09-14,,6
d7725664,1428700,5,1,17,1,0,0,0,0,0,15,0,0,0,0,0,0,0,male,Caribbean Premier League,T20,RA Reifer,caught,Guyana Amazon Warriors,Antigua and Barbuda Falcons,2024-09-21,,6
d7725664,1428709,0,0,0,0,0,0,0,0,0,0,0,0,0,0,0,0,0,male,Caribbean Premier League,T20,RA Reifer,0,Guyana Amazon Warriors,St Lucia Kings,2024-10-02,,6
d7725664,1428710,0,0,0,0,0,0,0,0,0,0,0,0,0,0,0,0,0,male,Caribbean Premier League,T20,RA Reifer,0,Guyana Amazon Warriors,Barbados Royals,2024-10-04,,6
d7725664,1428711,13,1,12,2,0,0,0,0,0,5,0,0,0,0,0,0,0,male,Caribbean Premier League,T20,RA Reifer,lbw,Guyana Amazon Warriors,St Lucia Kings,2024-10-06,,6
