player_id,match_id,runs_scored,player_out,balls_faced,fours_scored,sixes_scored,catches_taken,run_out_direct,run_out_throw,stumpings_done,dot_balls_as_batsman,order_seenballs_bowled,runs_conceded,wickets_taken,bowled_done,lbw_done,maidens,dot_balls_as_bowler,gender,series_name,match_type,name,out_kind,player_team,opposition_team,start_date,end_date,balls_per_over
33a50ecf,65235,40,0,18,5,1,0,0,0,0,2,0,14,0,0,0,0,6,male,ICC World Cup,ODI,RL Powell,0,West Indies,South Africa,2003-02-09,,6
33a50ecf,65242,14,1,14,1,1,1,0,0,0,8,0,0,0,0,0,0,0,male,ICC World Cup,ODI,RL Powell,bowled,West Indies,New Zealand,2003-02-13,,6
33a50ecf,65249,50,1,31,3,4,0,0,0,0,12,0,0,0,0,0,0,0,male,ICC World Cup,ODI,RL Powell,caught,West Indies,Bangladesh,2003-02-18,,6
33a50ecf,65256,0,0,0,0,0,0,1,0,0,0,0,0,0,0,0,0,0,male,ICC World Cup,ODI,RL Powell,0,West Indies,Canada,2003-02-23,,6
33a50ecf,65266,1,1,3,0,0,1,0,0,0,2,0,0,0,0,0,0,0,male,ICC World Cup,ODI,RL Powell,bowled,West Indies,Sri Lanka,2003-02-28,,6
33a50ecf,64820,37,1,37,5,1,1,0,0,0,23,0,0,0,0,0,0,0,male,Australia tour of West Indies,ODI,RL Powell,0,West Indies,Australia,2003-05-17,,6
33a50ecf,64825,1,1,7,0,0,1,0,0,0,6,0,0,0,0,0,0,0,male,Australia tour of West Indies,ODI,RL Powell,0,West Indies,Australia,2003-05-30,,6
33a50ecf,64826,0,0,0,0,0,0,0,0,0,0,0,0,0,0,0,0,0,male,Australia tour of West Indies,ODI,RL Powell,0,West Indies,Australia,2003-06-01,,6
33a50ecf,64827,5,1,9,0,0,0,0,0,0,6,0,0,0,0,0,0,0,male,Sri Lanka tour of West Indies,ODI,RL Powell,0,West Indies,Sri Lanka,2003-06-07,,6
33a50ecf,64829,16,0,23,0,1,0,0,0,0,17,0,0,0,0,0,0,0,male,Sri Lanka tour of West Indies,ODI,RL Powell,0,West Indies,Sri Lanka,2003-06-11,,6
33a50ecf,64848,6,1,18,1,0,0,0,0,0,15,0,0,0,0,0,0,0,male,West Indies tour of Zimbabwe,ODI,RL Powell,caught,West Indies,Zimbabwe,2003-11-23,,6
33a50ecf,64849,0,1,1,0,0,1,0,0,0,1,0,35,1,1,0,0,13,male,West Indies tour of Zimbabwe,ODI,RL Powell,0,West Indies,Zimbabwe,2003-11-26,,6
33a50ecf,64851,0,0,0,0,0,1,0,0,0,0,0,30,0,0,0,0,15,male,West Indies tour of Zimbabwe,ODI,RL Powell,0,West Indies,Zimbabwe,2003-11-29,,6
33a50ecf,64852,12,0,12,3,0,3,1,0,0,9,0,33,1,0,0,0,24,male,West Indies tour of Zimbabwe,ODI,RL Powell,0,West Indies,Zimbabwe,2003-11-30,,6
33a50ecf,64862,12,1,10,1,1,0,0,0,0,6,0,24,0,0,0,0,8,male,West Indies tour of South Africa,ODI,RL Powell,0,West Indies,South Africa,2004-01-25,,6
33a50ecf,64864,50,1,73,6,0,0,0,0,0,47,0,0,0,0,0,0,0,male,West Indies tour of South Africa,ODI,RL Powell,0,West Indies,South Africa,2004-01-30,,6
33a50ecf,64865,34,1,34,5,0,0,0,0,0,19,0,0,0,0,0,0,0,male,West Indies tour of South Africa,ODI,RL Powell,bowled,West Indies,South Africa,2004-02-01,,6
33a50ecf,64080,23,1,39,3,0,0,0,0,0,28,0,40,0,0,0,0,31,male,England tour of West Indies,Test,RL Powell,0,West Indies,England,2004-04-10,2004-04-11,6
33a50ecf,64889,8,0,27,1,0,0,0,0,0,23,0,0,0,0,0,0,0,male,England tour of West Indies,ODI,RL Powell,0,West Indies,England,2004-04-24,,6
33a50ecf,64894,38,1,32,5,1,0,0,0,0,14,0,9,1,0,0,0,5,male,England tour of West Indies,ODI,RL Powell,caught,West Indies,England,2004-05-02,,6
33a50ecf,64896,52,1,65,6,0,0,0,0,0,38,0,0,0,0,0,0,0,male,Bangladesh tour of West Indies,ODI,RL Powell,0,West Indies,Bangladesh,2004-05-15,,6
33a50ecf,64897,20,1,28,0,0,0,0,0,0,13,0,0,0,0,0,0,0,male,Bangladesh tour of West Indies,ODI,RL Powell,0,West Indies,Bangladesh,2004-05-16,,6
33a50ecf,64898,17,1,13,3,0,0,0,0,0,6,0,17,0,0,0,0,6,male,Bangladesh tour of West Indies,ODI,RL Powell,0,West Indies,Bangladesh,2004-05-19,,6
33a50ecf,66304,0,0,0,0,0,0,0,0,0,0,0,0,0,0,0,0,0,male,NatWest Series,ODI,RL Powell,0,West Indies,England,2004-06-27,,6
33a50ecf,66306,36,1,37,3,1,0,0,0,0,17,0,0,0,0,0,0,0,male,NatWest Series,ODI,RL Powell,bowled,West Indies,England,2004-07-01,,6
33a50ecf,66309,33,0,22,3,1,0,0,0,0,7,0,0,0,0,0,0,0,male,NatWest Series,ODI,RL Powell,0,West Indies,England,2004-07-06,,6
33a50ecf,66311,18,1,25,2,0,1,0,0,0,14,0,0,0,0,0,0,0,male,NatWest Series,ODI,RL Powell,0,West Indies,New Zealand,2004-07-10,,6
33a50ecf,66206,16,1,11,0,2,1,0,0,0,6,0,11,0,0,0,0,7,male,ICC Champions Trophy,ODI,RL Powell,0,West Indies,South Africa,2004-09-18,2004-09-19,6
33a50ecf,66209,6,0,13,1,0,0,0,0,0,10,0,0,0,0,0,0,0,male,ICC Champions Trophy,ODI,RL Powell,0,West Indies,Pakistan,2004-09-22,,6
33a50ecf,66210,14,1,16,2,0,0,0,0,0,9,0,0,0,0,0,0,0,male,ICC Champions Trophy,ODI,RL Powell,caught,West Indies,England,2004-09-25,,6
33a50ecf,65659,0,1,2,0,0,0,0,0,0,2,0,0,0,0,0,0,0,male,VB Series,ODI,RL Powell,0,West Indies,Pakistan,2005-01-19,,6
33a50ecf,65665,23,1,27,3,0,0,0,0,0,17,0,0,0,0,0,0,0,male,VB Series,ODI,RL Powell,0,West Indies,Pakistan,2005-02-01,,6
33a50ecf,214742,1,1,3,0,0,0,0,0,0,2,0,0,0,0,0,0,0,male,Indian Oil Cup,ODI,RL Powell,bowled,West Indies,India,2005-07-31,,6
33a50ecf,214852,2,1,11,0,0,0,0,0,0,9,0,10,0,0,0,0,1,male,Indian Oil Cup,ODI,RL Powell,bowled,West Indies,Sri Lanka,2005-08-02,,6
33a50ecf,215134,8,0,4,1,0,0,0,0,0,1,0,0,0,0,0,0,0,male,Indian Oil Cup,ODI,RL Powell,0,West Indies,Sri Lanka,2005-08-06,,6
