player_id,match_id,runs_scored,player_out,balls_faced,fours_scored,sixes_scored,catches_taken,run_out_direct,run_out_throw,stumpings_done,dot_balls_as_batsman,order_seenballs_bowled,runs_conceded,wickets_taken,bowled_done,lbw_done,maidens,dot_balls_as_bowler,gender,series_name,match_type,name,out_kind,player_team,opposition_team,start_date,end_date,balls_per_over
69362253,237568,5,1,5,0,0,1,0,0,0,1,0,33,1,0,0,0,11,male,West Indies in New Zealand ODI Series,ODI,RN Lewis,run out,West Indies,New Zealand,2006-02-18,,6
69362253,238176,0,0,0,0,0,0,0,0,0,0,0,29,1,0,0,0,20,male,West Indies in New Zealand ODI Series,ODI,RN Lewis,0,West Indies,New Zealand,2006-02-22,,6
69362253,238177,10,1,25,0,0,0,0,0,0,16,0,0,0,0,0,0,0,male,West Indies in New Zealand ODI Series,ODI,RN Lewis,0,West Indies,New Zealand,2006-02-25,,6
69362253,238179,0,0,0,0,0,0,0,0,0,0,0,0,0,0,0,0,0,male,West Indies in New Zealand ODI Series,ODI,RN Lewis,0,West Indies,New Zealand,2006-03-04,,6
69362253,317578,14,1,7,1,1,0,0,0,0,3,0,50,0,0,0,0,27,male,West Indies in Zimbabwe ODI Series,ODI,RN Lewis,caught,West Indies,Zimbabwe,2007-11-30,,6
69362253,317579,19,1,18,0,1,0,0,0,0,6,0,44,3,0,0,0,30,male,West Indies in Zimbabwe ODI Series,ODI,RN Lewis,0,West Indies,Zimbabwe,2007-12-02,,6
69362253,317581,0,0,0,0,0,0,0,0,0,0,0,38,0,0,0,0,25,male,West Indies in Zimbabwe ODI Series,ODI,RN Lewis,0,West Indies,Zimbabwe,2007-12-07,,6
69362253,298802,1,2,10,0,0,0,0,0,0,9,0,68,3,0,0,4,89,male,Sir Vivian Richards Trophy,Test,RN Lewis,caught,West Indies,South Africa,2008-01-02,2008-01-03,6
69362253,298804,0,1,4,0,0,1,0,0,0,4,0,9,0,0,0,0,2,male,West Indies in South Africa T20I Series,T20,RN Lewis,caught,West Indies,South Africa,2008-01-18,,6
69362253,298808,15,1,9,1,0,0,0,0,0,2,0,35,0,0,0,0,9,male,West Indies in South Africa ODI Series,ODI,RN Lewis,bowled,West Indies,South Africa,2008-02-01,,6
69362253,298809,28,0,19,0,3,0,0,0,0,8,0,18,0,0,0,0,8,male,West Indies in South Africa ODI Series,ODI,RN Lewis,0,West Indies,South Africa,2008-02-03,,6
69362253,401073,21,1,25,0,1,1,0,0,0,14,0,35,1,0,0,0,23,male,Bangladesh in West Indies ODI Series,ODI,RN Lewis,0,West Indies,Bangladesh,2009-07-26,,6
69362253,401074,22,1,20,0,2,0,0,0,0,8,0,53,1,0,0,0,25,male,Bangladesh in West Indies ODI Series,ODI,RN Lewis,0,West Indies,Bangladesh,2009-07-28,,6
