player_id,match_id,runs_scored,player_out,balls_faced,fours_scored,sixes_scored,catches_taken,run_out_direct,run_out_throw,stumpings_done,dot_balls_as_batsman,order_seenballs_bowled,runs_conceded,wickets_taken,bowled_done,lbw_done,maidens,dot_balls_as_bowler,gender,series_name,match_type,name,out_kind,player_team,opposition_team,start_date,end_date,balls_per_over
684a56df,743137,0,0,0,0,0,0,0,0,0,0,0,21,1,0,0,0,9,male,Caribbean Premier League,T20,RR Beaton,0,Guyana Amazon Warriors,Antigua Hawksbills,2014-07-11,,6
684a56df,743149,0,0,0,0,0,0,0,0,0,0,0,30,1,1,0,0,6,male,Caribbean Premier League,T20,RR Beaton,0,Guyana Amazon Warriors,St Lucia Zouks,2014-07-19,,6
684a56df,743153,0,0,0,0,0,0,0,0,0,0,0,27,2,1,0,0,12,male,Caribbean Premier League,T20,RR Beaton,0,Guyana Amazon Warriors,Jamaica Tallawahs,2014-07-20,,6
684a56df,743157,0,0,0,0,0,0,0,0,0,0,0,40,0,0,0,0,10,male,Caribbean Premier League,T20,RR Beaton,0,Guyana Amazon Warriors,Trinidad & Tobago Red Steel,2014-07-24,,6
684a56df,743163,0,0,0,0,0,0,0,0,0,0,0,27,1,1,0,0,13,male,Caribbean Premier League,T20,RR Beaton,0,Guyana Amazon Warriors,Barbados Tridents,2014-07-26,,6
684a56df,743171,0,0,0,0,0,0,0,0,0,0,0,27,0,0,0,0,10,male,Caribbean Premier League,T20,RR Beaton,0,Guyana Amazon Warriors,Jamaica Tallawahs,2014-08-02,,6
684a56df,743179,0,0,0,0,0,0,0,0,0,0,0,48,0,0,0,0,5,male,Caribbean Premier League,T20,RR Beaton,0,Guyana Amazon Warriors,Antigua Hawksbills,2014-08-07,,6
684a56df,743187,0,0,0,0,0,0,0,0,0,0,0,43,0,0,0,0,10,male,Caribbean Premier League,T20,RR Beaton,0,Guyana Amazon Warriors,St Lucia Zouks,2014-08-10,,6
684a56df,743193,0,0,0,0,0,0,0,0,0,0,0,41,0,0,0,0,11,male,Caribbean Premier League,T20,RR Beaton,0,Guyana Amazon Warriors,Jamaica Tallawahs,2014-08-14,,6
684a56df,743195,0,0,0,0,0,0,0,0,0,0,0,33,0,0,0,0,6,male,Caribbean Premier League,T20,RR Beaton,0,Guyana Amazon Warriors,Barbados Tridents,2014-08-16,,6
684a56df,857703,0,0,0,0,0,0,0,0,0,0,0,27,0,0,0,0,14,male,Caribbean Premier League,T20,RR Beaton,0,Guyana Amazon Warriors,Barbados Tridents,2015-06-20,,6
684a56df,857713,0,0,0,0,0,0,0,0,0,0,0,42,2,0,1,0,9,male,Caribbean Premier League,T20,RR Beaton,0,Guyana Amazon Warriors,St Lucia Zouks,2015-06-26,,6
684a56df,857723,0,0,0,0,0,0,0,0,0,0,0,39,3,0,0,0,10,male,Caribbean Premier League,T20,RR Beaton,0,Guyana Amazon Warriors,St Kitts and Nevis Patriots,2015-07-03,,6
684a56df,857729,3,1,4,0,0,1,0,0,0,2,0,8,0,0,0,0,3,male,Caribbean Premier League,T20,RR Beaton,0,Guyana Amazon Warriors,Trinidad & Tobago Red Steel,2015-07-04,,6
684a56df,857735,0,0,0,0,0,1,0,0,0,0,0,27,2,0,0,0,9,male,Caribbean Premier League,T20,RR Beaton,0,Guyana Amazon Warriors,St Kitts and Nevis Patriots,2015-07-08,,6
684a56df,857745,0,0,0,0,0,2,0,0,0,0,0,10,4,1,0,0,9,male,Caribbean Premier League,T20,RR Beaton,0,Guyana Amazon Warriors,Jamaica Tallawahs,2015-07-12,,6
684a56df,1025983,0,0,0,0,0,0,0,0,0,0,0,33,0,0,0,0,6,male,Caribbean Premier League,T20,RR Beaton,0,Trinbago Knight Riders,St Lucia Zouks,2016-06-29,,6
684a56df,1025985,0,0,0,0,0,2,0,0,0,0,0,23,0,0,0,0,9,male,Caribbean Premier League,T20,RR Beaton,0,Trinbago Knight Riders,Barbados Tridents,2016-07-01,,6
684a56df,1025987,0,0,0,0,0,0,0,0,0,0,0,14,0,0,0,0,5,male,Caribbean Premier League,T20,RR Beaton,0,Trinbago Knight Riders,Guyana Amazon Warriors,2016-07-02,,6
684a56df,1025989,0,0,0,0,0,0,0,0,0,0,0,39,0,0,0,0,10,male,Caribbean Premier League,T20,RR Beaton,0,Trinbago Knight Riders,Jamaica Tallawahs,2016-07-04,,6
684a56df,1019647,0,0,0,0,0,0,0,0,0,0,0,26,0,0,0,0,14,male,Caribbean Premier League,T20,RR Beaton,0,Trinbago Knight Riders,Barbados Tridents,2016-07-16,,6
684a56df,1019773,9,0,12,1,0,1,0,0,0,7,0,26,0,0,0,0,18,male,Caribbean Premier League,T20,RR Beaton,0,Trinbago Knight Riders,Jamaica Tallawahs,2016-07-18,,6
684a56df,1011503,0,0,0,0,0,1,0,0,0,0,0,25,1,0,0,0,14,male,Caribbean Premier League,T20,RR Beaton,0,Trinbago Knight Riders,St Lucia Zouks,2016-07-26,,6
684a56df,994679,7,1,7,1,0,0,0,0,0,3,0,46,0,0,0,0,10,male,Caribbean Premier League,T20,RR Beaton,0,Trinbago Knight Riders,St Kitts and Nevis Patriots,2016-07-29,,6
684a56df,994685,0,0,0,0,0,0,0,0,0,0,0,35,0,0,0,0,8,male,Caribbean Premier League,T20,RR Beaton,0,Trinbago Knight Riders,St Kitts and Nevis Patriots,2016-07-31,,6
684a56df,1025667,0,0,0,0,0,0,0,0,0,0,0,23,3,1,0,0,12,male,Caribbean Premier League,T20,RR Beaton,0,Trinbago Knight Riders,St Lucia Zouks,2016-08-04,,6
684a56df,1025669,0,0,0,0,0,0,0,0,0,0,0,58,0,0,0,0,11,male,Caribbean Premier League,T20,RR Beaton,0,Trinbago Knight Riders,Jamaica Tallawahs,2016-08-05,,6
684a56df,1063084,0,0,0,0,0,1,0,0,0,0,0,30,2,0,0,0,13,male,Bangladesh Premier League,T20,RR Beaton,0,Dhaka Dynamites,Chittagong Vikings,2016-12-02,,6
684a56df,1063088,0,0,0,0,0,1,0,0,0,0,0,35,0,0,0,0,15,male,Bangladesh Premier League,T20,RR Beaton,0,Dhaka Dynamites,Khulna Titans,2016-12-04,,6
684a56df,1094672,0,0,0,0,0,0,0,0,0,0,0,29,1,0,0,0,13,male,Caribbean Premier League,T20,RR Beaton,0,Trinbago Knight Riders,St Lucia Stars,2017-08-04,,6
684a56df,1094677,0,0,0,0,0,1,0,0,0,0,0,10,0,0,0,0,2,male,Caribbean Premier League,T20,RR Beaton,0,Trinbago Knight Riders,St Lucia Stars,2017-08-07,,6
684a56df,1094682,0,0,0,0,0,0,0,0,0,0,0,25,2,0,0,0,11,male,Caribbean Premier League,T20,RR Beaton,0,Trinbago Knight Riders,Barbados Tridents,2017-08-12,,6
684a56df,1094684,0,0,0,0,0,0,0,0,0,0,0,31,0,0,0,0,14,male,Caribbean Premier League,T20,RR Beaton,0,Trinbago Knight Riders,St Kitts and Nevis Patriots,2017-08-14,,6
684a56df,1094688,0,0,0,0,0,1,0,0,0,0,0,28,1,0,0,0,13,male,Caribbean Premier League,T20,RR Beaton,0,Trinbago Knight Riders,Guyana Amazon Warriors,2017-08-19,,6
684a56df,1094693,0,0,0,0,0,0,0,0,0,0,0,41,1,0,0,0,7,male,Caribbean Premier League,T20,RR Beaton,0,Trinbago Knight Riders,St Kitts and Nevis Patriots,2017-08-23,,6
684a56df,1094695,0,0,0,0,0,0,0,0,0,0,0,29,1,0,1,0,12,male,Caribbean Premier League,T20,RR Beaton,0,Trinbago Knight Riders,Jamaica Tallawahs,2017-08-26,,6
684a56df,1094702,13,0,11,1,1,0,0,0,0,6,0,22,2,0,0,1,17,male,Caribbean Premier League,T20,RR Beaton,0,Trinbago Knight Riders,St Kitts and Nevis Patriots,2017-09-05,,6
684a56df,1094704,0,0,0,0,0,0,0,0,0,0,0,30,2,1,0,0,7,male,Caribbean Premier League,T20,RR Beaton,0,Trinbago Knight Riders,Guyana Amazon Warriors,2017-09-07,,6
684a56df,1094705,0,0,0,0,0,0,0,0,0,0,0,28,1,1,0,0,10,male,Caribbean Premier League,T20,RR Beaton,0,Trinbago Knight Riders,St Kitts and Nevis Patriots,2017-09-09,,6
684a56df,1115795,3,1,29,0,0,0,0,0,0,26,0,42,0,0,0,1,34,male,West Indies tour of New Zealand,ODI,RR Beaton,0,West Indies,New Zealand,2017-12-20,,6
684a56df,1115796,12,0,25,2,0,0,0,0,0,20,0,60,1,0,0,0,18,male,West Indies tour of New Zealand,ODI,RR Beaton,0,West Indies,New Zealand,2017-12-23,,6
684a56df,1369587,0,0,0,0,0,0,0,0,0,0,0,43,0,0,0,0,7,male,Caribbean Premier League,T20,RR Beaton,0,Guyana Amazon Warriors,Barbados Royals,2023-09-17,,6
684a56df,1369590,0,0,0,0,0,1,0,0,0,0,0,11,1,0,0,0,13,male,Caribbean Premier League,T20,RR Beaton,0,Guyana Amazon Warriors,Jamaica Tallawahs,2023-09-22,,6
684a56df,1369591,0,0,0,0,0,1,0,0,0,0,0,31,1,0,0,0,13,male,Caribbean Premier League,T20,RR Beaton,0,Guyana Amazon Warriors,Trinbago Knight Riders,2023-09-24,,6
