player_id,match_id,runs_scored,player_out,balls_faced,fours_scored,sixes_scored,catches_taken,run_out_direct,run_out_throw,stumpings_done,dot_balls_as_batsman,order_seenballs_bowled,runs_conceded,wickets_taken,bowled_done,lbw_done,maidens,dot_balls_as_bowler,gender,series_name,match_type,name,out_kind,player_team,opposition_team,start_date,end_date,balls_per_over
e7de4f6b,267708,0,0,2,0,0,1,0,0,0,2,0,38,0,0,0,0,19,male,West Indies in India ODI Series,ODI,RR Emrit,0,West Indies,India,2007-01-27,,6
e7de4f6b,267709,13,1,33,1,0,0,0,0,0,23,0,70,0,0,0,0,25,male,West Indies in India ODI Series,ODI,RR Emrit,0,West Indies,India,2007-01-31,,6
e7de4f6b,635215,0,0,0,0,0,1,0,0,0,0,0,20,2,0,0,0,7,male,Caribbean Premier League,T20,RR Emrit,0,Barbados Tridents,St Lucia Zouks,2013-07-30,,6
e7de4f6b,635217,4,1,3,1,0,0,0,0,0,2,0,25,2,0,0,0,9,male,Caribbean Premier League,T20,RR Emrit,0,Barbados Tridents,Antigua Hawksbills,2013-08-01,,6
e7de4f6b,635219,0,0,0,0,0,0,0,0,0,0,0,7,0,0,0,0,7,male,Caribbean Premier League,T20,RR Emrit,0,Barbados Tridents,Trinidad & Tobago Red Steel,2013-08-03,,6
e7de4f6b,635227,0,1,1,0,0,0,0,0,0,1,0,27,3,0,0,0,12,male,Caribbean Premier League,T20,RR Emrit,0,Barbados Tridents,Guyana Amazon Warriors,2013-08-11,,6
e7de4f6b,635229,2,1,4,0,0,0,0,0,0,2,0,9,0,0,0,0,6,male,Caribbean Premier League,T20,RR Emrit,0,Barbados Tridents,Antigua Hawksbills,2013-08-13,,6
e7de4f6b,635232,0,0,0,0,0,0,0,0,0,0,0,18,0,0,0,0,9,male,Caribbean Premier League,T20,RR Emrit,0,Barbados Tridents,Jamaica Tallawahs,2013-08-17,,6
e7de4f6b,635237,0,0,0,0,0,0,0,0,0,0,0,20,0,0,0,0,4,male,Caribbean Premier League,T20,RR Emrit,0,Barbados Tridents,Jamaica Tallawahs,2013-08-23,,6
e7de4f6b,743139,0,0,0,0,0,0,0,0,0,0,0,18,0,0,0,0,3,male,Caribbean Premier League,T20,RR Emrit,0,Barbados Tridents,Trinidad & Tobago Red Steel,2014-07-12,,6
e7de4f6b,743147,0,0,0,0,0,0,0,0,0,0,0,25,1,0,0,0,4,male,Caribbean Premier League,T20,RR Emrit,0,Barbados Tridents,Antigua Hawksbills,2014-07-19,,6
e7de4f6b,743155,0,0,0,0,0,0,0,0,0,0,0,34,1,0,0,0,8,male,Caribbean Premier League,T20,RR Emrit,0,Barbados Tridents,St Lucia Zouks,2014-07-23,,6
e7de4f6b,743163,0,0,0,0,0,1,0,0,0,0,0,33,1,0,0,0,7,male,Caribbean Premier League,T20,RR Emrit,0,Barbados Tridents,Guyana Amazon Warriors,2014-07-26,,6
e7de4f6b,743169,0,0,0,0,0,0,0,0,0,0,0,14,0,0,0,0,6,male,Caribbean Premier League,T20,RR Emrit,0,Barbados Tridents,St Lucia Zouks,2014-07-31,,6
e7de4f6b,743175,0,0,0,0,0,0,0,0,0,0,0,35,3,0,0,0,11,male,Caribbean Premier League,T20,RR Emrit,0,Barbados Tridents,Jamaica Tallawahs,2014-08-03,,6
e7de4f6b,743181,0,0,0,0,0,1,0,0,0,0,0,23,3,0,0,0,11,male,Caribbean Premier League,T20,RR Emrit,0,Barbados Tridents,Trinidad & Tobago Red Steel,2014-08-07,,6
e7de4f6b,743189,0,0,1,0,0,1,0,0,0,1,0,29,2,0,0,0,9,male,Caribbean Premier League,T20,RR Emrit,0,Barbados Tridents,Jamaica Tallawahs,2014-08-10,,6
e7de4f6b,743195,0,0,0,0,0,1,0,0,0,0,0,27,1,0,0,0,7,male,Caribbean Premier League,T20,RR Emrit,0,Barbados Tridents,Guyana Amazon Warriors,2014-08-16,,6
e7de4f6b,857703,0,0,0,0,0,2,0,0,0,0,0,10,0,0,0,0,5,male,Caribbean Premier League,T20,RR Emrit,0,Barbados Tridents,Guyana Amazon Warriors,2015-06-20,,6
e7de4f6b,857707,0,0,0,0,0,0,0,0,0,0,0,30,2,0,0,0,13,male,Caribbean Premier League,T20,RR Emrit,0,Barbados Tridents,Jamaica Tallawahs,2015-06-23,,6
e7de4f6b,857711,0,0,0,0,0,0,0,0,0,0,0,17,0,0,0,0,4,male,Caribbean Premier League,T20,RR Emrit,0,Barbados Tridents,Trinidad & Tobago Red Steel,2015-06-25,,6
e7de4f6b,857715,0,0,0,0,0,0,0,0,0,0,0,29,2,0,0,0,8,male,Caribbean Premier League,T20,RR Emrit,0,Barbados Tridents,St Kitts and Nevis Patriots,2015-06-27,,6
e7de4f6b,857721,0,0,0,0,0,0,0,0,0,0,0,20,3,0,0,0,13,male,Caribbean Premier League,T20,RR Emrit,0,Barbados Tridents,St Lucia Zouks,2015-07-01,,6
e7de4f6b,857725,0,0,0,0,0,0,0,0,0,0,0,31,1,1,0,0,5,male,Caribbean Premier League,T20,RR Emrit,0,Barbados Tridents,St Lucia Zouks,2015-07-03,,6
e7de4f6b,857731,6,0,1,0,1,0,0,0,0,0,0,20,0,0,0,0,5,male,Caribbean Premier League,T20,RR Emrit,0,Barbados Tridents,St Kitts and Nevis Patriots,2015-07-06,,6
e7de4f6b,857743,0,0,0,0,0,0,0,0,0,0,0,14,1,1,0,0,13,male,Caribbean Premier League,T20,RR Emrit,0,Barbados Tridents,Jamaica Tallawahs,2015-07-11,,6
e7de4f6b,857751,14,1,14,1,0,0,0,0,0,3,0,31,0,0,0,0,11,male,Caribbean Premier League,T20,RR Emrit,0,Barbados Tridents,Trinidad & Tobago Red Steel,2015-07-16,,6
e7de4f6b,857757,21,1,21,1,1,0,0,0,0,10,0,20,1,0,0,0,14,male,Caribbean Premier League,T20,RR Emrit,0,Barbados Tridents,Guyana Amazon Warriors,2015-07-18,,6
e7de4f6b,857767,0,0,0,0,0,0,0,0,0,0,0,26,2,0,0,0,12,male,Caribbean Premier League,T20,RR Emrit,0,Barbados Tridents,Trinidad & Tobago Red Steel,2015-07-26,,6
e7de4f6b,935319,0,0,0,0,0,2,0,0,0,0,0,18,2,1,0,0,12,male,Bangladesh Premier League,T20,RR Emrit,0,Barisal Bulls,Rangpur Riders,2015-12-03,,6
e7de4f6b,935327,2,0,2,0,0,0,0,0,0,0,0,16,0,0,0,0,9,male,Bangladesh Premier League,T20,RR Emrit,0,Barisal Bulls,Comilla Victorians,2015-12-07,,6
e7de4f6b,935341,54,0,28,6,2,0,0,0,0,6,0,29,2,1,0,0,10,male,Bangladesh Premier League,T20,RR Emrit,0,Barisal Bulls,Dhaka Dynamites,2015-12-10,,6
e7de4f6b,935345,9,0,10,0,0,1,0,0,0,3,0,29,0,0,0,0,9,male,Bangladesh Premier League,T20,RR Emrit,0,Barisal Bulls,Dhaka Dynamites,2015-12-12,,6
e7de4f6b,935347,7,0,5,0,1,1,0,0,0,3,0,24,0,0,0,0,5,male,Bangladesh Premier League,T20,RR Emrit,0,Barisal Bulls,Rangpur Riders,2015-12-13,,6
e7de4f6b,935349,0,0,0,0,0,1,0,0,0,0,0,23,0,0,0,0,6,male,Bangladesh Premier League,T20,RR Emrit,0,Barisal Bulls,Comilla Victorians,2015-12-15,,6
e7de4f6b,994669,0,0,0,0,0,0,0,0,0,0,0,39,1,1,0,0,10,male,Caribbean Premier League,T20,RR Emrit,0,Guyana Amazon Warriors,St Kitts and Nevis Patriots,2016-06-30,,6
e7de4f6b,1025987,0,0,0,0,0,0,0,0,0,0,0,42,1,0,0,0,6,male,Caribbean Premier League,T20,RR Emrit,0,Guyana Amazon Warriors,Trinbago Knight Riders,2016-07-02,,6
e7de4f6b,1018873,12,1,8,0,1,0,0,0,0,3,0,32,2,1,0,0,9,male,Caribbean Premier League,T20,RR Emrit,0,Guyana Amazon Warriors,Trinbago Knight Riders,2016-07-10,,6
e7de4f6b,1019769,0,0,0,0,0,0,0,0,0,0,0,10,0,0,0,0,5,male,Caribbean Premier League,T20,RR Emrit,0,Guyana Amazon Warriors,Jamaica Tallawahs,2016-07-15,,6
e7de4f6b,1011501,1,0,2,0,0,0,0,0,0,1,0,12,0,0,0,0,5,male,Caribbean Premier League,T20,RR Emrit,0,Guyana Amazon Warriors,St Lucia Zouks,2016-07-24,,6
e7de4f6b,994677,0,0,0,0,0,0,0,0,0,0,0,24,2,0,0,0,10,male,Caribbean Premier League,T20,RR Emrit,0,Guyana Amazon Warriors,Barbados Tridents,2016-07-28,,6
e7de4f6b,994683,0,0,0,0,0,0,0,0,0,0,0,36,1,0,0,0,9,male,Caribbean Premier League,T20,RR Emrit,0,Guyana Amazon Warriors,Barbados Tridents,2016-07-30,,6
e7de4f6b,1025665,11,0,10,1,0,0,0,0,0,3,0,30,3,0,0,0,11,male,Caribbean Premier League,T20,RR Emrit,0,Guyana Amazon Warriors,Jamaica Tallawahs,2016-08-03,,6
e7de4f6b,1025671,0,1,2,0,0,0,0,0,0,2,0,13,1,0,0,0,10,male,Caribbean Premier League,T20,RR Emrit,0,Guyana Amazon Warriors,Jamaica Tallawahs,2016-08-07,,6
e7de4f6b,1063053,1,1,2,0,0,0,0,0,0,1,0,21,0,0,0,0,7,male,Bangladesh Premier League,T20,RR Emrit,0,Barisal Bulls,Dhaka Dynamites,2016-11-08,,6
e7de4f6b,1063057,0,0,0,0,0,0,0,0,0,0,0,20,1,0,0,0,10,male,Bangladesh Premier League,T20,RR Emrit,0,Barisal Bulls,Comilla Victorians,2016-11-11,,6
e7de4f6b,1063061,0,0,0,0,0,0,0,0,0,0,0,34,1,1,0,0,9,male,Bangladesh Premier League,T20,RR Emrit,0,Barisal Bulls,Rajshahi Kings,2016-11-13,,6
e7de4f6b,1063049,0,0,0,0,0,0,0,0,0,0,0,31,0,0,0,0,2,male,Bangladesh Premier League,T20,RR Emrit,0,Barisal Bulls,Chittagong Vikings,2016-11-14,,6
e7de4f6b,1063064,9,1,5,0,1,0,0,0,0,3,0,25,1,0,0,0,11,male,Bangladesh Premier League,T20,RR Emrit,bowled,Barisal Bulls,Rangpur Riders,2016-11-17,,6
e7de4f6b,1063052,14,1,10,1,1,0,0,0,0,4,0,30,1,1,0,0,8,male,Bangladesh Premier League,T20,RR Emrit,0,Barisal Bulls,Khulna Titans,2016-11-20,,6
e7de4f6b,1063072,6,1,14,1,0,0,0,0,0,11,0,42,1,0,0,0,6,male,Bangladesh Premier League,T20,RR Emrit,lbw,Barisal Bulls,Chittagong Vikings,2016-11-22,,6
e7de4f6b,1063082,0,0,0,0,0,0,0,0,0,0,0,29,3,0,0,0,13,male,Bangladesh Premier League,T20,RR Emrit,0,Barisal Bulls,Rajshahi Kings,2016-12-01,,6
e7de4f6b,1063083,1,1,4,0,0,0,0,0,0,3,0,32,1,0,1,0,5,male,Bangladesh Premier League,T20,RR Emrit,0,Barisal Bulls,Rangpur Riders,2016-12-03,,6
e7de4f6b,1076009,6,0,9,0,0,0,0,0,0,3,0,31,3,1,1,0,12,male,Pakistan Super League,T20,RR Emrit,0,Quetta Gladiators,Peshawar Zalmi,2017-03-05,,6
e7de4f6b,1094673,0,0,0,0,0,0,0,0,0,0,0,14,2,0,0,1,12,male,Caribbean Premier League,T20,RR Emrit,0,Guyana Amazon Warriors,St Kitts and Nevis Patriots,2017-08-05,,6
e7de4f6b,1094675,9,0,6,1,0,0,0,0,0,1,0,24,0,0,0,0,11,male,Caribbean Premier League,T20,RR Emrit,0,Guyana Amazon Warriors,St Kitts and Nevis Patriots,2017-08-06,,6
e7de4f6b,1094680,11,0,6,1,0,0,0,0,0,1,0,44,0,0,0,0,12,male,Caribbean Premier League,T20,RR Emrit,0,Guyana Amazon Warriors,Trinbago Knight Riders,2017-08-11,,6
e7de4f6b,1094683,0,0,0,0,0,0,0,0,0,0,0,36,4,0,0,0,13,male,Caribbean Premier League,T20,RR Emrit,0,Guyana Amazon Warriors,St Lucia Stars,2017-08-13,,6
e7de4f6b,1094686,0,0,0,0,0,0,0,0,0,0,0,26,2,1,0,0,9,male,Caribbean Premier League,T20,RR Emrit,0,Guyana Amazon Warriors,Jamaica Tallawahs,2017-08-17,,6
e7de4f6b,1094688,0,0,0,0,0,0,0,0,0,0,0,27,1,1,0,0,7,male,Caribbean Premier League,T20,RR Emrit,0,Guyana Amazon Warriors,Trinbago Knight Riders,2017-08-19,,6
e7de4f6b,1094690,1,0,1,0,0,0,0,0,0,0,0,36,0,0,0,0,7,male,Caribbean Premier League,T20,RR Emrit,0,Guyana Amazon Warriors,Barbados Tridents,2017-08-20,,6
e7de4f6b,1094692,0,0,0,0,0,0,0,0,0,0,0,26,2,0,0,0,11,male,Caribbean Premier League,T20,RR Emrit,0,Guyana Amazon Warriors,St Lucia Stars,2017-08-22,,6
e7de4f6b,1094696,6,1,2,1,0,0,0,0,0,0,0,11,0,0,0,0,6,male,Caribbean Premier League,T20,RR Emrit,run out,Guyana Amazon Warriors,Barbados Tridents,2017-08-29,,6
e7de4f6b,1094699,0,0,0,0,0,0,0,0,0,0,0,30,2,0,0,1,12,male,Caribbean Premier League,T20,RR Emrit,0,Guyana Amazon Warriors,Jamaica Tallawahs,2017-09-01,,6
e7de4f6b,1094703,0,0,0,0,0,1,0,0,0,0,0,26,1,0,0,0,11,male,Caribbean Premier League,T20,RR Emrit,0,Guyana Amazon Warriors,Jamaica Tallawahs,2017-09-06,,6
e7de4f6b,1094704,0,0,0,0,0,0,0,0,0,0,0,30,1,0,0,0,11,male,Caribbean Premier League,T20,RR Emrit,0,Guyana Amazon Warriors,Trinbago Knight Riders,2017-09-07,,6
e7de4f6b,1121273,1,0,1,0,0,0,0,0,0,0,0,24,1,0,0,0,10,male,Bangladesh Premier League,T20,RR Emrit,0,Chittagong Vikings,Dhaka Dynamites,2017-11-27,,6
e7de4f6b,1121277,1,1,3,0,0,0,0,0,0,2,0,27,0,0,0,0,8,male,Bangladesh Premier League,T20,RR Emrit,caught,Chittagong Vikings,Rajshahi Kings,2017-11-29,,6
e7de4f6b,1121281,2,1,7,0,0,0,0,0,0,5,0,0,0,0,0,0,0,male,Bangladesh Premier League,T20,RR Emrit,0,Chittagong Vikings,Sylhet Sixers,2017-12-03,,6
e7de4f6b,1121284,0,0,0,0,0,0,0,0,0,0,0,30,1,0,0,0,11,male,Bangladesh Premier League,T20,RR Emrit,0,Chittagong Vikings,Rajshahi Kings,2017-12-05,,6
e7de4f6b,1115800,5,1,6,0,0,0,0,0,0,2,0,42,1,0,0,0,5,male,West Indies tour of New Zealand,T20,RR Emrit,lbw,West Indies,New Zealand,2018-01-03,,6
e7de4f6b,1140069,11,1,20,0,1,0,0,0,0,14,0,43,1,0,1,0,6,male,West Indies tour of Pakistan,T20,RR Emrit,0,West Indies,Pakistan,2018-04-01,,6
e7de4f6b,1140070,1,1,1,0,0,0,0,0,0,0,0,48,1,0,0,0,8,male,West Indies tour of Pakistan,T20,RR Emrit,run out,West Indies,Pakistan,2018-04-02,,6
e7de4f6b,1140071,0,0,0,0,0,0,0,0,0,0,0,28,1,0,0,0,11,male,West Indies tour of Pakistan,T20,RR Emrit,0,West Indies,Pakistan,2018-04-03,,6
e7de4f6b,1148648,0,0,0,0,0,0,0,0,0,0,0,37,0,0,0,0,7,male,Caribbean Premier League,T20,RR Emrit,0,Guyana Amazon Warriors,St Kitts and Nevis Patriots,2018-08-09,,6
e7de4f6b,1148650,0,0,0,0,0,0,0,0,0,0,0,26,3,1,0,0,11,male,Caribbean Premier League,T20,RR Emrit,0,Guyana Amazon Warriors,St Lucia Stars,2018-08-11,,6
e7de4f6b,1148652,1,0,1,0,0,1,0,0,0,0,0,48,0,0,0,0,6,male,Caribbean Premier League,T20,RR Emrit,0,Guyana Amazon Warriors,Barbados Tridents,2018-08-12,,6
e7de4f6b,1148657,7,0,2,0,1,0,0,0,0,0,0,35,1,0,0,0,6,male,Caribbean Premier League,T20,RR Emrit,0,Guyana Amazon Warriors,Jamaica Tallawahs,2018-08-18,,6
e7de4f6b,1148661,17,1,12,0,1,0,0,0,0,1,0,23,0,0,0,0,2,male,Caribbean Premier League,T20,RR Emrit,run out,Guyana Amazon Warriors,St Lucia Stars,2018-08-24,,6
e7de4f6b,1148665,0,0,0,0,0,0,0,0,0,0,0,56,0,0,0,0,6,male,Caribbean Premier League,T20,RR Emrit,0,Guyana Amazon Warriors,St Kitts and Nevis Patriots,2018-08-28,,6
e7de4f6b,1148668,0,0,0,0,0,0,0,0,0,0,0,37,0,0,0,0,8,male,Caribbean Premier League,T20,RR Emrit,0,Guyana Amazon Warriors,Barbados Tridents,2018-08-31,,6
e7de4f6b,1148673,2,1,4,0,0,0,0,0,0,2,0,40,0,0,0,0,4,male,Caribbean Premier League,T20,RR Emrit,0,Guyana Amazon Warriors,Trinbago Knight Riders,2018-09-05,,6
e7de4f6b,1148676,0,0,0,0,0,0,0,0,0,0,0,26,2,1,0,0,17,male,Caribbean Premier League,T20,RR Emrit,0,Guyana Amazon Warriors,Trinbago Knight Riders,2018-09-09,,6
e7de4f6b,1148677,1,1,2,0,0,0,0,0,0,1,0,22,2,0,0,0,14,male,Caribbean Premier League,T20,RR Emrit,0,Guyana Amazon Warriors,Trinbago Knight Riders,2018-09-11,,6
e7de4f6b,1148680,14,1,17,1,0,0,0,0,0,7,0,47,0,0,0,0,4,male,Caribbean Premier League,T20,RR Emrit,0,Guyana Amazon Warriors,Trinbago Knight Riders,2018-09-16,,6
e7de4f6b,1185837,1,1,2,0,0,0,0,0,0,1,0,43,3,0,0,0,16,male,Caribbean Premier League,T20,RR Emrit,0,St Kitts and Nevis Patriots,Trinbago Knight Riders,2019-09-04,,6
e7de4f6b,1185840,0,0,0,0,0,0,0,0,0,0,0,27,0,0,0,0,8,male,Caribbean Premier League,T20,RR Emrit,0,St Kitts and Nevis Patriots,Guyana Amazon Warriors,2019-09-07,,6
e7de4f6b,1185843,0,0,0,0,0,0,0,0,0,0,0,48,0,0,0,0,10,male,Caribbean Premier League,T20,RR Emrit,0,St Kitts and Nevis Patriots,Jamaica Tallawahs,2019-09-10,,6
e7de4f6b,1185844,12,1,9,1,1,0,0,0,0,5,0,36,1,0,0,0,12,male,Caribbean Premier League,T20,RR Emrit,caught,St Kitts and Nevis Patriots,Barbados Tridents,2019-09-11,,6
e7de4f6b,1185847,2,0,2,0,0,0,0,0,0,0,0,15,1,0,0,0,4,male,Caribbean Premier League,T20,RR Emrit,0,St Kitts and Nevis Patriots,Guyana Amazon Warriors,2019-09-14,,6
e7de4f6b,1185849,0,0,0,0,0,1,0,0,0,0,0,29,2,0,0,0,11,male,Caribbean Premier League,T20,RR Emrit,0,St Kitts and Nevis Patriots,St Lucia Zouks,2019-09-15,,6
e7de4f6b,1185850,21,0,11,1,2,0,0,0,0,5,0,48,0,0,0,0,5,male,Caribbean Premier League,T20,RR Emrit,0,St Kitts and Nevis Patriots,Trinbago Knight Riders,2019-09-17,,6
e7de4f6b,1185852,0,0,0,0,0,1,0,0,0,0,0,21,2,0,0,0,8,male,Caribbean Premier League,T20,RR Emrit,0,St Kitts and Nevis Patriots,Jamaica Tallawahs,2019-09-19,,6
e7de4f6b,1185857,18,1,10,0,2,0,0,0,0,3,0,42,0,0,0,0,7,male,Caribbean Premier League,T20,RR Emrit,caught,St Kitts and Nevis Patriots,St Lucia Zouks,2019-09-24,,6
e7de4f6b,1185861,0,0,0,0,0,0,0,0,0,0,0,24,2,0,0,0,15,male,Caribbean Premier League,T20,RR Emrit,0,St Kitts and Nevis Patriots,Barbados Tridents,2019-09-28,,6
e7de4f6b,1185868,2,0,2,0,0,0,0,0,0,0,0,21,1,0,0,1,12,male,Caribbean Premier League,T20,RR Emrit,0,St Kitts and Nevis Patriots,Trinbago Knight Riders,2019-10-06,,6
e7de4f6b,1208067,0,0,0,0,0,1,0,0,0,0,0,38,1,0,0,0,5,male,Bangladesh Premier League,T20,RR Emrit,0,Chattogram Challengers,Sylhet Thunder,2019-12-11,,6
e7de4f6b,1208070,1,1,4,0,0,0,0,0,0,3,0,18,0,0,0,0,1,male,Bangladesh Premier League,T20,RR Emrit,0,Chattogram Challengers,Khulna Tigers,2019-12-12,,6
e7de4f6b,1208107,0,0,0,0,0,0,0,0,0,0,0,20,0,0,0,0,8,male,Bangladesh Premier League,T20,RR Emrit,0,Chattogram Challengers,Rajshahi Royals,2020-01-11,,6
e7de4f6b,1208109,0,0,0,0,0,1,0,0,0,0,0,24,3,0,0,0,13,male,Bangladesh Premier League,T20,RR Emrit,0,Chattogram Challengers,Dhaka Platoon,2020-01-13,,6
e7de4f6b,1208111,3,1,8,0,0,2,0,0,0,5,0,41,2,0,0,0,15,male,Bangladesh Premier League,T20,RR Emrit,run out,Chattogram Challengers,Rajshahi Royals,2020-01-15,,6
e7de4f6b,1227866,0,0,0,0,0,1,0,0,0,0,0,22,2,0,0,0,16,male,Caribbean Premier League,T20,RR Emrit,0,St Kitts and Nevis Patriots,Barbados Tridents,2020-08-18,,6
e7de4f6b,1227868,17,1,19,2,0,0,0,0,0,8,0,31,3,1,1,0,5,male,Caribbean Premier League,T20,RR Emrit,caught,St Kitts and Nevis Patriots,Guyana Amazon Warriors,2020-08-19,,6
e7de4f6b,1227871,10,1,7,0,1,0,0,0,0,3,0,15,1,0,0,1,14,male,Caribbean Premier League,T20,RR Emrit,0,St Kitts and Nevis Patriots,St Lucia Zouks,2020-08-22,,6
e7de4f6b,1227875,0,0,0,0,0,1,0,0,0,0,0,25,1,0,0,0,15,male,Caribbean Premier League,T20,RR Emrit,0,St Kitts and Nevis Patriots,Barbados Tridents,2020-08-25,,6
e7de4f6b,1227879,16,1,17,1,1,1,0,0,0,9,0,14,0,0,0,0,10,male,Caribbean Premier League,T20,RR Emrit,0,St Kitts and Nevis Patriots,St Lucia Zouks,2020-08-27,,6
e7de4f6b,1227882,5,1,5,1,0,0,0,0,0,3,0,36,3,1,0,0,10,male,Caribbean Premier League,T20,RR Emrit,0,St Kitts and Nevis Patriots,Jamaica Tallawahs,2020-08-29,,6
e7de4f6b,1227884,0,0,0,0,0,0,0,0,0,0,0,18,0,0,0,0,8,male,Caribbean Premier League,T20,RR Emrit,0,St Kitts and Nevis Patriots,Guyana Amazon Warriors,2020-08-30,,6
e7de4f6b,1227887,13,0,10,0,1,0,0,0,0,4,0,32,0,0,0,0,13,male,Caribbean Premier League,T20,RR Emrit,0,St Kitts and Nevis Patriots,Trinbago Knight Riders,2020-09-02,,6
e7de4f6b,1227889,0,0,0,0,0,0,0,0,0,0,0,0,0,0,0,0,0,male,Caribbean Premier League,T20,RR Emrit,0,St Kitts and Nevis Patriots,Jamaica Tallawahs,2020-09-03,,6
e7de4f6b,1227893,15,1,20,0,1,0,0,0,0,11,0,14,1,0,0,0,6,male,Caribbean Premier League,T20,RR Emrit,bowled,St Kitts and Nevis Patriots,Trinbago Knight Riders,2020-09-06,,6
