player_id,match_id,runs_scored,player_out,balls_faced,fours_scored,sixes_scored,catches_taken,run_out_direct,run_out_throw,stumpings_done,dot_balls_as_batsman,order_seenballs_bowled,runs_conceded,wickets_taken,bowled_done,lbw_done,maidens,dot_balls_as_bowler,gender,series_name,match_type,name,out_kind,player_team,opposition_team,start_date,end_date,balls_per_over
36d33dd0,65235,32,0,15,2,2,1,0,0,0,1,0,0,0,0,0,0,0,male,ICC World Cup,ODI,RR Sarwan,0,West Indies,South Africa,2003-02-09,,6
36d33dd0,65242,75,1,100,7,0,0,0,0,0,55,0,0,0,0,0,0,0,male,ICC World Cup,ODI,RR Sarwan,bowled,West Indies,New Zealand,2003-02-13,,6
36d33dd0,65249,13,1,28,1,0,0,0,0,0,18,0,0,0,0,0,0,0,male,ICC World Cup,ODI,RR Sarwan,caught and bowled,West Indies,Bangladesh,2003-02-18,,6
36d33dd0,65256,42,0,34,9,0,0,0,0,0,19,0,0,0,0,0,0,0,male,ICC World Cup,ODI,RR Sarwan,0,West Indies,Canada,2003-02-23,,6
36d33dd0,65266,47,1,46,4,2,0,0,0,0,27,0,0,0,0,0,0,0,male,ICC World Cup,ODI,RR Sarwan,run out,West Indies,Sri Lanka,2003-02-28,,6
36d33dd0,64027,129,2,175,22,0,1,0,0,0,126,0,0,0,0,0,0,0,male,Australia tour of West Indies,Test,RR Sarwan,caught and bowled,West Indies,Australia,2003-05-09,2003-05-10,6
36d33dd0,64820,47,0,34,4,0,0,0,0,0,7,0,0,0,0,0,0,0,male,Australia tour of West Indies,ODI,RR Sarwan,0,West Indies,Australia,2003-05-17,,6
36d33dd0,64825,50,1,70,3,0,0,0,0,0,35,0,32,1,0,0,0,10,male,Australia tour of West Indies,ODI,RR Sarwan,0,West Indies,Australia,2003-05-30,,6
36d33dd0,64826,0,0,0,0,0,0,0,0,0,0,0,22,0,0,0,1,12,male,Australia tour of West Indies,ODI,RR Sarwan,0,West Indies,Australia,2003-06-01,,6
36d33dd0,64827,8,1,8,2,0,1,0,0,0,6,0,0,0,0,0,0,0,male,Sri Lanka tour of West Indies,ODI,RR Sarwan,0,West Indies,Sri Lanka,2003-06-07,,6
36d33dd0,64829,25,1,52,1,0,0,0,0,0,34,0,0,0,0,0,0,0,male,Sri Lanka tour of West Indies,ODI,RR Sarwan,0,West Indies,Sri Lanka,2003-06-11,,6
36d33dd0,64055,74,2,142,10,0,0,0,0,0,102,0,37,0,0,0,1,41,male,West Indies tour of Zimbabwe,Test,RR Sarwan,caught,West Indies,Zimbabwe,2003-11-12,2003-11-13,6
36d33dd0,64848,13,0,58,0,0,1,0,1,0,45,0,9,0,0,0,0,0,male,West Indies tour of Zimbabwe,ODI,RR Sarwan,0,West Indies,Zimbabwe,2003-11-23,,6
36d33dd0,64849,0,1,1,0,0,0,0,0,0,1,0,0,0,0,0,0,0,male,West Indies tour of Zimbabwe,ODI,RR Sarwan,0,West Indies,Zimbabwe,2003-11-26,,6
36d33dd0,64851,47,1,67,4,1,0,0,0,0,38,0,0,0,0,0,0,0,male,West Indies tour of Zimbabwe,ODI,RR Sarwan,caught,West Indies,Zimbabwe,2003-11-29,,6
36d33dd0,64852,0,0,0,0,0,1,0,0,0,0,0,0,0,0,0,0,0,male,West Indies tour of Zimbabwe,ODI,RR Sarwan,0,West Indies,Zimbabwe,2003-11-30,,6
36d33dd0,64063,29,2,87,4,0,1,1,0,0,76,0,84,0,0,0,0,68,male,West Indies tour of South Africa,Test,RR Sarwan,caught,West Indies,South Africa,2003-12-12,2003-12-13,6
36d33dd0,64862,5,1,12,1,0,0,0,0,0,10,0,0,0,0,0,0,0,male,West Indies tour of South Africa,ODI,RR Sarwan,lbw,West Indies,South Africa,2004-01-25,,6
36d33dd0,64864,29,1,39,3,0,0,0,0,0,21,0,0,0,0,0,0,0,male,West Indies tour of South Africa,ODI,RR Sarwan,0,West Indies,South Africa,2004-01-30,,6
36d33dd0,64865,77,0,104,6,0,0,0,0,0,51,0,15,1,1,0,0,5,male,West Indies tour of South Africa,ODI,RR Sarwan,0,West Indies,South Africa,2004-02-01,,6
36d33dd0,64080,90,1,166,8,1,1,0,0,0,117,0,44,2,0,0,2,86,male,England tour of West Indies,Test,RR Sarwan,0,West Indies,England,2004-04-10,2004-04-11,6
36d33dd0,64889,11,0,13,2,0,0,0,0,0,9,0,0,0,0,0,0,0,male,England tour of West Indies,ODI,RR Sarwan,0,West Indies,England,2004-04-24,,6
36d33dd0,64894,28,1,46,1,0,1,0,0,0,24,0,0,0,0,0,0,0,male,England tour of West Indies,ODI,RR Sarwan,bowled,West Indies,England,2004-05-02,,6
36d33dd0,64896,22,1,39,2,1,0,0,0,0,29,0,0,0,0,0,0,0,male,Bangladesh tour of West Indies,ODI,RR Sarwan,caught,West Indies,Bangladesh,2004-05-15,,6
36d33dd0,64897,18,1,18,1,0,1,0,0,0,6,0,0,0,0,0,0,0,male,Bangladesh tour of West Indies,ODI,RR Sarwan,caught,West Indies,Bangladesh,2004-05-16,,6
36d33dd0,64898,7,0,11,0,0,0,0,0,0,7,0,0,0,0,0,0,0,male,Bangladesh tour of West Indies,ODI,RR Sarwan,0,West Indies,Bangladesh,2004-05-19,,6
36d33dd0,66304,13,1,12,2,0,1,0,0,0,6,0,0,0,0,0,0,0,male,NatWest Series,ODI,RR Sarwan,caught,West Indies,England,2004-06-27,,6
36d33dd0,66306,46,1,80,4,0,0,0,0,0,52,0,0,0,0,0,0,0,male,NatWest Series,ODI,RR Sarwan,caught,West Indies,England,2004-07-01,,6
36d33dd0,66309,89,1,81,9,0,0,0,0,0,31,0,0,0,0,0,0,0,male,NatWest Series,ODI,RR Sarwan,caught,West Indies,England,2004-07-06,,6
36d33dd0,66311,19,0,30,2,0,1,0,0,0,19,0,33,2,0,0,0,12,male,NatWest Series,ODI,RR Sarwan,0,West Indies,New Zealand,2004-07-10,,6
36d33dd0,64094,153,2,250,26,0,0,0,0,0,187,0,49,0,0,0,0,41,male,West Indies tour of England,Test,RR Sarwan,caught,West Indies,England,2004-07-29,2004-07-30,6
36d33dd0,64096,9,2,19,1,0,2,0,0,0,14,0,22,0,0,0,0,29,male,West Indies tour of England,Test,RR Sarwan,0,West Indies,England,2004-08-19,2004-08-20,6
36d33dd0,66203,30,1,26,3,0,0,0,0,0,8,0,0,0,0,0,0,0,male,ICC Champions Trophy,ODI,RR Sarwan,run out,West Indies,Bangladesh,2004-09-15,,6
36d33dd0,66206,75,1,101,2,3,0,0,0,0,54,0,0,0,0,0,0,0,male,ICC Champions Trophy,ODI,RR Sarwan,bowled,West Indies,South Africa,2004-09-18,2004-09-19,6
36d33dd0,66209,56,0,88,6,1,1,0,0,0,63,0,0,0,0,0,0,0,male,ICC Champions Trophy,ODI,RR Sarwan,0,West Indies,Pakistan,2004-09-22,,6
36d33dd0,66210,5,1,7,1,0,0,0,0,0,5,0,0,0,0,0,0,0,male,ICC Champions Trophy,ODI,RR Sarwan,caught,West Indies,England,2004-09-25,,6
36d33dd0,65659,76,1,92,4,1,0,0,0,0,39,0,31,0,0,0,0,12,male,VB Series,ODI,RR Sarwan,caught,West Indies,Pakistan,2005-01-19,,6
36d33dd0,65660,27,1,39,4,0,0,0,0,0,24,0,0,0,0,0,0,0,male,VB Series,ODI,RR Sarwan,lbw,West Indies,Australia,2005-01-21,,6
36d33dd0,65662,39,1,63,3,1,0,0,0,0,42,0,0,0,0,0,0,0,male,VB Series,ODI,RR Sarwan,0,West Indies,Australia,2005-01-26,,6
36d33dd0,65665,87,1,95,9,1,0,0,0,0,48,0,0,0,0,0,0,0,male,VB Series,ODI,RR Sarwan,stumped,West Indies,Pakistan,2005-02-01,,6
36d33dd0,207334,10,2,25,1,0,0,0,0,0,20,0,7,0,0,0,0,2,male,South Africa tour of West Indies,Test,RR Sarwan,caught,West Indies,South Africa,2005-04-21,2005-04-22,6
36d33dd0,208321,127,1,279,14,2,0,0,0,0,218,0,5,0,0,0,0,8,male,South Africa tour of West Indies,Test,RR Sarwan,0,West Indies,South Africa,2005-04-29,2005-04-30,6
36d33dd0,208835,19,1,35,2,0,0,0,0,0,25,0,0,0,0,0,0,0,male,South Africa tour of West Indies,ODI,RR Sarwan,0,West Indies,South Africa,2005-05-08,,6
36d33dd0,209339,15,1,12,1,1,0,0,0,0,6,0,0,0,0,0,0,0,male,South Africa tour of West Indies,ODI,RR Sarwan,caught,West Indies,South Africa,2005-05-15,,6
36d33dd0,209582,9,1,31,0,0,1,0,0,0,24,0,0,0,0,0,0,0,male,Pakistan tour of West Indies,ODI,RR Sarwan,0,West Indies,Pakistan,2005-05-18,,6
36d33dd0,209768,4,1,5,0,0,0,0,0,0,2,0,0,0,0,0,0,0,male,Pakistan tour of West Indies,ODI,RR Sarwan,0,West Indies,Pakistan,2005-05-22,,6
36d33dd0,226120,34,2,81,6,0,2,0,0,0,67,0,4,0,0,0,0,3,male,West Indies tour of Australia,Test,RR Sarwan,caught,West Indies,Australia,2005-11-17,2005-11-18,6
36d33dd0,237568,56,1,85,3,0,0,0,0,0,45,0,0,0,0,0,0,0,male,West Indies in New Zealand ODI Series,ODI,RR Sarwan,caught,West Indies,New Zealand,2006-02-18,,6
36d33dd0,238176,14,1,22,2,0,0,0,0,0,15,0,0,0,0,0,0,0,male,West Indies in New Zealand ODI Series,ODI,RR Sarwan,0,West Indies,New Zealand,2006-02-22,,6
36d33dd0,238177,65,1,79,7,0,0,0,0,0,36,0,0,0,0,0,0,0,male,West Indies in New Zealand ODI Series,ODI,RR Sarwan,0,West Indies,New Zealand,2006-02-25,,6
36d33dd0,238178,42,1,40,2,1,1,0,0,0,16,0,20,0,0,0,0,5,male,West Indies in New Zealand ODI Series,ODI,RR Sarwan,run out,West Indies,New Zealand,2006-03-01,,6
36d33dd0,238180,66,2,126,9,0,0,0,0,0,97,0,0,0,0,0,0,0,male,West Indies tour of New Zealand,Test,RR Sarwan,0,West Indies,New Zealand,2006-03-09,2006-03-10,6
36d33dd0,239907,14,0,29,2,0,1,0,0,0,22,0,0,0,0,0,0,0,male,Zimbabwe in West Indies ODI Series,ODI,RR Sarwan,0,West Indies,Zimbabwe,2006-04-29,,6
36d33dd0,239908,55,1,61,3,2,0,0,0,0,29,0,0,0,0,0,0,0,male,Zimbabwe in West Indies ODI Series,ODI,RR Sarwan,0,West Indies,Zimbabwe,2006-04-30,,6
36d33dd0,239911,0,0,0,0,0,0,0,0,0,0,0,0,0,0,0,0,0,male,Zimbabwe in West Indies ODI Series,ODI,RR Sarwan,0,West Indies,Zimbabwe,2006-05-10,,6
36d33dd0,239912,54,1,63,5,0,0,0,0,0,32,0,0,0,0,0,0,0,male,Zimbabwe in West Indies ODI Series,ODI,RR Sarwan,0,West Indies,Zimbabwe,2006-05-13,,6
36d33dd0,239913,91,1,121,5,0,0,0,0,0,54,0,0,0,0,0,0,0,male,Zimbabwe in West Indies ODI Series,ODI,RR Sarwan,0,West Indies,Zimbabwe,2006-05-14,,6
36d33dd0,239916,98,0,140,7,1,0,0,0,0,76,0,0,0,0,0,0,0,male,India in West Indies ODI Series,ODI,RR Sarwan,0,West Indies,India,2006-05-20,,6
36d33dd0,239917,115,1,122,10,2,0,0,0,0,58,0,1,1,1,0,0,5,male,India in West Indies ODI Series,ODI,RR Sarwan,0,West Indies,India,2006-05-23,,6
36d33dd0,239918,6,1,9,1,0,2,0,0,0,7,0,0,0,0,0,0,0,male,India in West Indies ODI Series,ODI,RR Sarwan,caught,West Indies,India,2006-05-26,,6
36d33dd0,239919,52,1,104,1,0,0,0,0,0,61,0,0,0,0,0,0,0,male,India in West Indies ODI Series,ODI,RR Sarwan,bowled,West Indies,India,2006-05-28,,6
36d33dd0,239920,59,2,117,9,0,1,0,0,0,91,0,15,0,0,0,0,14,male,India tour of West Indies,Test,RR Sarwan,lbw,West Indies,India,2006-06-02,2006-06-03,6
36d33dd0,239921,1,2,11,0,0,0,0,0,0,10,0,87,1,0,0,0,60,male,India tour of West Indies,Test,RR Sarwan,caught,West Indies,India,2006-06-10,2006-06-11,6
36d33dd0,239922,139,2,202,21,1,0,0,0,0,135,0,0,0,0,0,0,0,male,India tour of West Indies,Test,RR Sarwan,0,West Indies,India,2006-06-22,2006-06-23,6
36d33dd0,239923,58,2,107,8,0,1,0,0,0,79,0,0,0,0,0,0,0,male,India tour of West Indies,Test,RR Sarwan,caught,West Indies,India,2006-06-30,2006-07-01,6
36d33dd0,256607,37,0,52,7,0,0,0,0,0,37,0,0,0,0,0,0,0,male,DLF Cup,ODI,RR Sarwan,0,West Indies,India,2006-09-14,,6
36d33dd0,256610,25,1,31,5,0,0,0,0,0,21,0,0,0,0,0,0,0,male,DLF Cup,ODI,RR Sarwan,0,West Indies,Australia,2006-09-18,,6
36d33dd0,256612,2,1,12,0,0,0,0,0,0,11,0,0,0,0,0,0,0,male,DLF Cup,ODI,RR Sarwan,0,West Indies,India,2006-09-20,,6
36d33dd0,256615,36,0,66,5,0,0,0,0,0,46,0,22,2,0,0,0,9,male,DLF Cup,ODI,RR Sarwan,0,West Indies,Australia,2006-09-24,,6
36d33dd0,249740,0,0,0,0,0,0,0,0,0,0,0,0,0,0,0,0,0,male,ICC Champions Trophy,ODI,RR Sarwan,0,West Indies,Zimbabwe,2006-10-08,,6
36d33dd0,249740,0,0,0,0,0,0,0,0,0,0,0,0,0,0,0,0,0,male,ICC Champions Trophy,ODI,RR Sarwan,0,West Indies,Zimbabwe,2006-10-08,,6
36d33dd0,249742,0,0,0,0,0,0,0,0,0,0,0,0,0,0,0,0,0,male,ICC Champions Trophy,ODI,RR Sarwan,0,West Indies,Bangladesh,2006-10-11,,6
36d33dd0,249744,0,1,3,0,0,0,0,0,0,3,0,0,0,0,0,0,0,male,ICC Champions Trophy,ODI,RR Sarwan,lbw,West Indies,Sri Lanka,2006-10-14,,6
36d33dd0,249748,21,1,32,4,0,1,0,0,0,23,0,5,0,0,0,0,3,male,ICC Champions Trophy,ODI,RR Sarwan,lbw,West Indies,Australia,2006-10-18,,6
36d33dd0,249753,53,0,84,2,0,0,0,0,0,46,0,0,0,0,0,0,0,male,ICC Champions Trophy,ODI,RR Sarwan,0,West Indies,India,2006-10-26,,6
36d33dd0,249755,29,1,19,3,1,0,0,0,0,6,0,0,0,0,0,0,0,male,ICC Champions Trophy,ODI,RR Sarwan,0,West Indies,England,2006-10-28,,6
36d33dd0,249758,27,1,27,6,0,2,0,0,0,18,0,0,0,0,0,0,0,male,ICC Champions Trophy,ODI,RR Sarwan,0,West Indies,South Africa,2006-11-02,,6
36d33dd0,249759,7,1,10,1,0,0,0,0,0,7,0,16,0,0,0,0,11,male,ICC Champions Trophy,ODI,RR Sarwan,caught,West Indies,Australia,2006-11-05,,6
36d33dd0,257765,26,2,43,5,0,1,0,0,0,33,0,2,0,0,0,0,4,male,West Indies tour of Pakistan,Test,RR Sarwan,lbw,West Indies,Pakistan,2006-11-11,2006-11-12,6
36d33dd0,247457,49,1,65,9,0,0,0,0,0,44,0,0,0,0,0,0,0,male,ICC World Cup,ODI,RR Sarwan,caught,West Indies,Pakistan,2007-03-13,,6
36d33dd0,247469,12,1,19,2,0,0,0,0,0,13,0,0,0,0,0,0,0,male,ICC World Cup,ODI,RR Sarwan,caught and bowled,West Indies,Zimbabwe,2007-03-19,,6
36d33dd0,247477,36,1,73,2,1,1,0,0,0,51,0,0,0,0,0,0,0,male,ICC World Cup,ODI,RR Sarwan,0,West Indies,Ireland,2007-03-23,,6
36d33dd0,247481,29,1,58,1,0,0,1,0,0,38,0,0,0,0,0,0,0,male,ICC World Cup,ODI,RR Sarwan,caught,West Indies,Australia,2007-03-27,2007-03-28,6
36d33dd0,247483,19,1,28,2,0,0,0,0,0,18,0,5,0,0,0,0,1,male,ICC World Cup,ODI,RR Sarwan,0,West Indies,New Zealand,2007-03-29,,6
36d33dd0,247486,44,1,68,1,1,0,0,0,0,37,0,17,1,0,0,0,8,male,ICC World Cup,ODI,RR Sarwan,0,West Indies,Sri Lanka,2007-04-01,,6
36d33dd0,247493,92,1,75,10,1,0,0,0,0,23,0,30,0,0,0,0,8,male,ICC World Cup,ODI,RR Sarwan,0,West Indies,South Africa,2007-04-10,,6
36d33dd0,247502,91,0,91,5,2,0,0,0,0,32,0,0,0,0,0,0,0,male,ICC World Cup,ODI,RR Sarwan,0,West Indies,Bangladesh,2007-04-19,,6
36d33dd0,247504,3,1,8,0,0,0,0,0,0,5,0,21,1,0,0,1,15,male,ICC World Cup,ODI,RR Sarwan,caught,West Indies,England,2007-04-21,,6
36d33dd0,258459,35,1,48,6,0,0,0,0,0,34,0,39,0,0,0,0,20,male,West Indies tour of England and Ireland,Test,RR Sarwan,0,West Indies,England,2007-05-17,2007-05-18,6
36d33dd0,258460,0,0,0,0,0,0,0,0,0,0,0,0,0,0,0,0,0,male,West Indies tour of England and Ireland,Test,RR Sarwan,0,West Indies,England,2007-05-25,2007-05-26,6
36d33dd0,287853,12,1,8,0,1,0,0,0,0,4,0,0,0,0,0,0,0,male,ICC World Twenty20,T20,RR Sarwan,0,West Indies,South Africa,2007-09-11,,6
36d33dd0,287857,5,1,7,0,0,1,0,0,0,3,0,10,2,0,0,0,7,male,ICC World Twenty20,T20,RR Sarwan,0,West Indies,Bangladesh,2007-09-13,,6
36d33dd0,319132,152,2,405,10,0,0,0,0,0,307,0,0,0,0,0,0,0,male,Sri Lanka in West Indies Test Series,Test,RR Sarwan,lbw,West Indies,Sri Lanka,2008-03-22,2008-03-23,6
36d33dd0,319133,159,2,258,23,0,0,1,0,0,176,0,0,0,0,0,0,0,male,Sri Lanka in West Indies Test Series,Test,RR Sarwan,caught,West Indies,Sri Lanka,2008-04-03,2008-04-04,6
36d33dd0,319134,35,1,58,4,0,0,0,0,0,37,0,0,0,0,0,0,0,male,Sri Lanka in West Indies ODI Series,ODI,RR Sarwan,0,West Indies,Sri Lanka,2008-04-10,,6
36d33dd0,319135,1,1,5,0,0,1,0,0,0,4,0,0,0,0,0,0,0,male,Sri Lanka in West Indies ODI Series,ODI,RR Sarwan,0,West Indies,Sri Lanka,2008-04-12,,6
36d33dd0,319136,13,0,27,1,0,0,0,0,0,17,0,0,0,0,0,0,0,male,Sri Lanka in West Indies ODI Series,ODI,RR Sarwan,0,West Indies,Sri Lanka,2008-04-15,,6
36d33dd0,335991,7,1,9,0,0,1,0,0,0,3,0,0,0,0,0,0,0,male,Indian Premier League,T20,RR Sarwan,caught,Kings XI Punjab,Mumbai Indians,2008-04-25,,6
36d33dd0,335999,15,0,15,2,0,0,0,0,0,6,0,0,0,0,0,0,0,male,Indian Premier League,T20,RR Sarwan,0,Kings XI Punjab,Deccan Chargers,2008-05-01,,6
36d33dd0,336006,31,1,32,4,1,0,0,0,0,18,0,0,0,0,0,0,0,male,Indian Premier League,T20,RR Sarwan,caught,Kings XI Punjab,Royal Challengers Bangalore,2008-05-05,,6
36d33dd0,336013,20,1,22,0,0,0,0,0,0,7,0,0,0,0,0,0,0,male,Indian Premier League,T20,RR Sarwan,0,Kings XI Punjab,Chennai Super Kings,2008-05-10,,6
36d33dd0,319139,19,2,40,2,0,0,0,0,0,30,0,0,0,0,0,0,0,male,The Frank Worrell Trophy,Test,RR Sarwan,caught,West Indies,Australia,2008-05-22,2008-05-23,6
36d33dd0,319140,193,2,387,22,2,0,0,0,0,300,0,48,0,0,0,0,35,male,The Frank Worrell Trophy,Test,RR Sarwan,0,West Indies,Australia,2008-05-30,2008-05-31,6
36d33dd0,319141,63,2,81,8,1,0,0,0,0,52,0,9,0,0,0,0,26,male,The Frank Worrell Trophy,Test,RR Sarwan,0,West Indies,Australia,2008-06-12,2008-06-13,6
36d33dd0,319143,2,1,11,0,0,0,0,0,0,9,0,34,1,0,1,0,10,male,Australia in West Indies ODI Series,ODI,RR Sarwan,caught,West Indies,Australia,2008-06-24,,6
36d33dd0,319145,31,1,45,2,0,1,0,0,0,22,0,0,0,0,0,0,0,male,Australia in West Indies ODI Series,ODI,RR Sarwan,0,West Indies,Australia,2008-06-29,,6
36d33dd0,319146,63,1,81,6,1,1,0,0,0,43,0,0,0,0,0,0,0,male,Australia in West Indies ODI Series,ODI,RR Sarwan,0,West Indies,Australia,2008-07-04,,6
36d33dd0,319147,7,1,11,1,0,0,0,0,0,7,0,57,3,0,0,1,22,male,Australia in West Indies ODI Series,ODI,RR Sarwan,0,West Indies,Australia,2008-07-06,,6
36d33dd0,374059,55,1,64,5,0,0,0,0,0,29,0,0,0,0,0,0,0,male,Pakistan v West Indies ODI Series,ODI,RR Sarwan,caught,West Indies,Pakistan,2008-11-12,,6
36d33dd0,374060,45,1,69,4,0,0,0,0,0,41,0,23,0,0,0,0,2,male,Pakistan v West Indies ODI Series,ODI,RR Sarwan,lbw,West Indies,Pakistan,2008-11-14,,6
36d33dd0,366707,4,1,12,0,0,0,0,0,0,8,0,0,0,0,0,0,0,male,West Indies tour of New Zealand,T20,RR Sarwan,0,West Indies,New Zealand,2008-12-26,,6
36d33dd0,366708,53,1,37,3,3,1,0,0,0,11,0,0,0,0,0,0,0,male,West Indies in New Zealand T20I Series,T20,RR Sarwan,0,West Indies,New Zealand,2008-12-28,,6
36d33dd0,366709,38,1,58,3,0,0,0,0,0,34,0,0,0,0,0,0,0,male,West Indies in New Zealand ODI Series,ODI,RR Sarwan,caught,West Indies,New Zealand,2008-12-31,,6
36d33dd0,366711,5,1,15,1,0,1,0,0,0,13,0,0,0,0,0,0,0,male,West Indies in New Zealand ODI Series,ODI,RR Sarwan,0,West Indies,New Zealand,2009-01-07,,6
36d33dd0,352661,107,1,291,10,0,1,0,0,0,231,0,0,0,0,0,0,0,male,The Wisden Trophy,Test,RR Sarwan,bowled,West Indies,England,2009-02-04,2009-02-05,6
36d33dd0,352662,0,0,0,0,0,0,0,0,0,0,0,0,0,0,0,0,0,male,The Wisden Trophy,Test,RR Sarwan,0,West Indies,England,2009-02-13,2009-02-14,6
36d33dd0,390680,200,2,329,26,1,0,0,0,0,225,0,0,0,0,0,0,0,male,The Wisden Trophy,Test,RR Sarwan,caught,West Indies,England,2009-02-15,2009-02-16,6
36d33dd0,352663,291,1,453,30,2,0,0,0,0,286,0,27,0,0,0,0,14,male,The Wisden Trophy,Test,RR Sarwan,0,West Indies,England,2009-02-26,2009-02-27,6
36d33dd0,352664,28,2,63,4,0,0,0,0,0,52,0,0,0,0,0,0,0,male,The Wisden Trophy,Test,RR Sarwan,0,West Indies,England,2009-03-06,2009-03-07,6
36d33dd0,352674,59,1,49,4,2,0,1,1,0,18,0,0,0,0,0,0,0,male,,T20,RR Sarwan,0,West Indies,England,2009-03-15,,6
36d33dd0,352665,57,1,78,5,0,0,0,0,0,42,0,0,0,0,0,0,0,male,England in West Indies ODI Series,ODI,RR Sarwan,caught,West Indies,England,2009-03-20,,6
36d33dd0,352666,74,1,90,4,2,0,0,0,0,42,0,0,0,0,0,0,0,male,England in West Indies ODI Series,ODI,RR Sarwan,caught,West Indies,England,2009-03-22,,6
36d33dd0,352667,10,1,14,2,0,1,0,0,0,10,0,0,0,0,0,0,0,male,England in West Indies ODI Series,ODI,RR Sarwan,0,West Indies,England,2009-03-27,,6
36d33dd0,352668,6,1,16,1,0,0,0,0,0,13,0,0,0,0,0,0,0,male,England in West Indies ODI Series,ODI,RR Sarwan,0,West Indies,England,2009-03-29,,6
36d33dd0,352669,23,1,30,3,0,0,0,0,0,17,0,0,0,0,0,0,0,male,England in West Indies ODI Series,ODI,RR Sarwan,0,West Indies,England,2009-04-03,,6
36d33dd0,380712,14,2,24,2,0,0,0,0,0,18,0,0,0,0,0,0,0,male,The Wisden Trophy,Test,RR Sarwan,0,West Indies,England,2009-05-06,2009-05-07,6
36d33dd0,380713,122,2,161,18,0,0,0,0,0,112,0,7,0,0,0,0,2,male,The Wisden Trophy,Test,RR Sarwan,lbw,West Indies,England,2009-05-14,2009-05-15,6
36d33dd0,380715,0,1,2,0,0,0,0,0,0,2,0,0,0,0,0,0,0,male,NatWest Series,ODI,RR Sarwan,caught,West Indies,England,2009-05-24,,6
36d33dd0,380716,9,1,5,2,0,0,0,0,0,2,0,0,0,0,0,0,0,male,NatWest Series,ODI,RR Sarwan,caught,West Indies,England,2009-05-26,,6
36d33dd0,355993,8,0,4,2,0,1,0,0,0,2,0,0,0,0,0,0,0,male,ICC World Twenty20,T20,RR Sarwan,0,West Indies,Australia,2009-06-06,,6
36d33dd0,356002,28,0,26,0,0,0,0,0,0,3,0,0,0,0,0,0,0,male,ICC World Twenty20,T20,RR Sarwan,0,West Indies,Sri Lanka,2009-06-10,,6
36d33dd0,356006,0,0,0,0,0,0,0,0,0,0,0,0,0,0,0,0,0,male,ICC World Twenty20,T20,RR Sarwan,0,West Indies,India,2009-06-12,,6
36d33dd0,356007,8,1,11,0,0,1,0,0,0,4,0,0,0,0,0,0,0,male,ICC World Twenty20,T20,RR Sarwan,caught,West Indies,South Africa,2009-06-13,,6
36d33dd0,356011,19,0,11,3,0,0,0,0,0,2,0,0,0,0,0,0,0,male,ICC World Twenty20,T20,RR Sarwan,0,West Indies,England,2009-06-15,,6
36d33dd0,356016,5,1,13,0,0,0,0,0,0,9,0,0,0,0,0,0,0,male,ICC World Twenty20,T20,RR Sarwan,caught,West Indies,Sri Lanka,2009-06-19,,6
36d33dd0,377313,45,1,45,1,3,0,0,0,0,18,0,0,0,0,0,0,0,male,India in West Indies ODI Series,ODI,RR Sarwan,0,West Indies,India,2009-06-26,,6
36d33dd0,377314,15,1,17,1,0,0,0,0,0,6,0,0,0,0,0,0,0,male,India in West Indies ODI Series,ODI,RR Sarwan,stumped,West Indies,India,2009-06-28,,6
36d33dd0,377315,62,1,61,5,1,0,0,0,0,26,0,0,0,0,0,0,0,male,India in West Indies ODI Series,ODI,RR Sarwan,run out,West Indies,India,2009-07-03,,6
36d33dd0,377316,12,0,23,0,0,0,0,0,0,15,0,0,0,0,0,0,0,male,India in West Indies ODI Series,ODI,RR Sarwan,0,West Indies,India,2009-07-05,,6
36d33dd0,406190,35,2,55,5,0,2,0,0,0,40,0,0,0,0,0,0,0,male,The Frank Worrell Trophy,Test,RR Sarwan,caught,West Indies,Australia,2009-12-04,2009-12-05,6
36d33dd0,406191,53,2,89,6,0,1,0,0,0,61,0,0,0,0,0,0,0,male,The Frank Worrell Trophy,Test,RR Sarwan,caught,West Indies,Australia,2009-12-16,2009-12-17,6
36d33dd0,412677,24,1,26,1,0,0,0,0,0,10,0,0,0,0,0,0,0,male,ICC World Twenty20,T20,RR Sarwan,0,West Indies,Ireland,2010-04-30,,6
36d33dd0,412685,0,0,0,0,0,1,0,0,0,0,0,0,0,0,0,0,0,male,ICC World Twenty20,T20,RR Sarwan,0,West Indies,England,2010-05-03,,6
36d33dd0,412692,28,1,35,2,0,0,0,0,0,14,0,0,0,0,0,0,0,male,ICC World Twenty20,T20,RR Sarwan,0,West Indies,Sri Lanka,2010-05-07,,6
36d33dd0,412695,0,1,1,0,0,0,0,0,0,1,0,0,0,0,0,0,0,male,ICC World Twenty20,T20,RR Sarwan,0,West Indies,India,2010-05-09,,6
36d33dd0,412700,26,1,31,2,0,0,0,0,0,12,0,0,0,0,0,0,0,male,ICC World Twenty20,T20,RR Sarwan,0,West Indies,Australia,2010-05-11,,6
36d33dd0,439146,13,1,21,1,0,1,0,0,0,11,0,0,0,0,0,0,0,male,South Africa in West Indies T20I Series,T20,RR Sarwan,caught,West Indies,South Africa,2010-05-19,,6
36d33dd0,447539,6,1,6,1,0,1,0,0,0,3,0,0,0,0,0,0,0,male,South Africa in West Indies T20I Series,T20,RR Sarwan,caught,West Indies,South Africa,2010-05-20,,6
36d33dd0,439147,38,1,60,1,0,1,0,0,0,31,0,0,0,0,0,0,0,male,South Africa in West Indies ODI Series,ODI,RR Sarwan,bowled,West Indies,South Africa,2010-05-22,,6
36d33dd0,439148,6,1,6,1,0,0,0,0,0,3,0,0,0,0,0,0,0,male,South Africa in West Indies ODI Series,ODI,RR Sarwan,caught,West Indies,South Africa,2010-05-24,,6
36d33dd0,464990,75,1,101,4,1,0,0,0,0,49,0,0,0,0,0,0,0,male,West Indies in Sri Lanka ODI Series,ODI,RR Sarwan,caught,West Indies,Sri Lanka,2011-01-31,,6
36d33dd0,464991,21,0,48,1,0,0,0,0,0,35,0,0,0,0,0,0,0,male,West Indies in Sri Lanka ODI Series,ODI,RR Sarwan,0,West Indies,Sri Lanka,2011-02-03,,6
36d33dd0,464992,51,1,67,3,1,0,0,0,0,38,0,0,0,0,0,0,0,male,West Indies in Sri Lanka ODI Series,ODI,RR Sarwan,lbw,West Indies,Sri Lanka,2011-02-06,,6
36d33dd0,433564,2,1,10,0,0,0,0,0,0,8,0,0,0,0,0,0,0,male,ICC Cricket World Cup,ODI,RR Sarwan,0,West Indies,South Africa,2011-02-24,,6
36d33dd0,433569,49,1,45,7,1,0,0,0,0,23,0,0,0,0,0,0,0,male,ICC Cricket World Cup,ODI,RR Sarwan,lbw,West Indies,Netherlands,2011-02-28,,6
36d33dd0,433576,0,0,0,0,0,1,0,0,0,0,0,0,0,0,0,0,0,male,ICC Cricket World Cup,ODI,RR Sarwan,0,West Indies,Bangladesh,2011-03-04,,6
36d33dd0,433584,10,1,19,1,0,0,0,0,0,12,0,0,0,0,0,0,0,male,ICC Cricket World Cup,ODI,RR Sarwan,caught,West Indies,Ireland,2011-03-11,,6
36d33dd0,433593,31,1,68,3,0,0,0,0,0,47,0,0,0,0,0,0,0,male,ICC Cricket World Cup,ODI,RR Sarwan,caught,West Indies,England,2011-03-17,,6
36d33dd0,433599,39,1,71,3,0,0,0,0,0,43,0,0,0,0,0,0,0,male,ICC Cricket World Cup,ODI,RR Sarwan,caught,West Indies,India,2011-03-20,,6
36d33dd0,433600,24,1,70,2,0,0,0,0,0,55,0,0,0,0,0,0,0,male,ICC Cricket World Cup,ODI,RR Sarwan,caught,West Indies,Pakistan,2011-03-23,,6
36d33dd0,489216,28,1,59,1,0,0,0,0,0,37,0,0,0,0,0,0,0,male,Pakistan in West Indies ODI Series,ODI,RR Sarwan,caught,West Indies,Pakistan,2011-05-02,,6
36d33dd0,489217,0,0,0,0,0,0,0,0,0,0,0,0,0,0,0,0,0,male,Pakistan in West Indies ODI Series,ODI,RR Sarwan,0,West Indies,Pakistan,2011-05-05,,6
36d33dd0,489218,34,2,118,3,0,0,0,0,0,97,0,0,0,0,0,0,0,male,Pakistan in West Indies Test Series,Test,RR Sarwan,caught,West Indies,Pakistan,2011-05-12,2011-05-13,6
36d33dd0,489219,20,2,36,3,0,0,0,1,0,28,0,0,0,0,0,0,0,male,Pakistan in West Indies Test Series,Test,RR Sarwan,0,West Indies,Pakistan,2011-05-20,2011-05-21,6
36d33dd0,489221,56,1,97,5,0,0,0,0,0,57,0,0,0,0,0,0,0,male,India in West Indies ODI Series,ODI,RR Sarwan,0,West Indies,India,2011-06-06,,6
36d33dd0,489222,56,1,91,3,0,0,0,0,0,50,0,0,0,0,0,0,0,male,India in West Indies ODI Series,ODI,RR Sarwan,caught,West Indies,India,2011-06-08,,6
36d33dd0,489223,28,0,39,2,1,0,0,0,0,24,0,0,0,0,0,0,0,male,India in West Indies ODI Series,ODI,RR Sarwan,0,West Indies,India,2011-06-11,,6
36d33dd0,489224,1,1,12,0,0,0,0,0,0,11,0,0,0,0,0,0,0,male,India in West Indies ODI Series,ODI,RR Sarwan,caught,West Indies,India,2011-06-13,,6
36d33dd0,489225,75,1,94,5,1,1,0,1,0,49,0,0,0,0,0,0,0,male,India in West Indies ODI Series,ODI,RR Sarwan,retired hurt,West Indies,India,2011-06-16,,6
36d33dd0,489226,3,2,32,0,0,2,0,0,0,29,0,0,0,0,0,0,0,male,India in West Indies Test Series,Test,RR Sarwan,lbw,West Indies,India,2011-06-20,2011-06-21,6
36d33dd0,489227,26,2,52,3,0,1,0,0,0,39,0,0,0,0,0,0,0,male,India in West Indies Test Series,Test,RR Sarwan,caught,West Indies,India,2011-06-28,2011-06-29,6
36d33dd0,573022,0,1,3,0,0,0,0,0,0,3,0,0,0,0,0,0,0,male,West Indies in Australia ODI Series,ODI,RR Sarwan,0,West Indies,Australia,2013-02-01,,6
36d33dd0,573023,0,1,2,0,0,0,0,0,0,2,0,0,0,0,0,0,0,male,West Indies in Australia ODI Series,ODI,RR Sarwan,0,West Indies,Australia,2013-02-03,,6
36d33dd0,573024,12,1,12,2,0,0,0,0,0,6,0,0,0,0,0,0,0,male,West Indies in Australia ODI Series,ODI,RR Sarwan,bowled,West Indies,Australia,2013-02-06,,6
36d33dd0,593983,7,0,4,1,0,0,0,0,0,0,0,0,0,0,0,0,0,male,Zimbabwe in West Indies ODI Series,ODI,RR Sarwan,0,West Indies,Zimbabwe,2013-02-22,,6
36d33dd0,593985,19,1,44,2,0,0,0,0,0,32,0,0,0,0,0,0,0,male,Zimbabwe in West Indies ODI Series,ODI,RR Sarwan,0,West Indies,Zimbabwe,2013-02-26,,6
36d33dd0,578615,1,1,2,0,0,0,0,0,0,1,0,0,0,0,0,0,0,male,ICC Champions Trophy,ODI,RR Sarwan,caught,West Indies,Pakistan,2013-06-07,,6
36d33dd0,578619,1,1,6,0,0,0,0,0,0,5,0,0,0,0,0,0,0,male,ICC Champions Trophy,ODI,RR Sarwan,caught,West Indies,India,2013-06-11,,6
36d33dd0,635216,21,0,13,2,1,0,0,0,0,4,0,0,0,0,0,0,0,male,Caribbean Premier League,T20,RR Sarwan,0,Guyana Amazon Warriors,Trinidad & Tobago Red Steel,2013-07-31,,6
36d33dd0,635218,24,0,20,1,1,0,0,0,0,6,0,0,0,0,0,0,0,male,Caribbean Premier League,T20,RR Sarwan,0,Guyana Amazon Warriors,Jamaica Tallawahs,2013-08-02,,6
36d33dd0,635221,8,1,21,0,0,0,0,0,0,14,0,0,0,0,0,0,0,male,Caribbean Premier League,T20,RR Sarwan,caught,Guyana Amazon Warriors,St Lucia Zouks,2013-08-04,,6
36d33dd0,635225,4,1,8,0,0,0,0,0,0,6,0,0,0,0,0,0,0,male,Caribbean Premier League,T20,RR Sarwan,0,Guyana Amazon Warriors,Trinidad & Tobago Red Steel,2013-08-09,,6
36d33dd0,635227,1,1,2,0,0,1,0,0,0,1,0,0,0,0,0,0,0,male,Caribbean Premier League,T20,RR Sarwan,caught,Guyana Amazon Warriors,Barbados Tridents,2013-08-11,,6
36d33dd0,635230,0,0,0,0,0,1,0,0,0,0,0,0,0,0,0,0,0,male,Caribbean Premier League,T20,RR Sarwan,0,Guyana Amazon Warriors,Jamaica Tallawahs,2013-08-15,,6
36d33dd0,635233,4,0,5,0,0,0,0,0,0,2,0,0,0,0,0,0,0,male,Caribbean Premier League,T20,RR Sarwan,0,Guyana Amazon Warriors,Antigua Hawksbills,2013-08-17,,6
36d33dd0,635236,18,0,21,1,0,1,0,0,0,7,0,0,0,0,0,0,0,male,Caribbean Premier League,T20,RR Sarwan,0,Guyana Amazon Warriors,Trinidad & Tobago Red Steel,2013-08-22,,6
36d33dd0,635238,0,0,0,0,0,0,0,0,0,0,0,0,0,0,0,0,0,male,Caribbean Premier League,T20,RR Sarwan,0,Guyana Amazon Warriors,Jamaica Tallawahs,2013-08-24,,6
36d33dd0,692907,75,2,108,12,1,0,0,0,0,78,0,0,0,0,0,0,0,male,LV= County Championship,MDM,RR Sarwan,0,Leicestershire,Hampshire,2014-05-18,2014-05-19,6
36d33dd0,692913,14,2,59,1,0,2,0,0,0,50,0,0,0,0,0,0,0,male,LV= County Championship,MDM,RR Sarwan,0,Leicestershire,Glamorgan,2014-05-25,2014-05-26,6
36d33dd0,693069,37,1,38,3,0,0,0,0,0,12,0,0,0,0,0,0,0,male,NatWest T20 Blast,T20,RR Sarwan,0,Leicestershire,Warwickshire,2014-06-01,,6
36d33dd0,692925,26,2,58,3,0,0,0,0,0,44,0,0,0,0,0,0,0,male,LV= County Championship,MDM,RR Sarwan,lbw,Leicestershire,Gloucestershire,2014-06-02,2014-06-03,6
36d33dd0,692867,23,2,48,4,0,0,0,0,0,37,0,0,0,0,0,0,0,male,LV= County Championship,MDM,RR Sarwan,0,Leicestershire,Derbyshire,2014-06-08,2014-06-09,6
36d33dd0,692935,46,2,125,4,0,1,0,0,0,99,0,0,0,0,0,0,0,male,LV= County Championship,MDM,RR Sarwan,0,Leicestershire,Worcestershire,2014-06-15,2014-06-16,6
36d33dd0,1018873,0,0,0,0,0,0,0,0,0,0,0,0,0,0,0,0,0,male,Caribbean Premier League,T20,RR Sarwan,0,Trinbago Knight Riders,Guyana Amazon Warriors,2016-07-10,,6
36d33dd0,994679,9,1,15,0,0,0,0,0,0,6,0,0,0,0,0,0,0,male,Caribbean Premier League,T20,RR Sarwan,0,Trinbago Knight Riders,St Kitts and Nevis Patriots,2016-07-29,,6
