player_id,match_id,runs_scored,player_out,balls_faced,fours_scored,sixes_scored,catches_taken,run_out_direct,run_out_throw,stumpings_done,dot_balls_as_batsman,order_seenballs_bowled,runs_conceded,wickets_taken,bowled_done,lbw_done,maidens,dot_balls_as_bowler,gender,series_name,match_type,name,out_kind,player_team,opposition_team,start_date,end_date,balls_per_over
c4d9634c,635220,9,1,12,0,0,0,0,0,0,5,0,6,1,0,0,0,5,male,Caribbean Premier League,T20,RRS Cornwall,lbw,Antigua Hawksbills,Jamaica Tallawahs,2013-08-04,,6
c4d9634c,635222,8,0,5,0,0,0,0,0,0,0,0,13,1,1,0,0,2,male,Caribbean Premier League,T20,RRS Cornwall,0,Antigua Hawksbills,St Lucia Zouks,2013-08-06,,6
c4d9634c,635228,2,1,3,0,0,0,0,0,0,1,0,25,1,0,0,0,7,male,Caribbean Premier League,T20,RRS Cornwall,caught,Antigua Hawksbills,Trinidad & Tobago Red Steel,2013-08-11,,6
c4d9634c,635229,4,1,5,0,0,0,0,0,0,2,0,18,1,0,0,0,9,male,Caribbean Premier League,T20,RRS Cornwall,stumped,Antigua Hawksbills,Barbados Tridents,2013-08-13,,6
c4d9634c,635231,0,0,0,0,0,0,0,0,0,0,0,36,2,0,0,0,7,male,Caribbean Premier League,T20,RRS Cornwall,0,Antigua Hawksbills,St Lucia Zouks,2013-08-15,,6
c4d9634c,635233,0,0,0,0,0,0,0,0,0,0,0,26,0,0,0,0,3,male,Caribbean Premier League,T20,RRS Cornwall,0,Antigua Hawksbills,Guyana Amazon Warriors,2013-08-17,,6
c4d9634c,743151,11,1,6,0,1,0,0,0,0,2,0,40,1,0,0,0,5,male,Caribbean Premier League,T20,RRS Cornwall,0,Antigua Hawksbills,Trinidad & Tobago Red Steel,2014-07-20,,6
c4d9634c,743167,1,1,4,0,0,0,0,0,0,3,0,17,0,0,0,0,11,male,Caribbean Premier League,T20,RRS Cornwall,0,Antigua Hawksbills,Jamaica Tallawahs,2014-07-31,,6
c4d9634c,1094672,10,1,17,1,0,0,0,0,0,11,0,27,0,0,0,0,4,male,Caribbean Premier League,T20,RRS Cornwall,bowled,St Lucia Stars,Trinbago Knight Riders,2017-08-04,,6
c4d9634c,1094681,23,0,10,0,3,1,0,0,0,2,0,16,0,0,0,0,3,male,Caribbean Premier League,T20,RRS Cornwall,0,St Lucia Stars,St Kitts and Nevis Patriots,2017-08-12,,6
c4d9634c,1094683,14,1,14,1,1,0,0,0,0,8,0,6,0,0,0,0,2,male,Caribbean Premier League,T20,RRS Cornwall,0,St Lucia Stars,Guyana Amazon Warriors,2017-08-13,,6
c4d9634c,1094689,0,0,0,0,0,0,0,0,0,0,0,0,0,0,0,0,0,male,Caribbean Premier League,T20,RRS Cornwall,0,St Lucia Stars,St Kitts and Nevis Patriots,2017-08-19,,6
c4d9634c,1094692,10,1,7,0,1,0,0,0,0,2,0,27,0,0,0,0,15,male,Caribbean Premier League,T20,RRS Cornwall,caught,St Lucia Stars,Guyana Amazon Warriors,2017-08-22,,6
c4d9634c,1094694,7,1,8,1,0,0,0,0,0,5,0,20,1,1,0,0,14,male,Caribbean Premier League,T20,RRS Cornwall,0,St Lucia Stars,Jamaica Tallawahs,2017-08-25,,6
c4d9634c,1094698,78,1,45,7,6,0,0,0,0,18,0,30,1,0,0,0,10,male,Caribbean Premier League,T20,RRS Cornwall,retired hurt,St Lucia Stars,Barbados Tridents,2017-08-31,,6
c4d9634c,1148647,3,1,4,0,0,0,0,0,0,2,0,17,0,0,0,0,6,male,Caribbean Premier League,T20,RRS Cornwall,0,St Lucia Stars,Trinbago Knight Riders,2018-08-08,,6
c4d9634c,1148650,3,1,6,0,0,0,0,0,0,3,0,16,0,0,0,0,9,male,Caribbean Premier League,T20,RRS Cornwall,0,St Lucia Stars,Guyana Amazon Warriors,2018-08-11,,6
c4d9634c,1148655,53,1,31,2,5,0,0,0,0,11,0,52,2,0,1,0,14,male,Caribbean Premier League,T20,RRS Cornwall,0,St Lucia Stars,Trinbago Knight Riders,2018-08-16,,6
c4d9634c,1148656,30,1,12,2,3,0,0,0,0,4,0,11,0,0,0,0,2,male,Caribbean Premier League,T20,RRS Cornwall,caught,St Lucia Stars,Barbados Tridents,2018-08-17,,6
c4d9634c,1148659,4,1,6,1,0,0,0,0,0,5,0,2,0,0,0,0,2,male,Caribbean Premier League,T20,RRS Cornwall,0,St Lucia Stars,St Kitts and Nevis Patriots,2018-08-21,,6
c4d9634c,1148661,0,1,2,0,0,0,0,0,0,2,0,19,1,1,0,0,13,male,Caribbean Premier League,T20,RRS Cornwall,0,St Lucia Stars,Guyana Amazon Warriors,2018-08-24,,6
c4d9634c,1148663,2,1,4,0,0,0,0,0,0,2,0,9,0,0,0,0,3,male,Caribbean Premier League,T20,RRS Cornwall,0,St Lucia Stars,Jamaica Tallawahs,2018-08-25,,6
c4d9634c,1148670,18,1,11,1,2,0,0,0,0,7,0,26,0,0,0,0,9,male,Caribbean Premier League,T20,RRS Cornwall,caught,St Lucia Stars,Barbados Tridents,2018-09-02,,6
c4d9634c,1188629,15,2,33,2,0,2,0,0,0,25,0,184,3,0,0,15,296,male,India in West Indies Test Series,Test,RRS Cornwall,caught,West Indies,India,2019-08-30,2019-08-31,6
c4d9634c,1185838,36,1,14,7,1,0,0,0,0,4,0,13,0,0,0,0,6,male,Caribbean Premier League,T20,RRS Cornwall,0,St Lucia Zouks,Guyana Amazon Warriors,2019-09-05,,6
c4d9634c,1185841,33,1,12,5,2,0,0,0,0,4,0,9,0,0,0,0,5,male,Caribbean Premier League,T20,RRS Cornwall,0,St Lucia Zouks,Trinbago Knight Riders,2019-09-08,,6
c4d9634c,1185845,75,1,30,4,8,0,0,0,0,9,0,15,0,0,0,0,4,male,Caribbean Premier League,T20,RRS Cornwall,bowled,St Lucia Zouks,Jamaica Tallawahs,2019-09-12,,6
c4d9634c,1185849,5,1,6,1,0,0,0,0,0,4,0,12,0,0,0,0,5,male,Caribbean Premier League,T20,RRS Cornwall,0,St Lucia Zouks,St Kitts and Nevis Patriots,2019-09-15,,6
c4d9634c,1185853,8,1,3,2,0,0,0,0,0,1,0,23,1,0,0,0,6,male,Caribbean Premier League,T20,RRS Cornwall,0,St Lucia Zouks,Barbados Tridents,2019-09-20,,6
c4d9634c,1185854,8,1,8,0,1,0,0,0,0,5,0,0,0,0,0,0,0,male,Caribbean Premier League,T20,RRS Cornwall,caught,St Lucia Zouks,Trinbago Knight Riders,2019-09-21,,6
c4d9634c,1185857,13,1,9,0,2,0,0,0,0,6,0,6,0,0,0,0,5,male,Caribbean Premier League,T20,RRS Cornwall,0,St Lucia Zouks,St Kitts and Nevis Patriots,2019-09-24,,6
c4d9634c,1185858,6,0,12,0,0,0,0,0,0,6,0,16,0,0,0,0,6,male,Caribbean Premier League,T20,RRS Cornwall,0,St Lucia Zouks,Guyana Amazon Warriors,2019-09-25,,6
c4d9634c,1185860,51,1,27,4,5,0,0,0,0,13,0,18,0,0,0,0,5,male,Caribbean Premier League,T20,RRS Cornwall,caught,St Lucia Zouks,Jamaica Tallawahs,2019-09-27,,6
c4d9634c,1185862,19,1,15,2,1,1,0,0,0,8,0,24,0,0,0,0,9,male,Caribbean Premier League,T20,RRS Cornwall,0,St Lucia Zouks,Barbados Tridents,2019-09-29,,6
c4d9634c,1193500,5,1,9,1,0,3,0,0,0,7,0,139,10,0,2,5,198,male,Afghanistan tour of India,Test,RRS Cornwall,lbw,West Indies,Afghanistan,2019-11-27,2019-11-28,6
c4d9634c,1225249,12,2,19,1,0,2,0,0,0,13,0,167,0,0,0,7,191,male,West Indies tour of England,Test,RRS Cornwall,lbw,West Indies,England,2020-07-24,2020-07-25,6
c4d9634c,1227867,9,1,9,2,0,0,0,0,0,6,0,9,1,0,0,0,4,male,Caribbean Premier League,T20,RRS Cornwall,0,St Lucia Zouks,Jamaica Tallawahs,2020-08-19,,6
c4d9634c,1227869,14,1,8,3,0,0,0,0,0,3,0,14,0,0,0,0,1,male,Caribbean Premier League,T20,RRS Cornwall,stumped,St Lucia Zouks,Barbados Tridents,2020-08-20,,6
c4d9634c,1227871,16,0,16,0,1,0,0,0,0,8,0,0,0,0,0,0,0,male,Caribbean Premier League,T20,RRS Cornwall,0,St Lucia Zouks,St Kitts and Nevis Patriots,2020-08-22,,6
c4d9634c,1227877,18,1,16,2,1,0,0,0,0,10,0,0,0,0,0,0,0,male,Caribbean Premier League,T20,RRS Cornwall,0,St Lucia Zouks,Trinbago Knight Riders,2020-08-26,,6
c4d9634c,1227879,26,1,11,2,3,1,0,0,0,6,0,15,1,0,0,0,12,male,Caribbean Premier League,T20,RRS Cornwall,bowled,St Lucia Zouks,St Kitts and Nevis Patriots,2020-08-27,,6
c4d9634c,1227883,6,1,4,1,0,0,0,0,0,2,0,0,0,0,0,0,0,male,Caribbean Premier League,T20,RRS Cornwall,caught,St Lucia Zouks,Barbados Tridents,2020-08-30,,6
c4d9634c,1227888,21,1,13,2,2,0,0,0,0,8,0,19,0,0,0,0,6,male,Caribbean Premier League,T20,RRS Cornwall,caught,St Lucia Zouks,Guyana Amazon Warriors,2020-09-02,,6
c4d9634c,1227894,32,1,29,2,3,0,0,0,0,18,0,0,0,0,0,0,0,male,Caribbean Premier League,T20,RRS Cornwall,bowled,St Lucia Zouks,Jamaica Tallawahs,2020-09-06,,6
c4d9634c,1227896,32,0,18,2,3,1,0,0,0,7,0,0,0,0,0,0,0,male,Caribbean Premier League,T20,RRS Cornwall,0,St Lucia Zouks,Guyana Amazon Warriors,2020-09-08,,6
c4d9634c,1227897,8,1,7,2,0,0,0,0,0,5,0,0,0,0,0,0,0,male,Caribbean Premier League,T20,RRS Cornwall,bowled,St Lucia Zouks,Trinbago Knight Riders,2020-09-10,,6
c4d9634c,1244025,2,1,7,0,0,1,0,0,0,5,0,196,5,0,2,8,292,male,West Indies tour of Bangladesh,Test,RRS Cornwall,0,West Indies,Bangladesh,2021-02-03,2021-02-04,6
c4d9634c,1244026,5,1,21,0,0,3,0,0,0,16,0,181,9,0,1,13,277,male,West Indies tour of Bangladesh,Test,RRS Cornwall,0,West Indies,Bangladesh,2021-02-11,2021-02-12,6
c4d9634c,1252073,61,1,86,9,2,1,0,0,0,65,0,171,4,0,0,10,242,male,Sri Lanka tour of West Indies,Test,RRS Cornwall,bowled,West Indies,Sri Lanka,2021-03-21,2021-03-22,6
c4d9634c,1252074,73,1,92,10,1,1,0,0,0,59,0,78,0,0,0,14,212,male,Sri Lanka tour of West Indies,Test,RRS Cornwall,0,West Indies,Sri Lanka,2021-03-29,2021-03-30,6
c4d9634c,1263149,13,2,15,2,0,0,0,0,0,9,0,61,1,0,0,1,77,male,South Africa tour of West Indies,Test,RRS Cornwall,caught,West Indies,South Africa,2021-06-10,2021-06-11,6
c4d9634c,1269702,14,1,4,2,1,0,0,0,0,1,0,0,0,0,0,0,0,male,Caribbean Premier League,T20,RRS Cornwall,caught,St Lucia Kings,Jamaica Tallawahs,2021-08-27,,6
c4d9634c,1269706,23,1,15,4,1,0,0,0,0,9,0,21,0,0,0,0,10,male,Caribbean Premier League,T20,RRS Cornwall,0,St Lucia Kings,Trinbago Knight Riders,2021-08-29,,6
c4d9634c,1269708,8,1,8,1,0,0,0,0,0,4,0,0,0,0,0,0,0,male,Caribbean Premier League,T20,RRS Cornwall,0,St Lucia Kings,Trinbago Knight Riders,2021-08-31,,6
c4d9634c,1269727,40,1,27,5,2,0,0,0,0,13,0,0,0,0,0,0,0,male,Caribbean Premier League,T20,RRS Cornwall,caught,St Lucia Kings,Barbados Royals,2021-09-12,,6
c4d9634c,1269730,0,1,3,0,0,0,0,0,0,3,0,0,0,0,0,0,0,male,Caribbean Premier League,T20,RRS Cornwall,0,St Lucia Kings,Trinbago Knight Riders,2021-09-14,,6
c4d9634c,1269732,43,1,35,5,2,0,0,0,0,17,0,0,0,0,0,0,0,male,Caribbean Premier League,T20,RRS Cornwall,0,St Lucia Kings,St Kitts and Nevis Patriots,2021-09-15,,6
c4d9634c,1288345,52,2,106,7,1,2,0,0,0,82,0,157,2,0,0,3,168,male,West Indies tour of Sri Lanka,Test,RRS Cornwall,0,West Indies,Sri Lanka,2021-11-21,2021-11-22,6
c4d9634c,1323146,39,1,30,3,3,0,0,0,0,17,0,0,0,0,0,0,0,male,Caribbean Premier League,T20,RRS Cornwall,caught,Barbados Royals,St Kitts and Nevis Patriots,2022-09-01,,6
c4d9634c,1323149,32,1,17,5,1,0,0,0,0,6,0,0,0,0,0,0,0,male,Caribbean Premier League,T20,RRS Cornwall,0,Barbados Royals,St Lucia Kings,2022-09-04,,6
c4d9634c,1323159,1,1,5,0,0,0,0,0,0,4,0,27,2,1,0,0,8,male,Caribbean Premier League,T20,RRS Cornwall,0,Barbados Royals,Trinbago Knight Riders,2022-09-13,,6
c4d9634c,1323162,15,1,16,0,2,0,0,0,0,11,0,0,0,0,0,0,0,male,Caribbean Premier League,T20,RRS Cornwall,bowled,Barbados Royals,Jamaica Tallawahs,2022-09-15,,6
c4d9634c,1323165,20,1,19,2,1,0,0,0,0,11,0,12,2,1,0,0,14,male,Caribbean Premier League,T20,RRS Cornwall,0,Barbados Royals,Guyana Amazon Warriors,2022-09-18,,6
c4d9634c,1323167,6,1,9,1,0,1,0,0,0,6,0,25,1,0,0,0,16,male,Caribbean Premier League,T20,RRS Cornwall,0,Barbados Royals,St Kitts and Nevis Patriots,2022-09-21,,6
c4d9634c,1323173,2,1,6,0,0,0,0,0,0,4,0,0,0,0,0,0,0,male,Caribbean Premier League,T20,RRS Cornwall,0,Barbados Royals,Guyana Amazon Warriors,2022-09-25,,6
c4d9634c,1323174,91,1,57,2,11,0,0,0,0,27,0,10,2,0,0,0,5,male,Caribbean Premier League,T20,RRS Cornwall,caught,Barbados Royals,Guyana Amazon Warriors,2022-09-27,,6
c4d9634c,1323177,36,1,21,2,4,0,0,0,0,11,0,0,0,0,0,0,0,male,Caribbean Premier League,T20,RRS Cornwall,caught,Barbados Royals,Jamaica Tallawahs,2022-09-30,,6
c4d9634c,1381212,23,1,48,4,0,0,0,0,0,39,0,32,1,0,0,5,77,male,India tour of West Indies,Test,RRS Cornwall,0,West Indies,India,2023-07-12,2023-07-13,6
c4d9634c,1369559,0,1,2,0,0,0,0,0,0,2,0,0,0,0,0,0,0,male,Caribbean Premier League,T20,RRS Cornwall,run out,Barbados Royals,St Lucia Kings,2023-08-17,,6
c4d9634c,1369567,38,1,15,3,4,0,0,0,0,7,0,23,1,0,0,0,8,male,Caribbean Premier League,T20,RRS Cornwall,0,Barbados Royals,St Kitts and Nevis Patriots,2023-08-26,,6
c4d9634c,1369570,0,1,1,0,0,0,0,0,0,1,0,21,0,0,0,0,4,male,Caribbean Premier League,T20,RRS Cornwall,caught,Barbados Royals,Trinbago Knight Riders,2023-08-30,,6
c4d9634c,1369571,17,1,15,2,1,0,0,0,0,9,0,0,0,0,0,0,0,male,Caribbean Premier League,T20,RRS Cornwall,0,Barbados Royals,Jamaica Tallawahs,2023-08-31,,6
c4d9634c,1369573,18,1,16,1,2,0,0,0,0,11,0,0,0,0,0,0,0,male,Caribbean Premier League,T20,RRS Cornwall,0,Barbados Royals,St Lucia Kings,2023-09-02,,6
c4d9634c,1369575,102,0,50,4,12,0,0,0,0,20,0,27,2,0,0,0,7,male,Caribbean Premier League,T20,RRS Cornwall,0,Barbados Royals,St Kitts and Nevis Patriots,2023-09-03,,6
c4d9634c,1369577,4,1,2,1,0,0,0,1,0,1,0,29,0,0,0,0,4,male,Caribbean Premier League,T20,RRS Cornwall,0,Barbados Royals,Trinbago Knight Riders,2023-09-06,,6
c4d9634c,1369580,8,1,6,0,1,0,0,0,0,3,0,20,1,0,0,0,5,male,Caribbean Premier League,T20,RRS Cornwall,bowled,Barbados Royals,Guyana Amazon Warriors,2023-09-10,,6
c4d9634c,1369587,6,1,9,1,0,0,0,0,0,6,0,56,0,0,0,0,5,male,Caribbean Premier League,T20,RRS Cornwall,caught,Barbados Royals,Guyana Amazon Warriors,2023-09-17,,6
c4d9634c,1428681,34,1,20,5,2,0,0,0,0,11,0,0,0,0,0,0,0,male,Caribbean Premier League,T20,RRS Cornwall,caught,Barbados Royals,Antigua and Barbuda Falcons,2024-09-01,,6
c4d9634c,1428686,0,1,2,0,0,0,0,0,0,2,0,7,0,0,0,0,2,male,Caribbean Premier League,T20,RRS Cornwall,bowled,Barbados Royals,St Kitts and Nevis Patriots,2024-09-06,,6
c4d9634c,1428690,0,1,7,0,0,0,0,0,0,7,0,13,0,0,0,0,0,male,Caribbean Premier League,T20,RRS Cornwall,caught,Barbados Royals,Antigua and Barbuda Falcons,2024-09-11,,6
c4d9634c,1428692,0,1,1,0,0,0,0,0,0,1,0,0,0,0,0,0,0,male,Caribbean Premier League,T20,RRS Cornwall,0,Barbados Royals,Trinbago Knight Riders,2024-09-13,,6
c4d9634c,1428695,0,0,0,0,0,0,0,0,0,0,0,16,4,0,0,0,15,male,Caribbean Premier League,T20,RRS Cornwall,0,Barbados Royals,St Kitts and Nevis Patriots,2024-09-17,,6
c4d9634c,1428699,2,1,5,0,0,0,0,0,0,3,0,21,0,0,0,0,7,male,Caribbean Premier League,T20,RRS Cornwall,0,Barbados Royals,St Lucia Kings,2024-09-21,,6
c4d9634c,1428701,3,1,12,0,0,0,0,0,0,9,0,25,0,0,0,0,8,male,Caribbean Premier League,T20,RRS Cornwall,0,Barbados Royals,St Lucia Kings,2024-09-22,,6
c4d9634c,1428708,0,0,0,0,0,0,0,0,0,0,0,6,0,0,0,0,1,male,Caribbean Premier League,T20,RRS Cornwall,0,Barbados Royals,Trinbago Knight Riders,2024-10-01,,6
c4d9634c,1428710,19,1,11,4,0,0,0,0,0,4,0,14,0,0,0,0,0,male,Caribbean Premier League,T20,RRS Cornwall,0,Barbados Royals,Guyana Amazon Warriors,2024-10-04,,6
