player_id,match_id,runs_scored,player_out,balls_faced,fours_scored,sixes_scored,catches_taken,run_out_direct,run_out_throw,stumpings_done,dot_balls_as_batsman,order_seenballs_bowled,runs_conceded,wickets_taken,bowled_done,lbw_done,maidens,dot_balls_as_bowler,gender,series_name,match_type,name,out_kind,player_team,opposition_team,start_date,end_date,balls_per_over
a7cd72b2,423387,6,1,24,0,0,0,0,0,0,19,0,26,0,0,0,0,32,female,West Indies Women in South Africa ODI Series,ODI,SA Campbelle,0,West Indies,South Africa,2009-10-21,,6
a7cd72b2,423391,2,1,3,0,0,0,0,1,0,2,0,19,0,0,0,0,13,female,West Indies Women in South Africa T20I Series,T20,SA Campbelle,0,West Indies,South Africa,2009-10-28,,6
a7cd72b2,412717,9,0,9,0,0,0,0,1,0,0,0,23,0,0,0,0,4,female,ICC Women's World Twenty20,T20,SA Campbelle,0,West Indies,New Zealand,2010-05-14,,6
a7cd72b2,551593,11,1,31,0,0,0,0,0,0,23,0,9,1,0,0,0,4,female,West Indies Women in England T20I Series,T20,SA Campbelle,bowled,West Indies,England,2012-09-08,,6
a7cd72b2,551594,13,0,6,2,0,0,0,0,0,1,0,33,0,0,0,0,6,female,West Indies Women in England T20I Series,T20,SA Campbelle,0,West Indies,England,2012-09-10,,6
a7cd72b2,551595,9,1,17,1,0,0,0,0,0,13,0,14,2,2,0,0,13,female,West Indies Women in England T20I Series,T20,SA Campbelle,lbw,West Indies,England,2012-09-13,,6
a7cd72b2,551596,7,1,11,1,0,0,0,0,0,7,0,24,0,0,0,0,12,female,West Indies Women in England T20I Series,T20,SA Campbelle,caught,West Indies,England,2012-09-15,,6
a7cd72b2,551597,1,1,2,0,0,0,0,0,0,1,0,31,2,0,1,0,8,female,West Indies Women in England T20I Series,T20,SA Campbelle,bowled,West Indies,England,2012-09-16,,6
a7cd72b2,533300,0,0,0,0,0,0,0,0,0,0,0,22,2,0,1,0,13,female,ICC Women's World Twenty20,T20,SA Campbelle,0,West Indies,New Zealand,2012-09-26,,6
a7cd72b2,533304,0,1,2,0,0,0,0,0,0,2,0,8,1,0,1,0,4,female,ICC Women's World Twenty20,T20,SA Campbelle,0,West Indies,Sri Lanka,2012-09-28,,6
a7cd72b2,533307,0,0,0,0,0,0,0,0,0,0,0,8,0,0,0,0,16,female,ICC Women's World Twenty20,T20,SA Campbelle,0,West Indies,South Africa,2012-09-30,,6
a7cd72b2,533312,5,0,4,1,0,1,0,1,0,2,0,15,0,0,0,0,3,female,ICC Women's World Twenty20,T20,SA Campbelle,0,West Indies,Australia,2012-10-05,,6
a7cd72b2,588498,14,1,22,1,0,0,0,0,0,14,0,20,0,0,0,0,9,female,South Africa Women in West Indies T20I Series,T20,SA Campbelle,stumped,West Indies,South Africa,2013-01-19,,6
a7cd72b2,588499,33,1,29,1,1,0,0,0,0,8,0,24,1,0,0,0,10,female,South Africa Women in West Indies T20I Series,T20,SA Campbelle,0,West Indies,South Africa,2013-01-20,,6
a7cd72b2,594891,21,1,38,3,0,0,0,0,0,26,0,12,0,0,0,0,2,female,ICC Women's World Cup,ODI,SA Campbelle,0,West Indies,India,2013-01-31,,6
a7cd72b2,594909,11,1,27,2,0,0,0,0,0,22,0,0,0,0,0,0,0,female,ICC Women's World Cup,ODI,SA Campbelle,0,West Indies,New Zealand,2013-02-11,,6
a7cd72b2,594915,11,1,13,1,0,1,0,0,0,9,0,15,0,0,0,0,8,female,ICC Women's World Cup,ODI,SA Campbelle,caught,West Indies,Australia,2013-02-17,,6
a7cd72b2,603239,1,0,7,0,0,1,0,0,0,6,0,18,2,1,0,0,28,female,West Indies Women in Sri Lanka ODI Series,ODI,SA Campbelle,0,West Indies,Sri Lanka,2013-02-22,,6
a7cd72b2,603240,105,1,140,8,4,0,0,0,0,90,0,30,1,0,0,0,29,female,West Indies Women in Sri Lanka ODI Series,ODI,SA Campbelle,caught,West Indies,Sri Lanka,2013-02-24,,6
a7cd72b2,603241,37,1,44,4,0,0,0,0,0,25,0,29,1,1,0,0,30,female,West Indies Women in Sri Lanka ODI Series,ODI,SA Campbelle,0,West Indies,Sri Lanka,2013-02-26,,6
a7cd72b2,603243,0,0,0,0,0,1,0,0,0,0,0,20,1,0,0,0,12,female,West Indies Women in Sri Lanka T20I Series,T20,SA Campbelle,0,West Indies,Sri Lanka,2013-03-03,,6
a7cd72b2,603244,0,0,0,0,0,0,0,0,0,0,0,0,0,0,0,0,0,female,West Indies Women in Sri Lanka T20I Series,T20,SA Campbelle,0,West Indies,Sri Lanka,2013-03-05,,6
a7cd72b2,603246,0,0,0,0,0,0,0,0,0,0,0,27,0,0,0,0,14,female,West Indies Women in Sri Lanka T20I Series,T20,SA Campbelle,0,West Indies,Sri Lanka,2013-03-08,,6
a7cd72b2,682971,1,1,4,0,0,1,0,0,0,3,0,0,0,0,0,0,0,female,Women's World T20,T20,SA Campbelle,bowled,West Indies,England,2014-03-24,,6
a7cd72b2,682979,7,1,4,0,1,0,0,0,0,2,0,0,0,0,0,0,0,female,Women's World T20,T20,SA Campbelle,0,West Indies,Bangladesh,2014-03-26,,6
a7cd72b2,682989,9,0,12,1,0,0,0,0,0,7,0,0,0,0,0,0,0,female,Women's World T20,T20,SA Campbelle,0,West Indies,Sri Lanka,2014-03-28,,6
a7cd72b2,683005,10,1,13,0,0,0,0,0,0,6,0,8,0,0,0,0,2,female,Women's World T20,T20,SA Campbelle,0,West Indies,India,2014-04-01,,6
a7cd72b2,683011,1,0,1,0,0,0,0,0,0,0,0,0,0,0,0,0,0,female,Women's World T20,T20,SA Campbelle,0,West Indies,Australia,2014-04-03,,6
a7cd72b2,754805,24,1,13,1,2,0,0,0,0,4,0,0,0,0,0,0,0,female,West Indies Women in Australia T20I Series,T20,SA Campbelle,stumped,West Indies,Australia,2014-11-07,,6
a7cd72b2,754809,14,1,20,1,0,0,0,0,0,10,0,0,0,0,0,0,0,female,ICC Women's Championship,ODI,SA Campbelle,0,West Indies,Australia,2014-11-11,,6
a7cd72b2,754811,23,1,40,3,0,0,0,0,0,26,0,0,0,0,0,0,0,female,ICC Women's Championship,ODI,SA Campbelle,caught,West Indies,Australia,2014-11-13,,6
a7cd72b2,754813,12,0,30,0,0,0,0,0,0,18,0,0,0,0,0,0,0,female,ICC Women's Championship,ODI,SA Campbelle,0,West Indies,Australia,2014-11-16,,6
a7cd72b2,856121,0,0,0,0,0,0,0,0,0,0,0,0,0,0,0,0,0,female,West Indies Women in Sri Lanka T20I Series,T20,SA Campbelle,0,West Indies,Sri Lanka,2015-05-26,,6
a7cd72b2,907389,26,1,41,4,0,0,0,0,0,28,0,0,0,0,0,0,0,female,ICC Women's Championship,ODI,SA Campbelle,caught,West Indies,South Africa,2016-02-24,,6
a7cd72b2,907391,24,0,30,3,0,1,0,0,0,16,0,0,0,0,0,0,0,female,ICC Women's Championship,ODI,SA Campbelle,0,West Indies,South Africa,2016-02-27,,6
a7cd72b2,907393,27,1,33,3,0,1,0,1,0,17,0,0,0,0,0,0,0,female,ICC Women's Championship,ODI,SA Campbelle,stumped,West Indies,South Africa,2016-02-29,,6
a7cd72b2,907395,16,0,15,2,0,1,0,0,0,6,0,0,0,0,0,0,0,female,West Indies Women in South Africa T20I Series,T20,SA Campbelle,0,West Indies,South Africa,2016-03-04,,6
a7cd72b2,907399,1,1,2,0,0,0,0,0,0,1,0,0,0,0,0,0,0,female,West Indies Women in South Africa T20I Series,T20,SA Campbelle,run out,West Indies,South Africa,2016-03-09,,6
a7cd72b2,951379,14,1,12,0,0,0,0,0,0,3,0,0,0,0,0,0,0,female,Women's World T20,T20,SA Campbelle,0,West Indies,Pakistan,2016-03-16,,6
a7cd72b2,951389,5,0,4,0,0,0,0,0,0,0,0,0,0,0,0,0,0,female,Women's World T20,T20,SA Campbelle,0,West Indies,Bangladesh,2016-03-20,,6
a7cd72b2,951399,0,0,0,0,0,0,0,0,0,0,0,0,0,0,0,0,0,female,Women's World T20,T20,SA Campbelle,0,West Indies,England,2016-03-24,,6
a7cd72b2,951409,1,1,3,0,0,0,0,0,0,2,0,0,0,0,0,0,0,female,Women's World T20,T20,SA Campbelle,0,West Indies,India,2016-03-27,,6
a7cd72b2,951417,0,0,0,0,0,2,0,0,0,0,0,0,0,0,0,0,0,female,Women's World T20,T20,SA Campbelle,0,West Indies,New Zealand,2016-03-31,,6
a7cd72b2,951419,0,0,0,0,0,0,0,0,0,0,0,0,0,0,0,0,0,female,Women's World T20,T20,SA Campbelle,0,West Indies,Australia,2016-04-03,,6
a7cd72b2,1156212,46,1,71,4,0,0,0,0,0,40,0,0,0,0,0,0,0,female,ICC Women's Championship,ODI,SA Campbelle,0,West Indies,South Africa,2018-09-16,,6
a7cd72b2,1156214,14,1,12,1,0,0,0,0,0,2,0,0,0,0,0,0,0,female,ICC Women's Championship,ODI,SA Campbelle,0,West Indies,South Africa,2018-09-22,,6
a7cd72b2,1156216,0,0,0,0,0,0,0,0,0,0,0,0,0,0,0,0,0,female,South Africa Women tour of West Indies,T20,SA Campbelle,0,West Indies,South Africa,2018-09-28,,6
a7cd72b2,1156218,2,0,1,0,0,1,0,0,0,0,0,0,0,0,0,0,0,female,South Africa Women tour of West Indies,T20,SA Campbelle,0,West Indies,South Africa,2018-10-04,,6
a7cd72b2,1156219,28,1,18,4,0,0,0,0,0,4,0,0,0,0,0,0,0,female,South Africa Women tour of West Indies,T20,SA Campbelle,caught,West Indies,South Africa,2018-10-06,,6
a7cd72b2,1150535,1,1,6,0,0,0,0,0,0,5,0,0,0,0,0,0,0,female,ICC Women's T20 World Cup,T20,SA Campbelle,lbw,West Indies,Bangladesh,2018-11-09,,6
a7cd72b2,1150544,7,1,16,1,0,0,0,0,0,12,0,0,0,0,0,0,0,female,ICC Women's T20 World Cup,T20,SA Campbelle,0,West Indies,South Africa,2018-11-14,,6
a7cd72b2,1150548,0,0,0,0,0,0,0,0,0,0,0,0,0,0,0,0,0,female,ICC Women's T20 World Cup,T20,SA Campbelle,0,West Indies,Sri Lanka,2018-11-16,,6
a7cd72b2,1150551,45,1,44,4,1,0,0,0,0,21,0,0,0,0,0,0,0,female,ICC Women's T20 World Cup,T20,SA Campbelle,0,West Indies,England,2018-11-18,,6
a7cd72b2,1150553,7,1,9,1,0,0,0,0,0,5,0,0,0,0,0,0,0,female,ICC Women's T20 World Cup,T20,SA Campbelle,0,West Indies,Australia,2018-11-22,,6
a7cd72b2,1172469,4,0,15,0,0,0,0,0,0,12,0,0,0,0,0,0,0,female,West Indies Women tour of Pakistan and United Arab Emirates,T20,SA Campbelle,0,West Indies,Pakistan,2019-01-31,,6
a7cd72b2,1172470,41,1,44,4,1,0,0,0,0,21,0,0,0,0,0,0,0,female,West Indies Women tour of Pakistan and United Arab Emirates,T20,SA Campbelle,0,West Indies,Pakistan,2019-02-01,,6
a7cd72b2,1172471,9,1,12,1,0,0,0,0,0,6,0,0,0,0,0,0,0,female,West Indies Women tour of Pakistan and United Arab Emirates,T20,SA Campbelle,0,West Indies,Pakistan,2019-02-03,,6
a7cd72b2,1172210,26,0,30,2,0,0,0,0,0,11,0,0,0,0,0,0,0,female,Pakistan vs West Indies ODI Series,ODI,SA Campbelle,0,West Indies,Pakistan,2019-02-07,,6
a7cd72b2,1172211,1,1,8,0,0,0,0,0,0,7,0,0,0,0,0,0,0,female,Pakistan vs West Indies ODI Series,ODI,SA Campbelle,lbw,West Indies,Pakistan,2019-02-09,,6
a7cd72b2,wi_201713,28,1,34,2,0,1,0,0,0,15,0,0,0,0,0,0,0,female,Women's T20 Blaze,T20,SA Campbelle,caught,Guyana,Windward Islands,2019-04-02,,6
a7cd72b2,wi_201716,18,1,33,2,0,0,0,0,0,22,0,0,0,0,0,0,0,female,Women's T20 Blaze,T20,SA Campbelle,0,Guyana,Barbados,2019-04-03,,6
a7cd72b2,1185154,20,1,23,2,0,0,0,0,0,10,0,0,0,0,0,0,0,female,West Indies Women tour of England and Ireland,T20,SA Campbelle,caught,West Indies,Ireland,2019-05-26,,6
a7cd72b2,1185155,19,1,18,2,0,1,0,0,0,7,0,0,0,0,0,0,0,female,West Indies Women tour of England and Ireland,T20,SA Campbelle,0,West Indies,Ireland,2019-05-28,,6
a7cd72b2,1185156,0,0,0,0,0,0,0,0,0,0,0,0,0,0,0,0,0,female,West Indies Women tour of England and Ireland,T20,SA Campbelle,0,West Indies,Ireland,2019-05-29,,6
a7cd72b2,1168016,0,1,1,0,0,1,0,0,0,1,0,0,0,0,0,0,0,female,ICC Women's Championship,ODI,SA Campbelle,0,West Indies,England,2019-06-06,,6
a7cd72b2,1168017,29,1,51,4,0,0,0,0,0,34,0,0,0,0,0,0,0,female,ICC Women's Championship,ODI,SA Campbelle,0,West Indies,England,2019-06-09,,6
a7cd72b2,1168018,3,0,14,0,0,0,0,0,0,11,0,0,0,0,0,0,0,female,ICC Women's Championship,ODI,SA Campbelle,0,West Indies,England,2019-06-13,,6
a7cd72b2,1202249,0,1,2,0,0,2,0,0,1,2,0,0,0,0,0,0,0,female,India Women in West Indies,ODI,SA Campbelle,0,West Indies,India,2019-11-01,,6
a7cd72b2,1202250,39,1,92,2,0,1,0,0,1,64,0,0,0,0,0,0,0,female,India Women tour of West Indies,ODI,SA Campbelle,caught,West Indies,India,2019-11-03,,6
a7cd72b2,1202251,7,1,18,1,0,0,0,0,1,14,0,0,0,0,0,0,0,female,India Women tour of West Indies,ODI,SA Campbelle,caught,West Indies,India,2019-11-06,,6
a7cd72b2,1202252,33,0,34,2,1,1,0,0,1,15,0,0,0,0,0,0,0,female,India Women tour of West Indies,T20,SA Campbelle,0,West Indies,India,2019-11-09,,6
a7cd72b2,1202253,0,1,4,0,0,0,0,0,0,4,0,0,0,0,0,0,0,female,India Women tour of West Indies,T20,SA Campbelle,stumped,West Indies,India,2019-11-10,,6
a7cd72b2,1202254,2,1,12,0,0,0,0,0,1,10,0,0,0,0,0,0,0,female,India Women tour of West Indies,T20,SA Campbelle,caught,West Indies,India,2019-11-14,,6
a7cd72b2,1202255,5,1,4,0,0,0,0,0,1,0,0,0,0,0,0,0,0,female,India Women tour of West Indies,T20,SA Campbelle,run out,West Indies,India,2019-11-17,,6
a7cd72b2,1202256,19,0,23,1,0,0,0,0,0,8,0,0,0,0,0,0,0,female,India Women tour of West Indies,T20,SA Campbelle,0,West Indies,India,2019-11-20,,6
a7cd72b2,1173049,25,0,28,4,0,1,0,0,1,16,0,0,0,0,0,0,0,female,ICC Women's T20 World Cup,T20,SA Campbelle,0,West Indies,Thailand,2020-02-22,,6
a7cd72b2,1173055,43,1,36,2,2,0,0,0,0,14,0,0,0,0,0,0,0,female,ICC Women's T20 World Cup,T20,SA Campbelle,lbw,West Indies,Pakistan,2020-02-26,,6
a7cd72b2,1173063,1,1,5,0,0,0,0,0,0,4,0,0,0,0,0,0,0,female,ICC Women's T20 World Cup,T20,SA Campbelle,caught and bowled,West Indies,England,2020-03-01,,6
a7cd72b2,1230855,9,1,14,1,0,1,0,0,2,8,0,0,0,0,0,0,0,female,West Indies Women tour of England,T20,SA Campbelle,stumped,West Indies,England,2020-09-21,,6
a7cd72b2,1230856,5,1,8,0,0,0,0,0,2,3,0,0,0,0,0,0,0,female,West Indies Women tour of England,T20,SA Campbelle,0,West Indies,England,2020-09-23,,6
a7cd72b2,1230857,5,1,5,1,0,2,0,0,0,3,0,0,0,0,0,0,0,female,West Indies Women tour of England,T20,SA Campbelle,0,West Indies,England,2020-09-26,,6
a7cd72b2,1230858,11,1,15,1,0,3,0,0,0,8,0,0,0,0,0,0,0,female,West Indies Women tour of England,T20,SA Campbelle,0,West Indies,England,2020-09-28,,6
a7cd72b2,1230859,0,0,0,0,0,0,0,0,0,0,0,0,0,0,0,0,0,female,West Indies Women tour of England,T20,SA Campbelle,0,West Indies,England,2020-09-30,,6
a7cd72b2,1288209,23,1,20,2,0,0,0,0,0,7,0,0,0,0,0,0,0,female,West Indies Women tour of Pakistan,ODI,SA Campbelle,0,West Indies,Pakistan,2021-11-08,,6
a7cd72b2,1288210,23,0,46,1,0,1,0,0,0,27,0,0,0,0,0,0,0,female,West Indies Women tour of Pakistan,ODI,SA Campbelle,0,West Indies,Pakistan,2021-11-11,,6
a7cd72b2,1288211,1,1,13,0,0,0,1,0,0,12,0,0,0,0,0,0,0,female,West Indies Women tour of Pakistan,ODI,SA Campbelle,0,West Indies,Pakistan,2021-11-14,,6
a7cd72b2,1277092,7,0,7,0,0,0,0,0,0,2,0,0,0,0,0,0,0,female,West Indies Women tour of South Africa,ODI,SA Campbelle,0,West Indies,South Africa,2022-01-28,,6
a7cd72b2,1277093,13,1,30,0,0,2,0,0,1,20,0,0,0,0,0,0,0,female,West Indies Women tour of South Africa,ODI,SA Campbelle,bowled,West Indies,South Africa,2022-01-31,,6
a7cd72b2,1277094,16,1,41,1,0,1,0,0,1,28,0,0,0,0,0,0,0,female,West Indies Women tour of South Africa,ODI,SA Campbelle,0,West Indies,South Africa,2022-02-03,,6
a7cd72b2,1277095,15,1,25,2,0,0,0,0,0,18,0,0,0,0,0,0,0,female,West Indies Women tour of South Africa,ODI,SA Campbelle,0,West Indies,South Africa,2022-02-06,,6
a7cd72b2,1243908,20,1,40,2,0,0,0,1,0,29,0,0,0,0,0,0,0,female,ICC Women's World Cup,ODI,SA Campbelle,lbw,West Indies,New Zealand,2022-03-04,,6
a7cd72b2,1243914,66,1,83,4,0,1,0,0,0,37,0,0,0,0,0,0,0,female,ICC Women's World Cup,ODI,SA Campbelle,0,West Indies,England,2022-03-09,,6
a7cd72b2,1243917,11,1,17,1,0,1,0,1,0,11,0,0,0,0,0,0,0,female,ICC Women's World Cup,ODI,SA Campbelle,caught,West Indies,India,2022-03-12,,6
a7cd72b2,1243921,20,1,52,2,0,0,0,0,0,41,0,0,0,0,0,0,0,female,ICC Women's World Cup,ODI,SA Campbelle,0,West Indies,Australia,2022-03-15,,6
a7cd72b2,1243924,53,1,108,5,0,1,0,0,0,73,0,0,0,0,0,0,0,female,ICC Women's World Cup,ODI,SA Campbelle,run out,West Indies,Bangladesh,2022-03-18,,6
a7cd72b2,1243927,7,1,5,1,0,0,0,0,0,1,0,0,0,0,0,0,0,female,ICC Women's World Cup,ODI,SA Campbelle,0,West Indies,Pakistan,2022-03-21,,6
a7cd72b2,1243930,0,0,0,0,0,0,0,0,0,0,0,0,0,0,0,0,0,female,ICC Women's World Cup,ODI,SA Campbelle,0,West Indies,South Africa,2022-03-24,,6
a7cd72b2,1243936,8,1,26,0,0,1,0,0,0,20,0,0,0,0,0,0,0,female,ICC Women's World Cup,ODI,SA Campbelle,caught,West Indies,Australia,2022-03-30,,6
a7cd72b2,1313196,28,0,18,2,1,0,0,1,1,3,0,0,0,0,0,0,0,female,FairBreak Invitational Tournament,T20,SA Campbelle,0,Barmy Army,Spirit,2022-05-05,,6
a7cd72b2,1313197,1,0,1,0,0,0,0,0,0,0,0,0,0,0,0,0,0,female,FairBreak Invitational Tournament,T20,SA Campbelle,0,Barmy Army,Falcons,2022-05-06,,6
a7cd72b2,1313202,0,0,0,0,0,0,0,0,0,0,0,0,0,0,0,0,0,female,FairBreak Invitational Tournament,T20,SA Campbelle,0,Barmy Army,Tornadoes,2022-05-08,,6
a7cd72b2,1313210,31,1,31,2,2,0,1,0,0,16,0,0,0,0,0,0,0,female,FairBreak Invitational Tournament,T20,SA Campbelle,stumped,Barmy Army,Tornadoes,2022-05-14,,6
a7cd72b2,1313211,7,1,5,1,0,1,0,0,0,1,0,0,0,0,0,0,0,female,FairBreak Invitational Tournament,T20,SA Campbelle,0,Barmy Army,Spirit,2022-05-15,,6
a7cd72b2,wi_211825,33,1,41,5,0,0,0,0,0,24,0,0,0,0,0,0,0,female,T20 Blaze,T20,SA Campbelle,0,Guyana,Barbados,2022-06-07,,6
a7cd72b2,wi_211831,10,1,12,1,0,0,0,0,0,6,0,0,0,0,0,0,0,female,T20 Blaze,T20,SA Campbelle,0,Guyana,Jamaica,2022-06-11,,6
a7cd72b2,wi_211835,36,1,32,4,0,2,0,0,0,12,0,0,0,0,0,0,0,female,T20 Blaze,T20,SA Campbelle,caught,Guyana,Leeward Islands,2022-06-13,,6
a7cd72b2,wi_211838,29,0,30,3,0,2,0,0,0,11,0,0,0,0,0,0,0,female,T20 Blaze,T20,SA Campbelle,0,Guyana,Windward Islands,2022-06-14,,6
a7cd72b2,wi_211979,30,1,40,4,0,1,0,0,0,26,0,0,0,0,0,0,0,female,CG United Women's Super50,ODM,SA Campbelle,0,Guyana,Leeward Islands,2022-06-21,,6
a7cd72b2,wi_212062,5,1,6,1,0,0,0,0,0,4,0,0,0,0,0,0,0,female,CG United Women's Super50,ODM,SA Campbelle,bowled,Guyana,Jamaica,2022-06-23,,6
a7cd72b2,1323179,0,0,0,0,0,0,0,0,0,0,0,0,0,0,0,0,0,female,Women's Caribbean Premier League,T20,SA Campbelle,0,Guyana Amazon Warriors,Trinbago Knight Riders,2022-09-01,,6
a7cd72b2,1323180,16,1,25,0,0,2,0,0,0,10,0,0,0,0,0,0,0,female,Women's Caribbean Premier League,T20,SA Campbelle,caught,Guyana Amazon Warriors,Barbados Royals,2022-09-03,,6
a7cd72b2,1343931,0,1,5,0,0,1,0,0,0,5,0,0,0,0,0,0,0,female,England Women tour of West Indies,ODI,SA Campbelle,0,West Indies,England,2022-12-04,,6
a7cd72b2,1343932,3,1,6,0,0,0,1,0,0,4,0,0,0,0,0,0,0,female,England Women tour of West Indies,ODI,SA Campbelle,0,West Indies,England,2022-12-06,,6
a7cd72b2,1343933,7,1,21,1,0,1,0,0,0,17,0,0,0,0,0,0,0,female,England Women tour of West Indies,ODI,SA Campbelle,caught,West Indies,England,2022-12-09,,6
a7cd72b2,1343934,10,1,12,1,0,0,2,0,0,6,0,0,0,0,0,0,0,female,England Women tour of West Indies,T20,SA Campbelle,caught,West Indies,England,2022-12-11,,6
a7cd72b2,1343935,15,1,17,2,0,0,0,0,0,9,0,0,0,0,0,0,0,female,England Women tour of West Indies,T20,SA Campbelle,0,West Indies,England,2022-12-14,,6
a7cd72b2,1343936,0,1,5,0,0,0,1,0,0,5,0,0,0,0,0,0,0,female,England Women tour of West Indies,T20,SA Campbelle,bowled,West Indies,England,2022-12-17,,6
a7cd72b2,1343937,17,1,18,3,0,0,0,0,0,10,0,0,0,0,0,0,0,female,England Women tour of West Indies,T20,SA Campbelle,caught,West Indies,England,2022-12-18,,6
a7cd72b2,1344512,11,1,14,0,0,0,0,0,0,7,0,0,0,0,0,0,0,female,South Africa Women's T20I Tri-Series,T20,SA Campbelle,caught and bowled,West Indies,South Africa,2023-01-21,,6
a7cd72b2,1344513,47,1,58,5,1,0,0,0,0,33,0,0,0,0,0,0,0,female,South Africa Women's T20I Tri-Series,T20,SA Campbelle,0,West Indies,India,2023-01-23,,6
a7cd72b2,1344514,1,0,9,0,0,0,0,0,0,8,0,0,0,0,0,0,0,female,South Africa Women's T20I Tri-Series,T20,SA Campbelle,0,West Indies,South Africa,2023-01-25,,6
a7cd72b2,1344516,0,1,1,0,0,0,0,0,0,1,0,0,0,0,0,0,0,female,South Africa Women's T20I Tri-Series,T20,SA Campbelle,bowled,West Indies,India,2023-01-30,,6
a7cd72b2,1338041,34,1,40,4,0,0,0,0,0,23,0,0,0,0,0,0,0,female,ICC Women's T20 World Cup,T20,SA Campbelle,caught,West Indies,England,2023-02-11,,6
a7cd72b2,1338048,30,1,36,3,0,1,0,0,0,17,0,0,0,0,0,0,0,female,ICC Women's T20 World Cup,T20,SA Campbelle,caught,West Indies,India,2023-02-15,,6
a7cd72b2,1338052,8,1,10,1,0,0,0,0,0,5,0,0,0,0,0,0,0,female,ICC Women's T20 World Cup,T20,SA Campbelle,0,West Indies,Ireland,2023-02-17,,6
a7cd72b2,1338055,22,1,26,1,0,0,0,0,0,11,0,0,0,0,0,0,0,female,ICC Women's T20 World Cup,T20,SA Campbelle,0,West Indies,Pakistan,2023-02-19,,6
a7cd72b2,1366016,33,0,25,3,1,1,0,0,0,8,0,0,0,0,0,0,0,female,FairBreak Invitational Tournament,T20,SA Campbelle,0,Barmy Army,Spirit,2023-04-04,,6
a7cd72b2,1366018,10,1,12,0,0,1,0,0,0,3,0,0,0,0,0,0,0,female,FairBreak Invitational Tournament,T20,SA Campbelle,caught,Barmy Army,Falcons,2023-04-05,,6
a7cd72b2,1366021,0,0,0,0,0,0,0,0,0,0,0,0,0,0,0,0,0,female,FairBreak Invitational Tournament,T20,SA Campbelle,0,Barmy Army,Tornadoes,2023-04-08,,6
a7cd72b2,1366024,12,0,10,0,1,0,0,0,0,3,0,0,0,0,0,0,0,female,FairBreak Invitational Tournament,T20,SA Campbelle,0,Barmy Army,Warriors,2023-04-09,,6
a7cd72b2,1366027,30,1,17,5,0,2,0,1,0,4,0,0,0,0,0,0,0,female,FairBreak Invitational Tournament,T20,SA Campbelle,caught,Barmy Army,Sapphires,2023-04-12,,6
a7cd72b2,1366031,12,1,13,0,1,0,0,0,0,6,0,0,0,0,0,0,0,female,FairBreak Invitational Tournament,T20,SA Campbelle,caught,Barmy Army,Falcons,2023-04-15,,6
a7cd72b2,1366032,16,0,15,2,0,0,0,0,0,5,0,0,0,0,0,0,0,female,FairBreak Invitational Tournament,T20,SA Campbelle,0,Barmy Army,Spirit,2023-04-16,,6
a7cd72b2,1378191,24,1,28,1,0,2,0,0,1,13,0,0,0,0,0,0,0,female,Ireland Women tour of West Indies,ODI,SA Campbelle,caught,West Indies,Ireland,2023-06-26,,6
a7cd72b2,1378192,0,0,0,0,0,2,0,0,0,0,0,0,0,0,0,0,0,female,Ireland Women tour of West Indies,ODI,SA Campbelle,0,West Indies,Ireland,2023-06-28,,6
a7cd72b2,1378193,3,1,7,0,0,2,0,0,0,4,0,0,0,0,0,0,0,female,Ireland Women tour of West Indies,ODI,SA Campbelle,stumped,West Indies,Ireland,2023-07-01,,6
a7cd72b2,1378194,14,1,18,0,0,0,0,0,0,6,0,0,0,0,0,0,0,female,Ireland Women tour of West Indies,T20,SA Campbelle,0,West Indies,Ireland,2023-07-04,,6
a7cd72b2,1378195,0,0,0,0,0,2,1,3,0,0,0,0,0,0,0,0,0,female,Ireland Women tour of West Indies,T20,SA Campbelle,0,West Indies,Ireland,2023-07-06,,6
a7cd72b2,1378196,0,0,0,0,0,0,0,0,2,0,0,0,0,0,0,0,0,female,Ireland Women tour of West Indies,T20,SA Campbelle,0,West Indies,Ireland,2023-07-08,,6
a7cd72b2,1380589,0,0,0,0,0,1,0,0,0,0,0,0,0,0,0,0,0,female,Women's Caribbean Premier League,T20,SA Campbelle,0,Guyana Amazon Warriors,Barbados Royals,2023-08-31,,6
a7cd72b2,1380591,19,0,13,2,0,0,0,0,0,2,0,0,0,0,0,0,0,female,Women's Caribbean Premier League,T20,SA Campbelle,0,Guyana Amazon Warriors,Barbados Royals,2023-09-03,,6
a7cd72b2,1380592,7,1,10,1,0,2,0,0,1,7,0,0,0,0,0,0,0,female,Women's Caribbean Premier League,T20,SA Campbelle,bowled,Guyana Amazon Warriors,Trinbago Knight Riders,2023-09-05,,6
a7cd72b2,1380594,0,0,0,0,0,0,0,1,1,0,0,0,0,0,0,0,0,female,Women's Caribbean Premier League,T20,SA Campbelle,0,Guyana Amazon Warriors,Trinbago Knight Riders,2023-09-09,,6
a7cd72b2,1380595,47,1,35,4,2,0,0,1,0,10,0,0,0,0,0,0,0,female,Women's Caribbean Premier League,T20,SA Campbelle,0,Guyana Amazon Warriors,Barbados Royals,2023-09-10,,6
a7cd72b2,1375863,19,1,21,1,1,0,0,0,0,11,0,0,0,0,0,0,0,female,West Indies Women tour of Australia,T20,SA Campbelle,0,West Indies,Australia,2023-10-01,,6
a7cd72b2,1375864,4,0,4,0,0,1,0,0,0,1,0,0,0,0,0,0,0,female,West Indies Women tour of Australia,T20,SA Campbelle,0,West Indies,Australia,2023-10-02,,6
a7cd72b2,1375865,4,1,3,1,0,0,0,0,0,2,0,0,0,0,0,0,0,female,West Indies Women tour of Australia,T20,SA Campbelle,caught,West Indies,Australia,2023-10-05,,6
a7cd72b2,1375866,14,1,37,1,0,1,0,0,0,30,0,0,0,0,0,0,0,female,West Indies Women tour of Australia,ODI,SA Campbelle,caught,West Indies,Australia,2023-10-08,,6
a7cd72b2,1375867,6,1,4,1,0,0,0,0,0,2,0,0,0,0,0,0,0,female,West Indies Women tour of Australia,ODI,SA Campbelle,lbw,West Indies,Australia,2023-10-12,,6
a7cd72b2,1375868,1,1,2,0,0,0,0,0,0,1,0,0,0,0,0,0,0,female,West Indies Women tour of Australia,ODI,SA Campbelle,0,West Indies,Australia,2023-10-14,,6
a7cd72b2,1426081,45,1,71,4,0,0,0,0,0,44,0,0,0,0,0,0,0,female,West Indies Women tour of Pakistan,ODI,SA Campbelle,0,West Indies,Pakistan,2024-04-18,,6
a7cd72b2,1426082,52,1,74,4,0,0,0,0,0,36,0,0,0,0,0,0,0,female,West Indies Women tour of Pakistan,ODI,SA Campbelle,caught,West Indies,Pakistan,2024-04-21,,6
a7cd72b2,1426083,38,1,58,2,0,1,0,0,0,32,0,0,0,0,0,0,0,female,West Indies Women tour of Pakistan,ODI,SA Campbelle,lbw,West Indies,Pakistan,2024-04-23,,6
a7cd72b2,1426084,2,1,7,0,0,1,1,0,0,5,0,0,0,0,0,0,0,female,West Indies Women tour of Pakistan,T20,SA Campbelle,lbw,West Indies,Pakistan,2024-04-26,,6
a7cd72b2,1426085,21,1,30,1,0,0,0,0,2,12,0,0,0,0,0,0,0,female,West Indies Women tour of Pakistan,T20,SA Campbelle,bowled,West Indies,Pakistan,2024-04-28,,6
a7cd72b2,1426086,31,1,39,0,0,0,0,2,0,13,0,0,0,0,0,0,0,female,West Indies Women tour of Pakistan,T20,SA Campbelle,caught,West Indies,Pakistan,2024-04-30,,6
a7cd72b2,1426087,26,0,20,2,1,1,0,0,1,7,0,0,0,0,0,0,0,female,West Indies Women tour of Pakistan,T20,SA Campbelle,0,West Indies,Pakistan,2024-05-02,,6
a7cd72b2,1426088,33,0,35,2,0,0,0,1,1,12,0,0,0,0,0,0,0,female,West Indies Women tour of Pakistan,T20,SA Campbelle,0,West Indies,Pakistan,2024-05-03,,6
a7cd72b2,1436886,27,1,51,4,0,0,0,0,0,36,0,0,0,0,0,0,0,female,West Indies Women tour of Sri Lanka,ODI,SA Campbelle,0,West Indies,Sri Lanka,2024-06-15,,6
a7cd72b2,1436887,9,1,18,1,0,0,0,0,0,13,0,0,0,0,0,0,0,female,West Indies Women tour of Sri Lanka,ODI,SA Campbelle,bowled,West Indies,Sri Lanka,2024-06-18,,6
a7cd72b2,1436888,0,1,6,0,0,0,0,0,0,6,0,0,0,0,0,0,0,female,West Indies Women tour of Sri Lanka,ODI,SA Campbelle,0,West Indies,Sri Lanka,2024-06-21,,6
a7cd72b2,1436889,5,1,7,0,0,0,0,0,0,4,0,0,0,0,0,0,0,female,West Indies Women tour of Sri Lanka,T20,SA Campbelle,0,West Indies,Sri Lanka,2024-06-24,,6
a7cd72b2,1436890,16,1,14,2,0,0,0,0,0,5,0,0,0,0,0,0,0,female,West Indies Women tour of Sri Lanka,T20,SA Campbelle,caught,West Indies,Sri Lanka,2024-06-26,,6
a7cd72b2,1436891,41,0,30,3,2,1,0,0,0,9,0,0,0,0,0,0,0,female,West Indies Women tour of Sri Lanka,T20,SA Campbelle,0,West Indies,Sri Lanka,2024-06-28,,6
a7cd72b2,1443199,16,1,21,1,0,0,0,1,0,9,0,0,0,0,0,0,0,female,Women's Caribbean Premier League,T20,SA Campbelle,0,Guyana Amazon Warriors,Barbados Royals,2024-08-21,,6
a7cd72b2,1443201,0,0,0,0,0,0,0,0,0,0,0,0,0,0,0,0,0,female,Women's Caribbean Premier League,T20,SA Campbelle,0,Guyana Amazon Warriors,Trinbago Knight Riders,2024-08-23,,6
a7cd72b2,1443202,27,1,31,1,0,0,0,0,0,11,0,0,0,0,0,0,0,female,Women's Caribbean Premier League,T20,SA Campbelle,0,Guyana Amazon Warriors,Trinbago Knight Riders,2024-08-25,,6
a7cd72b2,1443203,0,1,4,0,0,0,0,0,0,4,0,0,0,0,0,0,0,female,Women's Caribbean Premier League,T20,SA Campbelle,0,Guyana Amazon Warriors,Barbados Royals,2024-08-26,,6
a7cd72b2,1432424,17,1,22,1,0,0,0,0,0,10,0,0,0,0,0,0,0,female,ICC Women's T20 World Cup,T20,SA Campbelle,0,West Indies,South Africa,2024-10-04,,6
a7cd72b2,1432429,2,1,8,0,0,0,0,2,0,6,0,0,0,0,0,0,0,female,ICC Women's T20 World Cup,T20,SA Campbelle,0,West Indies,Scotland,2024-10-06,,6
a7cd72b2,1432434,21,1,16,2,0,1,0,0,2,3,0,0,0,0,0,0,0,female,ICC Women's T20 World Cup,T20,SA Campbelle,stumped,West Indies,Bangladesh,2024-10-10,,6
a7cd72b2,1432441,5,0,9,0,0,0,0,1,0,4,0,0,0,0,0,0,0,female,ICC Women's T20 World Cup,T20,SA Campbelle,0,West Indies,England,2024-10-15,,6
a7cd72b2,1432443,3,1,5,0,0,1,0,0,1,3,0,0,0,0,0,0,0,female,ICC Women's T20 World Cup,T20,SA Campbelle,0,West Indies,New Zealand,2024-10-18,,6
