player_id,match_id,runs_scored,player_out,balls_faced,fours_scored,sixes_scored,catches_taken,run_out_direct,run_out_throw,stumpings_done,dot_balls_as_batsman,order_seenballs_bowled,runs_conceded,wickets_taken,bowled_done,lbw_done,maidens,dot_balls_as_bowler,gender,series_name,match_type,name,out_kind,player_team,opposition_team,start_date,end_date,balls_per_over
77851c2d,423387,19,1,37,0,0,0,0,0,0,23,0,6,1,1,0,1,26,female,West Indies Women in South Africa ODI Series,ODI,SACA King,0,West Indies,South Africa,2009-10-21,,6
77851c2d,423391,0,1,3,0,0,0,0,1,0,3,0,27,1,0,1,0,9,female,West Indies Women in South Africa T20I Series,T20,SACA King,0,West Indies,South Africa,2009-10-28,,6
77851c2d,412717,4,1,3,1,0,3,0,0,0,2,0,29,0,0,0,0,13,female,ICC Women's World Twenty20,T20,SACA King,0,West Indies,New Zealand,2010-05-14,,6
77851c2d,551593,0,1,1,0,0,0,0,0,0,1,0,16,0,0,0,0,3,female,West Indies Women in England T20I Series,T20,SACA King,stumped,West Indies,England,2012-09-08,,6
77851c2d,551594,9,0,4,1,0,0,0,0,0,0,0,0,0,0,0,0,0,female,West Indies Women in England T20I Series,T20,SACA King,0,West Indies,England,2012-09-10,,6
77851c2d,551595,8,1,13,1,0,1,0,0,0,10,0,0,0,0,0,0,0,female,West Indies Women in England T20I Series,T20,SACA King,0,West Indies,England,2012-09-13,,6
77851c2d,551597,4,1,3,0,0,1,0,0,0,1,0,15,0,0,0,0,2,female,West Indies Women in England T20I Series,T20,SACA King,bowled,West Indies,England,2012-09-16,,6
77851c2d,533300,0,0,0,0,0,1,1,0,0,0,0,0,0,0,0,0,0,female,ICC Women's World Twenty20,T20,SACA King,0,West Indies,New Zealand,2012-09-26,,6
77851c2d,533304,12,1,8,0,1,0,0,0,0,1,0,0,0,0,0,0,0,female,ICC Women's World Twenty20,T20,SACA King,run out,West Indies,Sri Lanka,2012-09-28,,6
77851c2d,533307,0,0,0,0,0,0,0,0,0,0,0,0,0,0,0,0,0,female,ICC Women's World Twenty20,T20,SACA King,0,West Indies,South Africa,2012-09-30,,6
77851c2d,533312,1,1,2,0,0,0,0,0,0,1,0,0,0,0,0,0,0,female,ICC Women's World Twenty20,T20,SACA King,0,West Indies,Australia,2012-10-05,,6
77851c2d,682979,20,1,13,2,1,0,0,0,0,5,0,0,0,0,0,0,0,female,Women's World T20,T20,SACA King,0,West Indies,Bangladesh,2014-03-26,,6
77851c2d,682989,0,0,0,0,0,0,0,0,0,0,0,0,0,0,0,0,0,female,Women's World T20,T20,SACA King,0,West Indies,Sri Lanka,2014-03-28,,6
77851c2d,683005,16,0,14,2,0,0,0,0,0,5,0,9,0,0,0,0,0,female,Women's World T20,T20,SACA King,0,West Indies,India,2014-04-01,,6
77851c2d,683011,36,0,30,4,1,0,0,0,0,11,0,0,0,0,0,0,0,female,Women's World T20,T20,SACA King,0,West Indies,Australia,2014-04-03,,6
77851c2d,856117,1,1,5,0,0,0,0,0,0,4,0,16,2,1,0,0,9,female,West Indies Women tour of Sri Lanka,T20,SACA King,0,West Indies,Sri Lanka,2015-05-23,,6
77851c2d,856119,0,0,0,0,0,1,0,0,0,0,0,12,0,0,0,0,9,female,West Indies Women in Sri Lanka T20I Series,T20,SACA King,0,West Indies,Sri Lanka,2015-05-25,,6
77851c2d,856121,0,0,0,0,0,1,0,0,0,0,0,9,0,0,0,0,3,female,West Indies Women in Sri Lanka T20I Series,T20,SACA King,0,West Indies,Sri Lanka,2015-05-26,,6
77851c2d,892043,0,0,0,0,0,1,0,0,0,0,0,7,1,0,0,0,9,female,Pakistan Women in West Indies T20I Series,T20,SACA King,0,West Indies,Pakistan,2015-10-29,,6
77851c2d,896467,6,1,7,1,0,0,0,0,0,4,0,0,0,0,0,0,0,female,Women's Big Bash League,T20,SACA King,caught,Adelaide Strikers,Brisbane Heat,2015-12-19,,6
77851c2d,896493,21,1,24,3,0,0,0,0,0,14,0,0,0,0,0,0,0,female,Women's Big Bash League,T20,SACA King,0,Adelaide Strikers,Perth Scorchers,2015-12-31,,6
77851c2d,907393,13,0,23,0,0,0,0,0,0,11,0,18,0,0,0,1,24,female,ICC Women's Championship,ODI,SACA King,0,West Indies,South Africa,2016-02-29,,6
77851c2d,907395,29,1,39,4,0,0,0,0,0,24,0,0,0,0,0,0,0,female,West Indies Women in South Africa T20I Series,T20,SACA King,bowled,West Indies,South Africa,2016-03-04,,6
77851c2d,907399,6,1,7,0,0,1,0,0,0,2,0,0,0,0,0,0,0,female,West Indies Women in South Africa T20I Series,T20,SACA King,caught and bowled,West Indies,South Africa,2016-03-09,,6
77851c2d,951379,12,0,15,0,0,1,0,0,0,6,0,0,0,0,0,0,0,female,Women's World T20,T20,SACA King,0,West Indies,Pakistan,2016-03-16,,6
77851c2d,951389,20,0,15,2,0,0,1,0,0,4,0,0,0,0,0,0,0,female,Women's World T20,T20,SACA King,0,West Indies,Bangladesh,2016-03-20,,6
77851c2d,951399,4,0,4,0,0,0,0,0,0,2,0,0,0,0,0,0,0,female,Women's World T20,T20,SACA King,0,West Indies,England,2016-03-24,,6
77851c2d,951409,2,1,3,0,0,1,0,0,0,2,0,0,0,0,0,0,0,female,Women's World T20,T20,SACA King,0,West Indies,India,2016-03-27,,6
77851c2d,951417,4,1,7,0,0,0,0,0,0,4,0,0,0,0,0,0,0,female,Women's World T20,T20,SACA King,0,West Indies,New Zealand,2016-03-31,,6
77851c2d,951419,0,0,0,0,0,0,0,1,0,0,0,0,0,0,0,0,0,female,Women's World T20,T20,SACA King,0,West Indies,Australia,2016-04-03,,6
77851c2d,wi_201706,25,1,17,3,0,0,0,0,0,3,0,9,0,0,0,0,1,female,Women's T20 Blaze,T20,SACA King,0,Trinidad and Tobago,Windward Islands,2019-03-29,,6
77851c2d,1185155,34,1,36,4,0,0,0,0,0,19,0,16,2,1,1,0,15,female,West Indies Women tour of England and Ireland,T20,SACA King,caught,West Indies,Ireland,2019-05-28,,6
77851c2d,1185156,0,0,0,0,0,0,0,0,0,0,0,10,1,0,0,1,14,female,West Indies Women tour of England and Ireland,T20,SACA King,0,West Indies,Ireland,2019-05-29,,6
77851c2d,1168016,0,1,7,0,0,1,0,0,0,7,0,25,0,0,0,0,8,female,ICC Women's Championship,ODI,SACA King,lbw,West Indies,England,2019-06-06,,6
77851c2d,1168017,0,0,0,0,0,1,0,0,0,0,0,18,0,0,0,0,19,female,ICC Women's Championship,ODI,SACA King,0,West Indies,England,2019-06-09,,6
77851c2d,1168018,26,1,40,3,0,0,0,0,0,26,0,26,0,0,0,0,10,female,ICC Women's Championship,ODI,SACA King,caught,West Indies,England,2019-06-13,,6
77851c2d,1168020,43,1,34,7,0,0,0,0,0,15,0,0,0,0,0,0,0,female,West Indies Women tour of England and Ireland,T20,SACA King,caught,West Indies,England,2019-06-21,,6
77851c2d,1198472,0,1,3,0,0,0,0,0,0,3,0,18,0,0,0,0,19,female,Australia Women tour of West Indies,ODI,SACA King,bowled,West Indies,Australia,2019-09-05,,6
77851c2d,1198474,12,1,19,2,0,1,0,0,0,13,0,19,0,0,0,0,11,female,ICC Women's Championship,ODI,SACA King,caught,West Indies,Australia,2019-09-11,,6
77851c2d,1198475,4,1,3,1,0,0,0,0,0,2,0,0,0,0,0,0,0,female,Australia Women tour of West Indies,T20,SACA King,0,West Indies,Australia,2019-09-14,,6
77851c2d,1198476,2,1,12,0,0,0,0,0,0,10,0,9,0,0,0,0,7,female,Australia Women tour of West Indies,T20,SACA King,0,West Indies,Australia,2019-09-16,,6
77851c2d,1198477,6,1,15,1,0,0,0,0,0,12,0,17,0,0,0,0,6,female,Australia Women tour of West Indies,T20,SACA King,0,West Indies,Australia,2019-09-18,,6
77851c2d,1202249,12,1,42,1,0,2,1,0,0,35,0,36,0,0,0,0,27,female,India Women in West Indies,ODI,SACA King,0,West Indies,India,2019-11-01,,6
77851c2d,1202250,6,1,14,0,0,0,0,0,0,11,0,22,0,0,0,1,34,female,India Women tour of West Indies,ODI,SACA King,bowled,West Indies,India,2019-11-03,,6
77851c2d,1202251,38,1,48,2,1,0,0,0,0,25,0,16,0,0,0,0,16,female,India Women tour of West Indies,ODI,SACA King,0,West Indies,India,2019-11-06,,6
77851c2d,1202252,13,1,17,0,0,0,0,0,0,6,0,14,0,0,0,0,5,female,India Women tour of West Indies,T20,SACA King,0,West Indies,India,2019-11-09,,6
77851c2d,1202253,7,1,9,1,0,0,0,0,0,5,0,26,0,0,0,0,3,female,India Women tour of West Indies,T20,SACA King,caught,West Indies,India,2019-11-10,,6
77851c2d,1202254,7,1,25,0,0,0,0,0,0,18,0,0,0,0,0,0,0,female,India Women tour of West Indies,T20,SACA King,bowled,West Indies,India,2019-11-14,,6
77851c2d,1202255,1,0,1,0,0,0,0,0,0,0,0,10,0,0,0,0,0,female,India Women tour of West Indies,T20,SACA King,0,West Indies,India,2019-11-17,,6
