player_id,match_id,runs_scored,player_out,balls_faced,fours_scored,sixes_scored,catches_taken,run_out_direct,run_out_throw,stumpings_done,dot_balls_as_batsman,order_seenballs_bowled,runs_conceded,wickets_taken,bowled_done,lbw_done,maidens,dot_balls_as_bowler,gender,series_name,match_type,name,out_kind,player_team,opposition_team,start_date,end_date,balls_per_over
c29ada99,423387,1,1,2,0,0,0,0,0,0,1,0,11,0,0,0,0,10,female,West Indies Women in South Africa ODI Series,ODI,SC Selman,0,West Indies,South Africa,2009-10-21,,6
c29ada99,423391,1,0,7,0,0,0,0,0,0,6,0,10,1,0,0,0,8,female,West Indies Women in South Africa T20I Series,T20,SC Selman,0,West Indies,South Africa,2009-10-28,,6
c29ada99,412717,0,0,0,0,0,0,1,0,0,0,0,27,2,0,0,0,10,female,ICC Women's World Twenty20,T20,SC Selman,0,West Indies,New Zealand,2010-05-14,,6
c29ada99,551593,0,0,0,0,0,0,0,0,0,0,0,18,0,0,0,0,6,female,West Indies Women in England T20I Series,T20,SC Selman,0,West Indies,England,2012-09-08,,6
c29ada99,551595,5,0,4,0,0,0,0,0,0,1,0,0,0,0,0,0,0,female,West Indies Women in England T20I Series,T20,SC Selman,0,West Indies,England,2012-09-13,,6
c29ada99,551596,0,0,1,0,0,0,0,0,0,1,0,17,0,0,0,0,7,female,West Indies Women in England T20I Series,T20,SC Selman,0,West Indies,England,2012-09-15,,6
c29ada99,551597,0,0,0,0,0,1,0,0,0,0,0,18,0,0,0,0,3,female,West Indies Women in England T20I Series,T20,SC Selman,0,West Indies,England,2012-09-16,,6
c29ada99,533300,0,0,0,0,0,0,0,0,0,0,0,18,0,0,0,0,7,female,ICC Women's World Twenty20,T20,SC Selman,0,West Indies,New Zealand,2012-09-26,,6
c29ada99,533304,0,0,0,0,0,0,0,0,0,0,0,3,0,0,0,0,3,female,ICC Women's World Twenty20,T20,SC Selman,0,West Indies,Sri Lanka,2012-09-28,,6
c29ada99,533307,0,0,0,0,0,0,0,0,0,0,0,0,0,0,0,0,0,female,ICC Women's World Twenty20,T20,SC Selman,0,West Indies,South Africa,2012-09-30,,6
c29ada99,533312,0,0,0,0,0,0,0,0,0,0,0,8,0,0,0,0,3,female,ICC Women's World Twenty20,T20,SC Selman,0,West Indies,Australia,2012-10-05,,6
c29ada99,588498,0,0,0,0,0,0,0,0,0,0,0,12,0,0,0,0,3,female,South Africa Women in West Indies T20I Series,T20,SC Selman,0,West Indies,South Africa,2013-01-19,,6
c29ada99,588499,0,0,0,0,0,0,0,0,0,0,0,0,0,0,0,0,0,female,South Africa Women in West Indies T20I Series,T20,SC Selman,0,West Indies,South Africa,2013-01-20,,6
c29ada99,594891,2,1,12,0,0,2,0,0,0,10,0,26,0,0,0,0,15,female,ICC Women's World Cup,ODI,SC Selman,0,West Indies,India,2013-01-31,,6
c29ada99,594909,6,1,21,0,0,0,0,0,0,17,0,32,0,0,0,0,18,female,ICC Women's World Cup,ODI,SC Selman,bowled,West Indies,New Zealand,2013-02-11,,6
c29ada99,603239,0,0,0,0,0,0,0,1,0,0,0,9,2,0,1,4,55,female,West Indies Women in Sri Lanka ODI Series,ODI,SC Selman,0,West Indies,Sri Lanka,2013-02-22,,6
c29ada99,603240,12,1,25,0,0,1,0,0,0,14,0,39,0,0,0,2,38,female,West Indies Women in Sri Lanka ODI Series,ODI,SC Selman,caught,West Indies,Sri Lanka,2013-02-24,,6
c29ada99,603241,12,1,15,0,0,1,0,0,0,4,0,26,1,0,0,0,40,female,West Indies Women in Sri Lanka ODI Series,ODI,SC Selman,0,West Indies,Sri Lanka,2013-02-26,,6
c29ada99,603243,0,0,0,0,0,1,0,0,0,0,0,15,0,0,0,1,13,female,West Indies Women in Sri Lanka T20I Series,T20,SC Selman,0,West Indies,Sri Lanka,2013-03-03,,6
c29ada99,603244,0,0,0,0,0,1,0,0,0,0,0,15,2,2,0,0,17,female,West Indies Women in Sri Lanka T20I Series,T20,SC Selman,0,West Indies,Sri Lanka,2013-03-05,,6
c29ada99,682971,0,0,0,0,0,0,0,0,0,0,0,22,1,1,0,0,11,female,Women's World T20,T20,SC Selman,0,West Indies,England,2014-03-24,,6
c29ada99,682979,1,1,2,0,0,0,2,0,0,1,0,13,1,1,0,0,12,female,Women's World T20,T20,SC Selman,0,West Indies,Bangladesh,2014-03-26,,6
c29ada99,682989,0,0,0,0,0,0,0,0,0,0,0,22,0,0,0,0,8,female,Women's World T20,T20,SC Selman,0,West Indies,Sri Lanka,2014-03-28,,6
c29ada99,683005,2,0,1,0,0,0,0,0,0,0,0,21,1,0,0,0,8,female,Women's World T20,T20,SC Selman,0,West Indies,India,2014-04-01,,6
c29ada99,683011,0,0,0,0,0,0,0,1,0,0,0,12,0,0,0,0,0,female,Women's World T20,T20,SC Selman,0,West Indies,Australia,2014-04-03,,6
c29ada99,754801,0,0,0,0,0,3,0,0,0,0,0,11,0,0,0,0,7,female,West Indies Women in Australia T20I Series,T20,SC Selman,0,West Indies,Australia,2014-11-02,,6
c29ada99,754805,0,0,0,0,0,2,0,0,0,0,0,22,0,0,0,0,7,female,West Indies Women in Australia T20I Series,T20,SC Selman,0,West Indies,Australia,2014-11-07,,6
c29ada99,754809,7,0,4,1,0,0,0,0,0,0,0,26,0,0,0,0,11,female,ICC Women's Championship,ODI,SC Selman,0,West Indies,Australia,2014-11-11,,6
c29ada99,754815,0,0,0,0,0,0,0,0,0,0,0,28,1,0,0,0,12,female,West Indies Women in Australia ODI Series,ODI,SC Selman,0,West Indies,Australia,2014-11-18,,6
c29ada99,907389,0,0,0,0,0,0,0,0,0,0,0,29,0,0,0,0,15,female,ICC Women's Championship,ODI,SC Selman,0,West Indies,South Africa,2016-02-24,,6
c29ada99,907391,8,1,11,1,0,0,0,0,0,6,0,23,0,0,0,0,26,female,ICC Women's Championship,ODI,SC Selman,run out,West Indies,South Africa,2016-02-27,,6
c29ada99,907393,10,0,16,0,0,0,0,0,0,7,0,31,1,1,0,0,23,female,ICC Women's Championship,ODI,SC Selman,0,West Indies,South Africa,2016-02-29,,6
c29ada99,907395,0,0,0,0,0,1,0,0,0,0,0,23,0,0,0,0,5,female,West Indies Women in South Africa T20I Series,T20,SC Selman,0,West Indies,South Africa,2016-03-04,,6
c29ada99,1085948,3,1,6,0,0,0,0,0,0,3,0,20,0,0,0,0,19,female,ICC Women's World Cup,ODI,SC Selman,run out,West Indies,Australia,2017-06-26,,6
c29ada99,1122902,0,0,0,0,0,0,0,0,0,0,0,20,0,0,0,0,11,female,Sri Lanka Women tour of West Indies,T20,SC Selman,0,West Indies,Sri Lanka,2017-10-21,,6
c29ada99,1156212,5,1,20,0,0,0,0,0,0,15,0,44,0,0,0,0,32,female,ICC Women's Championship,ODI,SC Selman,0,West Indies,South Africa,2018-09-16,,6
c29ada99,1156214,0,0,0,0,0,0,0,0,0,0,0,21,1,0,0,1,38,female,ICC Women's Championship,ODI,SC Selman,0,West Indies,South Africa,2018-09-22,,6
c29ada99,1150535,0,0,0,0,0,0,0,0,0,0,0,12,2,0,0,1,18,female,ICC Women's T20 World Cup,T20,SC Selman,0,West Indies,Bangladesh,2018-11-09,,6
c29ada99,1150544,0,0,0,0,0,0,0,0,0,0,0,19,1,0,0,0,13,female,ICC Women's T20 World Cup,T20,SC Selman,0,West Indies,South Africa,2018-11-14,,6
c29ada99,1150548,0,0,0,0,0,0,0,0,0,0,0,24,1,1,0,0,9,female,ICC Women's T20 World Cup,T20,SC Selman,0,West Indies,Sri Lanka,2018-11-16,,6
c29ada99,1150551,0,0,0,0,0,0,0,0,0,0,0,16,2,0,0,0,16,female,ICC Women's T20 World Cup,T20,SC Selman,0,West Indies,England,2018-11-18,,6
c29ada99,1150553,3,1,9,0,0,0,0,0,0,6,0,28,1,0,0,0,9,female,ICC Women's T20 World Cup,T20,SC Selman,0,West Indies,Australia,2018-11-22,,6
c29ada99,1172469,0,0,0,0,0,1,0,0,0,0,0,8,2,0,1,0,12,female,West Indies Women tour of Pakistan and United Arab Emirates,T20,SC Selman,0,West Indies,Pakistan,2019-01-31,,6
c29ada99,1172470,0,0,0,0,0,0,0,0,0,0,0,19,3,1,0,0,16,female,West Indies Women tour of Pakistan and United Arab Emirates,T20,SC Selman,0,West Indies,Pakistan,2019-02-01,,6
c29ada99,1172471,7,0,3,1,0,0,0,0,0,0,0,32,1,0,0,0,14,female,West Indies Women tour of Pakistan and United Arab Emirates,T20,SC Selman,0,West Indies,Pakistan,2019-02-03,,6
c29ada99,1172210,0,0,0,0,0,1,0,0,0,0,0,14,0,0,0,0,26,female,Pakistan vs West Indies ODI Series,ODI,SC Selman,0,West Indies,Pakistan,2019-02-07,,6
c29ada99,1172211,1,1,7,0,0,0,0,0,0,6,0,33,2,0,0,0,37,female,Pakistan vs West Indies ODI Series,ODI,SC Selman,bowled,West Indies,Pakistan,2019-02-09,,6
c29ada99,wi_201707,0,0,0,0,0,0,0,0,0,0,0,15,1,1,0,0,9,female,Women's T20 Blaze,T20,SC Selman,0,Barbados,Jamaica,2019-03-29,,6
c29ada99,wi_201716,0,0,0,0,0,0,1,0,0,0,0,16,2,0,0,1,12,female,Women's T20 Blaze,T20,SC Selman,0,Barbados,Guyana,2019-04-03,,6
c29ada99,1181893,0,0,0,0,0,0,1,0,0,0,0,28,0,0,0,0,7,female,Women's T20 Challenge,T20,SC Selman,0,Trailblazers,Supernovas,2019-05-06,,6
c29ada99,1181894,8,0,7,1,0,0,0,0,0,4,0,14,0,0,0,0,9,female,Women's T20 Challenge,T20,SC Selman,0,Trailblazers,Velocity,2019-05-08,,6
c29ada99,1185154,0,0,0,0,0,1,0,0,0,0,0,17,1,0,0,1,18,female,West Indies Women tour of England and Ireland,T20,SC Selman,0,West Indies,Ireland,2019-05-26,,6
c29ada99,1185155,0,0,0,0,0,0,0,0,0,0,0,7,0,0,0,0,9,female,West Indies Women tour of England and Ireland,T20,SC Selman,0,West Indies,Ireland,2019-05-28,,6
c29ada99,1168016,0,1,5,0,0,1,0,0,0,5,0,64,2,0,0,0,36,female,ICC Women's Championship,ODI,SC Selman,caught,West Indies,England,2019-06-06,,6
c29ada99,1202252,0,0,4,0,0,0,0,0,0,4,0,36,2,0,0,0,9,female,India Women tour of West Indies,T20,SC Selman,0,West Indies,India,2019-11-09,,6
c29ada99,1202254,2,0,7,0,0,2,0,0,0,5,0,6,0,0,0,0,7,female,India Women tour of West Indies,T20,SC Selman,0,West Indies,India,2019-11-14,,6
c29ada99,1173055,0,0,0,0,0,0,0,0,0,0,0,16,0,0,0,0,10,female,ICC Women's T20 World Cup,T20,SC Selman,0,West Indies,Pakistan,2020-02-26,,6
c29ada99,1173063,0,0,0,0,0,1,0,0,0,0,0,23,1,0,1,0,10,female,ICC Women's T20 World Cup,T20,SC Selman,0,West Indies,England,2020-03-01,,6
c29ada99,1230855,0,0,0,0,0,0,0,0,0,0,0,26,3,0,0,0,12,female,West Indies Women tour of England,T20,SC Selman,0,West Indies,England,2020-09-21,,6
c29ada99,1230856,6,0,8,0,0,0,0,0,0,2,0,32,2,1,0,0,11,female,West Indies Women tour of England,T20,SC Selman,0,West Indies,England,2020-09-23,,6
c29ada99,1230857,0,0,0,0,0,0,0,0,0,0,0,10,0,0,0,0,3,female,West Indies Women tour of England,T20,SC Selman,0,West Indies,England,2020-09-26,,6
c29ada99,1230859,0,0,0,0,0,0,0,0,0,0,0,20,1,0,0,0,4,female,West Indies Women tour of England,T20,SC Selman,0,West Indies,England,2020-09-30,,6
c29ada99,1235586,5,1,5,0,0,2,0,0,0,1,0,19,0,0,0,0,11,female,Women's T20 Challenge,T20,SC Selman,bowled,Supernovas,Velocity,2020-11-04,,6
c29ada99,1235588,0,0,0,0,0,0,0,0,0,0,0,33,2,1,1,0,8,female,Women's T20 Challenge,T20,SC Selman,0,Supernovas,Trailblazers,2020-11-07,,6
c29ada99,1235589,4,0,3,0,0,2,0,0,0,1,0,8,0,0,0,0,3,female,Women's T20 Challenge,T20,SC Selman,0,Supernovas,Trailblazers,2020-11-09,,6
c29ada99,1267322,0,0,0,0,0,0,0,0,0,0,0,29,0,0,0,0,13,female,Pakistan Women tour of West Indies,T20,SC Selman,0,West Indies,Pakistan,2021-06-30,,6
c29ada99,1267323,0,0,0,0,0,0,0,0,0,0,0,6,0,0,0,0,9,female,Pakistan Women tour of West Indies,T20,SC Selman,0,West Indies,Pakistan,2021-07-02,,6
c29ada99,1267324,0,0,0,0,0,2,0,0,0,0,0,13,0,0,0,0,10,female,Pakistan Women tour of West Indies,T20,SC Selman,0,West Indies,Pakistan,2021-07-04,,6
c29ada99,1267325,0,0,0,0,0,1,0,0,0,0,0,47,1,0,0,0,28,female,Pakistan Women tour of West Indies,ODI,SC Selman,0,West Indies,Pakistan,2021-07-07,,6
c29ada99,1267326,0,0,0,0,0,1,0,0,0,0,0,16,1,0,0,1,22,female,Pakistan Women tour of West Indies,ODI,SC Selman,0,West Indies,Pakistan,2021-07-09,,6
c29ada99,1267327,0,0,0,0,0,1,0,0,0,0,0,24,1,1,0,1,41,female,Pakistan Women tour of West Indies,ODI,SC Selman,0,West Indies,Pakistan,2021-07-12,,6
c29ada99,1267328,1,0,1,0,0,0,0,0,0,0,0,38,2,1,0,1,40,female,Pakistan Women tour of West Indies,ODI,SC Selman,0,West Indies,Pakistan,2021-07-15,,6
c29ada99,1273415,0,0,0,0,0,0,0,0,0,0,0,27,0,0,0,0,4,female,South Africa Women tour of West Indies,T20,SC Selman,0,West Indies,South Africa,2021-08-31,,6
c29ada99,1273416,0,0,0,0,0,0,0,0,0,0,0,27,0,0,0,0,5,female,South Africa Women tour of West Indies,T20,SC Selman,0,West Indies,South Africa,2021-09-02,,6
c29ada99,1273420,2,1,2,0,0,0,0,0,0,0,0,21,0,0,0,0,20,female,South Africa Women tour of West Indies,ODI,SC Selman,0,West Indies,South Africa,2021-09-13,,6
c29ada99,1273421,1,0,5,0,0,0,0,0,0,4,0,35,1,0,0,1,43,female,South Africa Women tour of West Indies,ODI,SC Selman,0,West Indies,South Africa,2021-09-16,,6
c29ada99,1273422,0,0,0,0,0,0,0,1,0,0,0,29,0,0,0,1,29,female,South Africa Women tour of West Indies,ODI,SC Selman,0,West Indies,South Africa,2021-09-19,,6
c29ada99,1288209,0,0,0,0,0,0,1,0,0,0,0,36,2,0,1,0,38,female,West Indies Women tour of Pakistan,ODI,SC Selman,0,West Indies,Pakistan,2021-11-08,,6
c29ada99,1288210,0,1,2,0,0,1,0,0,0,2,0,22,1,0,0,0,28,female,West Indies Women tour of Pakistan,ODI,SC Selman,lbw,West Indies,Pakistan,2021-11-11,,6
c29ada99,1288211,0,0,0,0,0,0,0,0,0,0,0,42,2,0,0,0,41,female,West Indies Women tour of Pakistan,ODI,SC Selman,0,West Indies,Pakistan,2021-11-14,,6
c29ada99,1277092,0,0,0,0,0,0,0,0,0,0,0,18,0,0,0,0,9,female,West Indies Women tour of South Africa,ODI,SC Selman,0,West Indies,South Africa,2022-01-28,,6
c29ada99,1277093,11,1,22,0,0,1,0,0,0,14,0,47,2,0,0,0,32,female,West Indies Women tour of South Africa,ODI,SC Selman,lbw,West Indies,South Africa,2022-01-31,,6
c29ada99,1277094,11,0,18,2,0,0,0,0,0,13,0,39,0,0,0,0,28,female,West Indies Women tour of South Africa,ODI,SC Selman,0,West Indies,South Africa,2022-02-03,,6
c29ada99,1243908,0,0,0,0,0,0,0,0,0,0,0,37,1,0,0,0,16,female,ICC Women's World Cup,ODI,SC Selman,0,West Indies,New Zealand,2022-03-04,,6
c29ada99,1243914,0,0,0,0,0,0,0,0,0,0,0,24,0,0,0,0,19,female,ICC Women's World Cup,ODI,SC Selman,0,West Indies,England,2022-03-09,,6
c29ada99,1243917,7,1,21,0,0,1,0,0,0,14,0,41,1,0,0,0,28,female,ICC Women's World Cup,ODI,SC Selman,run out,West Indies,India,2022-03-12,,6
c29ada99,1243921,6,1,19,0,0,0,0,0,0,14,0,18,0,0,0,0,11,female,ICC Women's World Cup,ODI,SC Selman,0,West Indies,Australia,2022-03-15,,6
c29ada99,1243927,0,0,0,0,0,0,0,0,0,0,0,15,1,0,0,0,14,female,ICC Women's World Cup,ODI,SC Selman,0,West Indies,Pakistan,2022-03-21,,6
c29ada99,wi_211825,5,0,4,1,0,1,0,0,0,2,0,26,3,1,0,0,7,female,T20 Blaze,T20,SC Selman,0,Barbados,Guyana,2022-06-07,,6
c29ada99,wi_211828,0,0,0,0,0,1,0,0,0,0,0,6,1,0,0,0,6,female,T20 Blaze,T20,SC Selman,0,Barbados,Leeward Islands,2022-06-09,,6
c29ada99,wi_211830,0,0,0,0,0,0,0,0,0,0,0,0,0,0,0,0,0,female,T20 Blaze,T20,SC Selman,0,Barbados,Windward Islands,2022-06-11,,6
c29ada99,wi_211833,1,0,2,0,0,0,0,0,0,1,0,18,1,0,0,0,13,female,T20 Blaze,T20,SC Selman,0,Barbados,Jamaica,2022-06-13,,6
c29ada99,wi_211977,0,1,3,0,0,0,0,0,0,3,0,25,1,1,0,0,25,female,CG United Women's Super50,ODM,SC Selman,0,Barbados,Jamaica,2022-06-18,,6
c29ada99,wi_212061,0,0,0,0,0,1,0,0,0,0,0,16,1,0,0,2,32,female,CG United Women's Super50,ODM,SC Selman,0,Barbados,Trinidad and Tobago,2022-06-22,,6
c29ada99,wi_212064,0,0,0,0,0,0,0,0,0,0,0,28,0,0,0,0,11,female,CG United Women's Super50,ODM,SC Selman,0,Barbados,Jamaica,2022-06-25,,6
c29ada99,1289260,0,0,0,0,0,0,0,0,0,0,0,21,0,0,0,0,16,female,Commonwealth Games Women's Cricket Competition,T20,SC Selman,0,Barbados,Pakistan,2022-07-29,,6
c29ada99,1289264,0,1,3,0,0,0,0,0,0,3,0,6,0,0,0,0,1,female,Commonwealth Games Women's Cricket Competition,T20,SC Selman,0,Barbados,Australia,2022-07-31,,6
c29ada99,1289268,12,0,16,2,0,0,0,0,0,10,0,20,1,0,1,0,14,female,Commonwealth Games Women's Cricket Competition,T20,SC Selman,0,Barbados,India,2022-08-03,,6
c29ada99,1323178,0,0,0,0,0,0,0,0,0,0,0,20,2,1,0,0,12,female,Women's Caribbean Premier League,T20,SC Selman,0,Barbados Royals,Trinbago Knight Riders,2022-08-31,,6
c29ada99,1323180,0,0,0,0,0,0,0,0,0,0,0,17,2,1,0,0,10,female,Women's Caribbean Premier League,T20,SC Selman,0,Barbados Royals,Guyana Amazon Warriors,2022-09-03,,6
c29ada99,1323181,5,0,6,0,0,1,0,0,0,1,0,25,1,1,0,0,10,female,Women's Caribbean Premier League,T20,SC Selman,0,Barbados Royals,Trinbago Knight Riders,2022-09-04,,6
c29ada99,1334412,4,0,6,0,0,0,0,0,0,2,0,13,0,0,0,0,5,female,New Zealand Women tour of West Indies,ODI,SC Selman,0,West Indies,New Zealand,2022-09-19,,6
c29ada99,1334413,18,1,42,1,0,2,0,0,0,28,0,30,2,0,0,0,17,female,New Zealand Women tour of West Indies,ODI,SC Selman,bowled,West Indies,New Zealand,2022-09-22,,6
c29ada99,1334414,5,0,20,0,0,0,0,0,0,16,0,27,1,0,0,0,21,female,New Zealand Women tour of West Indies,ODI,SC Selman,0,West Indies,New Zealand,2022-09-25,,6
c29ada99,1334415,3,1,5,0,0,0,0,0,0,2,0,10,1,1,0,0,5,female,New Zealand Women tour of West Indies,T20,SC Selman,0,West Indies,New Zealand,2022-09-28,,6
c29ada99,1334416,0,0,0,0,0,0,0,0,0,0,0,28,1,1,0,0,11,female,New Zealand Women tour of West Indies,T20,SC Selman,0,West Indies,New Zealand,2022-10-01,,6
c29ada99,1334417,4,0,3,0,0,0,0,0,0,0,0,0,0,0,0,0,0,female,New Zealand Women tour of West Indies,T20,SC Selman,0,West Indies,New Zealand,2022-10-02,,6
c29ada99,1343931,3,1,15,0,0,1,0,0,0,12,0,17,0,0,0,0,3,female,England Women tour of West Indies,ODI,SC Selman,0,West Indies,England,2022-12-04,,6
c29ada99,1343933,0,0,0,0,0,0,0,0,0,0,0,29,3,2,1,1,38,female,England Women tour of West Indies,ODI,SC Selman,0,West Indies,England,2022-12-09,,6
c29ada99,1344512,5,0,7,0,0,0,0,0,0,3,0,17,0,0,0,0,8,female,South Africa Women's T20I Tri-Series,T20,SC Selman,0,West Indies,South Africa,2023-01-21,,6
c29ada99,1338041,0,0,0,0,0,0,0,0,0,0,0,14,0,0,0,0,6,female,ICC Women's T20 World Cup,T20,SC Selman,0,West Indies,England,2023-02-11,,6
c29ada99,1338048,0,0,0,0,0,0,0,0,0,0,0,11,0,0,0,0,5,female,ICC Women's T20 World Cup,T20,SC Selman,0,West Indies,India,2023-02-15,,6
c29ada99,1380589,0,0,0,0,0,0,0,0,0,0,0,0,0,0,0,0,0,female,Women's Caribbean Premier League,T20,SC Selman,0,Guyana Amazon Warriors,Barbados Royals,2023-08-31,,6
c29ada99,1380591,0,0,0,0,0,0,0,0,0,0,0,15,2,0,0,0,7,female,Women's Caribbean Premier League,T20,SC Selman,0,Guyana Amazon Warriors,Barbados Royals,2023-09-03,,6
c29ada99,1380592,1,0,1,0,0,1,0,0,0,0,0,0,0,0,0,0,0,female,Women's Caribbean Premier League,T20,SC Selman,0,Guyana Amazon Warriors,Trinbago Knight Riders,2023-09-05,,6
c29ada99,1380594,0,0,0,0,0,0,0,0,0,0,0,10,1,1,0,0,11,female,Women's Caribbean Premier League,T20,SC Selman,0,Guyana Amazon Warriors,Trinbago Knight Riders,2023-09-09,,6
c29ada99,1380595,0,0,0,0,0,1,0,1,0,0,0,25,0,0,0,0,3,female,Women's Caribbean Premier League,T20,SC Selman,0,Guyana Amazon Warriors,Barbados Royals,2023-09-10,,6
c29ada99,1443199,1,0,1,0,0,0,0,1,0,0,0,18,0,0,0,0,4,female,Women's Caribbean Premier League,T20,SC Selman,0,Guyana Amazon Warriors,Barbados Royals,2024-08-21,,6
c29ada99,1443201,0,0,0,0,0,1,0,0,0,0,0,23,0,0,0,0,5,female,Women's Caribbean Premier League,T20,SC Selman,0,Guyana Amazon Warriors,Trinbago Knight Riders,2024-08-23,,6
c29ada99,1443202,0,0,0,0,0,1,0,0,0,0,0,8,0,0,0,0,3,female,Women's Caribbean Premier League,T20,SC Selman,0,Guyana Amazon Warriors,Trinbago Knight Riders,2024-08-25,,6
c29ada99,1443203,1,0,1,0,0,0,0,0,0,0,0,0,0,0,0,0,0,female,Women's Caribbean Premier League,T20,SC Selman,0,Guyana Amazon Warriors,Barbados Royals,2024-08-26,,6
