player_id,match_id,runs_scored,player_out,balls_faced,fours_scored,sixes_scored,catches_taken,run_out_direct,run_out_throw,stumpings_done,dot_balls_as_batsman,order_seenballs_bowled,runs_conceded,wickets_taken,bowled_done,lbw_done,maidens,dot_balls_as_bowler,gender,series_name,match_type,name,out_kind,player_team,opposition_team,start_date,end_date,balls_per_over
4175d211,1094682,6,1,7,1,0,0,0,0,0,4,0,32,3,1,0,0,9,male,Caribbean Premier League,T20,SK Springer,0,Barbados Tridents,Trinbago Knight Riders,2017-08-12,,6
4175d211,1094687,0,0,0,0,0,0,0,0,0,0,0,10,0,0,0,0,1,male,Caribbean Premier League,T20,SK Springer,0,Barbados Tridents,St Kitts and Nevis Patriots,2017-08-18,,6
4175d211,1094690,0,0,0,0,0,1,0,0,0,0,0,11,0,0,0,0,4,male,Caribbean Premier League,T20,SK Springer,0,Barbados Tridents,Guyana Amazon Warriors,2017-08-20,,6
4175d211,1094696,14,1,16,1,0,1,0,0,0,6,0,0,0,0,0,0,0,male,Caribbean Premier League,T20,SK Springer,bowled,Barbados Tridents,Guyana Amazon Warriors,2017-08-29,,6
4175d211,1094700,21,1,22,2,0,0,0,0,0,9,0,3,1,0,0,0,3,male,Caribbean Premier League,T20,SK Springer,0,Barbados Tridents,Trinbago Knight Riders,2017-09-02,,6
4175d211,1094701,3,1,5,0,0,0,0,0,0,2,0,0,0,0,0,0,0,male,Caribbean Premier League,T20,SK Springer,lbw,Barbados Tridents,St Kitts and Nevis Patriots,2017-09-03,,6
4175d211,1148664,0,1,1,0,0,0,0,0,0,1,0,17,1,0,0,0,1,male,Caribbean Premier League,T20,SK Springer,run out,Barbados Tridents,Trinbago Knight Riders,2018-08-26,,6
4175d211,1148670,17,1,22,0,1,0,0,0,0,11,0,12,0,0,0,0,5,male,Caribbean Premier League,T20,SK Springer,caught,Barbados Tridents,St Lucia Stars,2018-09-02,,6
4175d211,1148674,12,0,8,0,1,0,0,0,0,3,0,15,0,0,0,0,3,male,Caribbean Premier League,T20,SK Springer,0,Barbados Tridents,Trinbago Knight Riders,2018-09-07,,6
4175d211,1185839,2,1,2,0,0,0,0,0,0,1,0,30,1,0,0,0,5,male,Caribbean Premier League,T20,SK Springer,bowled,Jamaica Tallawahs,Trinbago Knight Riders,2019-09-06,,6
4175d211,1185843,6,0,1,0,1,0,0,0,0,0,0,36,0,0,0,0,3,male,Caribbean Premier League,T20,SK Springer,0,Jamaica Tallawahs,St Kitts and Nevis Patriots,2019-09-10,,6
4175d211,1185845,14,0,17,1,0,1,0,0,0,7,0,26,1,1,0,0,9,male,Caribbean Premier League,T20,SK Springer,0,Jamaica Tallawahs,St Lucia Zouks,2019-09-12,,6
4175d211,1185852,30,1,20,3,2,0,0,0,0,9,0,51,1,0,0,0,9,male,Caribbean Premier League,T20,SK Springer,caught,Jamaica Tallawahs,St Kitts and Nevis Patriots,2019-09-19,,6
4175d211,1185856,7,1,16,0,0,1,0,0,0,9,0,33,3,0,0,0,12,male,Caribbean Premier League,T20,SK Springer,caught,Jamaica Tallawahs,Barbados Tridents,2019-09-23,,6
4175d211,1185860,7,0,4,0,1,1,0,0,0,2,0,34,0,0,0,0,14,male,Caribbean Premier League,T20,SK Springer,0,Jamaica Tallawahs,St Lucia Zouks,2019-09-27,,6
4175d211,1369582,0,0,0,0,0,0,0,0,0,0,0,24,1,0,0,0,9,male,Caribbean Premier League,T20,SK Springer,0,Jamaica Tallawahs,Guyana Amazon Warriors,2023-09-13,,6
4175d211,1369584,38,0,30,2,2,0,0,0,0,11,0,12,1,0,0,0,4,male,Caribbean Premier League,T20,SK Springer,0,Jamaica Tallawahs,St Kitts and Nevis Patriots,2023-09-16,,6
4175d211,1369586,0,0,0,0,0,2,0,0,0,0,0,15,0,0,0,0,4,male,Caribbean Premier League,T20,SK Springer,0,Jamaica Tallawahs,St Lucia Kings,2023-09-17,,6
4175d211,1369588,3,0,2,0,0,0,0,0,0,0,0,22,1,1,0,0,7,male,Caribbean Premier League,T20,SK Springer,0,Jamaica Tallawahs,St Lucia Kings,2023-09-19,,6
4175d211,1369590,1,1,3,0,0,0,0,0,0,2,0,41,2,0,0,0,6,male,Caribbean Premier League,T20,SK Springer,0,Jamaica Tallawahs,Guyana Amazon Warriors,2023-09-22,,6
4175d211,1428678,0,0,0,0,0,1,0,0,0,0,0,30,4,0,0,0,11,male,Caribbean Premier League,T20,SK Springer,0,Antigua and Barbuda Falcons,St Kitts and Nevis Patriots,2024-08-29,,6
4175d211,1428679,0,0,0,0,0,1,0,0,0,0,0,42,2,2,0,0,10,male,Caribbean Premier League,T20,SK Springer,0,Antigua and Barbuda Falcons,Guyana Amazon Warriors,2024-08-30,,6
4175d211,1428681,7,1,10,0,0,0,0,0,0,4,0,35,0,0,0,0,4,male,Caribbean Premier League,T20,SK Springer,lbw,Antigua and Barbuda Falcons,Barbados Royals,2024-09-01,,6
4175d211,1428683,0,0,0,0,0,0,0,0,0,0,0,20,0,0,0,0,4,male,Caribbean Premier League,T20,SK Springer,0,Antigua and Barbuda Falcons,St Lucia Kings,2024-09-03,,6
4175d211,1428685,0,0,0,0,0,1,0,0,0,0,0,31,1,0,0,0,9,male,Caribbean Premier League,T20,SK Springer,0,Antigua and Barbuda Falcons,Trinbago Knight Riders,2024-09-05,,6
4175d211,1428688,0,1,1,0,0,0,0,0,0,1,0,0,0,0,0,0,0,male,Caribbean Premier League,T20,SK Springer,lbw,Antigua and Barbuda Falcons,St Kitts and Nevis Patriots,2024-09-08,,6
4175d211,1428690,10,0,3,1,1,0,0,0,0,1,0,12,0,0,0,0,7,male,Caribbean Premier League,T20,SK Springer,0,Antigua and Barbuda Falcons,Barbados Royals,2024-09-11,,6
4175d211,1428694,23,0,35,2,0,0,0,0,0,19,0,20,3,0,0,0,9,male,Caribbean Premier League,T20,SK Springer,0,Antigua and Barbuda Falcons,St Lucia Kings,2024-09-15,,6
4175d211,1428697,0,0,0,0,0,0,0,0,0,0,0,28,2,0,0,0,7,male,Caribbean Premier League,T20,SK Springer,0,Antigua and Barbuda Falcons,Trinbago Knight Riders,2024-09-19,,6
4175d211,1451814,0,0,0,0,0,0,0,0,0,0,0,25,1,0,0,0,3,male,West Indies tour of Sri Lanka,T20,SK Springer,0,West Indies,Sri Lanka,2024-10-13,,6
4175d211,1451815,7,1,6,1,0,0,0,0,0,2,0,24,1,0,0,0,9,male,West Indies tour of Sri Lanka,T20,SK Springer,0,West Indies,Sri Lanka,2024-10-15,,6
