player_id,match_id,runs_scored,player_out,balls_faced,fours_scored,sixes_scored,catches_taken,run_out_direct,run_out_throw,stumpings_done,dot_balls_as_batsman,order_seenballs_bowled,runs_conceded,wickets_taken,bowled_done,lbw_done,maidens,dot_balls_as_bowler,gender,series_name,match_type,name,out_kind,player_team,opposition_team,start_date,end_date,balls_per_over
81c29317,551594,0,0,0,0,0,0,0,0,0,0,0,12,0,0,0,0,3,female,West Indies Women in England T20I Series,T20,SL Munroe,0,West Indies,England,2012-09-10,,6
81c29317,551596,0,0,0,0,0,0,0,0,0,0,0,25,0,0,0,0,1,female,West Indies Women in England T20I Series,T20,SL Munroe,0,West Indies,England,2012-09-15,,6
81c29317,588499,0,0,0,0,0,0,0,0,0,0,0,18,0,0,0,0,15,female,South Africa Women in West Indies T20I Series,T20,SL Munroe,0,West Indies,South Africa,2013-01-20,,6
81c29317,603239,0,0,0,0,0,0,0,0,0,0,0,24,0,0,0,0,24,female,West Indies Women in Sri Lanka ODI Series,ODI,SL Munroe,0,West Indies,Sri Lanka,2013-02-22,,6
81c29317,603240,0,0,0,0,0,0,0,0,0,0,0,37,1,0,0,0,30,female,West Indies Women in Sri Lanka ODI Series,ODI,SL Munroe,0,West Indies,Sri Lanka,2013-02-24,,6
81c29317,603243,0,0,0,0,0,0,0,0,0,0,0,11,2,1,0,0,16,female,West Indies Women in Sri Lanka T20I Series,T20,SL Munroe,0,West Indies,Sri Lanka,2013-03-03,,6
81c29317,603244,0,0,0,0,0,1,0,0,0,0,0,15,1,0,0,0,10,female,West Indies Women in Sri Lanka T20I Series,T20,SL Munroe,0,West Indies,Sri Lanka,2013-03-05,,6
81c29317,603246,0,0,0,0,0,0,0,0,0,0,0,11,1,1,0,0,18,female,West Indies Women in Sri Lanka T20I Series,T20,SL Munroe,0,West Indies,Sri Lanka,2013-03-08,,6
81c29317,754811,0,0,0,0,0,0,0,0,0,0,0,20,0,0,0,0,12,female,ICC Women's Championship,ODI,SL Munroe,0,West Indies,Australia,2014-11-13,,6
81c29317,754813,0,0,0,0,0,0,0,0,0,0,0,34,0,0,0,0,22,female,ICC Women's Championship,ODI,SL Munroe,0,West Indies,Australia,2014-11-16,,6
81c29317,754815,0,0,0,0,0,2,0,0,0,0,0,52,1,0,0,0,39,female,West Indies Women in Australia ODI Series,ODI,SL Munroe,0,West Indies,Australia,2014-11-18,,6
81c29317,856117,0,0,0,0,0,0,0,0,0,0,0,12,0,0,0,0,5,female,West Indies Women tour of Sri Lanka,T20,SL Munroe,0,West Indies,Sri Lanka,2015-05-23,,6
81c29317,856119,0,0,0,0,0,0,0,0,0,0,0,10,0,0,0,0,4,female,West Indies Women in Sri Lanka T20I Series,T20,SL Munroe,0,West Indies,Sri Lanka,2015-05-25,,6
