player_id,match_id,runs_scored,player_out,balls_faced,fours_scored,sixes_scored,catches_taken,run_out_direct,run_out_throw,stumpings_done,dot_balls_as_batsman,order_seenballs_bowled,runs_conceded,wickets_taken,bowled_done,lbw_done,maidens,dot_balls_as_bowler,gender,series_name,match_type,name,out_kind,player_team,opposition_team,start_date,end_date,balls_per_over
3308d881,551594,0,0,0,0,0,0,0,0,0,0,0,27,0,0,0,0,7,female,West Indies Women in England T20I Series,T20,SL Quintyne,0,West Indies,England,2012-09-10,,6
3308d881,551595,1,1,2,0,0,0,1,0,0,1,0,26,0,0,0,0,11,female,West Indies Women in England T20I Series,T20,SL Quintyne,caught,West Indies,England,2012-09-13,,6
3308d881,551596,2,1,8,0,0,0,0,0,0,6,0,20,0,0,0,0,3,female,West Indies Women in England T20I Series,T20,SL Quintyne,lbw,West Indies,England,2012-09-15,,6
3308d881,533307,0,0,0,0,0,0,0,0,0,0,0,14,1,0,0,1,19,female,ICC Women's World Twenty20,T20,SL Quintyne,0,West Indies,South Africa,2012-09-30,,6
3308d881,533312,2,1,4,0,0,0,0,0,0,2,0,23,2,0,0,0,7,female,ICC Women's World Twenty20,T20,SL Quintyne,0,West Indies,Australia,2012-10-05,,6
3308d881,588498,0,0,0,0,0,1,0,0,0,0,0,18,1,0,0,0,8,female,South Africa Women in West Indies T20I Series,T20,SL Quintyne,0,West Indies,South Africa,2013-01-19,,6
3308d881,588499,0,0,0,0,0,0,0,0,0,0,0,16,0,0,0,0,15,female,South Africa Women in West Indies T20I Series,T20,SL Quintyne,0,West Indies,South Africa,2013-01-20,,6
3308d881,594891,17,1,32,2,0,0,0,1,0,23,0,51,0,0,0,0,37,female,ICC Women's World Cup,ODI,SL Quintyne,0,West Indies,India,2013-01-31,,6
3308d881,594915,2,1,7,0,0,1,0,0,0,6,0,27,3,0,0,1,42,female,ICC Women's World Cup,ODI,SL Quintyne,caught,West Indies,Australia,2013-02-17,,6
3308d881,603246,18,1,15,1,0,0,0,0,0,5,0,22,2,1,0,0,9,female,West Indies Women in Sri Lanka T20I Series,T20,SL Quintyne,caught,West Indies,Sri Lanka,2013-03-08,,6
3308d881,682971,4,0,5,0,0,0,0,0,0,1,0,7,0,0,0,0,13,female,Women's World T20,T20,SL Quintyne,0,West Indies,England,2014-03-24,,6
3308d881,682979,11,1,15,2,0,0,0,0,0,10,0,6,3,1,1,0,13,female,Women's World T20,T20,SL Quintyne,bowled,West Indies,Bangladesh,2014-03-26,,6
3308d881,682989,0,0,0,0,0,0,0,0,0,0,0,18,1,0,1,0,12,female,Women's World T20,T20,SL Quintyne,0,West Indies,Sri Lanka,2014-03-28,,6
3308d881,683011,0,0,0,0,0,0,0,0,0,0,0,30,0,0,0,0,12,female,Women's World T20,T20,SL Quintyne,0,West Indies,Australia,2014-04-03,,6
3308d881,754801,3,1,4,0,0,2,0,0,0,1,0,17,0,0,0,0,11,female,West Indies Women in Australia T20I Series,T20,SL Quintyne,0,West Indies,Australia,2014-11-02,,6
3308d881,754805,2,0,1,0,0,0,0,0,0,0,0,31,2,0,0,0,6,female,West Indies Women in Australia T20I Series,T20,SL Quintyne,0,West Indies,Australia,2014-11-07,,6
3308d881,754813,33,0,36,3,0,0,0,0,0,13,0,24,0,0,0,0,12,female,ICC Women's Championship,ODI,SL Quintyne,0,West Indies,Australia,2014-11-16,,6
3308d881,754815,1,1,9,0,0,0,0,0,0,8,0,11,0,0,0,0,1,female,West Indies Women in Australia ODI Series,ODI,SL Quintyne,bowled,West Indies,Australia,2014-11-18,,6
3308d881,907389,18,1,23,2,1,0,0,0,0,16,0,15,2,0,0,0,17,female,ICC Women's Championship,ODI,SL Quintyne,0,West Indies,South Africa,2016-02-24,,6
3308d881,907391,6,1,26,0,0,0,0,0,0,22,0,20,2,1,1,0,5,female,ICC Women's Championship,ODI,SL Quintyne,lbw,West Indies,South Africa,2016-02-27,,6
3308d881,907393,40,1,71,6,0,0,0,1,0,52,0,28,1,1,0,0,37,female,ICC Women's Championship,ODI,SL Quintyne,bowled,West Indies,South Africa,2016-02-29,,6
3308d881,907395,10,0,11,1,0,0,0,0,0,4,0,20,0,0,0,0,4,female,West Indies Women in South Africa T20I Series,T20,SL Quintyne,0,West Indies,South Africa,2016-03-04,,6
3308d881,907399,5,1,5,0,0,0,0,0,0,2,0,12,0,0,0,0,5,female,West Indies Women in South Africa T20I Series,T20,SL Quintyne,run out,West Indies,South Africa,2016-03-09,,6
3308d881,951379,0,0,2,0,0,0,0,0,0,2,0,17,1,0,0,0,5,female,Women's World T20,T20,SL Quintyne,0,West Indies,Pakistan,2016-03-16,,6
3308d881,951389,0,0,0,0,0,0,0,0,0,0,0,0,0,0,0,0,0,female,Women's World T20,T20,SL Quintyne,0,West Indies,Bangladesh,2016-03-20,,6
3308d881,951399,29,1,28,4,0,0,0,0,0,13,0,20,3,0,2,0,11,female,Women's World T20,T20,SL Quintyne,0,West Indies,England,2016-03-24,,6
3308d881,951409,4,1,11,0,0,0,0,0,0,8,0,19,1,0,1,0,3,female,Women's World T20,T20,SL Quintyne,bowled,West Indies,India,2016-03-27,,6
3308d881,951417,0,0,0,0,0,1,0,0,0,0,0,11,1,0,0,0,2,female,Women's World T20,T20,SL Quintyne,0,West Indies,New Zealand,2016-03-31,,6
3308d881,951419,0,0,0,0,0,0,0,0,0,0,0,27,0,0,0,0,7,female,Women's World T20,T20,SL Quintyne,0,West Indies,Australia,2016-04-03,,6
