player_id,match_id,runs_scored,player_out,balls_faced,fours_scored,sixes_scored,catches_taken,run_out_direct,run_out_throw,stumpings_done,dot_balls_as_batsman,order_seenballs_bowled,runs_conceded,wickets_taken,bowled_done,lbw_done,maidens,dot_balls_as_bowler,gender,series_name,match_type,name,out_kind,player_team,opposition_team,start_date,end_date,balls_per_over
48a1d7b7,1011501,0,1,3,0,0,0,0,0,0,3,0,0,0,0,0,0,0,male,Caribbean Premier League,T20,SO Hetmyer,caught,Guyana Amazon Warriors,St Lucia Zouks,2016-07-24,,6
48a1d7b7,1077953,31,2,48,4,1,0,0,0,0,37,0,0,0,0,0,0,0,male,Pakistan in West Indies Test Series,Test,SO Hetmyer,bowled,West Indies,Pakistan,2017-04-21,2017-04-22,6
48a1d7b7,1077954,23,2,44,4,0,1,0,0,0,34,0,0,0,0,0,0,0,male,Pakistan in West Indies Test Series,Test,SO Hetmyer,caught,West Indies,Pakistan,2017-04-30,2017-05-01,6
48a1d7b7,1077955,42,2,54,4,1,1,0,0,0,36,0,0,0,0,0,0,0,male,Pakistan in West Indies Test Series,Test,SO Hetmyer,0,West Indies,Pakistan,2017-05-10,2017-05-11,6
48a1d7b7,1115793,79,2,104,11,2,0,0,0,0,75,0,0,0,0,0,0,0,male,West Indies tour of New Zealand,Test,SO Hetmyer,caught,West Indies,New Zealand,2017-12-01,2017-12-02,6
48a1d7b7,1115794,43,2,57,7,1,0,0,0,0,43,0,0,0,0,0,0,0,male,West Indies tour of New Zealand,Test,SO Hetmyer,caught and bowled,West Indies,New Zealand,2017-12-09,2017-12-10,6
48a1d7b7,1115795,29,1,43,4,0,0,0,0,0,26,0,0,0,0,0,0,0,male,West Indies tour of New Zealand,ODI,SO Hetmyer,0,West Indies,New Zealand,2017-12-20,,6
48a1d7b7,1115796,2,1,4,0,0,0,0,0,0,3,0,0,0,0,0,0,0,male,West Indies tour of New Zealand,ODI,SO Hetmyer,caught,West Indies,New Zealand,2017-12-23,,6
48a1d7b7,1115799,0,0,0,0,0,0,0,0,0,0,0,0,0,0,0,0,0,male,West Indies tour of New Zealand,T20,SO Hetmyer,0,West Indies,New Zealand,2018-01-01,,6
48a1d7b7,1115800,7,0,3,0,1,1,0,0,0,1,0,0,0,0,0,0,0,male,West Indies tour of New Zealand,T20,SO Hetmyer,0,West Indies,New Zealand,2018-01-03,,6
48a1d7b7,1133003,127,1,95,14,4,3,0,0,0,37,0,0,0,0,0,0,0,male,ICC Cricket World Cup Qualifier (ICC Trophy),ODI,SO Hetmyer,0,West Indies,United Arab Emirates,2018-03-06,,6
48a1d7b7,1133007,8,1,12,1,0,0,0,0,0,9,0,0,0,0,0,0,0,male,ICC Cricket World Cup Qualifier (ICC Trophy),ODI,SO Hetmyer,caught,West Indies,Papua New Guinea,2018-03-08,,6
48a1d7b7,1133010,36,1,42,3,1,0,0,0,0,25,0,0,0,0,0,0,0,male,ICC Cricket World Cup Qualifier (ICC Trophy),ODI,SO Hetmyer,caught,West Indies,Ireland,2018-03-10,,6
48a1d7b7,1133014,10,1,17,1,0,0,0,0,0,10,0,0,0,0,0,0,0,male,ICC Cricket World Cup Qualifier,ODM,SO Hetmyer,0,West Indies,Netherlands,2018-03-12,,6
48a1d7b7,1133018,15,1,22,1,0,1,0,0,0,13,0,0,0,0,0,0,0,male,ICC Cricket World Cup Qualifier (ICC Trophy),ODI,SO Hetmyer,0,West Indies,Afghanistan,2018-03-15,,6
48a1d7b7,1133026,13,1,7,0,1,0,0,0,0,2,0,0,0,0,0,0,0,male,ICC Cricket World Cup Qualifier (ICC Trophy),ODI,SO Hetmyer,stumped,West Indies,Zimbabwe,2018-03-19,,6
48a1d7b7,1133028,4,1,11,0,0,0,0,0,0,7,0,0,0,0,0,0,0,male,ICC Cricket World Cup Qualifier (ICC Trophy),ODI,SO Hetmyer,caught,West Indies,Scotland,2018-03-21,,6
48a1d7b7,1133031,38,1,51,3,0,0,0,0,0,29,0,0,0,0,0,0,0,male,ICC Cricket World Cup Qualifier (ICC Trophy),ODI,SO Hetmyer,0,West Indies,Afghanistan,2018-03-25,,6
48a1d7b7,1146718,104,2,136,11,1,0,0,0,0,81,0,0,0,0,0,0,0,male,Bangladesh tour of West Indies and United States of America,Test,SO Hetmyer,caught,West Indies,Bangladesh,2018-07-12,2018-07-13,6
48a1d7b7,1146720,52,1,80,5,0,1,0,0,0,46,0,0,0,0,0,0,0,male,Bangladesh tour of West Indies and United States of America,ODI,SO Hetmyer,caught,West Indies,Bangladesh,2018-07-22,,6
48a1d7b7,1146721,125,1,94,3,7,1,0,0,0,29,0,0,0,0,0,0,0,male,Bangladesh tour of West Indies and United States of America,ODI,SO Hetmyer,0,West Indies,Bangladesh,2018-07-25,,6
48a1d7b7,1146722,30,1,43,2,0,0,0,0,0,22,0,0,0,0,0,0,0,male,Bangladesh tour of West Indies and United States of America,ODI,SO Hetmyer,bowled,West Indies,Bangladesh,2018-07-28,,6
48a1d7b7,1148648,79,0,46,9,4,0,0,0,0,17,0,0,0,0,0,0,0,male,Caribbean Premier League,T20,SO Hetmyer,0,Guyana Amazon Warriors,St Kitts and Nevis Patriots,2018-08-09,,6
48a1d7b7,1148650,21,1,19,3,0,0,0,0,0,8,0,0,0,0,0,0,0,male,Caribbean Premier League,T20,SO Hetmyer,caught,Guyana Amazon Warriors,St Lucia Stars,2018-08-11,,6
48a1d7b7,1148652,22,1,9,2,2,1,0,0,0,3,0,0,0,0,0,0,0,male,Caribbean Premier League,T20,SO Hetmyer,caught,Guyana Amazon Warriors,Barbados Tridents,2018-08-12,,6
48a1d7b7,1148657,100,1,52,11,5,1,0,0,0,15,0,0,0,0,0,0,0,male,Caribbean Premier League,T20,SO Hetmyer,caught,Guyana Amazon Warriors,Jamaica Tallawahs,2018-08-18,,6
48a1d7b7,1148661,1,1,6,0,0,0,0,0,0,5,0,0,0,0,0,0,0,male,Caribbean Premier League,T20,SO Hetmyer,caught,Guyana Amazon Warriors,St Lucia Stars,2018-08-24,,6
48a1d7b7,1148665,15,1,22,1,1,0,0,0,0,15,0,0,0,0,0,0,0,male,Caribbean Premier League,T20,SO Hetmyer,0,Guyana Amazon Warriors,St Kitts and Nevis Patriots,2018-08-28,,6
48a1d7b7,1148668,30,1,23,1,3,2,0,0,0,11,0,0,0,0,0,0,0,male,Caribbean Premier League,T20,SO Hetmyer,0,Guyana Amazon Warriors,Barbados Tridents,2018-08-31,,6
48a1d7b7,1148673,11,1,11,2,0,1,0,0,0,6,0,0,0,0,0,0,0,male,Caribbean Premier League,T20,SO Hetmyer,caught,Guyana Amazon Warriors,Trinbago Knight Riders,2018-09-05,,6
48a1d7b7,1148675,48,1,41,4,1,0,0,0,0,12,0,0,0,0,0,0,0,male,Caribbean Premier League,T20,SO Hetmyer,0,Guyana Amazon Warriors,Jamaica Tallawahs,2018-09-08,,6
48a1d7b7,1148676,59,1,31,3,5,1,0,0,0,9,0,0,0,0,0,0,0,male,Caribbean Premier League,T20,SO Hetmyer,bowled,Guyana Amazon Warriors,Trinbago Knight Riders,2018-09-09,,6
48a1d7b7,1148677,39,1,36,2,2,0,0,0,0,17,0,0,0,0,0,0,0,male,Caribbean Premier League,T20,SO Hetmyer,0,Guyana Amazon Warriors,Trinbago Knight Riders,2018-09-11,,6
48a1d7b7,1148680,15,1,11,1,1,0,0,0,0,4,0,0,0,0,0,0,0,male,Caribbean Premier League,T20,SO Hetmyer,0,Guyana Amazon Warriors,Trinbago Knight Riders,2018-09-16,,6
48a1d7b7,1157752,21,2,39,1,1,0,0,0,0,29,0,0,0,0,0,0,0,male,West Indies tour of India,Test,SO Hetmyer,caught,West Indies,India,2018-10-04,2018-10-05,6
48a1d7b7,1157753,29,2,63,5,0,2,0,0,0,51,0,0,0,0,0,0,0,male,West Indies tour of India,Test,SO Hetmyer,caught,West Indies,India,2018-10-12,2018-10-13,6
48a1d7b7,1157754,106,1,80,6,6,0,0,0,0,32,0,0,0,0,0,0,0,male,West Indies tour of India,ODI,SO Hetmyer,caught,West Indies,India,2018-10-21,,6
48a1d7b7,1157755,94,1,65,4,7,1,0,0,0,27,0,0,0,0,0,0,0,male,West Indies tour of India,ODI,SO Hetmyer,caught,West Indies,India,2018-10-24,,6
48a1d7b7,1157756,37,1,21,2,3,0,0,0,0,6,0,0,0,0,0,0,0,male,West Indies tour of India,ODI,SO Hetmyer,stumped,West Indies,India,2018-10-27,,6
48a1d7b7,1157757,13,1,11,2,0,0,0,0,0,6,0,0,0,0,0,0,0,male,West Indies tour of India,ODI,SO Hetmyer,lbw,West Indies,India,2018-10-29,,6
48a1d7b7,1157758,9,1,12,1,0,0,0,0,0,6,0,0,0,0,0,0,0,male,West Indies tour of India,ODI,SO Hetmyer,0,West Indies,India,2018-11-01,,6
48a1d7b7,1157759,10,1,7,2,0,0,0,0,0,3,0,0,0,0,0,0,0,male,West Indies tour of India,T20,SO Hetmyer,caught,West Indies,India,2018-11-04,,6
48a1d7b7,1157760,15,1,14,3,0,1,0,0,0,8,0,0,0,0,0,0,0,male,West Indies tour of India,T20,SO Hetmyer,0,West Indies,India,2018-11-06,,6
48a1d7b7,1157761,26,1,23,4,1,0,0,0,0,14,0,0,0,0,0,0,0,male,West Indies tour of India,T20,SO Hetmyer,caught,West Indies,India,2018-11-11,,6
48a1d7b7,1153311,90,2,66,8,5,0,0,0,0,30,0,0,0,0,0,0,0,male,West Indies tour of Bangladesh,Test,SO Hetmyer,0,West Indies,Bangladesh,2018-11-22,2018-11-23,6
48a1d7b7,1153312,132,2,145,4,10,0,0,0,0,88,0,0,0,0,0,0,0,male,West Indies tour of Bangladesh,Test,SO Hetmyer,caught and bowled,West Indies,Bangladesh,2018-11-30,2018-12-01,6
48a1d7b7,1153314,6,1,14,0,0,0,0,0,0,10,0,0,0,0,0,0,0,male,West Indies tour of Bangladesh,ODI,SO Hetmyer,bowled,West Indies,Bangladesh,2018-12-09,,6
48a1d7b7,1153315,14,1,10,0,1,2,0,0,0,4,0,0,0,0,0,0,0,male,West Indies tour of Bangladesh,ODI,SO Hetmyer,0,West Indies,Bangladesh,2018-12-11,,6
48a1d7b7,1153316,0,1,6,0,0,0,0,0,0,6,0,0,0,0,0,0,0,male,West Indies tour of Bangladesh,ODI,SO Hetmyer,0,West Indies,Bangladesh,2018-12-14,,6
48a1d7b7,1153317,0,0,0,0,0,0,0,0,0,0,0,0,0,0,0,0,0,male,West Indies tour of Bangladesh,T20,SO Hetmyer,0,West Indies,Bangladesh,2018-12-17,,6
48a1d7b7,1153318,19,1,17,1,1,0,0,0,0,7,0,0,0,0,0,0,0,male,West Indies tour of Bangladesh,T20,SO Hetmyer,0,West Indies,Bangladesh,2018-12-20,,6
48a1d7b7,1153319,0,1,1,0,0,0,0,0,0,1,0,0,0,0,0,0,0,male,West Indies tour of Bangladesh,T20,SO Hetmyer,0,West Indies,Bangladesh,2018-12-22,,6
48a1d7b7,1158062,112,2,152,11,4,1,0,0,0,100,0,0,0,0,0,0,0,male,England tour of West Indies,Test,SO Hetmyer,0,West Indies,England,2019-01-23,2019-01-24,6
48a1d7b7,1158063,21,1,35,2,1,0,0,0,0,26,0,0,0,0,0,0,0,male,England tour of West Indies,Test,SO Hetmyer,0,West Indies,England,2019-01-31,2019-02-01,6
48a1d7b7,1158064,27,1,54,2,0,1,0,0,0,37,0,0,0,0,0,0,0,male,England tour of West Indies,Test,SO Hetmyer,0,West Indies,England,2019-02-09,2019-02-10,6
48a1d7b7,1158066,20,1,19,2,1,0,0,0,0,10,0,0,0,0,0,0,0,male,England tour of West Indies,ODI,SO Hetmyer,0,West Indies,England,2019-02-20,,6
48a1d7b7,1158067,104,1,87,7,4,2,0,0,0,31,0,0,0,0,0,0,0,male,England tour of West Indies,ODI,SO Hetmyer,run out,West Indies,England,2019-02-22,,6
48a1d7b7,1158069,6,1,2,0,1,2,0,0,0,1,0,0,0,0,0,0,0,male,England tour of West Indies,ODI,SO Hetmyer,0,West Indies,England,2019-02-27,,6
48a1d7b7,1158070,11,0,6,2,0,0,0,0,0,1,0,0,0,0,0,0,0,male,England tour of West Indies,ODI,SO Hetmyer,0,West Indies,England,2019-03-02,,6
48a1d7b7,1158071,14,1,11,1,1,0,0,0,0,5,0,0,0,0,0,0,0,male,England tour of West Indies,T20,SO Hetmyer,0,West Indies,England,2019-03-05,,6
48a1d7b7,1158072,10,1,11,1,0,0,0,0,0,4,0,0,0,0,0,0,0,male,England tour of West Indies,T20,SO Hetmyer,0,West Indies,England,2019-03-08,,6
48a1d7b7,1158073,8,1,7,1,0,0,0,0,0,3,0,0,0,0,0,0,0,male,England tour of West Indies,T20,SO Hetmyer,0,West Indies,England,2019-03-10,,6
48a1d7b7,1175356,0,1,2,0,0,0,0,0,0,2,0,0,0,0,0,0,0,male,Indian Premier League,T20,SO Hetmyer,run out,Royal Challengers Bangalore,Chennai Super Kings,2019-03-23,,6
48a1d7b7,1175362,5,1,6,0,0,1,0,0,0,2,0,0,0,0,0,0,0,male,Indian Premier League,T20,SO Hetmyer,caught,Royal Challengers Bangalore,Mumbai Indians,2019-03-28,,6
48a1d7b7,1175366,9,1,9,0,1,0,0,0,0,5,0,0,0,0,0,0,0,male,Indian Premier League,T20,SO Hetmyer,0,Royal Challengers Bangalore,Sunrisers Hyderabad,2019-03-31,,6
48a1d7b7,1175369,1,1,9,0,0,0,0,0,0,8,0,0,0,0,0,0,0,male,Indian Premier League,T20,SO Hetmyer,caught,Royal Challengers Bangalore,Rajasthan Royals,2019-04-02,,6
48a1d7b7,1178429,75,1,50,4,6,2,0,0,0,17,0,0,0,0,0,0,0,male,Indian Premier League,T20,SO Hetmyer,0,Royal Challengers Bangalore,Sunrisers Hyderabad,2019-05-04,,6
48a1d7b7,1144484,7,0,9,0,0,0,0,0,0,4,0,0,0,0,0,0,0,male,World Cup,ODI,SO Hetmyer,0,West Indies,Pakistan,2019-05-31,,6
48a1d7b7,1144492,21,0,28,3,0,1,0,0,0,17,0,0,0,0,0,0,0,male,World Cup,ODI,SO Hetmyer,0,West Indies,Australia,2019-06-06,,6
48a1d7b7,1144497,0,0,0,0,0,0,0,0,0,0,0,0,0,0,0,0,0,male,World Cup,ODI,SO Hetmyer,0,West Indies,South Africa,2019-06-10,,6
48a1d7b7,1144501,39,1,49,4,0,0,0,0,0,25,0,0,0,0,0,0,0,male,World Cup,ODI,SO Hetmyer,0,West Indies,England,2019-06-14,,6
48a1d7b7,1144505,50,1,26,4,3,0,0,0,0,7,0,0,0,0,0,0,0,male,World Cup,ODI,SO Hetmyer,0,West Indies,Bangladesh,2019-06-17,,6
48a1d7b7,1144511,54,1,45,8,1,0,0,0,0,21,0,0,0,0,0,0,0,male,World Cup,ODI,SO Hetmyer,0,West Indies,New Zealand,2019-06-22,,6
48a1d7b7,1144516,18,1,29,1,0,0,0,0,0,16,0,0,0,0,0,0,0,male,World Cup,ODI,SO Hetmyer,0,West Indies,India,2019-06-27,,6
48a1d7b7,1144521,29,1,40,2,0,0,0,0,0,21,0,0,0,0,0,0,0,male,World Cup,ODI,SO Hetmyer,run out,West Indies,Sri Lanka,2019-07-01,,6
48a1d7b7,1144524,39,1,31,3,2,1,0,0,0,14,0,0,0,0,0,0,0,male,World Cup,ODI,SO Hetmyer,caught,West Indies,Afghanistan,2019-07-04,,6
48a1d7b7,1188621,0,1,1,0,0,0,0,0,0,1,0,0,0,0,0,0,0,male,India tour of United States of America and West Indies,T20,SO Hetmyer,0,West Indies,India,2019-08-03,,6
48a1d7b7,1188622,6,0,4,1,0,1,0,0,0,1,0,0,0,0,0,0,0,male,India tour of United States of America and West Indies,T20,SO Hetmyer,0,West Indies,India,2019-08-04,,6
48a1d7b7,1188623,1,1,3,0,0,0,0,0,0,2,0,0,0,0,0,0,0,male,India tour of United States of America and West Indies,T20,SO Hetmyer,lbw,West Indies,India,2019-08-06,,6
48a1d7b7,1188624,0,0,0,0,0,0,0,0,0,0,0,0,0,0,0,0,0,male,India tour of United States of America and West Indies,ODI,SO Hetmyer,0,West Indies,India,2019-08-08,,6
48a1d7b7,1188625,18,1,23,2,0,0,0,0,0,12,0,0,0,0,0,0,0,male,India tour of United States of America and West Indies,ODI,SO Hetmyer,caught,West Indies,India,2019-08-11,,6
48a1d7b7,1188626,25,1,32,1,0,0,0,0,0,13,0,0,0,0,0,0,0,male,India tour of United States of America and West Indies,ODI,SO Hetmyer,bowled,West Indies,India,2019-08-14,,6
48a1d7b7,1188628,36,2,59,3,0,0,0,0,0,37,0,0,0,0,0,0,0,male,India in West Indies Test Series,Test,SO Hetmyer,caught and bowled,West Indies,India,2019-08-22,2019-08-23,6
48a1d7b7,1188629,35,2,62,7,0,1,0,0,0,48,0,0,0,0,0,0,0,male,India in West Indies Test Series,Test,SO Hetmyer,bowled,West Indies,India,2019-08-30,2019-08-31,6
48a1d7b7,1185838,24,1,27,1,0,2,0,0,0,10,0,0,0,0,0,0,0,male,Caribbean Premier League,T20,SO Hetmyer,caught,Guyana Amazon Warriors,St Lucia Zouks,2019-09-05,,6
48a1d7b7,1185840,70,0,47,7,3,0,0,0,0,17,0,0,0,0,0,0,0,male,Caribbean Premier League,T20,SO Hetmyer,0,Guyana Amazon Warriors,St Kitts and Nevis Patriots,2019-09-07,,6
48a1d7b7,1185842,9,1,12,0,1,1,0,0,0,9,0,0,0,0,0,0,0,male,Caribbean Premier League,T20,SO Hetmyer,0,Guyana Amazon Warriors,Barbados Tridents,2019-09-08,,6
48a1d7b7,1185847,1,1,5,0,0,2,0,0,0,4,0,0,0,0,0,0,0,male,Caribbean Premier League,T20,SO Hetmyer,0,Guyana Amazon Warriors,St Kitts and Nevis Patriots,2019-09-14,,6
48a1d7b7,1185851,44,1,26,6,2,1,0,0,0,11,0,0,0,0,0,0,0,male,Caribbean Premier League,T20,SO Hetmyer,0,Guyana Amazon Warriors,Jamaica Tallawahs,2019-09-18,,6
48a1d7b7,1185855,2,1,5,0,0,2,0,0,0,3,0,0,0,0,0,0,0,male,Caribbean Premier League,T20,SO Hetmyer,0,Guyana Amazon Warriors,Barbados Tridents,2019-09-22,,6
48a1d7b7,1185858,5,1,3,1,0,0,0,0,0,1,0,0,0,0,0,0,0,male,Caribbean Premier League,T20,SO Hetmyer,caught,Guyana Amazon Warriors,St Lucia Zouks,2019-09-25,,6
48a1d7b7,1185863,48,1,41,4,1,1,0,0,0,15,0,0,0,0,0,0,0,male,Caribbean Premier League,T20,SO Hetmyer,caught,Guyana Amazon Warriors,Trinbago Knight Riders,2019-09-30,,6
48a1d7b7,1185865,0,1,1,0,0,0,0,0,0,1,0,0,0,0,0,0,0,male,Caribbean Premier League,T20,SO Hetmyer,0,Guyana Amazon Warriors,Jamaica Tallawahs,2019-10-03,,6
48a1d7b7,1185866,9,1,10,2,0,2,0,0,0,7,0,0,0,0,0,0,0,male,Caribbean Premier League,T20,SO Hetmyer,0,Guyana Amazon Warriors,Trinbago Knight Riders,2019-10-04,,6
48a1d7b7,1185867,3,1,4,0,0,1,0,0,0,1,0,0,0,0,0,0,0,male,Caribbean Premier League,T20,SO Hetmyer,0,Guyana Amazon Warriors,Barbados Tridents,2019-10-06,,6
48a1d7b7,1185870,9,1,5,0,1,0,0,0,0,1,0,0,0,0,0,0,0,male,Caribbean Premier League,T20,SO Hetmyer,0,Guyana Amazon Warriors,Barbados Tridents,2019-10-12,,6
48a1d7b7,1193497,3,1,11,0,0,0,0,0,0,8,0,0,0,0,0,0,0,male,Afghanistan tour of India,ODI,SO Hetmyer,0,West Indies,Afghanistan,2019-11-06,,6
48a1d7b7,1193498,34,1,43,2,1,1,0,0,0,22,0,0,0,0,0,0,0,male,Afghanistan tour of India,ODI,SO Hetmyer,0,West Indies,Afghanistan,2019-11-09,,6
48a1d7b7,1193499,0,1,3,0,0,0,0,0,0,3,0,0,0,0,0,0,0,male,Afghanistan tour of India,ODI,SO Hetmyer,0,West Indies,Afghanistan,2019-11-11,,6
48a1d7b7,1193494,21,1,21,0,1,0,0,0,0,9,0,0,0,0,0,0,0,male,Afghanistan tour of India,T20,SO Hetmyer,caught,West Indies,Afghanistan,2019-11-14,,6
48a1d7b7,1193495,11,1,14,1,0,0,0,0,0,6,0,0,0,0,0,0,0,male,Afghanistan tour of India,T20,SO Hetmyer,0,West Indies,Afghanistan,2019-11-16,,6
48a1d7b7,1193496,11,1,10,1,0,0,0,0,0,2,0,0,0,0,0,0,0,male,Afghanistan tour of India,T20,SO Hetmyer,caught,West Indies,Afghanistan,2019-11-17,,6
48a1d7b7,1193500,13,1,21,1,0,0,0,0,0,16,0,0,0,0,0,0,0,male,Afghanistan tour of India,Test,SO Hetmyer,lbw,West Indies,Afghanistan,2019-11-27,2019-11-28,6
48a1d7b7,1187018,56,1,41,2,4,1,0,0,0,14,0,0,0,0,0,0,0,male,West Indies tour of India,T20,SO Hetmyer,0,West Indies,India,2019-12-06,,6
48a1d7b7,1187019,23,1,14,0,3,2,0,0,0,7,0,0,0,0,0,0,0,male,West Indies tour of India,T20,SO Hetmyer,0,West Indies,India,2019-12-08,,6
48a1d7b7,1187020,41,1,24,1,5,0,0,0,0,11,0,0,0,0,0,0,0,male,West Indies tour of India,T20,SO Hetmyer,caught,West Indies,India,2019-12-11,,6
48a1d7b7,1187021,139,1,107,11,7,2,0,0,0,42,0,0,0,0,0,0,0,male,West Indies tour of India,ODI,SO Hetmyer,0,West Indies,India,2019-12-15,,6
48a1d7b7,1187022,4,1,7,0,0,0,0,0,0,4,0,0,0,0,0,0,0,male,West Indies tour of India,ODI,SO Hetmyer,run out,West Indies,India,2019-12-18,,6
48a1d7b7,1187023,37,1,33,2,2,0,0,0,0,15,0,0,0,0,0,0,0,male,West Indies tour of India,ODI,SO Hetmyer,caught,West Indies,India,2019-12-22,,6
48a1d7b7,1203673,8,1,8,2,0,0,0,0,0,6,0,0,0,0,0,0,0,male,Ireland tour of West Indies,ODI,SO Hetmyer,caught,West Indies,Ireland,2020-01-07,,6
48a1d7b7,1203674,6,1,7,1,0,0,0,0,0,5,0,0,0,0,0,0,0,male,Ireland tour of West Indies,ODI,SO Hetmyer,caught,West Indies,Ireland,2020-01-09,,6
48a1d7b7,1203676,28,1,18,0,3,0,0,0,0,5,0,0,0,0,0,0,0,male,Ireland tour of West Indies,T20,SO Hetmyer,caught,West Indies,Ireland,2020-01-15,,6
48a1d7b7,1203677,4,0,5,0,0,2,0,0,0,2,0,0,0,0,0,0,0,male,Ireland tour of West Indies,T20,SO Hetmyer,0,West Indies,Ireland,2020-01-18,,6
48a1d7b7,1203678,0,0,0,0,0,1,0,0,0,0,0,0,0,0,0,0,0,male,Ireland tour of West Indies,T20,SO Hetmyer,0,West Indies,Ireland,2020-01-19,,6
48a1d7b7,1213874,0,0,0,0,0,0,0,0,0,0,0,0,0,0,0,0,0,male,West Indies tour of Sri Lanka,T20,SO Hetmyer,0,West Indies,Sri Lanka,2020-03-04,,6
48a1d7b7,1213875,43,0,44,3,0,1,0,0,0,14,0,0,0,0,0,0,0,male,West Indies tour of Sri Lanka,T20,SO Hetmyer,0,West Indies,Sri Lanka,2020-03-06,,6
48a1d7b7,1227865,63,0,47,2,2,1,0,0,0,13,0,0,0,0,0,0,0,male,Caribbean Premier League,T20,SO Hetmyer,0,Guyana Amazon Warriors,Trinbago Knight Riders,2020-08-18,,6
48a1d7b7,1227868,71,1,46,8,3,1,0,0,0,16,0,0,0,0,0,0,0,male,Caribbean Premier League,T20,SO Hetmyer,0,Guyana Amazon Warriors,St Kitts and Nevis Patriots,2020-08-19,,6
48a1d7b7,1227872,0,1,1,0,0,1,0,0,0,1,0,0,0,0,0,0,0,male,Caribbean Premier League,T20,SO Hetmyer,0,Guyana Amazon Warriors,Jamaica Tallawahs,2020-08-22,,6
48a1d7b7,1227874,4,1,3,1,0,1,0,0,0,2,0,0,0,0,0,0,0,male,Caribbean Premier League,T20,SO Hetmyer,0,Guyana Amazon Warriors,St Lucia Zouks,2020-08-23,,6
48a1d7b7,1227876,5,1,8,1,0,0,0,0,0,6,0,0,0,0,0,0,0,male,Caribbean Premier League,T20,SO Hetmyer,0,Guyana Amazon Warriors,Jamaica Tallawahs,2020-08-25,,6
48a1d7b7,1227880,26,1,30,0,1,1,0,0,0,13,0,0,0,0,0,0,0,male,Caribbean Premier League,T20,SO Hetmyer,caught,Guyana Amazon Warriors,Trinbago Knight Riders,2020-08-27,,6
48a1d7b7,1227884,1,1,8,0,0,0,0,0,0,7,0,0,0,0,0,0,0,male,Caribbean Premier League,T20,SO Hetmyer,caught,Guyana Amazon Warriors,St Kitts and Nevis Patriots,2020-08-30,,6
48a1d7b7,1227886,9,1,7,1,0,1,0,0,0,2,0,0,0,0,0,0,0,male,Caribbean Premier League,T20,SO Hetmyer,0,Guyana Amazon Warriors,Barbados Tridents,2020-09-01,,6
48a1d7b7,1227888,56,0,36,6,3,0,0,0,0,15,0,0,0,0,0,0,0,male,Caribbean Premier League,T20,SO Hetmyer,0,Guyana Amazon Warriors,St Lucia Zouks,2020-09-02,,6
48a1d7b7,1227890,32,0,33,2,0,0,0,0,0,11,0,0,0,0,0,0,0,male,Caribbean Premier League,T20,SO Hetmyer,0,Guyana Amazon Warriors,Barbados Tridents,2020-09-03,,6
48a1d7b7,1227896,0,1,1,0,0,0,0,0,0,1,0,0,0,0,0,0,0,male,Caribbean Premier League,T20,SO Hetmyer,bowled,Guyana Amazon Warriors,St Lucia Zouks,2020-09-08,,6
48a1d7b7,1216493,7,1,13,1,0,1,0,0,0,9,0,0,0,0,0,0,0,male,Indian Premier League,T20,SO Hetmyer,caught,Delhi Capitals,Kings XI Punjab,2020-09-20,,6
48a1d7b7,1216539,0,0,0,0,0,1,0,0,0,0,0,0,0,0,0,0,0,male,Indian Premier League,T20,SO Hetmyer,0,Delhi Capitals,Chennai Super Kings,2020-09-25,,6
48a1d7b7,1216532,21,1,13,0,2,0,0,0,0,3,0,0,0,0,0,0,0,male,Indian Premier League,T20,SO Hetmyer,0,Delhi Capitals,Sunrisers Hyderabad,2020-09-29,,6
48a1d7b7,1216515,7,0,5,0,1,1,0,0,0,3,0,0,0,0,0,0,0,male,Indian Premier League,T20,SO Hetmyer,0,Delhi Capitals,Kolkata Knight Riders,2020-10-03,,6
48a1d7b7,1216519,11,0,7,0,1,1,0,0,0,2,0,0,0,0,0,0,0,male,Indian Premier League,T20,SO Hetmyer,0,Delhi Capitals,Royal Challengers Bangalore,2020-10-05,,6
48a1d7b7,1216500,45,1,24,1,5,3,0,0,0,7,0,0,0,0,0,0,0,male,Indian Premier League,T20,SO Hetmyer,0,Delhi Capitals,Rajasthan Royals,2020-10-09,,6
48a1d7b7,1216546,10,1,6,0,1,0,0,0,0,2,0,0,0,0,0,0,0,male,Indian Premier League,T20,SO Hetmyer,0,Delhi Capitals,Kings XI Punjab,2020-10-20,,6
48a1d7b7,1216497,10,1,5,0,1,0,0,0,0,1,0,0,0,0,0,0,0,male,Indian Premier League,T20,SO Hetmyer,0,Delhi Capitals,Kolkata Knight Riders,2020-10-24,,6
48a1d7b7,1216524,16,1,13,3,0,0,0,0,0,6,0,0,0,0,0,0,0,male,Indian Premier League,T20,SO Hetmyer,0,Delhi Capitals,Sunrisers Hyderabad,2020-10-27,,6
48a1d7b7,1216535,11,1,13,1,0,0,0,0,0,7,0,0,0,0,0,0,0,male,Indian Premier League,T20,SO Hetmyer,0,Delhi Capitals,Mumbai Indians,2020-10-31,,6
48a1d7b7,1237180,42,0,23,4,1,0,0,0,0,3,0,0,0,0,0,0,0,male,Indian Premier League,T20,SO Hetmyer,0,Delhi Capitals,Sunrisers Hyderabad,2020-11-08,,6
48a1d7b7,1237181,5,1,5,1,0,0,0,0,0,3,0,0,0,0,0,0,0,male,Indian Premier League,T20,SO Hetmyer,0,Delhi Capitals,Mumbai Indians,2020-11-10,,6
48a1d7b7,1233954,0,1,4,0,0,0,0,0,0,4,0,0,0,0,0,0,0,male,West Indies tour of New Zealand,T20,SO Hetmyer,0,West Indies,New Zealand,2020-11-27,,6
48a1d7b7,1233955,25,1,36,2,0,0,0,0,0,19,0,0,0,0,0,0,0,male,West Indies tour of New Zealand,T20,SO Hetmyer,0,West Indies,New Zealand,2020-11-29,,6
48a1d7b7,1254059,0,0,0,0,0,0,0,0,0,0,0,0,0,0,0,0,0,male,Indian Premier League,T20,SO Hetmyer,0,Delhi Capitals,Chennai Super Kings,2021-04-10,,6
48a1d7b7,1254070,14,0,9,2,0,0,0,0,0,2,0,0,0,0,0,0,0,male,Indian Premier League,T20,SO Hetmyer,0,Delhi Capitals,Mumbai Indians,2021-04-20,,6
48a1d7b7,1254077,1,1,2,0,0,0,0,0,0,1,0,0,0,0,0,0,0,male,Indian Premier League,T20,SO Hetmyer,0,Delhi Capitals,Sunrisers Hyderabad,2021-04-25,,6
48a1d7b7,1254079,53,0,25,2,4,0,0,0,0,3,0,0,0,0,0,0,0,male,Indian Premier League,T20,SO Hetmyer,0,Delhi Capitals,Royal Challengers Bangalore,2021-04-27,,6
48a1d7b7,1254082,0,0,1,0,0,0,0,0,0,1,0,0,0,0,0,0,0,male,Indian Premier League,T20,SO Hetmyer,0,Delhi Capitals,Kolkata Knight Riders,2021-04-29,,6
48a1d7b7,1254086,16,0,6,1,2,1,0,0,0,3,0,0,0,0,0,0,0,male,Indian Premier League,T20,SO Hetmyer,0,Delhi Capitals,Punjab Kings,2021-05-02,,6
48a1d7b7,1247025,7,1,9,0,0,0,0,0,0,3,0,0,0,0,0,0,0,male,Pakistan Super League,T20,SO Hetmyer,caught,Multan Sultans,Karachi Kings,2021-06-10,,6
48a1d7b7,1247031,0,0,0,0,0,0,0,0,0,0,0,0,0,0,0,0,0,male,Pakistan Super League,T20,SO Hetmyer,0,Multan Sultans,Peshawar Zalmi,2021-06-13,,6
48a1d7b7,1263153,17,1,11,0,2,2,0,0,0,4,0,0,0,0,0,0,0,male,South Africa tour of West Indies,T20,SO Hetmyer,caught,West Indies,South Africa,2021-06-29,,6
48a1d7b7,1263154,7,1,12,0,0,0,0,0,0,5,0,0,0,0,0,0,0,male,South Africa tour of West Indies,T20,SO Hetmyer,0,West Indies,South Africa,2021-07-01,,6
48a1d7b7,1263155,33,1,32,1,2,0,0,0,0,12,0,0,0,0,0,0,0,male,South Africa tour of West Indies,T20,SO Hetmyer,0,West Indies,South Africa,2021-07-03,,6
48a1d7b7,1263156,20,1,28,1,0,1,0,0,0,11,0,0,0,0,0,0,0,male,Australia tour of West Indies,T20,SO Hetmyer,caught,West Indies,Australia,2021-07-09,,6
48a1d7b7,1263157,61,1,36,2,4,0,0,0,0,7,0,0,0,0,0,0,0,male,Australia tour of West Indies,T20,SO Hetmyer,run out,West Indies,Australia,2021-07-10,,6
48a1d7b7,1263158,0,0,0,0,0,0,0,0,0,0,0,0,0,0,0,0,0,male,Australia tour of West Indies,T20,SO Hetmyer,0,West Indies,Australia,2021-07-12,,6
48a1d7b7,1263161,11,1,12,2,0,1,0,0,0,8,0,0,0,0,0,0,0,male,Australia tour of West Indies,ODI,SO Hetmyer,caught and bowled,West Indies,Australia,2021-07-20,,6
48a1d7b7,1263163,6,1,10,1,0,0,0,0,0,7,0,0,0,0,0,0,0,male,Australia tour of West Indies,ODI,SO Hetmyer,bowled,West Indies,Australia,2021-07-26,,6
48a1d7b7,1263164,5,1,5,1,0,0,0,0,0,3,0,0,0,0,0,0,0,male,Pakistan tour of West Indies,T20,SO Hetmyer,caught,West Indies,Pakistan,2021-07-28,,6
48a1d7b7,1263165,17,1,18,1,0,0,0,0,0,5,0,0,0,0,0,0,0,male,Pakistan tour of West Indies,T20,SO Hetmyer,bowled,West Indies,Pakistan,2021-07-31,,6
48a1d7b7,1263166,0,0,0,0,0,0,0,0,0,0,0,0,0,0,0,0,0,male,Pakistan tour of West Indies,T20,SO Hetmyer,0,West Indies,Pakistan,2021-08-01,,6
48a1d7b7,1263167,0,0,0,0,0,0,0,0,0,0,0,0,0,0,0,0,0,male,Pakistan tour of West Indies,T20,SO Hetmyer,0,West Indies,Pakistan,2021-08-03,,6
48a1d7b7,1269700,54,1,44,4,2,0,0,0,0,16,0,0,0,0,0,0,0,male,Caribbean Premier League,T20,SO Hetmyer,caught,Guyana Amazon Warriors,Trinbago Knight Riders,2021-08-26,,6
48a1d7b7,1269704,4,1,6,0,0,0,0,0,0,3,0,0,0,0,0,0,0,male,Caribbean Premier League,T20,SO Hetmyer,bowled,Guyana Amazon Warriors,St Kitts and Nevis Patriots,2021-08-28,,6
48a1d7b7,1269707,52,1,38,3,3,1,0,0,0,13,0,0,0,0,0,0,0,male,Caribbean Premier League,T20,SO Hetmyer,0,Guyana Amazon Warriors,St Kitts and Nevis Patriots,2021-08-29,,6
48a1d7b7,1269710,31,2,32,4,0,0,0,0,0,13,0,0,0,0,0,0,0,male,Caribbean Premier League,T20,SO Hetmyer,caught,Guyana Amazon Warriors,Trinbago Knight Riders,2021-09-01,,6
48a1d7b7,1269712,9,0,21,0,0,1,0,0,0,12,0,0,0,0,0,0,0,male,Caribbean Premier League,T20,SO Hetmyer,0,Guyana Amazon Warriors,St Lucia Kings,2021-09-02,,6
48a1d7b7,1269715,0,0,0,0,0,0,0,0,0,0,0,0,0,0,0,0,0,male,Caribbean Premier League,T20,SO Hetmyer,0,Guyana Amazon Warriors,Barbados Royals,2021-09-04,,6
48a1d7b7,1269719,3,1,5,0,0,1,0,0,0,3,0,0,0,0,0,0,0,male,Caribbean Premier League,T20,SO Hetmyer,caught,Guyana Amazon Warriors,Barbados Royals,2021-09-07,,6
48a1d7b7,1269721,1,1,4,0,0,0,0,0,0,3,0,0,0,0,0,0,0,male,Caribbean Premier League,T20,SO Hetmyer,0,Guyana Amazon Warriors,St Lucia Kings,2021-09-08,,6
48a1d7b7,1269725,23,1,18,3,0,0,0,0,0,6,0,0,0,0,0,0,0,male,Caribbean Premier League,T20,SO Hetmyer,0,Guyana Amazon Warriors,Jamaica Tallawahs,2021-09-11,,6
48a1d7b7,1269728,0,1,1,0,0,0,0,0,0,1,0,0,0,0,0,0,0,male,Caribbean Premier League,T20,SO Hetmyer,0,Guyana Amazon Warriors,Jamaica Tallawahs,2021-09-12,,6
48a1d7b7,1269731,45,0,20,2,4,2,0,0,0,4,0,0,0,0,0,0,0,male,Caribbean Premier League,T20,SO Hetmyer,0,Guyana Amazon Warriors,St Kitts and Nevis Patriots,2021-09-14,,6
48a1d7b7,1254105,0,0,0,0,0,1,0,0,0,0,0,0,0,0,0,0,0,male,Indian Premier League,T20,SO Hetmyer,0,Delhi Capitals,Sunrisers Hyderabad,2021-09-22,,6
48a1d7b7,1254097,28,1,17,5,0,1,0,0,0,5,0,0,0,0,0,0,0,male,Indian Premier League,T20,SO Hetmyer,caught,Delhi Capitals,Rajasthan Royals,2021-09-25,,6
48a1d7b7,1254092,4,1,5,0,0,0,0,0,0,2,0,0,0,0,0,0,0,male,Indian Premier League,T20,SO Hetmyer,0,Delhi Capitals,Kolkata Knight Riders,2021-09-28,,6
48a1d7b7,1254112,15,1,8,2,0,0,0,0,0,1,0,0,0,0,0,0,0,male,Indian Premier League,T20,SO Hetmyer,0,Delhi Capitals,Mumbai Indians,2021-10-02,,6
48a1d7b7,1254110,28,0,21,2,1,0,0,0,0,7,0,0,0,0,0,0,0,male,Indian Premier League,T20,SO Hetmyer,0,Delhi Capitals,Chennai Super Kings,2021-10-04,,6
48a1d7b7,1254101,29,1,22,2,2,0,0,0,0,10,0,0,0,0,0,0,0,male,Indian Premier League,T20,SO Hetmyer,caught,Delhi Capitals,Royal Challengers Bangalore,2021-10-08,,6
48a1d7b7,1254114,37,1,27,3,1,0,0,0,0,7,0,0,0,0,0,0,0,male,Indian Premier League,T20,SO Hetmyer,0,Delhi Capitals,Chennai Super Kings,2021-10-10,,6
48a1d7b7,1254116,17,0,10,0,2,1,0,0,0,4,0,0,0,0,0,0,0,male,Indian Premier League,T20,SO Hetmyer,0,Delhi Capitals,Kolkata Knight Riders,2021-10-13,,6
48a1d7b7,1273725,9,1,9,2,0,0,0,0,0,6,0,0,0,0,0,0,0,male,ICC Men's T20 World Cup,T20,SO Hetmyer,caught,West Indies,England,2021-10-23,,6
48a1d7b7,1273729,1,1,2,0,0,1,0,0,0,1,0,0,0,0,0,0,0,male,ICC Men's T20 World Cup,T20,SO Hetmyer,0,West Indies,South Africa,2021-10-26,,6
48a1d7b7,1273734,9,1,7,1,0,0,0,0,0,2,0,0,0,0,0,0,0,male,ICC Men's T20 World Cup,T20,SO Hetmyer,0,West Indies,Bangladesh,2021-10-29,,6
48a1d7b7,1273746,81,0,57,8,4,2,0,0,0,23,0,0,0,0,0,0,0,male,ICC Men's T20 World Cup,T20,SO Hetmyer,0,West Indies,Sri Lanka,2021-11-04,,6
48a1d7b7,1273749,27,1,29,2,0,0,0,0,0,10,0,0,0,0,0,0,0,male,ICC Men's T20 World Cup,T20,SO Hetmyer,0,West Indies,Australia,2021-11-06,,6
48a1d7b7,1304051,32,1,15,2,3,2,0,0,0,5,0,0,0,0,0,0,0,male,Indian Premier League,T20,SO Hetmyer,bowled,Rajasthan Royals,Sunrisers Hyderabad,2022-03-29,,6
48a1d7b7,1304055,35,1,17,3,3,0,0,0,0,6,0,0,0,0,0,0,0,male,Indian Premier League,T20,SO Hetmyer,0,Rajasthan Royals,Mumbai Indians,2022-04-02,,6
48a1d7b7,1304059,42,0,32,4,2,0,0,0,0,13,0,0,0,0,0,0,0,male,Indian Premier League,T20,SO Hetmyer,0,Rajasthan Royals,Royal Challengers Bangalore,2022-04-05,,6
48a1d7b7,1304066,59,0,36,1,6,0,0,0,0,12,0,0,0,0,0,0,0,male,Indian Premier League,T20,SO Hetmyer,0,Rajasthan Royals,Lucknow Super Giants,2022-04-10,,6
48a1d7b7,1304070,29,1,18,2,1,1,0,0,0,5,0,0,0,0,0,0,0,male,Indian Premier League,T20,SO Hetmyer,0,Rajasthan Royals,Gujarat Titans,2022-04-14,,6
48a1d7b7,1304076,26,0,16,2,2,0,1,0,0,7,0,0,0,0,0,0,0,male,Indian Premier League,T20,SO Hetmyer,0,Rajasthan Royals,Kolkata Knight Riders,2022-04-18,,6
48a1d7b7,1304080,1,0,1,0,0,0,0,0,0,0,0,0,0,0,0,0,0,male,Indian Premier League,T20,SO Hetmyer,0,Rajasthan Royals,Delhi Capitals,2022-04-22,,6
48a1d7b7,1304085,3,1,7,0,0,0,0,0,0,5,0,0,0,0,0,0,0,male,Indian Premier League,T20,SO Hetmyer,0,Rajasthan Royals,Royal Challengers Bangalore,2022-04-26,,6
48a1d7b7,1304090,6,0,16,0,0,0,0,0,0,10,0,0,0,0,0,0,0,male,Indian Premier League,T20,SO Hetmyer,0,Rajasthan Royals,Mumbai Indians,2022-04-30,,6
48a1d7b7,1304093,27,0,16,1,2,0,0,0,0,6,0,0,0,0,0,0,0,male,Indian Premier League,T20,SO Hetmyer,0,Rajasthan Royals,Kolkata Knight Riders,2022-05-02,,6
48a1d7b7,1304098,31,0,18,3,2,0,0,0,0,6,0,0,0,0,0,0,0,male,Indian Premier League,T20,SO Hetmyer,0,Rajasthan Royals,Punjab Kings,2022-05-07,,6
48a1d7b7,1304114,6,1,7,1,0,0,0,0,0,4,0,0,0,0,0,0,0,male,Indian Premier League,T20,SO Hetmyer,0,Rajasthan Royals,Chennai Super Kings,2022-05-20,,6
48a1d7b7,1312197,4,1,7,0,0,0,0,1,0,3,0,0,0,0,0,0,0,male,Indian Premier League,T20,SO Hetmyer,caught,Rajasthan Royals,Gujarat Titans,2022-05-24,,6
48a1d7b7,1312199,2,0,3,0,0,0,0,0,0,1,0,0,0,0,0,0,0,male,Indian Premier League,T20,SO Hetmyer,0,Rajasthan Royals,Royal Challengers Bangalore,2022-05-27,,6
48a1d7b7,1312200,11,1,12,2,0,0,0,0,0,7,0,0,0,0,0,0,0,male,Indian Premier League,T20,SO Hetmyer,caught and bowled,Rajasthan Royals,Gujarat Titans,2022-05-29,,6
48a1d7b7,1317903,14,1,15,1,1,1,0,0,0,9,0,0,0,0,0,0,0,male,India tour of West Indies,T20,SO Hetmyer,0,West Indies,India,2022-07-29,,6
48a1d7b7,1317904,6,1,10,1,0,0,0,0,0,7,0,0,0,0,0,0,0,male,India tour of West Indies,T20,SO Hetmyer,caught and bowled,West Indies,India,2022-08-01,,6
48a1d7b7,1317905,20,1,13,0,2,0,0,0,0,3,0,0,0,0,0,0,0,male,India tour of West Indies,T20,SO Hetmyer,run out,West Indies,India,2022-08-02,,6
48a1d7b7,1317906,19,1,19,2,1,0,0,0,0,11,0,0,0,0,0,0,0,male,West Indies v India T20I Series,T20,SO Hetmyer,bowled,West Indies,India,2022-08-06,,6
48a1d7b7,1317907,56,1,37,5,4,0,0,0,0,16,0,0,0,0,0,0,0,male,West Indies v India T20I Series,T20,SO Hetmyer,0,West Indies,India,2022-08-07,,6
48a1d7b7,1317908,2,1,3,0,0,1,0,0,0,1,0,0,0,0,0,0,0,male,New Zealand tour of West Indies,T20,SO Hetmyer,0,West Indies,New Zealand,2022-08-10,,6
48a1d7b7,1317909,14,1,18,1,1,0,0,0,0,12,0,0,0,0,0,0,0,male,New Zealand tour of West Indies,T20,SO Hetmyer,0,West Indies,New Zealand,2022-08-12,,6
48a1d7b7,1317910,0,0,0,0,0,0,0,0,0,0,0,0,0,0,0,0,0,male,New Zealand tour of West Indies,T20,SO Hetmyer,0,West Indies,New Zealand,2022-08-14,,6
48a1d7b7,1323147,39,1,45,2,1,0,0,0,0,21,0,0,0,0,0,0,0,male,Caribbean Premier League,T20,SO Hetmyer,caught,Guyana Amazon Warriors,Jamaica Tallawahs,2022-09-03,,6
48a1d7b7,1323153,46,1,25,1,4,1,0,0,0,7,0,0,0,0,0,0,0,male,Caribbean Premier League,T20,SO Hetmyer,0,Guyana Amazon Warriors,St Kitts and Nevis Patriots,2022-09-08,,6
48a1d7b7,1323156,32,1,24,1,2,0,0,0,0,7,0,0,0,0,0,0,0,male,Caribbean Premier League,T20,SO Hetmyer,caught,Guyana Amazon Warriors,St Lucia Kings,2022-09-10,,6
48a1d7b7,1323161,20,1,16,3,0,2,0,0,0,6,0,0,0,0,0,0,0,male,Caribbean Premier League,T20,SO Hetmyer,caught,Guyana Amazon Warriors,Trinbago Knight Riders,2022-09-14,,6
48a1d7b7,1323165,12,1,15,1,0,0,0,0,0,8,0,0,0,0,0,0,0,male,Caribbean Premier League,T20,SO Hetmyer,0,Guyana Amazon Warriors,Barbados Royals,2022-09-18,,6
48a1d7b7,1323168,11,1,18,1,0,0,0,0,0,12,0,0,0,0,0,0,0,male,Caribbean Premier League,T20,SO Hetmyer,0,Guyana Amazon Warriors,Jamaica Tallawahs,2022-09-21,,6
48a1d7b7,1323170,36,1,28,2,1,0,0,0,0,9,0,0,0,0,0,0,0,male,Caribbean Premier League,T20,SO Hetmyer,caught,Guyana Amazon Warriors,St Lucia Kings,2022-09-22,,6
48a1d7b7,1323171,23,1,15,5,0,1,0,0,0,7,0,0,0,0,0,0,0,male,Caribbean Premier League,T20,SO Hetmyer,run out,Guyana Amazon Warriors,Trinbago Knight Riders,2022-09-24,,6
48a1d7b7,1323173,10,1,5,2,0,0,0,0,0,2,0,0,0,0,0,0,0,male,Caribbean Premier League,T20,SO Hetmyer,0,Guyana Amazon Warriors,Barbados Royals,2022-09-25,,6
48a1d7b7,1323174,37,1,29,3,1,1,0,0,0,8,0,0,0,0,0,0,0,male,Caribbean Premier League,T20,SO Hetmyer,0,Guyana Amazon Warriors,Barbados Royals,2022-09-27,,6
48a1d7b7,1323176,15,1,15,0,1,0,0,0,0,7,0,0,0,0,0,0,0,male,Caribbean Premier League,T20,SO Hetmyer,bowled,Guyana Amazon Warriors,Jamaica Tallawahs,2022-09-28,,6
48a1d7b7,1346918,14,0,8,0,1,0,0,0,0,1,0,0,0,0,0,0,0,male,International League T20,T20,SO Hetmyer,0,Gulf Giants,Abu Dhabi Knight Riders,2023-01-15,,6
48a1d7b7,1346920,6,1,6,1,0,0,0,0,0,3,0,0,0,0,0,0,0,male,International League T20,T20,SO Hetmyer,caught,Gulf Giants,Dubai Capitals,2023-01-16,,6
48a1d7b7,1346923,37,0,20,2,3,0,0,0,0,4,0,0,0,0,0,0,0,male,International League T20,T20,SO Hetmyer,0,Gulf Giants,Dubai Capitals,2023-01-19,,6
48a1d7b7,1346927,70,1,39,5,5,1,0,0,0,14,0,0,0,0,0,0,0,male,International League T20,T20,SO Hetmyer,0,Gulf Giants,Desert Vipers,2023-01-22,,6
48a1d7b7,1346929,2,1,3,0,0,2,0,0,0,2,0,0,0,0,0,0,0,male,International League T20,T20,SO Hetmyer,0,Gulf Giants,Sharjah Warriors,2023-01-23,,6
48a1d7b7,1346939,13,0,10,0,1,1,0,0,0,3,0,0,0,0,0,0,0,male,International League T20,T20,SO Hetmyer,0,Gulf Giants,MI Emirates,2023-02-01,,6
48a1d7b7,1346942,54,1,37,2,4,0,0,0,0,14,0,0,0,0,0,0,0,male,International League T20,T20,SO Hetmyer,0,Gulf Giants,Desert Vipers,2023-02-04,,6
48a1d7b7,1346946,36,1,22,1,3,0,0,0,0,6,0,0,0,0,0,0,0,male,International League T20,T20,SO Hetmyer,caught,Gulf Giants,Desert Vipers,2023-02-08,,6
48a1d7b7,1346948,0,1,1,0,0,0,0,0,0,1,0,0,0,0,0,0,0,male,International League T20,T20,SO Hetmyer,0,Gulf Giants,MI Emirates,2023-02-10,,6
48a1d7b7,1346949,25,0,14,5,0,0,0,0,0,5,0,0,0,0,0,0,0,male,International League T20,T20,SO Hetmyer,0,Gulf Giants,Desert Vipers,2023-02-12,,6
48a1d7b7,1359478,22,0,16,1,1,1,0,0,0,5,0,0,0,0,0,0,0,male,Indian Premier League,T20,SO Hetmyer,0,Rajasthan Royals,Sunrisers Hyderabad,2023-04-02,,6
48a1d7b7,1359482,36,1,18,1,3,0,0,0,0,3,0,0,0,0,0,0,0,male,Indian Premier League,T20,SO Hetmyer,run out,Rajasthan Royals,Punjab Kings,2023-04-05,,6
48a1d7b7,1359485,39,0,21,1,4,2,0,0,0,6,0,0,0,0,0,0,0,male,Indian Premier League,T20,SO Hetmyer,0,Rajasthan Royals,Delhi Capitals,2023-04-08,,6
48a1d7b7,1359491,30,0,19,2,2,1,0,0,0,6,0,0,0,0,0,0,0,male,Indian Premier League,T20,SO Hetmyer,0,Rajasthan Royals,Chennai Super Kings,2023-04-12,,6
48a1d7b7,1359497,56,0,27,2,5,1,0,0,0,6,0,0,0,0,0,0,0,male,Indian Premier League,T20,SO Hetmyer,0,Rajasthan Royals,Gujarat Titans,2023-04-16,,6
48a1d7b7,1359500,2,1,5,0,0,1,0,1,0,3,0,0,0,0,0,0,0,male,Indian Premier League,T20,SO Hetmyer,caught,Rajasthan Royals,Lucknow Super Giants,2023-04-19,,6
48a1d7b7,1359506,3,1,10,0,0,1,0,0,0,7,0,0,0,0,0,0,0,male,Indian Premier League,T20,SO Hetmyer,0,Rajasthan Royals,Royal Challengers Bangalore,2023-04-23,,6
48a1d7b7,1359511,8,1,10,0,0,0,0,0,0,4,0,0,0,0,0,0,0,male,Indian Premier League,T20,SO Hetmyer,bowled,Rajasthan Royals,Chennai Super Kings,2023-04-27,,6
48a1d7b7,1359516,8,1,9,0,1,0,0,0,0,6,0,0,0,0,0,0,0,male,Indian Premier League,T20,SO Hetmyer,caught,Rajasthan Royals,Mumbai Indians,2023-04-30,,6
48a1d7b7,1359522,7,1,14,0,0,0,0,0,0,7,0,0,0,0,0,0,0,male,Indian Premier League,T20,SO Hetmyer,lbw,Rajasthan Royals,Gujarat Titans,2023-05-05,,6
48a1d7b7,1359526,7,0,5,0,0,2,0,0,0,0,0,0,0,0,0,0,0,male,Indian Premier League,T20,SO Hetmyer,0,Rajasthan Royals,Sunrisers Hyderabad,2023-05-07,,6
48a1d7b7,1359530,0,0,0,0,0,2,0,0,0,0,0,0,0,0,0,0,0,male,Indian Premier League,T20,SO Hetmyer,0,Rajasthan Royals,Kolkata Knight Riders,2023-05-11,,6
48a1d7b7,1359534,35,1,19,1,4,0,0,0,0,8,0,0,0,0,0,0,0,male,Indian Premier League,T20,SO Hetmyer,caught,Rajasthan Royals,Royal Challengers Bangalore,2023-05-14,,6
48a1d7b7,1359540,46,1,32,4,3,0,0,0,0,14,0,0,0,0,0,0,0,male,Indian Premier League,T20,SO Hetmyer,caught,Rajasthan Royals,Punjab Kings,2023-05-19,,6
48a1d7b7,1381363,23,1,19,1,1,1,0,0,0,6,0,0,0,0,0,0,0,male,Major League Cricket,T20,SO Hetmyer,0,Seattle Orcas,Washington Freedom,2023-07-14,,6
48a1d7b7,1381364,36,0,31,1,2,1,0,0,0,12,0,0,0,0,0,0,0,male,Major League Cricket,T20,SO Hetmyer,0,Seattle Orcas,San Francisco Unicorns,2023-07-15,,6
48a1d7b7,1381214,11,1,21,1,0,0,0,0,0,13,0,0,0,0,0,0,0,male,India tour of West Indies,ODI,SO Hetmyer,0,West Indies,India,2023-07-27,,6
48a1d7b7,1381215,9,1,16,0,0,1,0,0,0,8,0,0,0,0,0,0,0,male,India tour of West Indies and United States of America,ODI,SO Hetmyer,0,West Indies,India,2023-07-29,,6
48a1d7b7,1381216,4,1,6,1,0,1,0,0,0,5,0,0,0,0,0,0,0,male,India tour of West Indies and United States of America,ODI,SO Hetmyer,0,West Indies,India,2023-08-01,,6
48a1d7b7,1381217,10,1,12,1,0,3,0,1,0,5,0,0,0,0,0,0,0,male,India tour of West Indies and United States of America,T20,SO Hetmyer,caught,West Indies,India,2023-08-03,,6
48a1d7b7,1381218,22,1,22,1,1,1,0,0,0,9,0,0,0,0,0,0,0,male,India tour of West Indies and United States of America,T20,SO Hetmyer,0,West Indies,India,2023-08-06,,6
48a1d7b7,1381219,9,1,8,1,0,0,0,0,0,3,0,0,0,0,0,0,0,male,India tour of West Indies and United States of America,T20,SO Hetmyer,0,West Indies,India,2023-08-08,,6
48a1d7b7,1381220,61,1,40,3,4,0,0,0,0,11,0,0,0,0,0,0,0,male,India tour of West Indies and United States of America,T20,SO Hetmyer,0,West Indies,India,2023-08-12,,6
48a1d7b7,1381221,0,0,0,0,0,0,0,0,0,0,0,0,0,0,0,0,0,male,India tour of West Indies and United States of America,T20,SO Hetmyer,0,West Indies,India,2023-08-13,,6
48a1d7b7,1369561,0,0,0,0,0,0,0,0,0,0,0,0,0,0,0,0,0,male,Caribbean Premier League,T20,SO Hetmyer,0,Guyana Amazon Warriors,St Lucia Kings,2023-08-19,,6
48a1d7b7,1369565,26,1,23,1,1,2,0,0,0,7,0,0,0,0,0,0,0,male,Caribbean Premier League,T20,SO Hetmyer,caught,Guyana Amazon Warriors,St Kitts and Nevis Patriots,2023-08-24,,6
48a1d7b7,1369568,60,1,48,3,4,0,0,0,0,23,0,0,0,0,0,0,0,male,Caribbean Premier League,T20,SO Hetmyer,0,Guyana Amazon Warriors,Jamaica Tallawahs,2023-08-27,,6
48a1d7b7,1369572,36,1,22,1,3,0,0,0,0,7,0,0,0,0,0,0,0,male,Caribbean Premier League,T20,SO Hetmyer,0,Guyana Amazon Warriors,St Kitts and Nevis Patriots,2023-09-02,,6
48a1d7b7,1369576,13,1,8,1,1,0,0,0,0,3,0,0,0,0,0,0,0,male,Caribbean Premier League,T20,SO Hetmyer,0,Guyana Amazon Warriors,Trinbago Knight Riders,2023-09-05,,6
48a1d7b7,1369580,24,1,17,1,2,0,0,0,0,6,0,0,0,0,0,0,0,male,Caribbean Premier League,T20,SO Hetmyer,0,Guyana Amazon Warriors,Barbados Royals,2023-09-10,,6
48a1d7b7,1369582,0,0,0,0,0,0,0,0,0,0,0,0,0,0,0,0,0,male,Caribbean Premier League,T20,SO Hetmyer,0,Guyana Amazon Warriors,Jamaica Tallawahs,2023-09-13,,6
48a1d7b7,1369583,19,0,14,1,1,1,0,0,0,5,0,0,0,0,0,0,0,male,Caribbean Premier League,T20,SO Hetmyer,0,Guyana Amazon Warriors,St Lucia Kings,2023-09-14,,6
48a1d7b7,1369585,2,1,4,0,0,0,0,0,0,2,0,0,0,0,0,0,0,male,Caribbean Premier League,T20,SO Hetmyer,caught,Guyana Amazon Warriors,Trinbago Knight Riders,2023-09-16,,6
48a1d7b7,1369587,16,1,5,2,1,0,0,0,0,0,0,0,0,0,0,0,0,male,Caribbean Premier League,T20,SO Hetmyer,0,Guyana Amazon Warriors,Barbados Royals,2023-09-17,,6
48a1d7b7,1369589,0,1,2,0,0,0,0,0,0,2,0,0,0,0,0,0,0,male,Caribbean Premier League,T20,SO Hetmyer,run out,Guyana Amazon Warriors,Trinbago Knight Riders,2023-09-20,,6
48a1d7b7,1369590,31,1,30,2,1,0,0,0,0,12,0,0,0,0,0,0,0,male,Caribbean Premier League,T20,SO Hetmyer,caught,Guyana Amazon Warriors,Jamaica Tallawahs,2023-09-22,,6
48a1d7b7,1369591,0,0,0,0,0,2,0,0,0,0,0,0,0,0,0,0,0,male,Caribbean Premier League,T20,SO Hetmyer,0,Guyana Amazon Warriors,Trinbago Knight Riders,2023-09-24,,6
48a1d7b7,1373576,32,1,31,4,0,0,0,0,0,14,0,0,0,0,0,0,0,male,England tour of West Indies,ODI,SO Hetmyer,0,West Indies,England,2023-12-03,,6
48a1d7b7,1373577,0,1,4,0,0,0,0,0,0,4,0,0,0,0,0,0,0,male,England tour of West Indies,ODI,SO Hetmyer,0,West Indies,England,2023-12-06,,6
48a1d7b7,1373578,12,1,15,0,1,0,0,0,0,8,0,0,0,0,0,0,0,male,England tour of West Indies,ODI,SO Hetmyer,0,West Indies,England,2023-12-09,,6
48a1d7b7,1373579,1,1,4,0,0,2,0,0,0,3,0,0,0,0,0,0,0,male,England tour of West Indies,T20,SO Hetmyer,0,West Indies,England,2023-12-12,,6
48a1d7b7,1373580,2,1,5,0,0,1,0,0,0,3,0,0,0,0,0,0,0,male,England tour of West Indies,T20,SO Hetmyer,0,West Indies,England,2023-12-14,,6
48a1d7b7,1406889,0,1,1,0,0,0,0,0,0,1,0,0,0,0,0,0,0,male,International League T20,T20,SO Hetmyer,lbw,Gulf Giants,Sharjah Warriors,2024-01-19,,6
48a1d7b7,1406892,15,0,17,0,0,0,0,0,0,5,0,0,0,0,0,0,0,male,International League T20,T20,SO Hetmyer,0,Gulf Giants,MI Emirates,2024-01-21,,6
48a1d7b7,1406895,11,1,11,0,1,0,0,0,0,5,0,0,0,0,0,0,0,male,International League T20,T20,SO Hetmyer,caught,Gulf Giants,Desert Vipers,2024-01-24,,6
48a1d7b7,1406899,0,1,2,0,0,1,0,0,0,2,0,0,0,0,0,0,0,male,International League T20,T20,SO Hetmyer,lbw,Gulf Giants,Dubai Capitals,2024-01-27,,6
48a1d7b7,1406904,19,1,10,0,2,0,0,0,0,3,0,0,0,0,0,0,0,male,International League T20,T20,SO Hetmyer,caught,Gulf Giants,Abu Dhabi Knight Riders,2024-01-31,,6
48a1d7b7,1406907,40,0,26,5,1,1,0,0,0,8,0,0,0,0,0,0,0,male,International League T20,T20,SO Hetmyer,0,Gulf Giants,Desert Vipers,2024-02-03,,6
48a1d7b7,1406910,53,0,31,3,4,0,0,0,0,10,0,0,0,0,0,0,0,male,International League T20,T20,SO Hetmyer,0,Gulf Giants,Sharjah Warriors,2024-02-04,,6
48a1d7b7,1406912,34,1,30,4,0,0,0,0,0,12,0,0,0,0,0,0,0,male,International League T20,T20,SO Hetmyer,caught,Gulf Giants,Dubai Capitals,2024-02-06,,6
48a1d7b7,1406914,2,1,6,0,0,1,0,0,0,4,0,0,0,0,0,0,0,male,International League T20,T20,SO Hetmyer,bowled,Gulf Giants,MI Emirates,2024-02-08,,6
48a1d7b7,1406916,39,0,27,5,0,1,0,0,0,7,0,0,0,0,0,0,0,male,International League T20,T20,SO Hetmyer,0,Gulf Giants,Abu Dhabi Knight Riders,2024-02-10,,6
48a1d7b7,1406919,7,1,5,0,1,2,0,0,0,3,0,0,0,0,0,0,0,male,International League T20,T20,SO Hetmyer,caught,Gulf Giants,MI Emirates,2024-02-14,,6
48a1d7b7,1406921,8,1,9,0,0,0,0,0,0,4,0,0,0,0,0,0,0,male,International League T20,T20,SO Hetmyer,0,Gulf Giants,Dubai Capitals,2024-02-15,,6
48a1d7b7,1422122,5,1,7,0,0,0,0,0,0,3,0,0,0,0,0,0,0,male,Indian Premier League,T20,SO Hetmyer,caught,Rajasthan Royals,Lucknow Super Giants,2024-03-24,,6
48a1d7b7,1422127,14,0,8,1,1,0,0,0,0,3,0,0,0,0,0,0,0,male,Indian Premier League,T20,SO Hetmyer,0,Rajasthan Royals,Delhi Capitals,2024-03-28,,6
48a1d7b7,1422132,0,0,0,0,0,2,0,0,0,0,0,0,0,0,0,0,0,male,Indian Premier League,T20,SO Hetmyer,0,Rajasthan Royals,Mumbai Indians,2024-04-01,,6
48a1d7b7,1422137,11,0,7,2,0,0,0,0,0,2,0,0,0,0,0,0,0,male,Indian Premier League,T20,SO Hetmyer,0,Rajasthan Royals,Royal Challengers Bengaluru,2024-04-06,,6
48a1d7b7,1426262,13,0,5,1,1,0,0,0,0,0,0,0,0,0,0,0,0,male,Indian Premier League,T20,SO Hetmyer,0,Rajasthan Royals,Gujarat Titans,2024-04-10,,6
48a1d7b7,1426265,27,0,10,1,3,1,0,0,0,2,0,0,0,0,0,0,0,male,Indian Premier League,T20,SO Hetmyer,0,Rajasthan Royals,Punjab Kings,2024-04-13,,6
48a1d7b7,1426269,0,1,1,0,0,0,0,0,0,1,0,0,0,0,0,0,0,male,Indian Premier League,T20,SO Hetmyer,0,Rajasthan Royals,Kolkata Knight Riders,2024-04-16,,6
48a1d7b7,1426276,0,0,0,0,0,1,0,0,0,0,0,0,0,0,0,0,0,male,Indian Premier League,T20,SO Hetmyer,0,Rajasthan Royals,Mumbai Indians,2024-04-22,,6
48a1d7b7,1426282,0,0,0,0,0,0,0,0,0,0,0,0,0,0,0,0,0,male,Indian Premier League,T20,SO Hetmyer,0,Rajasthan Royals,Lucknow Super Giants,2024-04-27,,6
48a1d7b7,1426288,13,1,9,1,1,0,0,0,0,4,0,0,0,0,0,0,0,male,Indian Premier League,T20,SO Hetmyer,caught,Rajasthan Royals,Sunrisers Hyderabad,2024-05-02,,6
48a1d7b7,1426310,26,1,15,3,1,0,0,0,0,3,0,0,0,0,0,0,0,male,Indian Premier League,T20,SO Hetmyer,0,Rajasthan Royals,Royal Challengers Bengaluru,2024-05-22,,6
48a1d7b7,1426311,4,1,10,0,0,0,0,0,0,6,0,0,0,0,0,0,0,male,Indian Premier League,T20,SO Hetmyer,bowled,Rajasthan Royals,Sunrisers Hyderabad,2024-05-24,,6
48a1d7b7,1417791,5,1,3,1,0,0,0,0,0,1,0,0,0,0,0,0,0,male,The Hundred Men's Competition,T20,SO Hetmyer,0,London Spirit,Southern Brave,2024-07-24,,5
48a1d7b7,1417794,16,1,17,1,1,0,0,0,0,10,0,0,0,0,0,0,0,male,The Hundred Men's Competition,T20,SO Hetmyer,caught,London Spirit,Birmingham Phoenix,2024-07-27,,5
48a1d7b7,1417799,30,0,21,2,2,0,0,0,0,8,0,0,0,0,0,0,0,male,The Hundred Men's Competition,T20,SO Hetmyer,0,London Spirit,Welsh Fire,2024-08-01,,5
48a1d7b7,1417804,20,1,22,2,0,1,0,0,0,11,0,0,0,0,0,0,0,male,The Hundred Men's Competition,T20,SO Hetmyer,caught,London Spirit,Oval Invincibles,2024-08-04,,5
48a1d7b7,1417809,0,1,1,0,0,1,0,0,0,1,0,0,0,0,0,0,0,male,The Hundred Men's Competition,T20,SO Hetmyer,lbw,London Spirit,Trent Rockets,2024-08-07,,5
48a1d7b7,1417812,44,1,36,3,1,2,0,0,0,10,0,0,0,0,0,0,0,male,The Hundred Men's Competition,T20,SO Hetmyer,caught,London Spirit,Manchester Originals,2024-08-09,,5
48a1d7b7,1417815,6,1,8,0,0,0,0,0,0,3,0,0,0,0,0,0,0,male,The Hundred Men's Competition,T20,SO Hetmyer,caught,London Spirit,Oval Invincibles,2024-08-11,,5
48a1d7b7,1417818,5,1,10,0,0,0,0,0,0,5,0,0,0,0,0,0,0,male,The Hundred Men's Competition,T20,SO Hetmyer,0,London Spirit,Northern Superchargers,2024-08-13,,5
48a1d7b7,1433369,31,0,19,4,1,0,0,0,0,7,0,0,0,0,0,0,0,male,South Africa tour of West Indies,T20,SO Hetmyer,0,West Indies,South Africa,2024-08-27,,6
48a1d7b7,1428679,19,1,21,2,1,1,0,0,0,13,0,0,0,0,0,0,0,male,Caribbean Premier League,T20,SO Hetmyer,0,Guyana Amazon Warriors,Antigua and Barbuda Falcons,2024-08-30,,6
48a1d7b7,1428684,91,1,40,0,11,1,0,0,0,8,0,0,0,0,0,0,0,male,Caribbean Premier League,T20,SO Hetmyer,caught,Guyana Amazon Warriors,St Kitts and Nevis Patriots,2024-09-04,,6
48a1d7b7,1428687,8,0,3,0,1,0,0,0,0,1,0,0,0,0,0,0,0,male,Caribbean Premier League,T20,SO Hetmyer,0,Guyana Amazon Warriors,St Lucia Kings,2024-09-07,,6
48a1d7b7,1428693,28,1,10,1,3,2,0,0,0,1,0,0,0,0,0,0,0,male,Caribbean Premier League,T20,SO Hetmyer,0,Guyana Amazon Warriors,Barbados Royals,2024-09-14,,6
48a1d7b7,1428696,7,1,8,0,0,0,0,0,0,2,0,0,0,0,0,0,0,male,Caribbean Premier League,T20,SO Hetmyer,0,Guyana Amazon Warriors,Trinbago Knight Riders,2024-09-18,,6
48a1d7b7,1428698,63,1,34,4,5,0,0,0,0,11,0,0,0,0,0,0,0,male,Caribbean Premier League,T20,SO Hetmyer,lbw,Guyana Amazon Warriors,St Kitts and Nevis Patriots,2024-09-20,,6
48a1d7b7,1428700,13,1,4,0,2,1,0,0,0,1,0,0,0,0,0,0,0,male,Caribbean Premier League,T20,SO Hetmyer,caught,Guyana Amazon Warriors,Antigua and Barbuda Falcons,2024-09-21,,6
48a1d7b7,1428704,57,1,38,4,3,2,0,0,0,12,0,0,0,0,0,0,0,male,Caribbean Premier League,T20,SO Hetmyer,0,Guyana Amazon Warriors,Barbados Royals,2024-09-25,,6
48a1d7b7,1428706,58,1,31,9,1,0,0,0,0,7,0,0,0,0,0,0,0,male,Caribbean Premier League,T20,SO Hetmyer,0,Guyana Amazon Warriors,St Lucia Kings,2024-09-28,,6
48a1d7b7,1428707,9,1,7,1,0,0,0,0,0,2,0,0,0,0,0,0,0,male,Caribbean Premier League,T20,SO Hetmyer,caught,Guyana Amazon Warriors,Trinbago Knight Riders,2024-09-29,,6
48a1d7b7,1428709,37,0,19,0,4,0,0,0,0,4,0,0,0,0,0,0,0,male,Caribbean Premier League,T20,SO Hetmyer,0,Guyana Amazon Warriors,St Lucia Kings,2024-10-02,,6
48a1d7b7,1428710,1,0,1,0,0,2,0,0,0,0,0,0,0,0,0,0,0,male,Caribbean Premier League,T20,SO Hetmyer,0,Guyana Amazon Warriors,Barbados Royals,2024-10-04,,6
48a1d7b7,1428711,11,1,10,0,1,0,0,0,0,6,0,0,0,0,0,0,0,male,Caribbean Premier League,T20,SO Hetmyer,0,Guyana Amazon Warriors,St Lucia Kings,2024-10-06,,6
48a1d7b7,1433370,0,0,0,0,0,1,0,0,0,0,0,0,0,0,0,0,0,male,England tour of West Indies,ODI,SO Hetmyer,0,West Indies,England,2024-10-31,,6
48a1d7b7,1433371,24,1,13,0,3,1,0,0,0,4,0,0,0,0,0,0,0,male,England tour of West Indies,ODI,SO Hetmyer,0,West Indies,England,2024-11-02,,6
48a1d7b7,1433372,0,0,0,0,0,0,0,0,0,0,0,0,0,0,0,0,0,male,England tour of West Indies,ODI,SO Hetmyer,0,West Indies,England,2024-11-06,,6
48a1d7b7,1433373,0,1,1,0,0,0,0,0,0,1,0,0,0,0,0,0,0,male,England tour of West Indies,T20,SO Hetmyer,caught,West Indies,England,2024-11-09,,6
