player_id,match_id,runs_scored,player_out,balls_faced,fours_scored,sixes_scored,catches_taken,run_out_direct,run_out_throw,stumpings_done,dot_balls_as_batsman,order_seenballs_bowled,runs_conceded,wickets_taken,bowled_done,lbw_done,maidens,dot_balls_as_bowler,gender,series_name,match_type,name,out_kind,player_team,opposition_team,start_date,end_date,balls_per_over
9d430b40,536931,0,0,0,0,0,0,0,0,0,0,0,34,2,0,2,0,43,male,West Indies in India ODI Series,ODI,SP Narine,0,West Indies,India,2011-12-05,,6
9d430b40,536932,27,0,33,3,1,0,0,0,0,20,0,46,0,0,0,0,16,male,West Indies in India ODI Series,ODI,SP Narine,0,West Indies,India,2011-12-08,,6
9d430b40,536933,8,1,15,1,0,0,0,0,0,10,0,43,2,1,0,1,32,male,West Indies in India ODI Series,ODI,SP Narine,0,West Indies,India,2011-12-11,,6
9d430b40,540168,0,1,3,0,0,1,0,0,0,3,0,24,1,0,0,0,43,male,Australia in West Indies ODI Series,ODI,SP Narine,0,West Indies,Australia,2012-03-16,,6
9d430b40,540169,0,0,0,0,0,0,0,1,0,0,0,30,3,1,0,1,35,male,Australia in West Indies ODI Series,ODI,SP Narine,0,West Indies,Australia,2012-03-18,,6
9d430b40,540170,10,1,10,2,0,0,0,0,0,7,0,36,3,1,1,1,43,male,Australia in West Indies ODI Series,ODI,SP Narine,0,West Indies,Australia,2012-03-20,,6
9d430b40,540171,0,0,0,0,0,1,0,0,0,0,0,21,1,0,0,0,48,male,Australia in West Indies ODI Series,ODI,SP Narine,0,West Indies,Australia,2012-03-23,,6
9d430b40,540172,7,1,10,1,0,0,0,0,0,7,0,55,2,1,0,0,27,male,Australia in West Indies ODI Series,ODI,SP Narine,caught,West Indies,Australia,2012-03-25,,6
9d430b40,540173,0,0,0,0,0,0,0,0,0,0,0,21,0,0,0,0,11,male,Australia in West Indies T20I Series,T20,SP Narine,0,West Indies,Australia,2012-03-27,,6
9d430b40,540174,2,1,4,0,0,0,0,0,0,2,0,33,0,0,0,0,11,male,Australia in West Indies T20I Series,T20,SP Narine,run out,West Indies,Australia,2012-03-30,,6
9d430b40,548312,0,1,1,0,0,0,0,0,0,1,0,29,0,0,0,0,8,male,Indian Premier League,T20,SP Narine,bowled,Kolkata Knight Riders,Rajasthan Royals,2012-04-08,,6
9d430b40,548320,0,0,0,0,0,0,0,0,0,0,0,22,0,0,0,0,10,male,Indian Premier League,T20,SP Narine,0,Kolkata Knight Riders,Rajasthan Royals,2012-04-13,,6
9d430b40,548323,0,0,0,0,0,0,0,0,0,0,0,20,5,2,0,0,15,male,Indian Premier League,T20,SP Narine,0,Kolkata Knight Riders,Kings XI Punjab,2012-04-15,,6
9d430b40,548328,0,0,0,0,0,0,0,0,0,0,0,24,2,1,0,0,11,male,Indian Premier League,T20,SP Narine,0,Kolkata Knight Riders,Kings XI Punjab,2012-04-18,,6
9d430b40,548335,0,0,0,0,0,0,0,0,0,0,0,27,2,0,0,0,11,male,Indian Premier League,T20,SP Narine,0,Kolkata Knight Riders,Deccan Chargers,2012-04-22,,6
9d430b40,548344,0,0,0,0,0,0,0,0,0,0,0,11,1,1,0,0,13,male,Indian Premier League,T20,SP Narine,0,Kolkata Knight Riders,Royal Challengers Bangalore,2012-04-28,,6
9d430b40,548347,0,0,0,0,0,0,0,0,0,0,0,25,1,0,0,0,9,male,Indian Premier League,T20,SP Narine,0,Kolkata Knight Riders,Chennai Super Kings,2012-04-30,,6
9d430b40,548353,0,0,0,0,0,0,0,0,0,0,0,17,1,0,1,1,15,male,Indian Premier League,T20,SP Narine,0,Kolkata Knight Riders,Pune Warriors,2012-05-05,,6
9d430b40,548357,0,0,0,0,0,0,0,1,0,0,0,23,1,0,0,0,15,male,Indian Premier League,T20,SP Narine,0,Kolkata Knight Riders,Delhi Daredevils,2012-05-07,,6
9d430b40,548363,0,0,0,0,0,0,0,0,0,0,0,29,0,0,0,0,11,male,Indian Premier League,T20,SP Narine,0,Kolkata Knight Riders,Mumbai Indians,2012-05-12,,6
9d430b40,548368,0,0,0,0,0,0,0,0,0,0,0,14,2,1,0,0,13,male,Indian Premier League,T20,SP Narine,0,Kolkata Knight Riders,Chennai Super Kings,2012-05-14,,6
9d430b40,548370,9,0,7,2,0,0,0,0,0,4,0,15,4,1,0,1,12,male,Indian Premier League,T20,SP Narine,0,Kolkata Knight Riders,Mumbai Indians,2012-05-16,,6
9d430b40,548375,0,0,0,0,0,0,0,0,0,0,0,15,1,0,0,0,12,male,Indian Premier League,T20,SP Narine,0,Kolkata Knight Riders,Pune Warriors,2012-05-19,,6
9d430b40,548378,0,0,0,0,0,0,0,0,0,0,0,24,1,0,0,0,11,male,Indian Premier League,T20,SP Narine,0,Kolkata Knight Riders,Delhi Daredevils,2012-05-22,,6
9d430b40,548381,0,0,0,0,0,0,0,0,0,0,0,37,0,0,0,0,5,male,Indian Premier League,T20,SP Narine,0,Kolkata Knight Riders,Chennai Super Kings,2012-05-27,,6
9d430b40,534207,11,1,17,1,0,0,0,0,0,11,0,70,0,0,0,1,59,male,The Wisden Trophy,Test,SP Narine,bowled,West Indies,England,2012-06-07,2012-06-08,6
9d430b40,534209,0,1,4,0,0,0,0,0,0,4,0,47,1,0,0,0,32,male,NatWest Series,ODI,SP Narine,0,West Indies,England,2012-06-16,,6
9d430b40,534210,2,0,4,0,0,0,0,0,0,2,0,54,0,0,0,1,30,male,NatWest Series,ODI,SP Narine,0,West Indies,England,2012-06-19,,6
9d430b40,534208,0,0,0,0,0,0,0,0,0,0,0,28,0,0,0,0,6,male,,T20,SP Narine,0,West Indies,England,2012-06-24,,6
9d430b40,560921,0,0,0,0,0,0,0,0,0,0,0,36,1,0,1,0,13,male,New Zealand v West Indies T20I Series,T20,SP Narine,0,West Indies,New Zealand,2012-06-30,,6
9d430b40,560922,0,0,0,0,0,0,0,0,0,0,0,12,3,1,0,0,15,male,New Zealand v West Indies T20I Series,T20,SP Narine,0,West Indies,New Zealand,2012-07-01,,6
9d430b40,560923,0,0,0,0,0,0,0,0,0,0,0,26,2,1,1,2,47,male,New Zealand in West Indies ODI Series,ODI,SP Narine,0,West Indies,New Zealand,2012-07-05,,6
9d430b40,560924,0,0,0,0,0,0,0,0,0,0,0,45,2,1,0,0,36,male,New Zealand in West Indies ODI Series,ODI,SP Narine,0,West Indies,New Zealand,2012-07-07,,6
9d430b40,560925,10,0,12,2,0,1,0,0,0,8,0,28,1,1,0,0,41,male,New Zealand in West Indies ODI Series,ODI,SP Narine,0,West Indies,New Zealand,2012-07-11,,6
9d430b40,560926,6,0,7,0,0,0,0,0,0,1,0,22,2,0,1,1,42,male,New Zealand in West Indies ODI Series,ODI,SP Narine,0,West Indies,New Zealand,2012-07-14,,6
9d430b40,560927,6,1,9,0,0,0,0,0,0,3,0,27,5,2,1,1,42,male,New Zealand in West Indies ODI Series,ODI,SP Narine,0,West Indies,New Zealand,2012-07-16,,6
9d430b40,560929,4,1,8,1,0,0,0,0,0,7,0,236,8,1,2,21,403,male,New Zealand in West Indies Test Series,Test,SP Narine,0,West Indies,New Zealand,2012-07-25,2012-07-26,6
9d430b40,560930,1,1,15,0,0,1,0,0,0,14,0,87,4,1,0,6,188,male,New Zealand in West Indies Test Series,Test,SP Narine,caught,West Indies,New Zealand,2012-08-02,2012-08-03,6
9d430b40,533279,4,0,1,1,0,0,0,0,0,0,0,16,0,0,0,0,4,male,ICC World Twenty20,T20,SP Narine,0,West Indies,Australia,2012-09-22,,6
9d430b40,533282,0,0,0,0,0,0,0,0,0,0,0,21,1,1,0,0,13,male,ICC World Twenty20,T20,SP Narine,0,West Indies,Ireland,2012-09-24,,6
9d430b40,533285,0,0,0,0,0,0,0,0,0,0,0,33,0,0,0,0,7,male,ICC World Twenty20,T20,SP Narine,0,West Indies,England,2012-09-27,,6
9d430b40,533289,0,0,0,0,0,0,0,0,0,0,0,23,0,0,0,0,12,male,ICC World Twenty20,T20,SP Narine,0,West Indies,Sri Lanka,2012-09-29,,6
9d430b40,533292,3,1,4,0,0,0,0,0,0,1,0,21,3,0,1,0,12,male,ICC World Twenty20,T20,SP Narine,0,West Indies,New Zealand,2012-10-01,,6
9d430b40,533297,0,0,0,0,0,0,0,0,0,0,0,19,1,0,0,0,10,male,ICC World Twenty20,T20,SP Narine,0,West Indies,Australia,2012-10-05,,6
9d430b40,533298,0,0,0,0,0,0,0,1,0,0,0,10,3,0,0,1,14,male,ICC World Twenty20,T20,SP Narine,0,West Indies,Sri Lanka,2012-10-07,,6
9d430b40,587469,22,0,29,2,1,1,0,0,0,19,0,205,3,2,0,6,206,male,West Indies in Bangladesh Test Series,Test,SP Narine,0,West Indies,Bangladesh,2012-11-13,2012-11-14,6
9d430b40,587470,0,1,1,0,0,0,0,0,0,1,0,139,0,0,0,0,97,male,West Indies in Bangladesh Test Series,Test,SP Narine,0,West Indies,Bangladesh,2012-11-21,2012-11-22,6
9d430b40,587471,36,1,45,3,0,0,0,0,0,23,0,39,1,0,0,1,32,male,West Indies in Bangladesh ODI Series,ODI,SP Narine,0,West Indies,Bangladesh,2012-11-30,,6
9d430b40,587472,10,1,17,1,0,2,0,0,0,12,0,50,0,0,0,1,42,male,West Indies in Bangladesh ODI Series,ODI,SP Narine,caught,West Indies,Bangladesh,2012-12-02,,6
9d430b40,587473,0,0,0,0,0,0,0,0,0,0,0,41,3,0,1,0,45,male,West Indies in Bangladesh ODI Series,ODI,SP Narine,0,West Indies,Bangladesh,2012-12-05,,6
9d430b40,587474,13,1,8,2,0,0,0,0,0,2,0,32,0,0,0,1,35,male,West Indies in Bangladesh ODI Series,ODI,SP Narine,caught,West Indies,Bangladesh,2012-12-07,,6
9d430b40,587475,7,0,8,0,0,0,0,0,0,2,0,38,3,2,1,1,44,male,West Indies in Bangladesh ODI Series,ODI,SP Narine,0,West Indies,Bangladesh,2012-12-08,,6
9d430b40,587476,0,0,0,0,0,0,0,0,0,0,0,27,0,0,0,0,6,male,,T20,SP Narine,0,West Indies,Bangladesh,2012-12-10,,6
9d430b40,571240,5,1,4,1,0,0,0,0,0,2,0,20,0,0,0,0,18,male,Big Bash League,T20,SP Narine,0,Sydney Sixers,Perth Scorchers,2012-12-16,,6
9d430b40,571247,0,0,0,0,0,0,0,0,0,0,0,27,0,0,0,0,12,male,Big Bash League,T20,SP Narine,0,Sydney Sixers,Adelaide Strikers,2012-12-23,,6
9d430b40,571248,6,0,6,0,1,0,0,0,0,5,0,40,0,0,0,0,10,male,Big Bash League,T20,SP Narine,0,Sydney Sixers,Hobart Hurricanes,2012-12-26,,6
9d430b40,571252,0,0,0,0,0,0,0,0,0,0,0,27,1,0,0,0,12,male,Big Bash League,T20,SP Narine,0,Sydney Sixers,Sydney Thunder,2012-12-30,,6
9d430b40,573022,0,1,11,0,0,0,0,0,0,11,0,24,0,0,0,0,11,male,West Indies in Australia ODI Series,ODI,SP Narine,caught,West Indies,Australia,2013-02-01,,6
9d430b40,573023,24,1,6,0,4,0,0,0,0,2,0,38,1,0,0,0,37,male,West Indies in Australia ODI Series,ODI,SP Narine,0,West Indies,Australia,2013-02-03,,6
9d430b40,573024,1,1,3,0,0,0,0,0,0,2,0,55,2,0,0,0,28,male,West Indies in Australia ODI Series,ODI,SP Narine,bowled,West Indies,Australia,2013-02-06,,6
9d430b40,573025,23,1,25,3,0,0,0,0,0,13,0,34,2,0,1,1,40,male,West Indies in Australia ODI Series,ODI,SP Narine,0,West Indies,Australia,2013-02-08,,6
9d430b40,573026,0,1,3,0,0,1,0,0,0,3,0,28,0,0,0,1,39,male,West Indies in Australia ODI Series,ODI,SP Narine,0,West Indies,Australia,2013-02-10,,6
9d430b40,573027,0,0,0,0,0,0,0,0,0,0,0,19,1,0,0,0,9,male,,T20,SP Narine,0,West Indies,Australia,2013-02-13,,6
9d430b40,593983,0,0,0,0,0,0,0,0,0,0,0,28,3,0,0,4,46,male,Zimbabwe in West Indies ODI Series,ODI,SP Narine,0,West Indies,Zimbabwe,2013-02-22,,6
9d430b40,593985,0,0,0,0,0,0,0,0,0,0,0,41,1,0,1,1,42,male,Zimbabwe in West Indies ODI Series,ODI,SP Narine,0,West Indies,Zimbabwe,2013-02-26,,6
9d430b40,593986,0,0,0,0,0,0,0,0,0,0,0,18,1,1,0,0,14,male,Zimbabwe in West Indies T20I Series,T20,SP Narine,0,West Indies,Zimbabwe,2013-03-02,,6
9d430b40,593987,1,0,1,0,0,0,0,0,0,0,0,23,0,0,0,0,11,male,Zimbabwe in West Indies T20I Series,T20,SP Narine,0,West Indies,Zimbabwe,2013-03-03,,6
9d430b40,597998,0,0,0,0,0,1,0,1,0,0,0,13,4,0,0,0,14,male,Indian Premier League,T20,SP Narine,0,Kolkata Knight Riders,Delhi Daredevils,2013-04-03,,6
9d430b40,598005,2,0,2,0,0,0,0,0,0,0,0,29,1,0,0,0,12,male,Indian Premier League,T20,SP Narine,0,Kolkata Knight Riders,Rajasthan Royals,2013-04-08,,6
9d430b40,598008,1,0,1,0,0,0,0,0,0,0,0,17,0,0,0,0,13,male,Indian Premier League,T20,SP Narine,0,Kolkata Knight Riders,Royal Challengers Bangalore,2013-04-11,,6
9d430b40,598013,0,0,0,0,0,0,0,0,0,0,0,31,1,0,0,0,6,male,Indian Premier League,T20,SP Narine,0,Kolkata Knight Riders,Sunrisers Hyderabad,2013-04-14,,6
9d430b40,598016,1,0,3,0,0,0,0,0,0,2,0,33,3,1,0,0,13,male,Indian Premier League,T20,SP Narine,0,Kolkata Knight Riders,Kings XI Punjab,2013-04-16,,6
9d430b40,598022,13,1,6,0,2,1,0,0,0,3,0,21,1,0,0,0,9,male,Indian Premier League,T20,SP Narine,caught,Kolkata Knight Riders,Chennai Super Kings,2013-04-20,,6
9d430b40,598029,0,0,0,0,0,0,0,0,0,0,0,17,3,1,0,0,11,male,Indian Premier League,T20,SP Narine,0,Kolkata Knight Riders,Mumbai Indians,2013-04-24,,6
9d430b40,598031,0,0,0,0,0,0,0,0,0,0,0,23,0,0,0,0,10,male,Indian Premier League,T20,SP Narine,0,Kolkata Knight Riders,Kings XI Punjab,2013-04-26,,6
9d430b40,598034,0,0,0,0,0,0,0,0,0,0,0,35,1,0,0,0,8,male,Indian Premier League,T20,SP Narine,0,Kolkata Knight Riders,Chennai Super Kings,2013-04-28,,6
9d430b40,598040,0,0,0,0,0,0,0,0,0,0,0,14,0,0,0,0,14,male,Indian Premier League,T20,SP Narine,0,Kolkata Knight Riders,Delhi Daredevils,2013-05-01,,6
9d430b40,598043,0,0,0,0,0,0,0,0,0,0,0,20,1,0,1,0,10,male,Indian Premier League,T20,SP Narine,0,Kolkata Knight Riders,Rajasthan Royals,2013-05-03,,6
9d430b40,598050,3,1,6,0,0,1,0,0,0,3,0,29,0,0,0,0,11,male,Indian Premier League,T20,SP Narine,caught,Kolkata Knight Riders,Mumbai Indians,2013-05-07,,6
9d430b40,598053,0,0,0,0,0,0,0,0,0,0,0,12,2,0,0,0,15,male,Indian Premier League,T20,SP Narine,0,Kolkata Knight Riders,Pune Warriors,2013-05-09,,6
9d430b40,598057,0,0,0,0,0,0,0,0,0,0,0,22,3,0,2,0,11,male,Indian Premier League,T20,SP Narine,0,Kolkata Knight Riders,Royal Challengers Bangalore,2013-05-12,,6
9d430b40,598061,0,0,0,0,0,0,0,0,0,0,0,26,0,0,0,0,11,male,Indian Premier League,T20,SP Narine,0,Kolkata Knight Riders,Pune Warriors,2013-05-15,,6
9d430b40,598069,1,1,2,0,0,0,0,0,0,1,0,11,0,0,0,1,18,male,Indian Premier League,T20,SP Narine,caught,Kolkata Knight Riders,Sunrisers Hyderabad,2013-05-19,,6
9d430b40,578615,11,1,8,2,0,0,0,0,0,4,0,34,3,0,0,1,42,male,ICC Champions Trophy,ODI,SP Narine,caught,West Indies,Pakistan,2013-06-07,,6
9d430b40,578619,2,1,9,0,0,0,0,0,0,7,0,49,2,1,0,0,35,male,ICC Champions Trophy,ODI,SP Narine,caught,West Indies,India,2013-06-11,,6
9d430b40,578622,0,0,0,0,0,0,0,0,0,0,0,48,0,0,0,0,17,male,ICC Champions Trophy,ODI,SP Narine,0,West Indies,South Africa,2013-06-14,,6
9d430b40,597923,0,0,0,0,0,0,0,0,0,0,0,44,4,0,1,0,40,male,West Indies Tri-Nation Series,ODI,SP Narine,0,West Indies,Sri Lanka,2013-06-28,,6
9d430b40,597924,5,1,12,0,0,0,0,0,0,9,0,61,0,0,0,0,28,male,West Indies Tri-Nation Series,ODI,SP Narine,0,West Indies,India,2013-06-30,,6
9d430b40,597926,21,1,34,0,2,0,0,0,0,25,0,39,0,0,0,0,17,male,West Indies Tri-Nation Series,ODI,SP Narine,0,West Indies,India,2013-07-05,,6
9d430b40,645635,14,1,35,2,0,0,0,0,0,29,0,33,0,0,0,0,11,male,Pakistan in West Indies ODI Series,ODI,SP Narine,0,West Indies,Pakistan,2013-07-14,,6
9d430b40,645637,1,0,1,0,0,0,0,0,0,0,0,28,3,1,0,1,42,male,Pakistan in West Indies ODI Series,ODI,SP Narine,0,West Indies,Pakistan,2013-07-16,,6
9d430b40,645639,14,1,5,2,1,1,0,0,0,2,0,55,0,0,0,0,28,male,Pakistan in West Indies ODI Series,ODI,SP Narine,0,West Indies,Pakistan,2013-07-19,,6
9d430b40,645641,0,0,0,0,0,0,0,1,0,0,0,29,0,0,0,0,21,male,Pakistan in West Indies ODI Series,ODI,SP Narine,0,West Indies,Pakistan,2013-07-21,,6
9d430b40,645643,0,0,0,0,0,0,0,0,0,0,0,43,0,0,0,0,36,male,Pakistan in West Indies ODI Series,ODI,SP Narine,0,West Indies,Pakistan,2013-07-24,,6
9d430b40,645645,0,0,0,0,0,0,0,0,0,0,0,24,1,0,0,0,12,male,Pakistan in West Indies T20I Series,T20,SP Narine,0,West Indies,Pakistan,2013-07-27,,6
9d430b40,645647,28,1,16,3,1,0,0,0,0,5,0,26,2,0,0,0,11,male,Pakistan in West Indies T20I Series,T20,SP Narine,0,West Indies,Pakistan,2013-07-28,,6
9d430b40,635216,0,0,0,0,0,0,0,0,0,0,0,29,2,1,0,1,12,male,Caribbean Premier League,T20,SP Narine,0,Guyana Amazon Warriors,Trinidad & Tobago Red Steel,2013-07-31,,6
9d430b40,635218,0,0,0,0,0,0,0,0,0,0,0,14,0,0,0,0,17,male,Caribbean Premier League,T20,SP Narine,0,Guyana Amazon Warriors,Jamaica Tallawahs,2013-08-02,,6
9d430b40,635221,0,0,0,0,0,0,0,0,0,0,0,18,1,0,1,0,12,male,Caribbean Premier League,T20,SP Narine,0,Guyana Amazon Warriors,St Lucia Zouks,2013-08-04,,6
9d430b40,635225,0,0,0,0,0,0,0,0,0,0,0,35,0,0,0,0,11,male,Caribbean Premier League,T20,SP Narine,0,Guyana Amazon Warriors,Trinidad & Tobago Red Steel,2013-08-09,,6
9d430b40,635227,7,1,7,1,0,0,0,0,0,3,0,46,1,0,0,0,6,male,Caribbean Premier League,T20,SP Narine,run out,Guyana Amazon Warriors,Barbados Tridents,2013-08-11,,6
9d430b40,635230,0,0,0,0,0,1,0,0,0,0,0,10,1,0,0,0,14,male,Caribbean Premier League,T20,SP Narine,0,Guyana Amazon Warriors,Jamaica Tallawahs,2013-08-15,,6
9d430b40,635233,7,0,2,0,1,0,0,0,0,0,0,13,0,0,0,0,14,male,Caribbean Premier League,T20,SP Narine,0,Guyana Amazon Warriors,Antigua Hawksbills,2013-08-17,,6
9d430b40,635236,0,0,0,0,0,0,0,0,0,0,0,29,1,0,0,0,8,male,Caribbean Premier League,T20,SP Narine,0,Guyana Amazon Warriors,Trinidad & Tobago Red Steel,2013-08-22,,6
9d430b40,635238,9,0,7,0,1,0,0,0,0,3,0,10,0,0,0,0,15,male,Caribbean Premier League,T20,SP Narine,0,Guyana Amazon Warriors,Jamaica Tallawahs,2013-08-24,,6
9d430b40,676529,0,1,6,0,0,1,0,0,0,6,0,57,1,0,0,1,41,male,West Indies in India ODI Series,ODI,SP Narine,caught and bowled,West Indies,India,2013-11-21,,6
9d430b40,676531,0,1,3,0,0,0,0,0,0,3,0,39,0,0,0,2,40,male,West Indies in India ODI Series,ODI,SP Narine,0,West Indies,India,2013-11-24,,6
9d430b40,676533,0,0,0,0,0,0,0,0,0,0,0,32,1,0,0,1,42,male,West Indies in India ODI Series,ODI,SP Narine,0,West Indies,India,2013-11-27,,6
9d430b40,661683,2,1,22,0,0,0,0,0,0,21,0,135,6,1,2,22,294,male,West Indies in New Zealand Test Series,Test,SP Narine,0,West Indies,New Zealand,2013-12-19,2013-12-20,6
9d430b40,661685,0,0,0,0,0,0,0,0,0,0,0,30,1,0,0,2,45,male,West Indies in New Zealand ODI Series,ODI,SP Narine,0,West Indies,New Zealand,2013-12-26,,6
9d430b40,661689,0,0,0,0,0,0,0,0,0,0,0,50,1,0,0,0,10,male,West Indies in New Zealand ODI Series,ODI,SP Narine,0,West Indies,New Zealand,2014-01-01,,6
9d430b40,661691,0,0,0,0,0,0,0,1,0,0,0,49,1,0,0,0,26,male,West Indies in New Zealand ODI Series,ODI,SP Narine,0,West Indies,New Zealand,2014-01-04,,6
9d430b40,661693,0,0,0,0,0,0,0,0,0,0,0,37,0,0,0,0,17,male,West Indies in New Zealand ODI Series,ODI,SP Narine,0,West Indies,New Zealand,2014-01-08,,6
9d430b40,661695,0,1,2,0,0,0,0,0,0,2,0,50,0,0,0,0,8,male,West Indies in New Zealand T20I Series,T20,SP Narine,caught,West Indies,New Zealand,2014-01-11,,6
9d430b40,661697,0,0,0,0,0,0,0,0,0,0,0,18,2,0,1,0,11,male,West Indies in New Zealand T20I Series,T20,SP Narine,0,West Indies,New Zealand,2014-01-15,,6
9d430b40,652273,0,0,0,0,0,1,0,0,0,0,0,18,2,1,0,0,11,male,Ram Slam T20 Challenge,T20,SP Narine,0,Cape Cobras,Knights,2014-01-17,,6
9d430b40,652281,2,0,1,0,0,1,0,0,0,0,0,25,2,1,0,1,14,male,Ram Slam T20 Challenge,T20,SP Narine,0,Cape Cobras,Dolphins,2014-01-19,,6
9d430b40,652285,0,1,1,0,0,0,0,0,0,1,0,23,0,0,0,0,13,male,Ram Slam T20 Challenge,T20,SP Narine,0,Cape Cobras,Titans,2014-01-22,,6
9d430b40,652291,8,1,6,1,0,0,0,0,0,2,0,28,3,2,0,0,12,male,Ram Slam T20 Challenge,T20,SP Narine,0,Cape Cobras,Dolphins,2014-01-24,,6
9d430b40,652309,0,0,0,0,0,0,1,0,0,0,0,24,0,0,0,0,11,male,Ram Slam T20 Challenge,T20,SP Narine,0,Cape Cobras,Lions,2014-01-31,,6
9d430b40,652311,0,0,0,0,0,0,0,0,0,0,0,22,2,1,1,0,13,male,Ram Slam T20 Challenge,T20,SP Narine,0,Cape Cobras,Warriors,2014-02-02,,6
9d430b40,702141,6,0,7,0,0,0,0,0,0,2,0,16,1,1,0,0,15,male,Ireland in West Indies T20I Series,T20,SP Narine,0,West Indies,Ireland,2014-02-19,,6
9d430b40,702143,12,0,14,1,0,0,0,0,0,6,0,12,1,0,0,0,12,male,Ireland in West Indies T20I Series,T20,SP Narine,0,West Indies,Ireland,2014-02-21,,6
9d430b40,636533,0,0,0,0,0,1,0,0,0,0,0,37,2,1,0,1,40,male,England in West Indies ODI Series,ODI,SP Narine,0,West Indies,England,2014-02-28,,6
9d430b40,636534,4,1,5,1,0,0,0,0,0,4,0,25,1,1,0,0,47,male,England in West Indies ODI Series,ODI,SP Narine,0,West Indies,England,2014-03-02,,6
9d430b40,636535,10,0,6,0,1,1,0,0,0,2,0,52,1,1,0,1,30,male,England in West Indies ODI Series,ODI,SP Narine,0,West Indies,England,2014-03-05,,6
9d430b40,636536,0,0,0,0,0,0,0,0,0,0,0,8,1,0,0,0,8,male,England in West Indies T20I Series,T20,SP Narine,0,West Indies,England,2014-03-09,,6
9d430b40,636538,0,0,0,0,0,0,0,0,0,0,0,34,1,0,0,0,13,male,England in West Indies T20I Series,T20,SP Narine,0,West Indies,England,2014-03-13,,6
9d430b40,682929,7,0,3,0,1,0,0,0,0,1,0,20,0,0,0,0,13,male,World T20,T20,SP Narine,0,West Indies,India,2014-03-23,,6
9d430b40,682935,0,0,0,0,0,0,0,0,0,0,0,18,1,0,0,0,11,male,World T20,T20,SP Narine,0,West Indies,Bangladesh,2014-03-25,,6
9d430b40,682941,0,0,0,0,0,0,0,0,0,0,0,19,1,1,0,1,11,male,World T20,T20,SP Narine,0,West Indies,Australia,2014-03-28,,6
9d430b40,682959,0,0,0,0,0,0,0,0,0,0,0,16,1,0,0,0,14,male,World T20,T20,SP Narine,0,West Indies,Pakistan,2014-04-01,,6
9d430b40,682961,0,0,0,0,0,0,0,0,0,0,0,20,0,0,0,0,9,male,World T20,T20,SP Narine,0,West Indies,Sri Lanka,2014-04-03,,6
9d430b40,729279,0,0,0,0,0,0,0,0,0,0,0,24,3,3,0,0,14,male,Indian Premier League,T20,SP Narine,0,Kolkata Knight Riders,Mumbai Indians,2014-04-16,,6
9d430b40,729289,0,0,0,0,0,1,0,0,0,0,0,22,1,0,1,0,11,male,Indian Premier League,T20,SP Narine,0,Kolkata Knight Riders,Delhi Daredevils,2014-04-19,,6
9d430b40,729299,0,0,0,0,0,0,0,0,0,0,0,17,1,1,0,0,14,male,Indian Premier League,T20,SP Narine,0,Kolkata Knight Riders,Royal Challengers Bangalore,2014-04-24,,6
9d430b40,729307,6,1,8,0,0,0,0,0,0,3,0,24,2,1,1,0,11,male,Indian Premier League,T20,SP Narine,0,Kolkata Knight Riders,Kings XI Punjab,2014-04-26,,6
9d430b40,729315,1,0,2,0,0,0,0,0,0,1,0,39,0,0,0,0,9,male,Indian Premier League,T20,SP Narine,0,Kolkata Knight Riders,Rajasthan Royals,2014-04-29,,6
9d430b40,733971,1,0,1,0,0,0,0,0,0,0,0,27,0,0,0,0,9,male,Indian Premier League,T20,SP Narine,0,Kolkata Knight Riders,Chennai Super Kings,2014-05-02,,6
9d430b40,733979,0,0,0,0,0,0,1,0,0,0,0,29,2,0,0,0,10,male,Indian Premier League,T20,SP Narine,0,Kolkata Knight Riders,Rajasthan Royals,2014-05-05,,6
9d430b40,733985,0,0,0,0,0,1,0,0,0,0,0,38,1,1,0,0,6,male,Indian Premier League,T20,SP Narine,0,Kolkata Knight Riders,Delhi Daredevils,2014-05-07,,6
9d430b40,733997,0,0,0,0,0,0,0,0,0,0,0,30,0,0,0,0,8,male,Indian Premier League,T20,SP Narine,0,Kolkata Knight Riders,Kings XI Punjab,2014-05-11,,6
9d430b40,734009,0,0,0,0,0,0,0,0,0,0,0,18,1,1,0,0,10,male,Indian Premier League,T20,SP Narine,0,Kolkata Knight Riders,Mumbai Indians,2014-05-14,,6
9d430b40,734015,0,0,0,0,0,0,0,0,0,0,0,21,1,0,0,0,13,male,Indian Premier League,T20,SP Narine,0,Kolkata Knight Riders,Sunrisers Hyderabad,2014-05-18,,6
9d430b40,734023,0,0,0,0,0,0,0,0,0,0,0,24,1,0,0,0,11,male,Indian Premier League,T20,SP Narine,0,Kolkata Knight Riders,Chennai Super Kings,2014-05-20,,6
9d430b40,734027,0,0,0,0,0,0,0,0,0,0,0,21,4,2,0,0,10,male,Indian Premier League,T20,SP Narine,0,Kolkata Knight Riders,Royal Challengers Bangalore,2014-05-22,,6
9d430b40,734037,0,0,0,0,0,0,0,0,0,0,0,21,0,0,0,0,12,male,Indian Premier League,T20,SP Narine,0,Kolkata Knight Riders,Sunrisers Hyderabad,2014-05-24,,6
9d430b40,734043,0,0,0,0,0,0,0,0,0,0,0,30,0,0,0,0,9,male,Indian Premier League,T20,SP Narine,0,Kolkata Knight Riders,Kings XI Punjab,2014-05-27,2014-05-28,6
9d430b40,734049,2,0,4,0,0,0,0,0,0,2,0,47,1,1,0,0,11,male,Indian Premier League,T20,SP Narine,0,Kolkata Knight Riders,Kings XI Punjab,2014-06-01,,6
9d430b40,730283,0,0,0,0,0,1,0,0,0,0,0,19,0,0,0,0,6,male,New Zealand in West Indies T20I Series,T20,SP Narine,0,West Indies,New Zealand,2014-07-05,,6
9d430b40,730285,0,0,0,0,0,0,0,0,0,0,0,19,2,1,0,0,14,male,New Zealand in West Indies T20I Series,T20,SP Narine,0,West Indies,New Zealand,2014-07-06,,6
9d430b40,743137,11,0,10,1,0,0,0,0,0,3,0,3,0,0,0,1,21,male,Caribbean Premier League,T20,SP Narine,0,Guyana Amazon Warriors,Antigua Hawksbills,2014-07-11,,6
9d430b40,743149,0,0,0,0,0,0,0,0,0,0,0,21,2,0,1,0,16,male,Caribbean Premier League,T20,SP Narine,0,Guyana Amazon Warriors,St Lucia Zouks,2014-07-19,,6
9d430b40,743153,0,0,0,0,0,0,0,0,0,0,0,17,1,0,0,0,14,male,Caribbean Premier League,T20,SP Narine,0,Guyana Amazon Warriors,Jamaica Tallawahs,2014-07-20,,6
9d430b40,743179,0,0,0,0,0,0,0,0,0,0,0,18,0,0,0,0,15,male,Caribbean Premier League,T20,SP Narine,0,Guyana Amazon Warriors,Antigua Hawksbills,2014-08-07,,6
9d430b40,743187,0,0,0,0,0,0,0,0,0,0,0,31,1,0,0,0,10,male,Caribbean Premier League,T20,SP Narine,0,Guyana Amazon Warriors,St Lucia Zouks,2014-08-10,,6
9d430b40,743193,0,0,0,0,0,0,0,0,0,0,0,17,1,0,0,0,12,male,Caribbean Premier League,T20,SP Narine,0,Guyana Amazon Warriors,Jamaica Tallawahs,2014-08-14,,6
9d430b40,743195,0,0,0,0,0,0,0,0,0,0,0,22,2,0,0,0,11,male,Caribbean Premier League,T20,SP Narine,0,Guyana Amazon Warriors,Barbados Tridents,2014-08-16,,6
9d430b40,730287,3,0,5,0,0,1,0,0,0,3,0,30,0,0,0,1,41,male,Bangladesh in West Indies ODI Series,ODI,SP Narine,0,West Indies,Bangladesh,2014-08-20,,6
9d430b40,730289,7,0,4,0,1,0,0,0,0,2,0,13,3,1,0,0,38,male,Bangladesh in West Indies ODI Series,ODI,SP Narine,0,West Indies,Bangladesh,2014-08-22,,6
9d430b40,730291,0,0,0,0,0,0,0,0,0,0,0,31,1,1,0,0,40,male,Bangladesh in West Indies ODI Series,ODI,SP Narine,0,West Indies,Bangladesh,2014-08-25,,6
9d430b40,730293,0,0,0,0,0,0,0,0,0,0,0,0,0,0,0,0,0,male,,T20,SP Narine,0,West Indies,Bangladesh,2014-08-27,,6
9d430b40,829705,0,0,0,0,0,0,0,0,0,0,0,28,0,0,0,0,10,male,Indian Premier League,T20,SP Narine,0,Kolkata Knight Riders,Mumbai Indians,2015-04-08,,6
9d430b40,829713,0,0,0,0,0,0,0,0,0,0,0,30,0,0,0,0,10,male,Indian Premier League,T20,SP Narine,0,Kolkata Knight Riders,Royal Challengers Bangalore,2015-04-11,,6
9d430b40,829733,0,0,0,0,0,0,0,0,0,0,0,21,1,0,0,0,12,male,Indian Premier League,T20,SP Narine,0,Kolkata Knight Riders,Kings XI Punjab,2015-04-18,,6
9d430b40,829739,0,0,0,0,0,0,0,0,0,0,0,39,1,1,0,0,11,male,Indian Premier League,T20,SP Narine,0,Kolkata Knight Riders,Delhi Daredevils,2015-04-20,,6
9d430b40,829743,0,0,0,0,0,0,0,0,0,0,0,39,0,0,0,0,9,male,Indian Premier League,T20,SP Narine,0,Kolkata Knight Riders,Sunrisers Hyderabad,2015-04-22,,6
9d430b40,829761,0,0,0,0,0,0,0,0,0,0,0,31,0,0,0,0,10,male,Indian Premier League,T20,SP Narine,0,Kolkata Knight Riders,Delhi Daredevils,2015-05-07,,6
9d430b40,829791,0,0,1,0,0,0,0,0,0,1,0,19,4,2,0,0,13,male,Indian Premier League,T20,SP Narine,0,Kolkata Knight Riders,Kings XI Punjab,2015-05-09,,6
9d430b40,829805,0,0,0,0,0,0,0,0,0,0,0,39,1,1,0,0,9,male,Indian Premier League,T20,SP Narine,0,Kolkata Knight Riders,Mumbai Indians,2015-05-14,,6
9d430b40,857703,7,1,4,0,1,0,0,0,0,2,0,22,1,0,0,0,7,male,Caribbean Premier League,T20,SP Narine,0,Guyana Amazon Warriors,Barbados Tridents,2015-06-20,,6
9d430b40,857713,2,0,4,0,0,0,0,0,0,3,0,32,1,0,0,0,4,male,Caribbean Premier League,T20,SP Narine,0,Guyana Amazon Warriors,St Lucia Zouks,2015-06-26,,6
9d430b40,857723,0,0,0,0,0,0,0,0,0,0,0,27,2,1,1,1,11,male,Caribbean Premier League,T20,SP Narine,0,Guyana Amazon Warriors,St Kitts and Nevis Patriots,2015-07-03,,6
9d430b40,857729,14,1,17,1,1,0,0,0,0,11,0,18,1,0,0,0,13,male,Caribbean Premier League,T20,SP Narine,0,Guyana Amazon Warriors,Trinidad & Tobago Red Steel,2015-07-04,,6
9d430b40,857735,0,0,0,0,0,0,0,0,0,0,0,29,0,0,0,0,16,male,Caribbean Premier League,T20,SP Narine,0,Guyana Amazon Warriors,St Kitts and Nevis Patriots,2015-07-08,,6
9d430b40,857745,0,0,0,0,0,0,0,0,0,0,0,9,2,0,0,0,15,male,Caribbean Premier League,T20,SP Narine,0,Guyana Amazon Warriors,Jamaica Tallawahs,2015-07-12,,6
9d430b40,857753,1,0,2,0,0,0,0,0,0,1,0,6,3,0,2,1,18,male,Caribbean Premier League,T20,SP Narine,0,Guyana Amazon Warriors,St Lucia Zouks,2015-07-17,,6
9d430b40,857757,1,0,2,0,0,1,0,0,0,1,0,14,0,0,0,1,16,male,Caribbean Premier League,T20,SP Narine,0,Guyana Amazon Warriors,Barbados Tridents,2015-07-18,,6
9d430b40,857761,0,0,0,0,0,0,0,0,0,0,0,17,1,0,1,0,15,male,Caribbean Premier League,T20,SP Narine,0,Guyana Amazon Warriors,Trinidad & Tobago Red Steel,2015-07-21,,6
9d430b40,857765,0,1,2,0,0,0,0,0,0,2,0,23,1,1,0,0,15,male,Caribbean Premier League,T20,SP Narine,bowled,Guyana Amazon Warriors,Trinidad & Tobago Red Steel,2015-07-25,,6
9d430b40,915777,0,0,0,0,0,0,0,0,0,0,0,21,3,2,0,0,22,male,West Indies in Sri Lanka ODI Series,ODI,SP Narine,0,West Indies,Sri Lanka,2015-11-01,,6
9d430b40,915779,0,1,1,0,0,0,0,0,0,1,0,27,1,1,0,0,28,male,West Indies in Sri Lanka ODI Series,ODI,SP Narine,run out,West Indies,Sri Lanka,2015-11-04,,6
9d430b40,915781,9,1,14,1,0,0,0,0,0,8,0,25,0,0,0,1,31,male,West Indies in Sri Lanka ODI Series,ODI,SP Narine,0,West Indies,Sri Lanka,2015-11-07,,6
9d430b40,915783,23,1,18,2,1,0,0,0,0,6,0,21,1,0,0,0,14,male,West Indies in Sri Lanka T20I Series,T20,SP Narine,bowled,West Indies,Sri Lanka,2015-11-09,,6
9d430b40,915785,0,0,0,0,0,1,0,0,0,0,0,24,0,0,0,0,9,male,West Indies in Sri Lanka T20I Series,T20,SP Narine,0,West Indies,Sri Lanka,2015-11-11,,6
9d430b40,935285,0,0,1,0,0,1,0,0,0,1,0,24,1,0,1,0,13,male,Bangladesh Premier League,T20,SP Narine,0,Comilla Victorians,Dhaka Dynamites,2015-11-22,,6
9d430b40,935291,0,0,0,0,0,0,0,0,0,0,0,30,0,0,0,0,8,male,Bangladesh Premier League,T20,SP Narine,0,Comilla Victorians,Chittagong Vikings,2015-11-24,,6
9d430b40,935297,0,0,0,0,0,0,1,0,0,0,0,21,1,1,0,0,9,male,Bangladesh Premier League,T20,SP Narine,0,Comilla Victorians,Barisal Bulls,2015-11-25,,6
9d430b40,935303,0,0,0,0,0,0,0,0,0,0,0,17,1,0,0,0,15,male,Bangladesh Premier League,T20,SP Narine,0,Comilla Victorians,Rangpur Riders,2015-11-27,,6
9d430b40,980915,0,0,0,0,0,0,0,0,0,0,0,26,0,0,0,0,10,male,Indian Premier League,T20,SP Narine,0,Kolkata Knight Riders,Sunrisers Hyderabad,2016-04-16,,6
9d430b40,980925,0,0,0,0,0,0,0,0,0,0,0,23,2,0,0,0,11,male,Indian Premier League,T20,SP Narine,0,Kolkata Knight Riders,Kings XI Punjab,2016-04-19,,6
9d430b40,980939,0,0,0,0,0,0,0,0,0,0,0,33,1,0,0,0,8,male,Indian Premier League,T20,SP Narine,0,Kolkata Knight Riders,Rising Pune Supergiants,2016-04-24,,6
9d430b40,980947,0,0,0,0,0,0,0,0,0,0,0,22,2,1,0,0,11,male,Indian Premier League,T20,SP Narine,0,Kolkata Knight Riders,Mumbai Indians,2016-04-28,,6
9d430b40,980951,4,0,4,0,0,1,0,0,0,1,0,22,1,0,1,0,10,male,Indian Premier League,T20,SP Narine,0,Kolkata Knight Riders,Delhi Daredevils,2016-04-30,,6
9d430b40,980959,0,0,0,0,0,0,0,0,0,0,0,45,0,0,0,0,7,male,Indian Premier League,T20,SP Narine,0,Kolkata Knight Riders,Royal Challengers Bangalore,2016-05-02,,6
9d430b40,980989,0,0,0,0,0,0,0,0,0,0,0,12,0,0,0,0,14,male,Indian Premier League,T20,SP Narine,0,Kolkata Knight Riders,Rising Pune Supergiants,2016-05-14,,6
9d430b40,980995,0,0,0,0,0,0,0,0,0,0,0,34,1,0,1,0,11,male,Indian Premier League,T20,SP Narine,0,Kolkata Knight Riders,Royal Challengers Bangalore,2016-05-16,,6
9d430b40,981001,2,0,7,0,0,0,0,0,0,5,0,30,1,0,1,0,12,male,Indian Premier League,T20,SP Narine,0,Kolkata Knight Riders,Gujarat Lions,2016-05-19,,6
9d430b40,981009,0,0,0,0,0,0,0,0,0,0,0,28,3,2,0,0,12,male,Indian Premier League,T20,SP Narine,0,Kolkata Knight Riders,Sunrisers Hyderabad,2016-05-22,,6
9d430b40,981015,1,0,3,0,0,0,0,0,0,2,0,35,0,0,0,0,13,male,Indian Premier League,T20,SP Narine,0,Kolkata Knight Riders,Sunrisers Hyderabad,2016-05-25,,6
9d430b40,932849,0,0,0,0,0,0,0,0,0,0,0,27,6,0,4,0,40,male,West Indies Tri-Nation Series,ODI,SP Narine,0,West Indies,South Africa,2016-06-03,,6
9d430b40,932851,5,1,8,1,0,0,0,0,0,6,0,36,2,1,1,2,40,male,West Indies Tri-Nation Series,ODI,SP Narine,0,West Indies,Australia,2016-06-05,,6
9d430b40,932857,0,0,0,0,0,0,0,0,0,0,0,44,0,0,0,0,28,male,West Indies Tri-Nation Series,ODI,SP Narine,0,West Indies,Australia,2016-06-13,,6
9d430b40,932859,18,0,13,3,0,1,0,0,0,5,0,47,0,0,0,0,29,male,West Indies Tri-Nation Series,ODI,SP Narine,0,West Indies,South Africa,2016-06-15,,6
9d430b40,932863,1,0,2,0,0,0,0,0,0,1,0,51,0,0,0,0,28,male,West Indies Tri-Nation Series,ODI,SP Narine,0,West Indies,Australia,2016-06-21,,6
9d430b40,932865,1,1,5,0,0,0,0,0,0,4,0,36,3,0,1,0,44,male,West Indies Tri-Nation Series,ODI,SP Narine,run out,West Indies,South Africa,2016-06-24,,6
9d430b40,932867,23,1,18,4,0,0,0,0,0,9,0,56,0,0,0,1,36,male,West Indies Tri-Nation Series,ODI,SP Narine,0,West Indies,Australia,2016-06-26,,6
9d430b40,1025983,0,0,0,0,0,1,0,0,0,0,0,25,2,0,0,0,14,male,Caribbean Premier League,T20,SP Narine,0,Trinbago Knight Riders,St Lucia Zouks,2016-06-29,,6
9d430b40,1025985,0,0,0,0,0,0,0,0,0,0,0,21,2,0,0,0,10,male,Caribbean Premier League,T20,SP Narine,0,Trinbago Knight Riders,Barbados Tridents,2016-07-01,,6
9d430b40,1025987,0,0,0,0,0,0,0,0,0,0,0,18,1,0,1,1,12,male,Caribbean Premier League,T20,SP Narine,0,Trinbago Knight Riders,Guyana Amazon Warriors,2016-07-02,,6
9d430b40,1025989,0,0,0,0,0,0,0,0,0,0,0,9,1,1,0,0,21,male,Caribbean Premier League,T20,SP Narine,0,Trinbago Knight Riders,Jamaica Tallawahs,2016-07-04,,6
9d430b40,1018873,0,0,0,0,0,0,0,0,0,0,0,25,2,1,0,0,14,male,Caribbean Premier League,T20,SP Narine,0,Trinbago Knight Riders,Guyana Amazon Warriors,2016-07-10,,6
9d430b40,1019647,0,0,0,0,0,0,0,0,0,0,0,31,0,0,0,0,8,male,Caribbean Premier League,T20,SP Narine,0,Trinbago Knight Riders,Barbados Tridents,2016-07-16,,6
9d430b40,1019773,0,1,1,0,0,0,0,0,0,1,0,22,1,0,0,0,15,male,Caribbean Premier League,T20,SP Narine,caught,Trinbago Knight Riders,Jamaica Tallawahs,2016-07-18,,6
9d430b40,1011503,17,1,12,0,2,0,0,0,0,6,0,22,0,0,0,0,5,male,Caribbean Premier League,T20,SP Narine,bowled,Trinbago Knight Riders,St Lucia Zouks,2016-07-26,,6
9d430b40,994679,19,1,12,2,1,0,0,0,0,6,0,28,3,0,0,0,13,male,Caribbean Premier League,T20,SP Narine,0,Trinbago Knight Riders,St Kitts and Nevis Patriots,2016-07-29,,6
9d430b40,994685,0,0,0,0,0,0,0,0,0,0,0,10,0,0,0,0,18,male,Caribbean Premier League,T20,SP Narine,0,Trinbago Knight Riders,St Kitts and Nevis Patriots,2016-07-31,,6
9d430b40,1025667,22,0,17,1,2,0,0,0,0,9,0,30,0,0,0,0,15,male,Caribbean Premier League,T20,SP Narine,0,Trinbago Knight Riders,St Lucia Zouks,2016-08-04,,6
9d430b40,1025669,6,1,2,0,1,1,0,0,0,1,0,22,1,0,0,0,14,male,Caribbean Premier League,T20,SP Narine,0,Trinbago Knight Riders,Jamaica Tallawahs,2016-08-05,,6
9d430b40,1041615,0,0,0,0,0,0,0,0,0,0,0,50,0,0,0,0,5,male,West Indies v India T20I Series,T20,SP Narine,0,West Indies,India,2016-08-27,,6
9d430b40,1041617,9,0,7,0,1,0,0,0,0,3,0,0,0,0,0,0,0,male,West Indies v India T20I Series,T20,SP Narine,0,West Indies,India,2016-08-28,,6
9d430b40,1050217,1,1,4,0,0,0,0,0,0,3,0,21,0,0,0,0,8,male,Pakistan v West Indies T20I Series,T20,SP Narine,run out,West Indies,Pakistan,2016-09-23,,6
9d430b40,1050219,30,1,19,4,1,0,0,0,0,8,0,36,0,0,0,0,6,male,Pakistan v West Indies T20I Series,T20,SP Narine,0,West Indies,Pakistan,2016-09-24,,6
9d430b40,1050221,0,0,0,0,0,0,0,0,0,0,0,21,0,0,0,0,6,male,Pakistan v West Indies T20I Series,T20,SP Narine,0,West Indies,Pakistan,2016-09-27,,6
9d430b40,1050223,23,1,16,2,2,1,0,0,0,9,0,58,1,0,0,0,25,male,Pakistan v West Indies ODI Series,ODI,SP Narine,caught,West Indies,Pakistan,2016-09-30,,6
9d430b40,1050225,1,0,6,0,0,0,0,0,0,5,0,39,1,0,0,0,19,male,Pakistan v West Indies ODI Series,ODI,SP Narine,0,West Indies,Pakistan,2016-10-02,,6
9d430b40,1050227,0,1,6,0,0,0,0,0,0,6,0,47,1,0,0,0,27,male,Pakistan v West Indies ODI Series,ODI,SP Narine,0,West Indies,Pakistan,2016-10-05,,6
9d430b40,1023585,11,0,4,1,1,0,0,0,0,1,0,32,2,1,0,0,8,male,Big Bash League,T20,SP Narine,0,Melbourne Renegades,Sydney Thunder,2016-12-22,,6
9d430b40,1023597,1,1,2,0,0,0,1,0,0,1,0,20,2,0,0,0,7,male,Big Bash League,T20,SP Narine,caught,Melbourne Renegades,Perth Scorchers,2016-12-29,,6
9d430b40,1023603,21,1,14,2,1,0,0,1,0,5,0,26,0,0,0,0,6,male,Big Bash League,T20,SP Narine,0,Melbourne Renegades,Melbourne Stars,2017-01-01,,6
9d430b40,1023617,12,1,10,0,1,1,0,0,0,4,0,37,1,0,0,0,7,male,Big Bash League,T20,SP Narine,caught,Melbourne Renegades,Melbourne Stars,2017-01-07,,6
9d430b40,1023621,4,1,4,1,0,1,0,0,0,3,0,30,1,0,0,0,10,male,Big Bash League,T20,SP Narine,0,Melbourne Renegades,Sydney Sixers,2017-01-09,,6
9d430b40,1023627,0,0,0,0,0,0,1,0,0,0,0,28,3,0,1,0,8,male,Big Bash League,T20,SP Narine,0,Melbourne Renegades,Hobart Hurricanes,2017-01-12,,6
9d430b40,1023633,2,1,5,0,0,0,0,0,0,4,0,40,1,1,0,0,9,male,Big Bash League,T20,SP Narine,0,Melbourne Renegades,Adelaide Strikers,2017-01-16,,6
9d430b40,1023639,1,0,1,0,0,0,0,0,0,0,0,39,2,0,0,0,7,male,Big Bash League,T20,SP Narine,0,Melbourne Renegades,Brisbane Heat,2017-01-20,,6
9d430b40,1075987,26,1,16,0,3,0,0,0,0,7,0,16,2,2,0,0,13,male,Pakistan Super League,T20,SP Narine,lbw,Lahore Qalandars,Quetta Gladiators,2017-02-10,,6
9d430b40,1075989,26,0,12,3,2,0,0,0,0,5,0,39,1,0,0,0,4,male,Pakistan Super League,T20,SP Narine,0,Lahore Qalandars,Islamabad United,2017-02-11,,6
9d430b40,1075991,2,1,4,0,0,0,0,0,0,2,0,16,1,0,0,0,16,male,Pakistan Super League,T20,SP Narine,caught,Lahore Qalandars,Peshawar Zalmi,2017-02-12,,6
9d430b40,1075993,13,1,7,1,1,0,0,0,0,3,0,31,2,1,0,0,8,male,Pakistan Super League,T20,SP Narine,0,Lahore Qalandars,Karachi Kings,2017-02-16,,6
9d430b40,1075996,0,0,0,0,0,0,0,0,0,0,0,38,0,0,0,0,7,male,Pakistan Super League,T20,SP Narine,0,Lahore Qalandars,Quetta Gladiators,2017-02-18,,6
9d430b40,1075999,12,1,5,0,2,0,0,0,0,3,0,21,1,0,1,0,10,male,Pakistan Super League,T20,SP Narine,lbw,Lahore Qalandars,Islamabad United,2017-02-20,,6
9d430b40,1076001,21,1,15,2,1,0,0,0,0,6,0,28,1,1,0,0,10,male,Pakistan Super League,T20,SP Narine,caught,Lahore Qalandars,Peshawar Zalmi,2017-02-24,,6
9d430b40,1076003,16,1,9,0,2,0,0,0,0,3,0,19,1,0,0,0,16,male,Pakistan Super League,T20,SP Narine,caught,Lahore Qalandars,Karachi Kings,2017-02-25,,6
9d430b40,1077947,1,1,6,0,0,0,0,0,0,5,0,22,0,0,0,0,10,male,Pakistan in West Indies T20I Series,T20,SP Narine,caught,West Indies,Pakistan,2017-03-26,,6
9d430b40,1077948,9,1,8,2,0,0,0,0,0,5,0,22,3,0,1,0,13,male,Pakistan in West Indies T20I Series,T20,SP Narine,0,West Indies,Pakistan,2017-03-30,,6
9d430b40,1085495,0,0,0,0,0,0,0,1,0,0,0,34,1,1,0,0,4,male,Pakistan in West Indies T20I Series,T20,SP Narine,0,West Indies,Pakistan,2017-04-01,,6
9d430b40,1085496,9,1,9,0,0,0,0,0,0,3,0,19,0,0,0,0,9,male,Pakistan in West Indies T20I Series,T20,SP Narine,0,West Indies,Pakistan,2017-04-02,,6
9d430b40,1082593,0,0,0,0,0,0,0,0,0,0,0,33,0,0,0,0,7,male,Indian Premier League,T20,SP Narine,0,Kolkata Knight Riders,Gujarat Lions,2017-04-07,,6
9d430b40,1082597,1,1,2,0,0,1,0,0,0,1,0,22,1,0,1,0,12,male,Indian Premier League,T20,SP Narine,lbw,Kolkata Knight Riders,Mumbai Indians,2017-04-09,,6
9d430b40,1082601,37,1,19,4,3,1,0,0,0,9,0,19,1,1,0,0,17,male,Indian Premier League,T20,SP Narine,0,Kolkata Knight Riders,Kings XI Punjab,2017-04-13,,6
9d430b40,1082604,6,1,9,1,0,0,0,0,0,6,0,18,0,0,0,0,10,male,Indian Premier League,T20,SP Narine,bowled,Kolkata Knight Riders,Sunrisers Hyderabad,2017-04-15,,6
9d430b40,1082608,1,0,1,0,0,0,0,0,0,0,0,20,1,1,0,0,9,male,Indian Premier League,T20,SP Narine,0,Kolkata Knight Riders,Delhi Daredevils,2017-04-17,,6
9d430b40,1082613,42,1,17,9,1,0,0,0,0,7,0,42,0,0,0,0,7,male,Indian Premier League,T20,SP Narine,caught,Kolkata Knight Riders,Gujarat Lions,2017-04-21,,6
9d430b40,1082617,34,1,18,6,1,0,0,0,0,7,0,0,0,0,0,0,0,male,Indian Premier League,T20,SP Narine,caught,Kolkata Knight Riders,Royal Challengers Bangalore,2017-04-23,,6
9d430b40,1082620,16,0,12,3,0,0,0,0,0,5,0,34,0,0,0,0,7,male,Indian Premier League,T20,SP Narine,0,Kolkata Knight Riders,Rising Pune Supergiant,2017-04-26,,6
9d430b40,1082622,4,1,4,1,0,0,0,0,0,3,0,25,1,0,1,0,9,male,Indian Premier League,T20,SP Narine,0,Kolkata Knight Riders,Delhi Daredevils,2017-04-28,,6
9d430b40,1082627,1,1,4,0,0,0,0,0,0,3,0,37,0,0,0,0,3,male,Indian Premier League,T20,SP Narine,0,Kolkata Knight Riders,Sunrisers Hyderabad,2017-04-30,,6
9d430b40,1082631,0,1,6,0,0,0,0,0,0,6,0,28,1,0,0,0,9,male,Indian Premier League,T20,SP Narine,0,Kolkata Knight Riders,Rising Pune Supergiant,2017-05-03,,6
9d430b40,1082636,54,1,19,6,4,0,0,0,0,5,0,29,2,1,0,0,8,male,Indian Premier League,T20,SP Narine,caught,Kolkata Knight Riders,Royal Challengers Bangalore,2017-05-07,,6
9d430b40,1082639,18,1,10,4,0,0,0,0,0,4,0,27,1,0,1,0,8,male,Indian Premier League,T20,SP Narine,bowled,Kolkata Knight Riders,Kings XI Punjab,2017-05-09,,6
9d430b40,1082644,0,1,4,0,0,1,0,0,0,4,0,37,0,0,0,0,9,male,Indian Premier League,T20,SP Narine,0,Kolkata Knight Riders,Mumbai Indians,2017-05-13,,6
9d430b40,1082648,0,0,0,0,0,0,0,0,0,0,0,20,0,0,0,0,13,male,Indian Premier League,T20,SP Narine,0,Kolkata Knight Riders,Sunrisers Hyderabad,2017-05-17,2017-05-18,6
9d430b40,1082649,10,1,10,0,1,0,0,0,0,5,0,21,0,0,0,0,13,male,Indian Premier League,T20,SP Narine,stumped,Kolkata Knight Riders,Mumbai Indians,2017-05-19,,6
9d430b40,1089776,0,0,0,0,0,1,0,0,0,0,0,11,3,0,1,0,18,male,Afghanistan in West Indies T20I Series,T20,SP Narine,0,West Indies,Afghanistan,2017-06-02,,6
9d430b40,1089777,0,0,0,0,0,0,0,0,0,0,0,29,1,1,0,0,8,male,Afghanistan in West Indies T20I Series,T20,SP Narine,0,West Indies,Afghanistan,2017-06-03,,6
9d430b40,1089778,0,0,0,0,0,0,0,0,0,0,0,28,0,0,0,0,10,male,Afghanistan in West Indies T20I Series,T20,SP Narine,0,West Indies,Afghanistan,2017-06-05,,6
9d430b40,1098211,0,0,0,0,0,2,0,0,0,0,0,22,0,0,0,0,6,male,,T20,SP Narine,0,West Indies,India,2017-07-09,,6
9d430b40,1094672,0,1,1,0,0,0,0,0,0,1,0,24,0,0,0,0,17,male,Caribbean Premier League,T20,SP Narine,0,Trinbago Knight Riders,St Lucia Stars,2017-08-04,,6
9d430b40,1094677,11,1,7,0,1,0,0,0,0,3,0,18,1,1,0,0,9,male,Caribbean Premier League,T20,SP Narine,caught,Trinbago Knight Riders,St Lucia Stars,2017-08-07,,6
9d430b40,1094678,23,1,11,2,2,0,0,0,0,4,0,21,2,0,2,0,14,male,Caribbean Premier League,T20,SP Narine,caught,Trinbago Knight Riders,Jamaica Tallawahs,2017-08-09,,6
9d430b40,1094680,23,1,24,1,1,0,0,0,0,11,0,16,2,0,1,0,15,male,Caribbean Premier League,T20,SP Narine,caught,Trinbago Knight Riders,Guyana Amazon Warriors,2017-08-11,,6
9d430b40,1094682,79,1,46,6,5,1,0,0,0,12,0,17,0,0,0,0,11,male,Caribbean Premier League,T20,SP Narine,caught,Trinbago Knight Riders,Barbados Tridents,2017-08-12,,6
9d430b40,1094684,5,1,8,1,0,0,0,0,0,6,0,26,2,0,0,0,12,male,Caribbean Premier League,T20,SP Narine,caught,Trinbago Knight Riders,St Kitts and Nevis Patriots,2017-08-14,,6
9d430b40,1094688,1,1,4,0,0,0,0,0,0,3,0,12,1,1,0,1,14,male,Caribbean Premier League,T20,SP Narine,0,Trinbago Knight Riders,Guyana Amazon Warriors,2017-08-19,,6
9d430b40,1094693,5,1,7,1,0,0,0,0,0,5,0,36,1,0,0,0,7,male,Caribbean Premier League,T20,SP Narine,0,Trinbago Knight Riders,St Kitts and Nevis Patriots,2017-08-23,,6
9d430b40,1094695,0,1,1,0,0,0,0,0,0,1,0,32,0,0,0,0,8,male,Caribbean Premier League,T20,SP Narine,0,Trinbago Knight Riders,Jamaica Tallawahs,2017-08-26,,6
9d430b40,1094700,9,1,7,2,0,0,0,0,0,4,0,18,0,0,0,0,11,male,Caribbean Premier League,T20,SP Narine,caught,Trinbago Knight Riders,Barbados Tridents,2017-09-02,,6
9d430b40,1094702,0,0,0,0,0,0,0,0,0,0,0,31,0,0,0,0,15,male,Caribbean Premier League,T20,SP Narine,0,Trinbago Knight Riders,St Kitts and Nevis Patriots,2017-09-05,,6
9d430b40,1094704,0,1,1,0,0,0,0,0,0,1,0,22,1,0,1,0,11,male,Caribbean Premier League,T20,SP Narine,lbw,Trinbago Knight Riders,Guyana Amazon Warriors,2017-09-07,,6
9d430b40,1094705,3,1,4,0,0,0,0,0,0,3,0,10,1,0,1,0,19,male,Caribbean Premier League,T20,SP Narine,caught and bowled,Trinbago Knight Riders,St Kitts and Nevis Patriots,2017-09-09,,6
9d430b40,1031665,2,1,3,0,0,0,0,0,0,1,0,15,1,0,0,0,13,male,West Indies tour of England,T20,SP Narine,0,West Indies,England,2017-09-16,,6
9d430b40,1121248,16,1,12,0,2,0,0,0,0,6,0,32,2,1,0,1,10,male,Bangladesh Premier League,T20,SP Narine,caught,Dhaka Dynamites,Khulna Titans,2017-11-05,,6
9d430b40,1121254,0,0,0,0,0,0,0,0,0,0,0,10,2,1,0,0,18,male,Bangladesh Premier League,T20,SP Narine,0,Dhaka Dynamites,Sylhet Sixers,2017-11-11,,6
9d430b40,1121257,7,1,16,1,0,0,0,0,0,12,0,23,0,0,0,0,11,male,Bangladesh Premier League,T20,SP Narine,caught,Dhaka Dynamites,Khulna Titans,2017-11-14,,6
9d430b40,1121263,0,1,1,0,0,0,0,0,0,1,0,37,0,0,0,0,11,male,Bangladesh Premier League,T20,SP Narine,bowled,Dhaka Dynamites,Rajshahi Kings,2017-11-18,,6
9d430b40,1121265,76,1,45,7,5,0,0,0,0,18,0,17,1,0,0,0,13,male,Bangladesh Premier League,T20,SP Narine,caught,Dhaka Dynamites,Comilla Victorians,2017-11-20,,6
9d430b40,1121268,0,1,1,0,0,1,0,0,0,1,0,29,0,0,0,0,10,male,Bangladesh Premier League,T20,SP Narine,0,Dhaka Dynamites,Rangpur Riders,2017-11-21,,6
9d430b40,1121273,0,0,0,0,0,0,0,0,0,0,0,11,1,1,0,0,14,male,Bangladesh Premier League,T20,SP Narine,0,Dhaka Dynamites,Chittagong Vikings,2017-11-27,,6
9d430b40,1121278,5,1,4,1,0,0,0,0,0,2,0,16,0,0,0,0,14,male,Bangladesh Premier League,T20,SP Narine,caught and bowled,Dhaka Dynamites,Comilla Victorians,2017-11-29,,6
9d430b40,1121280,69,1,37,4,6,0,0,0,0,12,0,12,0,0,0,0,10,male,Bangladesh Premier League,T20,SP Narine,bowled,Dhaka Dynamites,Rajshahi Kings,2017-12-02,,6
9d430b40,1121285,4,1,6,0,0,0,0,0,0,3,0,18,1,1,0,1,15,male,Bangladesh Premier League,T20,SP Narine,caught,Dhaka Dynamites,Rangpur Riders,2017-12-06,,6
9d430b40,1121288,9,0,4,1,0,0,0,0,0,0,0,12,0,0,0,1,12,male,Bangladesh Premier League,T20,SP Narine,0,Dhaka Dynamites,Comilla Victorians,2017-12-08,,6
9d430b40,1121290,14,1,16,2,0,0,0,0,0,8,0,18,0,0,0,0,14,male,Bangladesh Premier League,T20,SP Narine,0,Dhaka Dynamites,Rangpur Riders,2017-12-12,,6
9d430b40,1128820,26,1,21,2,1,0,0,0,0,11,0,32,0,0,0,0,11,male,Pakistan Super League,T20,SP Narine,caught,Lahore Qalandars,Multan Sultans,2018-02-23,,6
9d430b40,1128822,28,1,10,4,2,0,0,0,0,4,0,41,1,1,0,0,8,male,Pakistan Super League,T20,SP Narine,0,Lahore Qalandars,Quetta Gladiators,2018-02-24,,6
9d430b40,1128825,0,1,1,0,0,1,0,0,0,1,0,18,2,0,0,0,13,male,Pakistan Super League,T20,SP Narine,caught,Lahore Qalandars,Karachi Kings,2018-02-26,,6
9d430b40,1128829,9,1,4,2,0,3,0,0,0,1,0,10,0,0,0,0,15,male,Pakistan Super League,T20,SP Narine,0,Lahore Qalandars,Islamabad United,2018-03-02,,6
9d430b40,1128831,3,1,7,0,0,0,0,0,0,4,0,16,0,0,0,0,5,male,Pakistan Super League,T20,SP Narine,0,Lahore Qalandars,Peshawar Zalmi,2018-03-03,,6
9d430b40,1128835,6,1,5,1,0,0,0,0,0,2,0,28,3,0,1,0,13,male,Pakistan Super League,T20,SP Narine,0,Lahore Qalandars,Islamabad United,2018-03-08,,6
9d430b40,1128837,0,0,0,0,0,0,0,0,0,0,0,16,2,1,0,0,12,male,Pakistan Super League,T20,SP Narine,0,Lahore Qalandars,Multan Sultans,2018-03-09,,6
9d430b40,1128841,6,1,7,0,0,1,0,0,0,2,0,30,1,0,0,0,12,male,Pakistan Super League,T20,SP Narine,0,Lahore Qalandars,Karachi Kings,2018-03-11,,6
9d430b40,1128843,20,0,15,2,1,0,0,0,0,6,0,22,2,1,1,0,12,male,Pakistan Super League,T20,SP Narine,0,Lahore Qalandars,Quetta Gladiators,2018-03-14,,6
9d430b40,1136563,50,1,20,4,5,0,0,0,0,7,0,31,1,1,0,0,9,male,Indian Premier League,T20,SP Narine,0,Kolkata Knight Riders,Royal Challengers Bangalore,2018-04-08,,6
9d430b40,1136565,12,1,5,0,2,0,0,0,0,3,0,18,1,0,0,0,9,male,Indian Premier League,T20,SP Narine,0,Kolkata Knight Riders,Chennai Super Kings,2018-04-10,,6
9d430b40,1136570,9,1,11,1,0,0,0,0,0,6,0,17,2,1,0,0,12,male,Indian Premier League,T20,SP Narine,0,Kolkata Knight Riders,Sunrisers Hyderabad,2018-04-14,,6
9d430b40,1136573,1,1,4,0,0,0,0,0,0,3,0,18,3,1,1,0,6,male,Indian Premier League,T20,SP Narine,caught,Kolkata Knight Riders,Delhi Daredevils,2018-04-16,,6
9d430b40,1136575,35,1,25,5,1,0,0,0,0,12,0,48,0,0,0,0,6,male,Indian Premier League,T20,SP Narine,run out,Kolkata Knight Riders,Rajasthan Royals,2018-04-18,,6
9d430b40,1136578,1,1,4,0,0,0,0,0,0,3,0,23,1,0,0,0,9,male,Indian Premier League,T20,SP Narine,0,Kolkata Knight Riders,Kings XI Punjab,2018-04-21,,6
9d430b40,1136586,26,1,9,1,3,0,0,0,0,2,0,36,0,0,0,0,4,male,Indian Premier League,T20,SP Narine,caught,Kolkata Knight Riders,Delhi Daredevils,2018-04-27,,6
9d430b40,1136589,27,1,22,3,1,0,0,0,0,10,0,39,0,0,0,0,10,male,Indian Premier League,T20,SP Narine,0,Kolkata Knight Riders,Royal Challengers Bangalore,2018-04-29,,6
9d430b40,1136593,32,1,21,4,2,0,0,0,0,12,0,20,2,1,0,0,10,male,Indian Premier League,T20,SP Narine,caught,Kolkata Knight Riders,Chennai Super Kings,2018-05-03,,6
9d430b40,1136597,5,1,4,1,0,0,0,0,0,2,0,35,2,0,0,0,8,male,Indian Premier League,T20,SP Narine,0,Kolkata Knight Riders,Mumbai Indians,2018-05-06,,6
9d430b40,1136601,4,1,2,1,0,0,0,0,0,1,0,28,1,0,0,0,11,male,Indian Premier League,T20,SP Narine,caught,Kolkata Knight Riders,Mumbai Indians,2018-05-09,,6
9d430b40,1136604,75,1,37,9,4,0,0,0,0,12,0,44,1,1,0,0,6,male,Indian Premier League,T20,SP Narine,caught,Kolkata Knight Riders,Kings XI Punjab,2018-05-12,,6
9d430b40,1136609,21,1,7,2,2,0,0,0,0,2,0,29,1,0,1,0,13,male,Indian Premier League,T20,SP Narine,caught,Kolkata Knight Riders,Rajasthan Royals,2018-05-15,,6
9d430b40,1136614,29,1,12,4,2,1,0,0,0,5,0,24,1,0,0,0,12,male,Indian Premier League,T20,SP Narine,caught,Kolkata Knight Riders,Sunrisers Hyderabad,2018-05-19,,6
9d430b40,1136618,4,1,2,1,0,0,0,0,0,1,0,39,0,0,0,0,10,male,Indian Premier League,T20,SP Narine,stumped,Kolkata Knight Riders,Rajasthan Royals,2018-05-23,,6
9d430b40,1136619,26,1,13,4,1,0,0,0,0,5,0,24,1,0,0,0,7,male,Indian Premier League,T20,SP Narine,caught,Kolkata Knight Riders,Sunrisers Hyderabad,2018-05-25,,6
9d430b40,1148647,17,1,13,2,1,1,0,0,0,8,0,18,1,0,1,0,11,male,Caribbean Premier League,T20,SP Narine,bowled,Trinbago Knight Riders,St Lucia Stars,2018-08-08,,6
9d430b40,1148649,7,1,9,0,1,0,0,0,0,7,0,43,0,0,0,0,6,male,Caribbean Premier League,T20,SP Narine,0,Trinbago Knight Riders,Jamaica Tallawahs,2018-08-10,,6
9d430b40,1148651,4,1,2,1,0,2,0,0,0,1,0,24,2,2,0,0,13,male,Caribbean Premier League,T20,SP Narine,0,Trinbago Knight Riders,St Kitts and Nevis Patriots,2018-08-11,,6
9d430b40,1148655,9,1,6,0,1,0,0,0,0,3,0,26,0,0,0,0,5,male,Caribbean Premier League,T20,SP Narine,caught,Trinbago Knight Riders,St Lucia Stars,2018-08-16,,6
9d430b40,1148658,0,1,3,0,0,0,0,0,0,3,0,42,0,0,0,0,6,male,Caribbean Premier League,T20,SP Narine,caught,Trinbago Knight Riders,Jamaica Tallawahs,2018-08-19,,6
9d430b40,1148664,13,1,10,0,1,0,0,0,0,4,0,27,0,0,0,0,12,male,Caribbean Premier League,T20,SP Narine,caught,Trinbago Knight Riders,Barbados Tridents,2018-08-26,,6
9d430b40,1148669,6,1,4,0,1,1,0,0,0,3,0,22,0,0,0,0,13,male,Caribbean Premier League,T20,SP Narine,0,Trinbago Knight Riders,St Kitts and Nevis Patriots,2018-09-01,,6
9d430b40,1148673,0,1,1,0,0,1,0,0,0,1,0,16,1,0,0,0,13,male,Caribbean Premier League,T20,SP Narine,0,Trinbago Knight Riders,Guyana Amazon Warriors,2018-09-05,,6
9d430b40,1148674,2,0,4,0,0,0,0,0,0,2,0,30,0,0,0,0,12,male,Caribbean Premier League,T20,SP Narine,0,Trinbago Knight Riders,Barbados Tridents,2018-09-07,,6
9d430b40,1148677,8,1,16,1,0,1,0,0,0,11,0,10,1,0,1,0,17,male,Caribbean Premier League,T20,SP Narine,0,Trinbago Knight Riders,Guyana Amazon Warriors,2018-09-11,,6
9d430b40,1148679,0,0,0,0,0,0,0,0,0,0,0,21,2,1,0,0,12,male,Caribbean Premier League,T20,SP Narine,0,Trinbago Knight Riders,St Kitts and Nevis Patriots,2018-09-14,,6
9d430b40,1148680,0,0,0,0,0,1,0,0,0,0,0,31,1,0,0,0,12,male,Caribbean Premier League,T20,SP Narine,0,Trinbago Knight Riders,Guyana Amazon Warriors,2018-09-16,,6
9d430b40,1169380,38,1,29,4,2,0,0,0,0,13,0,14,0,0,0,0,4,male,Bangladesh Premier League,T20,SP Narine,caught,Dhaka Dynamites,Rajshahi Kings,2019-01-05,,6
9d430b40,1169383,19,1,15,1,2,0,0,0,0,10,0,20,2,0,0,0,12,male,Bangladesh Premier League,T20,SP Narine,0,Dhaka Dynamites,Khulna Titans,2019-01-08,,6
9d430b40,1169387,8,1,9,2,0,1,0,0,0,7,0,40,2,1,0,0,7,male,Bangladesh Premier League,T20,SP Narine,0,Dhaka Dynamites,Rangpur Riders,2019-01-11,,6
9d430b40,1169390,25,1,24,2,2,0,0,0,0,15,0,13,1,0,0,0,10,male,Bangladesh Premier League,T20,SP Narine,0,Dhaka Dynamites,Sylhet Sixers,2019-01-12,,6
9d430b40,1169395,1,1,4,0,0,0,0,0,0,3,0,20,3,0,1,0,10,male,Bangladesh Premier League,T20,SP Narine,lbw,Dhaka Dynamites,Rajshahi Kings,2019-01-16,,6
9d430b40,1169397,20,1,12,3,1,0,0,0,0,6,0,32,1,1,0,0,10,male,Bangladesh Premier League,T20,SP Narine,caught,Dhaka Dynamites,Sylhet Sixers,2019-01-18,,6
9d430b40,1169402,18,1,9,3,1,1,0,0,0,5,0,26,0,0,0,0,9,male,Bangladesh Premier League,T20,SP Narine,bowled,Dhaka Dynamites,Chittagong Vikings,2019-01-21,,6
9d430b40,1169404,20,1,18,3,0,0,0,0,0,7,0,31,0,0,0,0,10,male,Bangladesh Premier League,T20,SP Narine,run out,Dhaka Dynamites,Comilla Victorians,2019-01-22,,6
9d430b40,1169412,28,1,19,3,2,1,0,0,0,10,0,45,0,0,0,0,3,male,Bangladesh Premier League,T20,SP Narine,caught,Dhaka Dynamites,Rangpur Riders,2019-01-28,,6
9d430b40,1169415,0,1,3,0,0,0,0,0,0,3,0,21,1,0,0,0,12,male,Bangladesh Premier League,T20,SP Narine,caught,Dhaka Dynamites,Chittagong Vikings,2019-01-30,,6
9d430b40,1169417,22,1,25,2,0,0,0,0,0,10,0,25,2,1,0,0,12,male,Bangladesh Premier League,T20,SP Narine,caught,Dhaka Dynamites,Comilla Victorians,2019-02-01,,6
9d430b40,1169420,35,1,14,2,4,0,0,1,0,6,0,20,1,0,0,0,13,male,Bangladesh Premier League,T20,SP Narine,0,Dhaka Dynamites,Khulna Titans,2019-02-02,,6
9d430b40,1169421,31,1,16,6,1,0,0,0,0,8,0,16,4,1,1,0,12,male,Bangladesh Premier League,T20,SP Narine,caught,Dhaka Dynamites,Chittagong Vikings,2019-02-04,,6
9d430b40,1169423,14,1,9,3,0,0,0,0,0,4,0,20,0,0,0,0,14,male,Bangladesh Premier League,T20,SP Narine,0,Dhaka Dynamites,Rangpur Riders,2019-02-06,,6
9d430b40,1169424,0,0,0,0,0,0,0,0,0,0,0,18,0,0,0,0,13,male,Bangladesh Premier League,T20,SP Narine,0,Dhaka Dynamites,Comilla Victorians,2019-02-08,,6
9d430b40,1175357,0,0,0,0,0,0,0,0,0,0,0,29,0,0,0,0,5,male,Indian Premier League,T20,SP Narine,0,Kolkata Knight Riders,Sunrisers Hyderabad,2019-03-24,,6
9d430b40,1175361,24,1,10,1,3,0,0,0,0,5,0,26,0,0,0,0,3,male,Indian Premier League,T20,SP Narine,0,Kolkata Knight Riders,Kings XI Punjab,2019-03-27,,6
9d430b40,1175372,10,1,8,2,0,0,0,0,0,5,0,30,1,0,0,0,8,male,Indian Premier League,T20,SP Narine,0,Kolkata Knight Riders,Royal Challengers Bangalore,2019-04-05,,6
9d430b40,1178396,47,1,27,6,3,0,0,0,0,14,0,26,0,0,0,0,14,male,Indian Premier League,T20,SP Narine,0,Kolkata Knight Riders,Rajasthan Royals,2019-04-07,,6
9d430b40,1178398,6,1,5,0,0,0,0,0,0,3,0,24,2,0,0,0,12,male,Indian Premier League,T20,SP Narine,0,Kolkata Knight Riders,Chennai Super Kings,2019-04-09,,6
9d430b40,1178404,2,1,8,0,0,0,0,0,0,6,0,19,2,1,1,1,13,male,Indian Premier League,T20,SP Narine,0,Kolkata Knight Riders,Chennai Super Kings,2019-04-14,,6
9d430b40,1178410,18,1,16,4,0,0,0,0,0,10,0,32,1,0,0,0,7,male,Indian Premier League,T20,SP Narine,0,Kolkata Knight Riders,Royal Challengers Bangalore,2019-04-19,,6
9d430b40,1178413,25,1,8,3,2,0,0,0,0,2,0,36,0,0,0,0,7,male,Indian Premier League,T20,SP Narine,bowled,Kolkata Knight Riders,Sunrisers Hyderabad,2019-04-21,,6
9d430b40,1178418,11,0,8,1,1,0,0,0,0,5,0,25,2,1,1,0,10,male,Indian Premier League,T20,SP Narine,0,Kolkata Knight Riders,Rajasthan Royals,2019-04-25,,6
9d430b40,1178422,0,0,0,0,0,0,0,0,0,0,0,44,2,0,0,0,8,male,Indian Premier League,T20,SP Narine,0,Kolkata Knight Riders,Mumbai Indians,2019-04-28,,6
9d430b40,1178427,0,0,0,0,0,0,0,0,0,0,0,29,0,0,0,0,6,male,Indian Premier League,T20,SP Narine,0,Kolkata Knight Riders,Kings XI Punjab,2019-05-03,,6
9d430b40,1178431,0,0,0,0,0,0,0,0,0,0,0,33,0,0,0,0,10,male,Indian Premier League,T20,SP Narine,0,Kolkata Knight Riders,Mumbai Indians,2019-05-05,,6
9d430b40,1188621,2,1,4,0,0,0,0,0,0,2,0,14,2,0,0,0,14,male,India tour of United States of America and West Indies,T20,SP Narine,0,West Indies,India,2019-08-03,,6
9d430b40,1188622,4,1,13,0,0,0,0,0,0,11,0,28,0,0,0,0,7,male,India tour of United States of America and West Indies,T20,SP Narine,bowled,West Indies,India,2019-08-04,,6
9d430b40,1188623,2,1,6,0,0,0,0,0,0,5,0,29,0,0,0,0,7,male,India tour of United States of America and West Indies,T20,SP Narine,caught,West Indies,India,2019-08-06,,6
9d430b40,1185837,0,1,5,0,0,1,0,0,0,5,0,21,0,0,0,0,10,male,Caribbean Premier League,T20,SP Narine,bowled,Trinbago Knight Riders,St Kitts and Nevis Patriots,2019-09-04,,6
9d430b40,1185839,46,1,22,4,3,0,0,0,0,6,0,24,2,1,0,0,14,male,Caribbean Premier League,T20,SP Narine,caught,Trinbago Knight Riders,Jamaica Tallawahs,2019-09-06,,6
9d430b40,1185841,7,1,6,0,1,0,0,0,0,4,0,26,1,0,1,0,17,male,Caribbean Premier League,T20,SP Narine,caught,Trinbago Knight Riders,St Lucia Zouks,2019-09-08,,6
9d430b40,1185846,20,1,21,3,1,0,0,0,0,15,0,49,1,1,0,0,11,male,Caribbean Premier League,T20,SP Narine,bowled,Trinbago Knight Riders,Jamaica Tallawahs,2019-09-13,,6
9d430b40,1185859,19,1,11,2,1,1,0,0,0,7,0,19,1,0,0,1,15,male,Caribbean Premier League,T20,SP Narine,0,Trinbago Knight Riders,Barbados Tridents,2019-09-26,,6
9d430b40,1185868,8,1,5,2,0,0,0,0,0,3,0,10,2,0,1,0,23,male,Caribbean Premier League,T20,SP Narine,0,Trinbago Knight Riders,St Kitts and Nevis Patriots,2019-10-06,,6
9d430b40,1185869,17,1,9,4,0,0,0,0,0,4,0,19,0,0,0,0,12,male,Caribbean Premier League,T20,SP Narine,0,Trinbago Knight Riders,Barbados Tridents,2019-10-10,,6
9d430b40,1227865,50,1,33,2,4,0,0,0,0,12,0,19,2,1,0,0,11,male,Caribbean Premier League,T20,SP Narine,0,Trinbago Knight Riders,Guyana Amazon Warriors,2020-08-18,,6
9d430b40,1227870,53,1,39,7,2,0,0,0,0,20,0,19,1,1,0,0,13,male,Caribbean Premier League,T20,SP Narine,0,Trinbago Knight Riders,Jamaica Tallawahs,2020-08-20,,6
9d430b40,1227873,8,1,16,1,0,0,0,0,0,11,0,19,1,0,0,0,20,male,Caribbean Premier League,T20,SP Narine,bowled,Trinbago Knight Riders,Barbados Tridents,2020-08-23,,6
9d430b40,1227885,29,1,11,5,1,1,0,0,0,3,0,24,1,0,0,0,14,male,Caribbean Premier League,T20,SP Narine,caught,Trinbago Knight Riders,Jamaica Tallawahs,2020-09-01,,6
9d430b40,1227895,4,1,4,1,0,0,0,0,0,3,0,13,1,0,0,1,18,male,Caribbean Premier League,T20,SP Narine,bowled,Trinbago Knight Riders,Jamaica Tallawahs,2020-09-08,,6
9d430b40,1216508,9,1,10,0,1,0,0,0,0,6,0,22,1,0,0,0,8,male,Indian Premier League,T20,SP Narine,0,Kolkata Knight Riders,Mumbai Indians,2020-09-23,,6
9d430b40,1216545,0,1,2,0,0,0,0,0,0,2,0,32,0,0,0,0,5,male,Indian Premier League,T20,SP Narine,caught,Kolkata Knight Riders,Sunrisers Hyderabad,2020-09-26,,6
9d430b40,1216504,15,1,15,2,1,1,0,0,0,11,0,42,1,0,0,0,10,male,Indian Premier League,T20,SP Narine,bowled,Kolkata Knight Riders,Rajasthan Royals,2020-09-30,,6
9d430b40,1216515,3,1,5,0,0,0,0,0,0,3,0,26,0,0,0,0,1,male,Indian Premier League,T20,SP Narine,bowled,Kolkata Knight Riders,Delhi Capitals,2020-10-03,,6
9d430b40,1216501,17,1,10,1,1,0,0,0,0,2,0,32,1,0,1,0,9,male,Indian Premier League,T20,SP Narine,caught,Kolkata Knight Riders,Chennai Super Kings,2020-10-07,,6
9d430b40,1216523,0,0,0,0,0,0,0,0,0,0,0,30,2,1,0,0,9,male,Indian Premier League,T20,SP Narine,0,Kolkata Knight Riders,Kings XI Punjab,2020-10-10,,6
9d430b40,1216497,64,1,35,6,4,0,0,0,0,12,0,37,0,0,0,0,5,male,Indian Premier League,T20,SP Narine,0,Kolkata Knight Riders,Delhi Capitals,2020-10-24,,6
9d430b40,1216520,6,1,6,1,0,0,0,0,0,4,0,27,0,0,0,0,9,male,Indian Premier League,T20,SP Narine,bowled,Kolkata Knight Riders,Kings XI Punjab,2020-10-26,,6
9d430b40,1216536,7,1,7,0,1,1,0,0,0,5,0,23,0,0,0,0,5,male,Indian Premier League,T20,SP Narine,0,Kolkata Knight Riders,Chennai Super Kings,2020-10-29,,6
9d430b40,1216530,0,1,2,0,0,0,0,0,0,2,0,37,0,0,0,0,8,male,Indian Premier League,T20,SP Narine,0,Kolkata Knight Riders,Rajasthan Royals,2020-11-01,,6
9d430b40,1254072,4,1,3,1,0,0,0,0,0,2,0,34,0,0,0,0,10,male,Indian Premier League,T20,SP Narine,0,Kolkata Knight Riders,Chennai Super Kings,2021-04-21,,6
9d430b40,1254075,6,1,7,1,0,0,0,0,0,4,0,24,0,0,0,0,11,male,Indian Premier League,T20,SP Narine,0,Kolkata Knight Riders,Rajasthan Royals,2021-04-24,,6
9d430b40,1254078,0,1,5,0,0,1,0,0,0,5,0,22,2,1,0,0,10,male,Indian Premier League,T20,SP Narine,0,Kolkata Knight Riders,Punjab Kings,2021-04-26,,6
9d430b40,1254082,0,1,1,0,0,0,0,0,0,1,0,36,0,0,0,0,7,male,Indian Premier League,T20,SP Narine,bowled,Kolkata Knight Riders,Delhi Capitals,2021-04-29,,6
9d430b40,1252666,2,1,5,0,0,0,0,0,0,3,0,23,1,0,0,0,10,male,The Hundred Men's Competition,T20,SP Narine,lbw,Oval Invincibles,Manchester Originals,2021-07-22,,5
9d430b40,1252678,22,1,11,0,3,0,0,0,0,4,0,15,1,0,0,0,12,male,The Hundred Men's Competition,T20,SP Narine,caught,Oval Invincibles,Northern Superchargers,2021-07-31,,5
9d430b40,1252681,19,1,11,1,2,0,0,0,0,6,0,19,0,0,0,0,7,male,The Hundred Men's Competition,T20,SP Narine,caught,Oval Invincibles,Welsh Fire,2021-08-02,,5
9d430b40,1252683,0,0,0,0,0,1,0,0,0,0,0,42,1,0,0,0,6,male,The Hundred Men's Competition,T20,SP Narine,0,Oval Invincibles,Birmingham Phoenix,2021-08-04,,5
9d430b40,1252687,1,1,4,0,0,0,0,0,0,3,0,15,3,1,0,0,6,male,The Hundred Men's Competition,T20,SP Narine,caught and bowled,Oval Invincibles,Trent Rockets,2021-08-08,,5
9d430b40,1252693,4,1,2,1,0,0,0,0,0,1,0,24,1,1,0,0,7,male,The Hundred Men's Competition,T20,SP Narine,0,Oval Invincibles,London Spirit,2021-08-14,,5
9d430b40,1252695,14,1,15,0,0,0,0,1,0,4,0,28,0,0,0,0,4,male,The Hundred Men's Competition,T20,SP Narine,0,Oval Invincibles,Southern Brave,2021-08-16,,5
9d430b40,1269700,20,1,17,2,1,0,0,0,0,9,0,17,2,1,0,0,14,male,Caribbean Premier League,T20,SP Narine,0,Trinbago Knight Riders,Guyana Amazon Warriors,2021-08-26,,6
9d430b40,1269703,0,1,1,0,0,0,0,0,0,1,0,28,1,0,0,0,12,male,Caribbean Premier League,T20,SP Narine,0,Trinbago Knight Riders,Barbados Royals,2021-08-27,,6
9d430b40,1269706,0,0,0,0,0,0,0,0,0,0,0,31,0,0,0,0,11,male,Caribbean Premier League,T20,SP Narine,0,Trinbago Knight Riders,St Lucia Kings,2021-08-29,,6
9d430b40,1269708,24,1,34,4,0,0,0,0,0,23,0,16,1,0,0,1,13,male,Caribbean Premier League,T20,SP Narine,caught,Trinbago Knight Riders,St Lucia Kings,2021-08-31,,6
9d430b40,1269710,21,1,22,2,1,0,0,0,0,13,0,17,4,0,0,0,19,male,Caribbean Premier League,T20,SP Narine,0,Trinbago Knight Riders,Guyana Amazon Warriors,2021-09-01,,6
9d430b40,1269717,9,1,8,2,0,0,0,0,0,5,0,17,1,0,0,0,18,male,Caribbean Premier League,T20,SP Narine,lbw,Trinbago Knight Riders,Jamaica Tallawahs,2021-09-05,,6
9d430b40,1269718,0,0,0,0,0,1,0,0,0,0,0,12,2,1,0,1,19,male,Caribbean Premier League,T20,SP Narine,0,Trinbago Knight Riders,Jamaica Tallawahs,2021-09-07,,6
9d430b40,1269722,0,0,0,0,0,0,0,0,0,0,0,30,2,2,0,0,12,male,Caribbean Premier League,T20,SP Narine,0,Trinbago Knight Riders,Barbados Royals,2021-09-09,,6
9d430b40,1269726,33,0,20,1,4,0,0,0,0,10,0,10,0,0,0,0,17,male,Caribbean Premier League,T20,SP Narine,0,Trinbago Knight Riders,St Kitts and Nevis Patriots,2021-09-11,,6
9d430b40,1269730,30,1,19,4,1,0,0,0,0,8,0,12,1,0,0,0,17,male,Caribbean Premier League,T20,SP Narine,caught,Trinbago Knight Riders,St Lucia Kings,2021-09-14,,6
9d430b40,1254087,0,0,0,0,0,0,0,0,0,0,0,21,0,0,0,0,12,male,Indian Premier League,T20,SP Narine,0,Kolkata Knight Riders,Royal Challengers Bangalore,2021-09-20,,6
9d430b40,1254096,0,0,0,0,0,1,0,0,0,0,0,21,1,0,0,0,10,male,Indian Premier League,T20,SP Narine,0,Kolkata Knight Riders,Mumbai Indians,2021-09-23,,6
9d430b40,1254098,0,0,1,0,0,0,0,0,0,1,0,41,3,1,1,0,7,male,Indian Premier League,T20,SP Narine,0,Kolkata Knight Riders,Chennai Super Kings,2021-09-26,,6
9d430b40,1254092,21,1,10,1,2,0,0,0,0,3,0,18,2,1,1,0,10,male,Indian Premier League,T20,SP Narine,0,Kolkata Knight Riders,Delhi Capitals,2021-09-28,,6
9d430b40,1254102,3,0,3,0,0,0,0,0,0,1,0,34,1,0,0,0,7,male,Indian Premier League,T20,SP Narine,0,Kolkata Knight Riders,Punjab Kings,2021-10-01,,6
9d430b40,1254109,0,0,0,0,0,0,0,0,0,0,0,12,0,0,0,0,12,male,Indian Premier League,T20,SP Narine,0,Kolkata Knight Riders,Sunrisers Hyderabad,2021-10-03,,6
9d430b40,1254106,0,0,0,0,0,0,0,0,0,0,0,31,0,0,0,0,12,male,Indian Premier League,T20,SP Narine,0,Kolkata Knight Riders,Rajasthan Royals,2021-10-07,,6
9d430b40,1254115,26,1,17,0,3,0,0,0,0,6,0,21,4,2,0,0,12,male,Indian Premier League,T20,SP Narine,0,Kolkata Knight Riders,Royal Challengers Bangalore,2021-10-11,,6
9d430b40,1254116,0,1,1,0,0,0,0,0,0,1,0,28,0,0,0,0,10,male,Indian Premier League,T20,SP Narine,0,Kolkata Knight Riders,Delhi Capitals,2021-10-13,,6
9d430b40,1254117,2,1,3,0,0,0,0,0,0,2,0,26,2,0,1,0,7,male,Indian Premier League,T20,SP Narine,caught,Kolkata Knight Riders,Chennai Super Kings,2021-10-15,,6
9d430b40,1296702,0,0,0,0,0,0,0,0,0,0,0,34,0,0,0,0,6,male,Bangladesh Premier League,T20,SP Narine,0,Comilla Victorians,Chattogram Challengers,2022-02-03,,6
9d430b40,1296705,3,1,7,0,0,0,0,0,0,4,0,26,0,0,0,0,9,male,Bangladesh Premier League,T20,SP Narine,caught,Comilla Victorians,Fortune Barishal,2022-02-07,,6
9d430b40,1296710,24,0,16,3,1,1,0,0,0,7,0,35,1,1,0,0,7,male,Bangladesh Premier League,T20,SP Narine,0,Comilla Victorians,Sylhet Sunrisers,2022-02-09,,6
9d430b40,1296711,0,1,1,0,0,1,0,0,0,1,0,15,0,0,0,0,14,male,Bangladesh Premier League,T20,SP Narine,0,Comilla Victorians,Khulna Tigers,2022-02-11,,6
9d430b40,1296714,1,0,6,0,0,0,0,0,0,5,0,22,0,0,0,0,9,male,Bangladesh Premier League,T20,SP Narine,0,Comilla Victorians,Khulna Tigers,2022-02-12,,6
9d430b40,1296716,17,1,17,1,1,1,0,0,0,8,0,17,0,0,0,0,17,male,Bangladesh Premier League,T20,SP Narine,0,Comilla Victorians,Fortune Barishal,2022-02-14,,6
9d430b40,1296717,57,1,17,5,6,0,0,0,0,5,0,24,0,0,0,0,11,male,Bangladesh Premier League,T20,SP Narine,0,Comilla Victorians,Chattogram Challengers,2022-02-16,,6
9d430b40,1296718,57,1,25,5,5,0,0,0,0,10,0,15,2,0,2,0,17,male,Bangladesh Premier League,T20,SP Narine,0,Comilla Victorians,Fortune Barishal,2022-02-18,,6
9d430b40,1304047,0,0,0,0,0,1,0,1,0,0,0,15,0,0,0,0,10,male,Indian Premier League,T20,SP Narine,0,Kolkata Knight Riders,Chennai Super Kings,2022-03-26,,6
9d430b40,1304052,12,1,8,1,1,0,0,0,0,4,0,12,1,0,0,0,13,male,Indian Premier League,T20,SP Narine,0,Kolkata Knight Riders,Royal Challengers Bangalore,2022-03-30,,6
9d430b40,1304054,0,0,0,0,0,0,0,0,0,0,0,23,1,1,0,0,15,male,Indian Premier League,T20,SP Narine,0,Kolkata Knight Riders,Punjab Kings,2022-04-01,,6
9d430b40,1304060,0,0,0,0,0,0,0,0,0,0,0,27,0,0,0,0,8,male,Indian Premier League,T20,SP Narine,0,Kolkata Knight Riders,Mumbai Indians,2022-04-06,,6
9d430b40,1304065,4,1,2,1,0,0,0,0,0,1,0,22,2,0,1,0,12,male,Indian Premier League,T20,SP Narine,0,Kolkata Knight Riders,Delhi Capitals,2022-04-10,,6
9d430b40,1304071,6,1,2,0,1,0,0,0,0,1,0,23,0,0,0,0,8,male,Indian Premier League,T20,SP Narine,0,Kolkata Knight Riders,Sunrisers Hyderabad,2022-04-15,,6
9d430b40,1304076,0,0,0,0,0,0,0,0,0,0,0,25,2,1,0,0,13,male,Indian Premier League,T20,SP Narine,0,Kolkata Knight Riders,Rajasthan Royals,2022-04-18,,6
9d430b40,1304081,5,1,5,1,0,0,0,0,0,3,0,31,0,0,0,0,7,male,Indian Premier League,T20,SP Narine,0,Kolkata Knight Riders,Gujarat Titans,2022-04-23,,6
9d430b40,1304087,0,1,1,0,0,1,0,0,0,1,0,19,1,0,1,0,14,male,Indian Premier League,T20,SP Narine,lbw,Kolkata Knight Riders,Delhi Capitals,2022-04-28,,6
9d430b40,1304093,0,0,0,0,0,0,0,0,0,0,0,19,0,0,0,0,12,male,Indian Premier League,T20,SP Narine,0,Kolkata Knight Riders,Rajasthan Royals,2022-05-02,,6
9d430b40,1304099,22,1,12,3,1,0,0,0,0,5,0,20,1,0,0,0,12,male,Indian Premier League,T20,SP Narine,caught,Kolkata Knight Riders,Lucknow Super Giants,2022-05-07,,6
9d430b40,1304102,0,1,1,0,0,0,0,0,0,1,0,22,0,0,0,0,10,male,Indian Premier League,T20,SP Narine,caught and bowled,Kolkata Knight Riders,Mumbai Indians,2022-05-09,,6
9d430b40,1304107,1,0,2,0,0,0,0,0,0,1,0,34,1,0,0,0,6,male,Indian Premier League,T20,SP Narine,0,Kolkata Knight Riders,Sunrisers Hyderabad,2022-05-14,,6
9d430b40,1304112,21,0,7,0,3,0,0,0,0,1,0,27,0,0,0,0,8,male,Indian Premier League,T20,SP Narine,0,Kolkata Knight Riders,Lucknow Super Giants,2022-05-18,,6
9d430b40,1297804,0,0,0,0,0,0,0,0,0,0,0,17,1,0,0,0,10,male,Vitality Blast,T20,SP Narine,0,Surrey,Glamorgan,2022-05-27,,6
9d430b40,1297818,6,1,4,1,0,0,0,0,0,1,0,19,1,1,0,0,11,male,Vitality Blast,T20,SP Narine,0,Surrey,Gloucestershire,2022-05-31,,6
9d430b40,1297827,52,1,26,5,4,0,0,0,0,11,0,24,1,0,0,0,10,male,Vitality Blast,T20,SP Narine,caught,Surrey,Hampshire,2022-06-02,,6
9d430b40,1297830,25,1,21,1,2,1,0,0,0,11,0,20,1,0,0,0,7,male,Vitality Blast,T20,SP Narine,0,Surrey,Kent,2022-06-03,,6
9d430b40,1297842,6,1,4,1,0,0,0,0,0,1,0,0,0,0,0,0,0,male,Vitality Blast,T20,SP Narine,lbw,Surrey,Glamorgan,2022-06-05,,6
9d430b40,1297850,0,0,0,0,0,0,0,0,0,0,0,21,1,0,0,0,8,male,Vitality Blast,T20,SP Narine,0,Surrey,Sussex,2022-06-08,,6
9d430b40,1297854,25,1,18,2,1,0,0,0,0,8,0,29,2,1,0,0,9,male,Vitality Blast,T20,SP Narine,caught,Surrey,Middlesex,2022-06-09,,6
9d430b40,1297866,51,0,31,2,4,0,0,0,0,7,0,28,1,0,0,0,10,male,Vitality Blast,T20,SP Narine,0,Surrey,Middlesex,2022-06-17,,6
9d430b40,1297876,11,1,9,1,1,0,0,0,0,6,0,29,1,0,0,0,8,male,Vitality Blast,T20,SP Narine,caught,Surrey,Hampshire,2022-06-19,,6
9d430b40,1297884,13,1,12,0,1,0,0,0,0,6,0,20,0,0,0,0,9,male,Vitality Blast,T20,SP Narine,caught,Surrey,Somerset,2022-06-21,,6
9d430b40,1297892,6,1,2,0,1,1,0,0,0,1,0,25,0,0,0,0,7,male,Vitality Blast,T20,SP Narine,0,Surrey,Sussex,2022-06-23,,6
9d430b40,1297900,4,1,4,1,0,0,0,0,0,3,0,35,2,0,0,0,5,male,Vitality Blast,T20,SP Narine,caught and bowled,Surrey,Essex,2022-06-24,,6
9d430b40,1297905,0,0,0,0,0,0,0,0,0,0,0,27,1,0,0,0,12,male,Vitality Blast,T20,SP Narine,0,Surrey,Kent,2022-07-01,,6
9d430b40,1297920,0,1,1,0,0,0,0,0,0,1,0,26,1,0,0,0,6,male,Vitality Blast,T20,SP Narine,0,Surrey,Yorkshire,2022-07-06,,6
9d430b40,1299172,9,0,10,0,1,0,0,0,0,6,0,25,2,1,0,0,10,male,The Hundred Men's Competition,T20,SP Narine,0,Oval Invincibles,London Spirit,2022-08-04,,5
9d430b40,1299175,6,0,6,1,0,0,0,0,0,3,0,22,3,2,1,0,9,male,The Hundred Men's Competition,T20,SP Narine,0,Oval Invincibles,Welsh Fire,2022-08-07,,5
9d430b40,1299179,4,1,3,1,0,0,0,0,0,2,0,12,3,0,1,0,12,male,The Hundred Men's Competition,T20,SP Narine,caught,Oval Invincibles,Northern Superchargers,2022-08-11,,5
9d430b40,1299184,0,0,0,0,0,0,0,0,0,0,0,20,0,0,0,0,8,male,The Hundred Men's Competition,T20,SP Narine,0,Oval Invincibles,Southern Brave,2022-08-14,,5
9d430b40,1299187,23,1,21,2,1,0,0,0,0,10,0,28,1,0,0,0,5,male,The Hundred Men's Competition,T20,SP Narine,caught and bowled,Oval Invincibles,Trent Rockets,2022-08-17,,5
9d430b40,1299193,6,0,6,1,0,1,0,0,0,3,0,21,2,0,0,0,9,male,The Hundred Men's Competition,T20,SP Narine,0,Oval Invincibles,Birmingham Phoenix,2022-08-23,,5
9d430b40,1323145,6,1,4,0,1,1,0,0,0,3,0,21,1,1,0,0,15,male,Caribbean Premier League,T20,SP Narine,caught,Trinbago Knight Riders,St Lucia Kings,2022-09-01,,6
9d430b40,1323151,7,1,6,1,0,0,0,0,0,3,0,23,1,0,0,0,12,male,Caribbean Premier League,T20,SP Narine,bowled,Trinbago Knight Riders,Barbados Royals,2022-09-07,,6
9d430b40,1323155,0,1,2,0,0,1,0,0,0,2,0,11,2,2,0,0,18,male,Caribbean Premier League,T20,SP Narine,0,Trinbago Knight Riders,Jamaica Tallawahs,2022-09-10,,6
9d430b40,1323159,30,1,32,0,2,0,0,0,0,13,0,21,0,0,0,0,16,male,Caribbean Premier League,T20,SP Narine,caught,Trinbago Knight Riders,Barbados Royals,2022-09-13,,6
9d430b40,1323161,26,1,23,0,2,0,0,0,0,9,0,9,2,1,0,0,16,male,Caribbean Premier League,T20,SP Narine,0,Trinbago Knight Riders,Guyana Amazon Warriors,2022-09-14,,6
9d430b40,1323164,4,1,3,1,0,1,0,0,0,2,0,21,1,0,1,0,14,male,Caribbean Premier League,T20,SP Narine,0,Trinbago Knight Riders,Jamaica Tallawahs,2022-09-17,,6
9d430b40,1323166,19,0,17,2,1,0,0,0,0,9,0,31,2,0,2,0,11,male,Caribbean Premier League,T20,SP Narine,0,Trinbago Knight Riders,St Lucia Kings,2022-09-18,,6
9d430b40,1323169,0,1,1,0,0,0,0,0,0,1,0,13,0,0,0,0,12,male,Caribbean Premier League,T20,SP Narine,0,Trinbago Knight Riders,St Kitts and Nevis Patriots,2022-09-22,,6
9d430b40,1323171,19,1,14,1,2,0,0,0,0,8,0,23,1,0,0,0,11,male,Caribbean Premier League,T20,SP Narine,0,Trinbago Knight Riders,Guyana Amazon Warriors,2022-09-24,,6
9d430b40,1346916,4,1,6,0,0,1,0,0,0,3,0,28,1,1,0,0,7,male,International League T20,T20,SP Narine,caught,Abu Dhabi Knight Riders,Dubai Capitals,2023-01-13,,6
9d430b40,1346918,11,1,12,0,1,0,0,0,0,7,0,21,2,2,0,0,11,male,International League T20,T20,SP Narine,0,Abu Dhabi Knight Riders,Gulf Giants,2023-01-15,,6
9d430b40,1346922,3,1,6,0,0,0,0,0,0,3,0,26,1,1,0,0,6,male,International League T20,T20,SP Narine,caught,Abu Dhabi Knight Riders,Desert Vipers,2023-01-18,,6
9d430b40,1346924,5,1,10,1,0,0,0,0,0,8,0,37,0,0,0,0,3,male,International League T20,T20,SP Narine,0,Abu Dhabi Knight Riders,Desert Vipers,2023-01-20,,6
9d430b40,1346926,28,0,20,3,1,1,0,0,0,8,0,24,1,0,0,0,8,male,International League T20,T20,SP Narine,0,Abu Dhabi Knight Riders,MI Emirates,2023-01-21,,6
9d430b40,1346934,0,0,0,0,0,1,0,0,0,0,0,28,0,0,0,0,12,male,International League T20,T20,SP Narine,0,Abu Dhabi Knight Riders,Sharjah Warriors,2023-01-28,,6
9d430b40,1346937,23,1,15,3,1,0,0,0,0,6,0,31,0,0,0,0,7,male,International League T20,T20,SP Narine,run out,Abu Dhabi Knight Riders,Dubai Capitals,2023-01-30,,6
9d430b40,1346941,11,1,7,1,1,0,0,0,0,4,0,33,2,0,0,0,9,male,International League T20,T20,SP Narine,0,Abu Dhabi Knight Riders,MI Emirates,2023-02-03,,6
9d430b40,1346943,0,0,0,0,0,0,0,0,0,0,0,15,1,1,0,0,11,male,International League T20,T20,SP Narine,0,Abu Dhabi Knight Riders,Sharjah Warriors,2023-02-04,,6
9d430b40,1351089,0,0,0,0,0,1,1,0,0,0,0,19,0,0,0,0,13,male,Bangladesh Premier League,T20,SP Narine,0,Comilla Victorians,Fortune Barishal,2023-02-07,,6
9d430b40,1351092,8,1,3,2,0,0,0,0,0,1,0,27,2,2,0,0,13,male,Bangladesh Premier League,T20,SP Narine,0,Comilla Victorians,Rangpur Riders,2023-02-10,,6
9d430b40,1351095,39,1,18,3,4,1,0,0,0,8,0,9,1,1,0,1,12,male,Bangladesh Premier League,T20,SP Narine,bowled,Comilla Victorians,Sylhet Strikers,2023-02-12,,6
9d430b40,1351097,10,1,5,1,1,0,0,0,0,3,0,35,1,1,0,0,8,male,Bangladesh Premier League,T20,SP Narine,caught,Comilla Victorians,Sylhet Strikers,2023-02-16,,6
9d430b40,1359476,7,0,2,0,1,0,0,0,0,0,0,40,1,0,0,0,9,male,Indian Premier League,T20,SP Narine,0,Kolkata Knight Riders,Punjab Kings,2023-04-01,,6
9d430b40,1359483,0,0,1,0,0,1,0,0,0,1,0,20,2,1,0,0,12,male,Indian Premier League,T20,SP Narine,0,Kolkata Knight Riders,Royal Challengers Bangalore,2023-04-06,,6
9d430b40,1359487,0,1,1,0,0,0,0,0,0,1,0,33,3,0,0,0,9,male,Indian Premier League,T20,SP Narine,caught,Kolkata Knight Riders,Gujarat Titans,2023-04-09,,6
9d430b40,1359493,0,1,1,0,0,0,0,0,0,1,0,28,0,0,0,0,9,male,Indian Premier League,T20,SP Narine,0,Kolkata Knight Riders,Sunrisers Hyderabad,2023-04-14,,6
9d430b40,1359496,2,0,4,0,0,0,0,0,0,2,0,41,0,0,0,0,5,male,Indian Premier League,T20,SP Narine,0,Kolkata Knight Riders,Mumbai Indians,2023-04-16,,6
9d430b40,1359502,4,1,6,1,0,0,0,0,0,5,0,37,0,0,0,0,8,male,Indian Premier League,T20,SP Narine,0,Kolkata Knight Riders,Delhi Capitals,2023-04-20,,6
9d430b40,1359507,0,1,3,0,0,0,0,0,0,3,0,23,0,0,0,0,3,male,Indian Premier League,T20,SP Narine,0,Kolkata Knight Riders,Chennai Super Kings,2023-04-23,,6
9d430b40,1359510,0,0,0,0,0,0,0,0,0,0,0,42,0,0,0,0,2,male,Indian Premier League,T20,SP Narine,0,Kolkata Knight Riders,Royal Challengers Bangalore,2023-04-26,,6
9d430b40,1359513,0,0,0,0,0,0,0,0,0,0,0,24,1,0,0,0,3,male,Indian Premier League,T20,SP Narine,0,Kolkata Knight Riders,Gujarat Titans,2023-04-29,,6
9d430b40,1359521,1,1,2,0,0,0,0,0,0,1,0,16,0,0,0,0,1,male,Indian Premier League,T20,SP Narine,caught,Kolkata Knight Riders,Sunrisers Hyderabad,2023-05-04,,6
9d430b40,1359527,0,0,0,0,0,0,0,0,0,0,0,29,0,0,0,0,10,male,Indian Premier League,T20,SP Narine,0,Kolkata Knight Riders,Punjab Kings,2023-05-08,,6
9d430b40,1359530,6,1,5,1,0,0,0,0,0,2,0,13,0,0,0,0,5,male,Indian Premier League,T20,SP Narine,0,Kolkata Knight Riders,Rajasthan Royals,2023-05-11,,6
9d430b40,1359535,0,0,0,0,0,0,0,0,0,0,0,15,2,2,0,0,10,male,Indian Premier League,T20,SP Narine,0,Kolkata Knight Riders,Chennai Super Kings,2023-05-14,,6
9d430b40,1359542,1,1,3,0,0,0,0,0,0,2,0,28,2,0,0,0,9,male,Indian Premier League,T20,SP Narine,run out,Kolkata Knight Riders,Lucknow Super Giants,2023-05-20,,6
9d430b40,1347574,10,1,12,2,0,0,0,0,0,8,0,37,2,2,0,0,11,male,Vitality Blast,T20,SP Narine,caught,Surrey,Middlesex,2023-05-25,,6
9d430b40,1347575,0,0,0,0,0,0,0,0,0,0,0,29,2,0,0,0,6,male,Vitality Blast,T20,SP Narine,0,Surrey,Kent,2023-05-26,,6
9d430b40,1347586,29,1,19,2,3,0,0,0,0,11,0,19,1,0,0,0,12,male,Vitality Blast,T20,SP Narine,0,Surrey,Sussex,2023-05-28,,6
9d430b40,1347595,7,1,3,0,1,1,0,0,0,1,0,22,0,0,0,0,9,male,Vitality Blast,T20,SP Narine,0,Surrey,Hampshire,2023-05-31,,6
9d430b40,1347607,7,1,9,1,0,0,0,0,0,5,0,17,1,1,0,0,12,male,Vitality Blast,T20,SP Narine,0,Surrey,Gloucestershire,2023-06-02,,6
9d430b40,1347617,0,0,0,0,0,0,0,0,0,0,0,28,2,1,0,0,4,male,Vitality Blast,T20,SP Narine,0,Surrey,Kent,2023-06-04,,6
9d430b40,1347625,0,0,0,0,0,0,0,0,0,0,0,34,1,0,0,0,5,male,Vitality Blast,T20,SP Narine,0,Surrey,Glamorgan,2023-06-07,,6
9d430b40,1347633,8,0,5,1,0,0,0,0,0,1,0,12,3,0,0,0,11,male,Vitality Blast,T20,SP Narine,0,Surrey,Sussex,2023-06-09,,6
9d430b40,1347644,8,1,5,0,1,1,0,0,0,3,0,56,0,0,0,0,8,male,Vitality Blast,T20,SP Narine,0,Surrey,Somerset,2023-06-16,,6
9d430b40,1347649,2,1,7,0,0,0,0,0,0,5,0,24,0,0,0,0,7,male,Vitality Blast,T20,SP Narine,bowled,Surrey,Hampshire,2023-06-18,,6
9d430b40,1347656,36,1,19,4,1,0,0,0,0,2,0,25,2,1,0,0,8,male,Vitality Blast,T20,SP Narine,0,Surrey,Glamorgan,2023-06-20,,6
9d430b40,1347665,0,1,2,0,0,0,0,0,0,2,0,51,0,0,0,0,4,male,Vitality Blast,T20,SP Narine,caught,Surrey,Middlesex,2023-06-22,,6
9d430b40,1347679,16,1,8,4,0,0,0,0,0,4,0,39,2,1,0,0,13,male,Vitality Blast,T20,SP Narine,caught,Surrey,Somerset,2023-06-30,,6
9d430b40,1347690,78,0,40,7,6,0,0,0,0,13,0,43,1,0,0,0,6,male,Vitality Blast,T20,SP Narine,0,Surrey,Essex,2023-07-02,,6
9d430b40,1347695,2,0,2,0,0,0,0,0,0,0,0,35,1,0,0,0,10,male,Vitality Blast,T20,SP Narine,0,Surrey,Lancashire,2023-07-07,,6
9d430b40,1381361,15,1,15,0,1,1,0,0,0,6,0,29,1,0,1,0,8,male,Major League Cricket,T20,SP Narine,0,Los Angeles Knight Riders,Texas Super Kings,2023-07-13,,6
9d430b40,1381366,2,1,5,0,0,1,0,0,0,3,0,15,0,0,0,0,11,male,Major League Cricket,T20,SP Narine,caught,Los Angeles Knight Riders,MI New York,2023-07-16,,6
9d430b40,1381368,28,0,19,0,3,0,0,0,0,6,0,34,1,0,0,0,10,male,Major League Cricket,T20,SP Narine,0,Los Angeles Knight Riders,San Francisco Unicorns,2023-07-18,,6
9d430b40,1381369,0,1,2,0,0,0,0,0,0,2,0,20,1,1,0,0,12,male,Major League Cricket,T20,SP Narine,0,Los Angeles Knight Riders,Washington Freedom,2023-07-20,,6
9d430b40,1381372,8,1,5,0,1,2,0,0,0,2,0,30,1,1,0,0,5,male,Major League Cricket,T20,SP Narine,0,Los Angeles Knight Riders,Seattle Orcas,2023-07-23,,6
9d430b40,1355608,13,0,6,1,1,0,0,0,0,2,0,14,2,0,2,0,9,male,The Hundred Men's Competition,T20,SP Narine,0,Oval Invincibles,London Spirit,2023-08-02,,5
9d430b40,1355614,2,0,5,0,0,0,0,0,0,3,0,26,0,0,0,0,4,male,The Hundred Men's Competition,T20,SP Narine,0,Oval Invincibles,Welsh Fire,2023-08-06,,5
9d430b40,1355618,0,0,0,0,0,0,0,0,0,0,0,12,2,0,0,0,11,male,The Hundred Men's Competition,T20,SP Narine,0,Oval Invincibles,Manchester Originals,2023-08-09,,5
9d430b40,1355620,0,0,0,0,0,0,0,0,0,0,0,35,1,0,0,0,3,male,The Hundred Men's Competition,T20,SP Narine,0,Oval Invincibles,Northern Superchargers,2023-08-11,,5
9d430b40,1355624,20,1,11,0,3,0,0,0,0,6,0,32,0,0,0,0,6,male,The Hundred Men's Competition,T20,SP Narine,0,Oval Invincibles,Birmingham Phoenix,2023-08-13,,5
9d430b40,1369560,0,0,0,0,0,0,0,0,0,0,0,0,0,0,0,0,0,male,Caribbean Premier League,T20,SP Narine,0,Trinbago Knight Riders,St Kitts and Nevis Patriots,2023-08-19,,6
9d430b40,1369566,1,1,3,0,0,0,0,0,0,2,0,25,0,0,0,0,10,male,Caribbean Premier League,T20,SP Narine,0,Trinbago Knight Riders,St Lucia Kings,2023-08-26,,6
9d430b40,1369569,0,0,0,0,0,0,0,0,0,0,0,24,3,1,0,0,11,male,Caribbean Premier League,T20,SP Narine,0,Trinbago Knight Riders,St Kitts and Nevis Patriots,2023-08-27,,6
9d430b40,1369570,0,0,0,0,0,0,0,0,0,0,0,11,1,0,1,0,6,male,Caribbean Premier League,T20,SP Narine,0,Trinbago Knight Riders,Barbados Royals,2023-08-30,,6
9d430b40,1369574,0,1,3,0,0,0,0,0,0,3,0,26,2,1,1,0,10,male,Caribbean Premier League,T20,SP Narine,0,Trinbago Knight Riders,Jamaica Tallawahs,2023-09-03,,6
9d430b40,1369576,4,1,2,1,0,0,0,0,0,1,0,29,0,0,0,0,12,male,Caribbean Premier League,T20,SP Narine,caught,Trinbago Knight Riders,Guyana Amazon Warriors,2023-09-05,,6
9d430b40,1369577,0,0,0,0,0,1,0,0,0,0,0,41,1,0,0,1,12,male,Caribbean Premier League,T20,SP Narine,0,Trinbago Knight Riders,Barbados Royals,2023-09-06,,6
9d430b40,1369579,15,1,6,2,1,0,0,0,0,2,0,30,2,1,0,0,14,male,Caribbean Premier League,T20,SP Narine,0,Trinbago Knight Riders,Jamaica Tallawahs,2023-09-09,,6
9d430b40,1369581,0,0,0,0,0,0,0,0,0,0,0,33,1,0,0,0,10,male,Caribbean Premier League,T20,SP Narine,0,Trinbago Knight Riders,St Lucia Kings,2023-09-10,,6
9d430b40,1369591,1,1,4,0,0,0,0,0,0,3,0,10,0,0,0,0,15,male,Caribbean Premier League,T20,SP Narine,caught,Trinbago Knight Riders,Guyana Amazon Warriors,2023-09-24,,6
9d430b40,1406891,0,0,0,0,0,0,0,0,0,0,0,23,2,0,0,0,8,male,International League T20,T20,SP Narine,0,Abu Dhabi Knight Riders,Desert Vipers,2024-01-21,,6
9d430b40,1406894,1,1,5,0,0,1,0,0,0,4,0,9,0,0,0,0,4,male,International League T20,T20,SP Narine,0,Abu Dhabi Knight Riders,MI Emirates,2024-01-23,,6
9d430b40,1406896,0,0,0,0,0,0,0,0,0,0,0,24,2,0,0,0,10,male,International League T20,T20,SP Narine,0,Abu Dhabi Knight Riders,Dubai Capitals,2024-01-25,,6
9d430b40,1406898,0,0,0,0,0,0,0,0,0,0,0,27,1,1,0,0,12,male,International League T20,T20,SP Narine,0,Abu Dhabi Knight Riders,Desert Vipers,2024-01-27,,6
9d430b40,1406900,0,0,0,0,0,0,0,0,0,0,0,31,0,0,0,0,9,male,International League T20,T20,SP Narine,0,Abu Dhabi Knight Riders,MI Emirates,2024-01-28,,6
9d430b40,1406904,0,0,0,0,0,0,0,0,0,0,0,23,0,0,0,0,13,male,International League T20,T20,SP Narine,0,Abu Dhabi Knight Riders,Gulf Giants,2024-01-31,,6
9d430b40,1406908,2,1,10,0,0,0,0,0,0,8,0,22,2,0,0,0,9,male,International League T20,T20,SP Narine,0,Abu Dhabi Knight Riders,Dubai Capitals,2024-02-03,,6
9d430b40,1406913,0,1,1,0,0,0,0,0,0,1,0,15,0,0,0,0,12,male,International League T20,T20,SP Narine,0,Abu Dhabi Knight Riders,Sharjah Warriors,2024-02-07,,6
9d430b40,1406916,2,0,3,0,0,1,0,0,0,1,0,22,0,0,0,0,7,male,International League T20,T20,SP Narine,0,Abu Dhabi Knight Riders,Gulf Giants,2024-02-10,,6
9d430b40,1406920,1,1,6,0,0,0,0,0,0,5,0,31,0,0,0,0,5,male,International League T20,T20,SP Narine,0,Abu Dhabi Knight Riders,Dubai Capitals,2024-02-13,,6
9d430b40,1412310,0,0,0,0,0,0,0,0,0,0,0,18,2,0,1,0,11,male,Bangladesh Premier League,T20,SP Narine,0,Comilla Victorians,Sylhet Strikers,2024-02-19,,6
9d430b40,1412313,15,1,11,3,0,2,0,1,0,5,0,26,0,0,0,0,9,male,Bangladesh Premier League,T20,SP Narine,0,Comilla Victorians,Rangpur Riders,2024-02-20,,6
9d430b40,1412314,16,1,18,2,1,0,0,0,0,13,0,18,0,0,0,0,17,male,Bangladesh Premier League,T20,SP Narine,0,Comilla Victorians,Fortune Barishal,2024-02-23,,6
9d430b40,1412317,0,1,1,0,0,0,0,0,0,1,0,11,1,0,0,0,14,male,Bangladesh Premier League,T20,SP Narine,caught,Comilla Victorians,Rangpur Riders,2024-02-26,,6
9d430b40,1412319,5,1,4,1,0,0,0,0,0,2,0,21,0,0,0,0,9,male,Bangladesh Premier League,T20,SP Narine,caught,Comilla Victorians,Fortune Barishal,2024-03-01,,6
9d430b40,1422121,2,0,5,0,0,0,0,0,0,3,0,19,1,0,0,0,8,male,Indian Premier League,T20,SP Narine,0,Kolkata Knight Riders,Sunrisers Hyderabad,2024-03-23,,6
9d430b40,1422128,47,1,23,2,5,0,0,0,0,10,0,40,1,0,0,0,6,male,Indian Premier League,T20,SP Narine,bowled,Kolkata Knight Riders,Royal Challengers Bengaluru,2024-03-29,,6
9d430b40,1422134,85,1,42,7,7,1,0,0,0,15,0,30,1,0,0,0,12,male,Indian Premier League,T20,SP Narine,0,Kolkata Knight Riders,Delhi Capitals,2024-04-03,,6
9d430b40,1426260,27,1,23,3,2,0,0,0,0,15,0,30,1,1,0,0,5,male,Indian Premier League,T20,SP Narine,caught,Kolkata Knight Riders,Chennai Super Kings,2024-04-08,,6
9d430b40,1426266,6,1,6,1,0,1,0,0,0,4,0,17,1,0,0,0,7,male,Indian Premier League,T20,SP Narine,caught,Kolkata Knight Riders,Lucknow Super Giants,2024-04-14,,6
9d430b40,1426269,109,1,64,13,6,1,0,0,0,26,0,31,2,0,2,0,14,male,Indian Premier League,T20,SP Narine,0,Kolkata Knight Riders,Rajasthan Royals,2024-04-16,,6
9d430b40,1426274,10,1,15,2,0,0,0,0,0,11,0,36,2,0,0,0,11,male,Indian Premier League,T20,SP Narine,0,Kolkata Knight Riders,Royal Challengers Bengaluru,2024-04-21,,6
9d430b40,1426280,71,1,36,9,4,0,1,0,0,13,0,24,1,0,0,0,12,male,Indian Premier League,T20,SP Narine,0,Kolkata Knight Riders,Punjab Kings,2024-04-26,,6
9d430b40,1426285,15,1,10,3,0,0,0,0,0,4,0,24,1,1,0,0,9,male,Indian Premier League,T20,SP Narine,caught,Kolkata Knight Riders,Delhi Capitals,2024-04-29,,6
9d430b40,1426289,8,1,8,0,1,2,0,0,0,5,0,22,2,1,0,0,12,male,Indian Premier League,T20,SP Narine,bowled,Kolkata Knight Riders,Mumbai Indians,2024-05-03,,6
9d430b40,1426292,81,1,40,6,7,0,0,0,0,14,0,22,1,0,0,0,9,male,Indian Premier League,T20,SP Narine,0,Kolkata Knight Riders,Lucknow Super Giants,2024-05-05,,6
9d430b40,1426298,0,1,1,0,0,1,0,0,0,1,0,21,1,0,0,0,10,male,Indian Premier League,T20,SP Narine,0,Kolkata Knight Riders,Mumbai Indians,2024-05-11,,6
9d430b40,1426309,21,1,17,4,0,0,0,0,0,9,0,40,1,1,0,0,7,male,Indian Premier League,T20,SP Narine,0,Kolkata Knight Riders,Sunrisers Hyderabad,2024-05-21,,6
9d430b40,1426312,6,1,2,0,1,1,0,0,0,1,0,20,1,0,1,0,9,male,Indian Premier League,T20,SP Narine,0,Kolkata Knight Riders,Sunrisers Hyderabad,2024-05-26,,6
9d430b40,1432727,2,1,3,0,0,0,0,0,0,2,0,23,1,0,1,0,8,male,Major League Cricket,T20,SP Narine,0,Los Angeles Knight Riders,Texas Super Kings,2024-07-05,,6
9d430b40,1432729,6,1,6,1,0,0,0,0,0,3,0,40,1,1,0,0,8,male,Major League Cricket,T20,SP Narine,caught,Los Angeles Knight Riders,San Francisco Unicorns,2024-07-07,,6
9d430b40,1432731,5,1,6,1,0,0,0,0,0,4,0,25,0,0,0,0,11,male,Major League Cricket,T20,SP Narine,0,Los Angeles Knight Riders,Seattle Orcas,2024-07-09,,6
9d430b40,1432736,0,1,2,0,0,0,0,0,0,2,0,17,0,0,0,0,12,male,Major League Cricket,T20,SP Narine,0,Los Angeles Knight Riders,Washington Freedom,2024-07-14,,6
9d430b40,1432740,8,1,7,0,1,0,2,0,0,4,0,21,1,1,0,0,12,male,Major League Cricket,T20,SP Narine,bowled,Los Angeles Knight Riders,Seattle Orcas,2024-07-17,,6
9d430b40,1432744,6,1,5,1,0,0,0,0,0,2,0,24,2,0,0,0,14,male,Major League Cricket,T20,SP Narine,0,Los Angeles Knight Riders,MI New York,2024-07-21,,6
9d430b40,1428680,38,1,21,3,4,0,0,0,0,13,0,24,2,1,0,0,12,male,Caribbean Premier League,T20,SP Narine,caught,Trinbago Knight Riders,St Kitts and Nevis Patriots,2024-08-31,,6
9d430b40,1428685,0,1,4,0,0,1,0,0,0,4,0,33,1,1,0,0,11,male,Caribbean Premier League,T20,SP Narine,caught,Trinbago Knight Riders,Antigua and Barbuda Falcons,2024-09-05,,6
9d430b40,1428689,14,1,8,0,2,0,0,0,0,5,0,15,2,0,0,0,17,male,Caribbean Premier League,T20,SP Narine,0,Trinbago Knight Riders,St Lucia Kings,2024-09-10,,6
9d430b40,1428692,0,1,1,0,0,0,0,0,0,1,0,16,2,1,1,0,13,male,Caribbean Premier League,T20,SP Narine,caught,Trinbago Knight Riders,Barbados Royals,2024-09-13,,6
9d430b40,1428696,11,1,6,1,1,0,0,0,0,3,0,24,1,1,0,0,8,male,Caribbean Premier League,T20,SP Narine,bowled,Trinbago Knight Riders,Guyana Amazon Warriors,2024-09-18,,6
9d430b40,1428697,4,1,3,1,0,0,0,0,0,2,0,20,0,0,0,1,14,male,Caribbean Premier League,T20,SP Narine,0,Trinbago Knight Riders,Antigua and Barbuda Falcons,2024-09-19,,6
9d430b40,1428708,2,1,3,0,0,0,0,0,0,2,0,22,1,1,0,0,4,male,Caribbean Premier League,T20,SP Narine,0,Trinbago Knight Riders,Barbados Royals,2024-10-01,,6
