player_id,match_id,runs_scored,player_out,balls_faced,fours_scored,sixes_scored,catches_taken,run_out_direct,run_out_throw,stumpings_done,dot_balls_as_batsman,order_seenballs_bowled,runs_conceded,wickets_taken,bowled_done,lbw_done,maidens,dot_balls_as_bowler,gender,series_name,match_type,name,out_kind,player_team,opposition_team,start_date,end_date,balls_per_over
92cf79a8,423387,66,1,74,9,0,0,0,0,0,41,0,27,0,0,0,1,41,female,West Indies Women in South Africa ODI Series,ODI,SR Taylor,0,West Indies,South Africa,2009-10-21,,6
92cf79a8,412717,40,1,35,3,2,0,0,0,0,16,0,11,0,0,0,0,5,female,ICC Women's World Twenty20,T20,SR Taylor,0,West Indies,New Zealand,2010-05-14,,6
a9231c3f,467090,0,1,6,0,0,1,0,0,0,6,0,0,0,0,0,0,0,male,ICC World Cricket League Division Four,ODM,SR Taylor,0,United States of America,Argentina,2010-08-20,,6
a9231c3f,576406,30,1,25,6,0,1,0,0,1,13,0,0,0,0,0,0,0,male,ICC World Cricket League Division Four,ODM,SR Taylor,0,United States of America,Denmark,2012-09-04,,6
a9231c3f,576408,46,1,27,4,4,1,0,0,0,14,0,0,0,0,0,0,0,male,ICC World Cricket League Division Four,ODM,SR Taylor,0,United States of America,Tanzania,2012-09-06,,6
a9231c3f,576411,17,1,26,3,0,1,0,0,0,19,0,0,0,0,0,0,0,male,ICC World Cricket League Division Four,ODM,SR Taylor,caught,United States of America,Nepal,2012-09-07,,6
a9231c3f,576416,50,1,48,5,3,2,0,0,0,30,0,0,0,0,0,0,0,male,ICC World Cricket League Division Four,ODM,SR Taylor,0,United States of America,Singapore,2012-09-09,,6
92cf79a8,551595,4,1,11,0,0,0,0,0,0,8,0,26,0,0,0,0,8,female,West Indies Women in England T20I Series,T20,SR Taylor,0,West Indies,England,2012-09-13,,6
92cf79a8,551596,40,0,57,1,0,0,0,0,0,25,0,23,2,0,1,0,10,female,West Indies Women in England T20I Series,T20,SR Taylor,0,West Indies,England,2012-09-15,,6
92cf79a8,551597,18,1,13,3,0,0,0,0,0,6,0,25,0,0,0,0,9,female,West Indies Women in England T20I Series,T20,SR Taylor,0,West Indies,England,2012-09-16,,6
92cf79a8,533300,35,1,43,4,0,0,0,0,0,22,0,29,2,0,0,0,13,female,ICC Women's World Twenty20,T20,SR Taylor,0,West Indies,New Zealand,2012-09-26,,6
92cf79a8,533304,3,0,3,0,0,0,0,0,0,1,0,4,1,0,0,0,9,female,ICC Women's World Twenty20,T20,SR Taylor,0,West Indies,Sri Lanka,2012-09-28,,6
92cf79a8,533307,33,0,33,6,0,0,1,0,0,19,0,10,3,0,1,2,18,female,ICC Women's World Twenty20,T20,SR Taylor,0,West Indies,South Africa,2012-09-30,,6
92cf79a8,533312,3,1,11,0,0,1,0,0,0,8,0,19,0,0,0,0,8,female,ICC Women's World Twenty20,T20,SR Taylor,bowled,West Indies,Australia,2012-10-05,,6
92cf79a8,588498,13,1,14,2,0,0,0,0,0,8,0,24,2,0,0,0,12,female,South Africa Women in West Indies T20I Series,T20,SR Taylor,caught,West Indies,South Africa,2013-01-19,,6
92cf79a8,594891,9,1,19,1,0,0,0,0,0,14,0,54,0,0,0,0,39,female,ICC Women's World Cup,ODI,SR Taylor,0,West Indies,India,2013-01-31,,6
92cf79a8,594909,49,1,53,7,0,0,0,1,0,26,0,26,2,0,1,1,42,female,ICC Women's World Cup,ODI,SR Taylor,0,West Indies,New Zealand,2013-02-11,,6
92cf79a8,594915,5,1,9,1,0,0,0,0,0,7,0,44,1,0,0,1,32,female,ICC Women's World Cup,ODI,SR Taylor,0,West Indies,Australia,2013-02-17,,6
92cf79a8,603239,7,1,26,0,0,1,0,0,0,19,0,26,0,0,0,1,41,female,West Indies Women in Sri Lanka ODI Series,ODI,SR Taylor,caught,West Indies,Sri Lanka,2013-02-22,,6
92cf79a8,603240,0,1,1,0,0,0,0,0,0,1,0,32,2,0,1,3,48,female,West Indies Women in Sri Lanka ODI Series,ODI,SR Taylor,bowled,West Indies,Sri Lanka,2013-02-24,,6
92cf79a8,603241,18,1,28,1,1,0,0,0,0,22,0,15,1,0,0,2,52,female,West Indies Women in Sri Lanka ODI Series,ODI,SR Taylor,0,West Indies,Sri Lanka,2013-02-26,,6
92cf79a8,603244,75,1,46,7,4,0,0,0,0,17,0,22,1,0,0,0,10,female,West Indies Women in Sri Lanka T20I Series,T20,SR Taylor,0,West Indies,Sri Lanka,2013-03-05,,6
a9231c3f,628081,162,1,103,12,12,2,0,0,0,41,0,0,0,0,0,0,0,male,ICC World Cricket League Division Three,ODM,SR Taylor,caught,United States of America,Nepal,2013-04-28,,6
a9231c3f,660117,91,1,61,6,5,0,0,0,2,23,0,0,0,0,0,0,0,male,ICC World Twenty20 Qualifier,IT20,SR Taylor,0,United States of America,Italy,2013-11-16,,6
a9231c3f,660125,44,1,35,5,1,1,0,0,0,14,0,0,0,0,0,0,0,male,ICC World Twenty20 Qualifier,IT20,SR Taylor,caught,United States of America,Namibia,2013-11-17,,6
a9231c3f,660153,17,1,14,3,0,0,0,0,0,7,0,0,0,0,0,0,0,male,ICC World Twenty20 Qualifier,IT20,SR Taylor,caught,United States of America,Ireland,2013-11-20,,6
a9231c3f,660179,23,1,30,1,0,0,0,0,0,14,0,0,0,0,0,0,0,male,ICC World Twenty20 Qualifier,IT20,SR Taylor,caught,United States of America,Hong Kong,2013-11-22,,6
a9231c3f,660199,42,1,49,4,0,0,0,0,0,23,0,0,0,0,0,0,0,male,ICC World Twenty20 Qualifier,IT20,SR Taylor,caught,United States of America,United Arab Emirates,2013-11-24,,6
a9231c3f,660207,36,1,32,1,2,2,0,0,0,14,0,9,0,0,0,0,0,male,ICC World Twenty20 Qualifier,IT20,SR Taylor,0,United States of America,Denmark,2013-11-26,,6
92cf79a8,682971,56,1,48,3,2,0,0,0,0,17,0,0,0,0,0,0,0,female,Women's World T20,T20,SR Taylor,caught,West Indies,England,2014-03-24,,6
92cf79a8,682989,56,1,45,7,0,1,1,0,0,14,0,0,0,0,0,0,0,female,Women's World T20,T20,SR Taylor,0,West Indies,Sri Lanka,2014-03-28,,6
92cf79a8,683005,17,1,26,1,0,0,0,0,0,13,0,12,0,0,0,0,8,female,Women's World T20,T20,SR Taylor,0,West Indies,India,2014-04-01,,6
92cf79a8,683011,24,1,25,4,0,0,0,0,0,14,0,19,1,0,0,0,16,female,Women's World T20,T20,SR Taylor,run out,West Indies,Australia,2014-04-03,,6
a9231c3f,785961,17,1,16,1,1,2,0,0,0,9,0,0,0,0,0,0,0,male,ICC World Cricket League Division Three,ODM,SR Taylor,0,United States of America,Bermuda,2014-10-23,,6
a9231c3f,785967,0,1,3,0,0,1,0,1,0,3,0,0,0,0,0,0,0,male,ICC World Cricket League Division Three,ODM,SR Taylor,lbw,United States of America,Malaysia,2014-10-24,,6
a9231c3f,785975,16,1,25,3,0,0,0,0,1,18,0,0,0,0,0,0,0,male,ICC World Cricket League Division Three,ODM,SR Taylor,caught,United States of America,Uganda,2014-10-26,,6
a9231c3f,785977,11,1,22,2,0,3,0,0,0,17,0,0,0,0,0,0,0,male,ICC World Cricket League Division Three,ODM,SR Taylor,caught,United States of America,Nepal,2014-10-27,,6
a9231c3f,785983,56,1,67,6,1,0,0,1,0,35,0,0,0,0,0,0,0,male,ICC World Cricket League Division Three,ODM,SR Taylor,0,United States of America,Singapore,2014-10-29,,6
a9231c3f,785991,0,0,0,0,0,0,0,0,0,0,0,21,0,0,0,0,9,male,ICC World Cricket League Division Three,ODM,SR Taylor,0,United States of America,Bermuda,2014-10-30,,6
92cf79a8,754801,52,1,56,4,1,0,0,0,0,23,0,0,0,0,0,0,0,female,West Indies Women in Australia T20I Series,T20,SR Taylor,0,West Indies,Australia,2014-11-02,,6
92cf79a8,754805,78,1,59,11,1,1,0,0,0,20,0,0,0,0,0,0,0,female,West Indies Women in Australia T20I Series,T20,SR Taylor,0,West Indies,Australia,2014-11-07,,6
92cf79a8,754809,95,1,108,12,0,2,0,0,0,56,0,45,2,0,0,0,24,female,ICC Women's Championship,ODI,SR Taylor,0,West Indies,Australia,2014-11-11,,6
92cf79a8,754813,6,1,16,0,0,0,0,0,0,11,0,24,1,1,0,1,29,female,ICC Women's Championship,ODI,SR Taylor,caught,West Indies,Australia,2014-11-16,,6
92cf79a8,754815,5,1,9,1,0,0,0,0,0,7,0,28,1,0,0,3,36,female,West Indies Women in Australia ODI Series,ODI,SR Taylor,bowled,West Indies,Australia,2014-11-18,,6
92cf79a8,856117,40,1,41,4,0,0,0,0,0,16,0,16,0,0,0,0,10,female,West Indies Women tour of Sri Lanka,T20,SR Taylor,0,West Indies,Sri Lanka,2015-05-23,,6
92cf79a8,856119,59,0,49,8,0,0,0,0,0,16,0,22,1,1,0,0,13,female,West Indies Women in Sri Lanka T20I Series,T20,SR Taylor,0,West Indies,Sri Lanka,2015-05-25,,6
92cf79a8,856121,38,1,37,6,0,0,0,0,0,18,0,14,0,0,0,0,12,female,West Indies Women in Sri Lanka T20I Series,T20,SR Taylor,caught,West Indies,Sri Lanka,2015-05-26,,6
a9231c3f,857757,13,1,15,0,1,0,0,0,0,9,0,0,0,0,0,0,0,male,Caribbean Premier League,T20,SR Taylor,0,Barbados Tridents,Guyana Amazon Warriors,2015-07-18,,6
a9231c3f,857767,20,1,12,3,1,0,0,0,0,6,0,0,0,0,0,0,0,male,Caribbean Premier League,T20,SR Taylor,lbw,Barbados Tridents,Trinidad & Tobago Red Steel,2015-07-26,,6
92cf79a8,892043,8,1,16,1,0,0,0,0,0,12,0,0,0,0,0,0,0,female,Pakistan Women in West Indies T20I Series,T20,SR Taylor,0,West Indies,Pakistan,2015-10-29,,6
92cf79a8,896547,24,1,26,2,1,0,0,0,0,13,0,0,0,0,0,0,0,female,Women's Big Bash League,T20,SR Taylor,caught,Sydney Thunder,Perth Scorchers,2016-01-21,,6
92cf79a8,907389,13,1,23,3,0,1,0,0,0,19,0,11,0,0,0,0,7,female,ICC Women's Championship,ODI,SR Taylor,0,West Indies,South Africa,2016-02-24,,6
92cf79a8,907391,79,1,84,11,1,0,0,0,0,47,0,0,0,0,0,0,0,female,ICC Women's Championship,ODI,SR Taylor,run out,West Indies,South Africa,2016-02-27,,6
92cf79a8,907395,4,1,3,1,0,0,0,0,0,2,0,0,0,0,0,0,0,female,West Indies Women in South Africa T20I Series,T20,SR Taylor,caught,West Indies,South Africa,2016-03-04,,6
92cf79a8,907399,21,1,24,3,0,0,0,0,0,12,0,23,1,1,0,0,12,female,West Indies Women in South Africa T20I Series,T20,SR Taylor,bowled,West Indies,South Africa,2016-03-09,,6
92cf79a8,951379,40,1,51,5,0,0,0,0,0,28,0,16,0,0,0,0,11,female,Women's World T20,T20,SR Taylor,0,West Indies,Pakistan,2016-03-16,,6
92cf79a8,951389,40,1,42,2,1,0,0,0,0,16,0,13,3,0,1,0,9,female,Women's World T20,T20,SR Taylor,0,West Indies,Bangladesh,2016-03-20,,6
92cf79a8,951399,35,1,47,1,0,0,0,0,0,19,0,18,2,1,0,0,6,female,Women's World T20,T20,SR Taylor,0,West Indies,England,2016-03-24,,6
92cf79a8,951409,47,1,46,5,0,1,0,0,0,17,0,23,0,0,0,0,5,female,Women's World T20,T20,SR Taylor,0,West Indies,India,2016-03-27,,6
92cf79a8,951417,25,1,26,2,0,0,0,0,0,8,0,26,2,0,0,0,5,female,Women's World T20,T20,SR Taylor,0,West Indies,New Zealand,2016-03-31,,6
92cf79a8,951419,59,1,57,6,0,1,0,0,0,19,0,27,0,0,0,0,4,female,Women's World T20,T20,SR Taylor,caught,West Indies,Australia,2016-04-03,,6
a9231c3f,1025985,37,1,38,3,2,0,0,0,0,22,0,0,0,0,0,0,0,male,Caribbean Premier League,T20,SR Taylor,0,Barbados Tridents,Trinbago Knight Riders,2016-07-01,,6
a9231c3f,1019643,0,0,0,0,0,0,0,0,0,0,0,0,0,0,0,0,0,male,Caribbean Premier League,T20,SR Taylor,0,Barbados Tridents,Jamaica Tallawahs,2016-07-11,,6
a9231c3f,1019645,2,1,7,0,0,0,0,0,0,5,0,0,0,0,0,0,0,male,Caribbean Premier League,T20,SR Taylor,0,Barbados Tridents,St Kitts and Nevis Patriots,2016-07-13,,6
a9231c3f,1019647,13,1,22,1,0,0,0,0,0,14,0,0,0,0,0,0,0,male,Caribbean Premier League,T20,SR Taylor,0,Barbados Tridents,Trinbago Knight Riders,2016-07-16,,6
a9231c3f,994683,37,1,22,7,0,0,0,0,0,8,0,0,0,0,0,0,0,male,Caribbean Premier League,T20,SR Taylor,0,Barbados Tridents,Guyana Amazon Warriors,2016-07-30,,6
92cf79a8,993647,14,1,18,0,1,0,0,0,0,10,0,14,4,1,1,0,17,female,Women's Cricket Super League,T20,SR Taylor,stumped,Western Storm,Lancashire Thunder,2016-07-31,,6
92cf79a8,993655,9,1,12,1,0,0,0,0,0,6,0,35,1,0,0,0,13,female,Women's Cricket Super League,T20,SR Taylor,0,Western Storm,Loughborough Lightning,2016-08-05,,6
92cf79a8,993657,74,1,48,6,5,0,1,0,0,18,0,33,0,0,0,0,9,female,Women's Cricket Super League,T20,SR Taylor,0,Western Storm,Surrey Stars,2016-08-07,,6
92cf79a8,993665,78,0,52,10,1,0,0,0,0,12,0,22,0,0,0,0,9,female,Women's Cricket Super League,T20,SR Taylor,0,Western Storm,Southern Vipers,2016-08-12,,6
92cf79a8,993671,45,1,45,5,1,0,0,0,0,22,0,20,2,1,0,0,12,female,Women's Cricket Super League,T20,SR Taylor,caught,Western Storm,Yorkshire Diamonds,2016-08-14,,6
92cf79a8,1035535,34,1,44,3,0,0,0,0,0,24,0,31,3,1,1,0,12,female,Women's Cricket Super League,T20,SR Taylor,caught,Western Storm,Loughborough Lightning,2016-08-21,,6
92cf79a8,1035537,35,1,29,3,1,0,0,0,0,10,0,24,0,0,0,0,11,female,Women's Cricket Super League,T20,SR Taylor,caught,Western Storm,Southern Vipers,2016-08-21,,6
a9231c3f,1062502,4,1,4,1,0,0,0,1,0,3,0,28,1,1,0,0,36,male,ICC World Cricket League Division Four,ODM,SR Taylor,0,United States of America,Italy,2016-10-30,,6
a9231c3f,1062504,124,0,96,15,7,3,0,0,0,55,0,39,1,1,0,0,43,male,ICC World Cricket League Division Four,ODM,SR Taylor,0,United States of America,Oman,2016-11-01,,6
a9231c3f,1062506,5,1,11,1,0,0,1,0,0,9,0,46,3,0,0,0,33,male,ICC World Cricket League Division Four,ODM,SR Taylor,0,United States of America,Denmark,2016-11-02,,6
a9231c3f,1062511,13,1,12,2,0,2,0,0,0,7,0,37,0,0,0,1,27,male,ICC World Cricket League Division Four,ODM,SR Taylor,caught,United States of America,Jersey,2016-11-04,,6
a9231c3f,1062514,7,1,14,1,0,0,1,0,0,10,0,20,0,0,0,0,17,male,ICC World Cricket League Division Four,ODM,SR Taylor,0,United States of America,Oman,2016-11-05,,6
92cf79a8,1023667,29,1,38,2,0,1,0,0,0,19,0,0,0,0,0,0,0,female,Women's Big Bash League,T20,SR Taylor,caught and bowled,Sydney Thunder,Melbourne Stars,2016-12-13,,6
92cf79a8,1023675,6,1,14,0,0,1,0,0,0,9,0,8,0,0,0,0,4,female,Women's Big Bash League,T20,SR Taylor,0,Sydney Thunder,Adelaide Strikers,2016-12-17,,6
92cf79a8,1023697,12,1,8,3,0,0,0,0,0,5,0,0,0,0,0,0,0,female,Women's Big Bash League,T20,SR Taylor,0,Sydney Thunder,Sydney Sixers,2016-12-28,,6
92cf79a8,1064695,10,0,9,2,0,0,0,0,0,5,0,0,0,0,0,0,0,female,Women's Big Bash League,T20,SR Taylor,0,Sydney Thunder,Hobart Hurricanes,2017-01-05,,6
92cf79a8,1064706,72,1,54,7,2,0,0,0,0,18,0,15,1,0,0,0,10,female,Women's Big Bash League,T20,SR Taylor,0,Sydney Thunder,Sydney Sixers,2017-01-14,,6
92cf79a8,1064709,0,1,1,0,0,0,0,0,0,1,0,18,0,0,0,0,9,female,Women's Big Bash League,T20,SR Taylor,0,Sydney Thunder,Hobart Hurricanes,2017-01-16,,6
92cf79a8,1064711,0,0,1,0,0,0,0,0,0,1,0,25,0,0,0,0,8,female,Women's Big Bash League,T20,SR Taylor,0,Sydney Thunder,Perth Scorchers,2017-01-20,,6
a9231c3f,1090943,69,1,53,10,2,0,0,0,0,28,0,35,1,0,0,0,35,male,ICC World Cricket League Division Three,ODM,SR Taylor,caught and bowled,United States of America,Singapore,2017-05-26,,6
a9231c3f,1090953,10,1,11,2,0,0,0,0,0,7,0,0,0,0,0,0,0,male,ICC World Cricket League Division Three,ODM,SR Taylor,lbw,United States of America,Singapore,2017-05-30,,6
92cf79a8,1085948,45,1,58,1,1,0,0,0,0,24,0,33,2,1,0,0,29,female,ICC Women's World Cup,ODI,SR Taylor,0,West Indies,Australia,2017-06-26,,6
92cf79a8,1085951,16,1,42,0,0,0,0,0,0,27,0,24,1,1,0,1,45,female,ICC Women's World Cup,ODI,SR Taylor,0,West Indies,India,2017-06-29,,6
92cf79a8,1085956,4,1,10,1,0,0,0,0,0,9,0,0,0,0,0,0,0,female,ICC Women's World Cup,ODI,SR Taylor,bowled,West Indies,South Africa,2017-07-02,,6
92cf79a8,1085960,20,1,35,4,0,0,0,0,0,27,0,27,1,1,0,0,19,female,ICC Women's World Cup,ODI,SR Taylor,0,West Indies,New Zealand,2017-07-06,,6
92cf79a8,1085964,4,1,4,1,0,1,0,0,0,3,0,37,1,0,0,0,44,female,ICC Women's World Cup,ODI,SR Taylor,0,West Indies,Sri Lanka,2017-07-09,,6
92cf79a8,1085965,90,1,112,11,1,0,0,0,0,65,0,29,0,0,0,0,27,female,ICC Women's World Cup,ODI,SR Taylor,caught and bowled,West Indies,Pakistan,2017-07-11,,6
92cf79a8,1085970,0,1,12,0,0,0,0,0,0,12,0,46,0,0,0,0,22,female,ICC Women's World Cup,ODI,SR Taylor,lbw,West Indies,England,2017-07-15,,6
a9231c3f,1094673,7,1,8,0,0,0,0,0,0,2,0,0,0,0,0,0,0,male,Caribbean Premier League,T20,SR Taylor,caught,Guyana Amazon Warriors,St Kitts and Nevis Patriots,2017-08-05,,6
a9231c3f,1094675,2,1,7,0,0,0,0,0,0,6,0,0,0,0,0,0,0,male,Caribbean Premier League,T20,SR Taylor,0,Guyana Amazon Warriors,St Kitts and Nevis Patriots,2017-08-06,,6
92cf79a8,1093476,8,1,17,0,0,0,0,0,0,9,0,3,1,0,0,0,9,female,Women's Cricket Super League,T20,SR Taylor,caught,Western Storm,Southern Vipers,2017-08-10,,6
92cf79a8,1093478,34,1,32,5,0,0,1,0,0,13,0,5,3,0,2,1,21,female,Women's Cricket Super League,T20,SR Taylor,0,Western Storm,Loughborough Lightning,2017-08-12,,6
92cf79a8,1093485,0,0,0,0,0,0,1,0,0,0,0,4,0,0,0,0,2,female,Women's Cricket Super League,T20,SR Taylor,0,Western Storm,Yorkshire Diamonds,2017-08-20,,6
92cf79a8,1093487,4,1,7,1,0,0,0,0,0,6,0,26,0,0,0,0,7,female,Women's Cricket Super League,T20,SR Taylor,0,Western Storm,Surrey Stars,2017-08-23,,6
92cf79a8,1093490,0,1,3,0,0,0,0,0,0,3,0,22,0,0,0,0,11,female,Women's Cricket Super League,T20,SR Taylor,bowled,Western Storm,Lancashire Thunder,2017-08-26,,6
92cf79a8,1093492,30,0,29,4,1,0,0,0,0,16,0,28,2,0,1,0,9,female,Women's Cricket Super League,T20,SR Taylor,0,Western Storm,Southern Vipers,2017-09-01,,6
92cf79a8,1093491,37,0,48,2,0,1,0,0,0,23,0,18,1,0,0,0,8,female,Women's Cricket Super League,T20,SR Taylor,0,Western Storm,Surrey Stars,2017-09-01,,6
92cf79a8,1122902,49,1,44,4,1,1,0,0,0,15,0,16,0,0,0,0,11,female,Sri Lanka Women tour of West Indies,T20,SR Taylor,caught,West Indies,Sri Lanka,2017-10-21,,6
92cf79a8,1118472,1,1,2,0,0,0,0,0,0,1,0,30,2,0,0,0,9,female,Women's Big Bash League,T20,SR Taylor,caught,Sydney Thunder,Melbourne Renegades,2017-12-09,,6
92cf79a8,1118477,1,1,4,0,0,0,0,0,0,3,0,27,1,0,0,0,9,female,Women's Big Bash League,T20,SR Taylor,0,Sydney Thunder,Sydney Sixers,2017-12-10,,6
92cf79a8,1118479,17,0,16,1,0,1,0,0,0,7,0,0,0,0,0,0,0,female,Women's Big Bash League,T20,SR Taylor,0,Sydney Thunder,Melbourne Stars,2017-12-12,,6
92cf79a8,1118493,5,1,8,1,0,0,0,0,0,6,0,13,1,0,0,0,6,female,Women's Big Bash League,T20,SR Taylor,caught,Sydney Thunder,Hobart Hurricanes,2017-12-31,,6
92cf79a8,1118502,31,1,47,3,0,0,0,0,0,25,0,8,0,0,0,0,7,female,Women's Big Bash League,T20,SR Taylor,0,Sydney Thunder,Perth Scorchers,2018-01-08,,6
92cf79a8,1118506,9,0,16,0,0,1,0,0,0,8,0,12,0,0,0,0,3,female,Women's Big Bash League,T20,SR Taylor,0,Sydney Thunder,Sydney Sixers,2018-01-13,,6
92cf79a8,1118519,10,0,17,0,0,0,0,0,0,9,0,11,2,0,0,0,10,female,Women's Big Bash League,T20,SR Taylor,0,Sydney Thunder,Melbourne Renegades,2018-01-24,,6
92cf79a8,1118523,24,0,18,3,0,0,0,0,0,5,0,17,0,0,0,0,5,female,Women's Big Bash League,T20,SR Taylor,0,Sydney Thunder,Brisbane Heat,2018-01-27,,6
92cf79a8,1118527,12,1,18,2,0,1,0,0,0,12,0,0,0,0,0,0,0,female,Women's Big Bash League,T20,SR Taylor,0,Sydney Thunder,Brisbane Heat,2018-01-28,,6
92cf79a8,1118528,7,1,11,1,0,0,0,0,0,7,0,23,1,0,0,0,10,female,Women's Big Bash League,T20,SR Taylor,caught,Sydney Thunder,Perth Scorchers,2018-02-01,,6
92cf79a8,1138191,90,1,93,8,1,0,0,0,0,41,0,54,3,0,0,0,25,female,ICC Women's Championship,ODI,SR Taylor,0,West Indies,New Zealand,2018-03-04,,6
92cf79a8,1138192,86,1,114,4,1,0,0,0,0,53,0,25,0,0,0,0,2,female,ICC Women's Championship,ODI,SR Taylor,0,West Indies,New Zealand,2018-03-08,,6
92cf79a8,1138193,26,1,27,5,0,0,0,0,0,18,0,31,0,0,0,0,2,female,ICC Women's Championship,ODI,SR Taylor,caught,West Indies,New Zealand,2018-03-11,,6
92cf79a8,1138194,51,0,31,3,3,0,0,0,0,6,0,24,0,0,0,0,1,female,West Indies Women tour of New Zealand,T20,SR Taylor,0,West Indies,New Zealand,2018-03-14,,6
92cf79a8,1138195,1,1,4,0,0,1,0,0,0,3,0,27,0,0,0,0,2,female,West Indies Women tour of New Zealand,T20,SR Taylor,caught,West Indies,New Zealand,2018-03-16,,6
92cf79a8,1138196,14,1,13,2,0,0,0,0,0,6,0,20,0,0,0,0,11,female,West Indies Women tour of New Zealand,T20,SR Taylor,lbw,West Indies,New Zealand,2018-03-20,,6
92cf79a8,1138198,42,1,36,5,1,0,0,0,0,15,0,18,0,0,0,0,8,female,West Indies Women tour of New Zealand,T20,SR Taylor,caught,West Indies,New Zealand,2018-03-25,,6
92cf79a8,1127395,12,0,13,1,0,0,1,0,0,4,0,23,1,0,0,0,6,female,Women's Cricket Super League,T20,SR Taylor,0,Western Storm,Yorkshire Diamonds,2018-07-22,,6
92cf79a8,1127397,6,1,4,1,0,0,0,0,0,1,0,22,0,0,0,0,5,female,Women's Cricket Super League,T20,SR Taylor,0,Western Storm,Surrey Stars,2018-07-26,,6
92cf79a8,1127401,7,0,2,0,1,0,0,0,0,0,0,7,0,0,0,0,2,female,Women's Cricket Super League,T20,SR Taylor,0,Western Storm,Loughborough Lightning,2018-07-29,,6
92cf79a8,1127402,0,0,0,0,0,0,1,0,0,0,0,18,1,1,0,0,11,female,Women's Cricket Super League,T20,SR Taylor,0,Western Storm,Southern Vipers,2018-07-31,,6
92cf79a8,1127407,33,0,34,4,0,0,0,0,0,14,0,29,0,0,0,0,10,female,Women's Cricket Super League,T20,SR Taylor,0,Western Storm,Lancashire Thunder,2018-08-03,,6
92cf79a8,1127409,4,1,5,0,0,0,0,0,0,1,0,19,0,0,0,0,1,female,Women's Cricket Super League,T20,SR Taylor,run out,Western Storm,Yorkshire Diamonds,2018-08-05,,6
92cf79a8,1127413,51,0,37,5,1,0,0,0,0,9,0,18,1,0,0,0,8,female,Women's Cricket Super League,T20,SR Taylor,0,Western Storm,Lancashire Thunder,2018-08-09,,6
92cf79a8,1127415,0,0,0,0,0,0,0,0,0,0,0,9,0,0,0,0,0,female,Women's Cricket Super League,T20,SR Taylor,0,Western Storm,Southern Vipers,2018-08-11,,6
92cf79a8,1127419,18,1,23,1,0,0,0,0,0,9,0,16,0,0,0,0,1,female,Women's Cricket Super League,T20,SR Taylor,caught,Western Storm,Loughborough Lightning,2018-08-15,,6
92cf79a8,1127422,8,1,18,0,0,1,0,0,0,10,0,43,0,0,0,0,7,female,Women's Cricket Super League,T20,SR Taylor,stumped,Western Storm,Surrey Stars,2018-08-18,,6
a9231c3f,1148658,8,1,8,1,0,1,0,0,0,4,0,36,0,0,0,0,6,male,Caribbean Premier League,T20,SR Taylor,0,Jamaica Tallawahs,Trinbago Knight Riders,2018-08-19,,6
92cf79a8,1127423,16,1,14,3,0,0,0,0,0,7,0,29,1,0,0,0,8,female,Women's Cricket Super League,T20,SR Taylor,0,Western Storm,Surrey Stars,2018-08-27,,6
a9231c3f,1148671,8,0,4,1,0,0,0,0,0,0,0,14,0,0,0,0,1,male,Caribbean Premier League,T20,SR Taylor,0,Jamaica Tallawahs,St Kitts and Nevis Patriots,2018-09-02,,6
92cf79a8,1156212,6,1,24,0,0,0,0,0,0,20,0,38,3,0,2,1,35,female,ICC Women's Championship,ODI,SR Taylor,0,West Indies,South Africa,2018-09-16,,6
a9231c3f,1157690,0,0,0,0,0,0,0,0,0,0,0,9,0,0,0,0,6,male,ICC World Twenty20 Americas Sub Regional Qualifier A,IT20,SR Taylor,0,United States of America,Panama,2018-09-20,,6
a9231c3f,1157693,11,1,7,1,1,0,0,0,0,4,0,0,0,0,0,0,0,male,ICC World Twenty20 Americas Sub Regional Qualifier A,IT20,SR Taylor,caught,United States of America,Belize,2018-09-21,,6
92cf79a8,1156214,46,1,83,4,0,1,0,0,0,50,0,41,1,0,1,0,23,female,ICC Women's Championship,ODI,SR Taylor,0,West Indies,South Africa,2018-09-22,,6
a9231c3f,1157697,2,1,4,0,0,0,0,0,0,2,0,7,1,1,0,0,11,male,ICC World Twenty20 Americas Sub Regional Qualifier A,IT20,SR Taylor,caught,United States of America,Panama,2018-09-23,,6
a9231c3f,1157699,96,0,58,5,7,0,0,0,0,19,0,5,0,0,0,0,2,male,ICC World Twenty20 Americas Sub Regional Qualifier A,IT20,SR Taylor,0,United States of America,Canada,2018-09-25,,6
a9231c3f,1157700,57,0,20,5,5,0,0,0,0,5,0,15,1,1,0,0,14,male,ICC World Twenty20 Americas Sub Regional Qualifier A,IT20,SR Taylor,0,United States of America,Belize,2018-09-26,,6
92cf79a8,1156216,35,0,31,1,1,1,0,0,0,8,0,8,1,0,0,0,4,female,South Africa Women tour of West Indies,T20,SR Taylor,0,West Indies,South Africa,2018-09-28,,6
92cf79a8,1156218,26,1,32,2,0,0,0,0,0,14,0,17,1,0,1,0,9,female,South Africa Women tour of West Indies,T20,SR Taylor,0,West Indies,South Africa,2018-10-04,,6
92cf79a8,1156219,10,1,7,1,0,0,0,0,0,1,0,21,1,0,1,0,12,female,South Africa Women tour of West Indies,T20,SR Taylor,caught,West Indies,South Africa,2018-10-06,,6
92cf79a8,1150535,29,1,46,2,0,1,0,0,0,23,0,12,1,1,0,0,7,female,ICC Women's T20 World Cup,T20,SR Taylor,caught,West Indies,Bangladesh,2018-11-09,,6
a9231c3f,1162847,27,1,49,2,0,1,0,0,0,28,0,0,0,0,0,0,0,male,ICC World Cricket League Division Three,ODM,SR Taylor,0,United States of America,Uganda,2018-11-10,,6
92cf79a8,1150544,0,1,1,0,0,0,0,0,0,1,0,12,4,1,0,1,13,female,ICC Women's T20 World Cup,T20,SR Taylor,0,West Indies,South Africa,2018-11-14,,6
92cf79a8,1150548,41,1,26,4,2,0,0,0,0,7,0,14,1,0,0,0,7,female,ICC Women's T20 World Cup,T20,SR Taylor,0,West Indies,Sri Lanka,2018-11-16,,6
a9231c3f,1162855,7,1,21,1,0,0,0,0,0,18,0,31,0,0,0,0,23,male,ICC World Cricket League Division Three,ODM,SR Taylor,0,United States of America,Oman,2018-11-16,,6
92cf79a8,1150551,0,1,2,0,0,1,0,0,0,2,0,26,1,0,0,0,6,female,ICC Women's T20 World Cup,T20,SR Taylor,0,West Indies,England,2018-11-18,,6
a9231c3f,1162859,23,1,16,3,1,0,0,0,0,9,0,0,0,0,0,0,0,male,ICC World Cricket League Division Three,ODM,SR Taylor,caught,United States of America,Singapore,2018-11-19,,6
92cf79a8,1150553,16,1,28,1,0,0,0,0,0,16,0,20,1,0,0,0,9,female,ICC Women's T20 World Cup,T20,SR Taylor,0,West Indies,Australia,2018-11-22,,6
92cf79a8,1152728,12,0,17,0,0,2,0,0,0,10,0,4,0,0,0,0,2,female,Women's Big Bash League,T20,SR Taylor,0,Sydney Thunder,Melbourne Renegades,2018-12-02,,6
92cf79a8,1152733,13,1,18,1,0,0,0,0,0,9,0,16,2,0,1,0,8,female,Women's Big Bash League,T20,SR Taylor,caught,Sydney Thunder,Sydney Sixers,2018-12-08,,6
92cf79a8,1152736,1,0,1,0,0,1,0,0,0,0,0,23,3,1,1,0,10,female,Women's Big Bash League,T20,SR Taylor,0,Sydney Thunder,Brisbane Heat,2018-12-09,,6
92cf79a8,1152738,0,1,1,0,0,0,0,0,0,1,0,36,3,0,0,0,7,female,Women's Big Bash League,T20,SR Taylor,0,Sydney Thunder,Adelaide Strikers,2018-12-15,,6
92cf79a8,1152741,55,0,44,4,3,0,0,0,0,17,0,33,2,2,0,0,7,female,Women's Big Bash League,T20,SR Taylor,0,Sydney Thunder,Adelaide Strikers,2018-12-16,,6
92cf79a8,1152746,20,0,16,3,0,0,0,0,0,5,0,24,3,1,0,0,6,female,Women's Big Bash League,T20,SR Taylor,0,Sydney Thunder,Hobart Hurricanes,2018-12-21,,6
92cf79a8,1152753,2,0,4,0,0,0,0,0,0,2,0,31,1,1,0,0,8,female,Women's Big Bash League,T20,SR Taylor,0,Sydney Thunder,Hobart Hurricanes,2018-12-24,,6
92cf79a8,1152757,24,0,18,3,0,1,0,0,0,5,0,26,0,0,0,0,0,female,Women's Big Bash League,T20,SR Taylor,0,Sydney Thunder,Perth Scorchers,2018-12-29,,6
92cf79a8,1152760,19,0,23,2,0,0,0,0,0,11,0,27,1,0,0,0,7,female,Women's Big Bash League,T20,SR Taylor,0,Sydney Thunder,Perth Scorchers,2018-12-30,,6
92cf79a8,1152764,0,0,0,0,0,0,0,0,0,0,0,14,0,0,0,0,4,female,Women's Big Bash League,T20,SR Taylor,0,Sydney Thunder,Sydney Sixers,2019-01-02,,6
92cf79a8,1152766,0,0,0,0,0,0,0,0,0,0,0,0,0,0,0,0,0,female,Women's Big Bash League,T20,SR Taylor,0,Sydney Thunder,Melbourne Stars,2019-01-05,,6
92cf79a8,1152769,6,1,9,0,0,0,0,0,0,4,0,14,1,0,0,0,6,female,Women's Big Bash League,T20,SR Taylor,caught,Sydney Thunder,Melbourne Stars,2019-01-06,,6
92cf79a8,1152771,0,0,0,0,0,0,0,0,0,0,0,23,1,0,0,0,11,female,Women's Big Bash League,T20,SR Taylor,0,Sydney Thunder,Melbourne Renegades,2019-01-08,,6
92cf79a8,1152777,43,1,23,6,1,0,0,0,0,5,0,21,1,0,1,0,11,female,Women's Big Bash League,T20,SR Taylor,bowled,Sydney Thunder,Brisbane Heat,2019-01-12,,6
92cf79a8,1152781,17,1,29,1,0,0,0,0,0,17,0,13,1,0,0,0,5,female,Women's Big Bash League,T20,SR Taylor,bowled,Sydney Thunder,Brisbane Heat,2019-01-19,,6
92cf79a8,1172210,58,1,99,4,0,1,0,0,0,57,0,2,1,1,0,0,6,female,Pakistan vs West Indies ODI Series,ODI,SR Taylor,0,West Indies,Pakistan,2019-02-07,,6
92cf79a8,1172211,48,1,69,5,1,0,0,0,0,44,0,32,0,0,0,0,8,female,Pakistan vs West Indies ODI Series,ODI,SR Taylor,lbw,West Indies,Pakistan,2019-02-09,,6
a9231c3f,1177484,72,1,39,9,3,0,0,0,0,10,0,0,0,0,0,0,0,male,United States of America tour of United Arab Emirates,T20,SR Taylor,0,United States of America,United Arab Emirates,2019-03-15,,6
a9231c3f,1177485,49,1,42,4,1,1,0,0,0,15,0,0,0,0,0,0,0,male,United States of America tour of United Arab Emirates,T20,SR Taylor,caught,United States of America,United Arab Emirates,2019-03-16,,6
92cf79a8,wi_201707,6,1,15,0,0,0,0,0,0,11,0,19,1,0,0,0,9,female,Women's T20 Blaze,T20,SR Taylor,caught,Jamaica,Barbados,2019-03-29,,6
a9231c3f,1174830,1,1,18,0,0,0,0,0,0,17,0,33,0,0,0,0,33,male,ICC World Cricket League Division Two,ODM,SR Taylor,0,United States of America,Oman,2019-04-20,,6
a9231c3f,1174831,44,1,66,1,1,1,0,0,0,42,0,32,0,0,0,0,11,male,ICC World Cricket League Division Two,ODM,SR Taylor,caught,United States of America,Namibia,2019-04-21,,6
a9231c3f,1174835,0,0,0,0,0,1,0,0,0,0,0,13,1,0,0,1,30,male,ICC World Cricket League Division Two,ODM,SR Taylor,0,United States of America,Papua New Guinea,2019-04-23,,6
a9231c3f,1174839,88,1,97,7,3,0,0,0,0,55,0,34,1,0,0,0,36,male,ICC World Cricket League Division Two,ODM,SR Taylor,0,United States of America,Hong Kong,2019-04-24,,6
a9231c3f,1174840,44,1,68,3,2,0,0,0,0,47,0,21,1,0,0,0,18,male,ICC World Cricket League Division Two,ODM,SR Taylor,run out,United States of America,Canada,2019-04-26,,6
a9231c3f,1174844,0,1,1,0,0,1,0,0,0,1,0,11,0,0,0,0,10,male,ICC World Cricket League Division Two,ODI,SR Taylor,lbw,United States of America,Papua New Guinea,2019-04-27,,6
92cf79a8,1181893,2,0,2,0,0,0,0,0,0,0,0,9,0,0,0,0,1,female,Women's T20 Challenge,T20,SR Taylor,0,Trailblazers,Supernovas,2019-05-06,,6
92cf79a8,1181894,5,1,18,0,0,0,0,0,0,13,0,24,0,0,0,0,5,female,Women's T20 Challenge,T20,SR Taylor,0,Trailblazers,Velocity,2019-05-08,,6
92cf79a8,1185154,75,1,56,11,1,0,0,0,0,22,0,0,0,0,0,0,0,female,West Indies Women tour of England and Ireland,T20,SR Taylor,bowled,West Indies,Ireland,2019-05-26,,6
92cf79a8,1185155,2,0,2,0,0,0,0,0,0,0,0,0,0,0,0,0,0,female,West Indies Women tour of England and Ireland,T20,SR Taylor,0,West Indies,Ireland,2019-05-28,,6
92cf79a8,1185156,0,0,0,0,0,0,0,0,0,0,0,19,2,1,0,0,7,female,West Indies Women tour of England and Ireland,T20,SR Taylor,0,West Indies,Ireland,2019-05-29,,6
92cf79a8,1168016,1,1,11,0,0,0,0,0,0,10,0,51,1,1,0,0,30,female,ICC Women's Championship,ODI,SR Taylor,0,West Indies,England,2019-06-06,,6
92cf79a8,1168017,6,1,19,1,0,0,0,0,0,16,0,39,1,0,0,0,16,female,ICC Women's Championship,ODI,SR Taylor,0,West Indies,England,2019-06-09,,6
92cf79a8,1168018,0,0,0,0,0,0,0,0,0,0,0,51,0,0,0,0,10,female,ICC Women's Championship,ODI,SR Taylor,0,West Indies,England,2019-06-13,,6
92cf79a8,1168020,19,0,17,3,0,0,0,0,0,8,0,43,0,0,0,0,4,female,West Indies Women tour of England and Ireland,T20,SR Taylor,0,West Indies,England,2019-06-21,,6
92cf79a8,1167268,40,1,27,6,1,0,1,0,0,10,0,25,1,0,0,0,10,female,Women's Cricket Super League,T20,SR Taylor,0,Southern Vipers,Lancashire Thunder,2019-08-06,,6
92cf79a8,1167271,38,1,29,5,0,0,0,0,0,10,0,31,1,0,1,0,8,female,Women's Cricket Super League,T20,SR Taylor,0,Southern Vipers,Loughborough Lightning,2019-08-08,,6
92cf79a8,1167275,44,0,30,7,0,0,0,0,0,8,0,34,0,0,0,0,5,female,Women's Cricket Super League,T20,SR Taylor,0,Southern Vipers,Western Storm,2019-08-11,,6
92cf79a8,1167280,51,1,46,4,2,0,0,0,0,21,0,24,1,0,0,0,12,female,Women's Cricket Super League,T20,SR Taylor,bowled,Southern Vipers,Lancashire Thunder,2019-08-15,,6
92cf79a8,1167283,4,1,3,0,0,0,0,0,0,1,0,11,2,2,0,0,10,female,Women's Cricket Super League,T20,SR Taylor,0,Southern Vipers,Surrey Stars,2019-08-18,,6
a9231c3f,1197396,0,1,1,0,0,1,0,0,0,1,0,12,0,0,0,0,8,male,ICC Men's T20 World Cup Americas Region Final,T20,SR Taylor,0,United States of America,Bermuda,2019-08-18,,6
a9231c3f,1197399,17,1,24,2,0,0,0,0,0,15,0,11,2,0,0,0,23,male,ICC Men's T20 World Cup Americas Region Final,T20,SR Taylor,0,United States of America,Cayman Islands,2019-08-19,,6
92cf79a8,1167286,28,1,25,1,1,0,0,0,0,10,0,20,1,0,0,0,13,female,Women's Cricket Super League,T20,SR Taylor,0,Southern Vipers,Western Storm,2019-08-20,,6
a9231c3f,1197401,38,1,31,2,3,0,0,0,0,17,0,14,0,0,0,0,2,male,ICC Men's T20 World Cup Americas Region Final,T20,SR Taylor,0,United States of America,Canada,2019-08-21,,6
a9231c3f,1197403,23,1,31,1,0,0,0,0,0,12,0,29,0,0,0,0,6,male,ICC Men's T20 World Cup Americas Region Final,T20,SR Taylor,caught,United States of America,Bermuda,2019-08-22,,6
a9231c3f,1197404,56,0,40,9,2,1,0,0,0,22,0,5,1,1,0,0,10,male,ICC Men's T20 World Cup Americas Region Final,T20,SR Taylor,0,United States of America,Cayman Islands,2019-08-24,,6
a9231c3f,1197406,10,1,5,1,1,2,0,0,0,3,0,0,0,0,0,0,0,male,ICC Men's T20 World Cup Americas Region Final,T20,SR Taylor,0,United States of America,Canada,2019-08-25,,6
92cf79a8,1198472,70,0,125,5,1,0,0,0,0,83,0,57,0,0,0,0,20,female,Australia Women tour of West Indies,ODI,SR Taylor,0,West Indies,Australia,2019-09-05,,6
92cf79a8,1198474,23,1,50,2,0,0,0,0,0,34,0,25,1,0,0,0,18,female,ICC Women's Championship,ODI,SR Taylor,caught,West Indies,Australia,2019-09-11,,6
a9231c3f,1199225,9,1,10,2,0,0,0,0,0,7,0,27,0,0,0,0,8,male,ICC Men's Cricket World Cup League 2,ODI,SR Taylor,caught,United States of America,Papua New Guinea,2019-09-13,,6
92cf79a8,1198475,44,1,53,3,2,0,0,0,0,29,0,0,0,0,0,0,0,female,Australia Women tour of West Indies,T20,SR Taylor,0,West Indies,Australia,2019-09-14,,6
92cf79a8,1198476,6,1,13,0,0,0,0,0,0,9,0,15,0,0,0,0,6,female,Australia Women tour of West Indies,T20,SR Taylor,0,West Indies,Australia,2019-09-16,,6
a9231c3f,1199226,43,1,60,1,3,0,0,0,0,40,0,27,4,2,0,0,43,male,ICC Men's Cricket World Cup League 2,ODI,SR Taylor,0,United States of America,Namibia,2019-09-17,,6
92cf79a8,1198477,6,1,19,0,0,0,0,0,0,14,0,11,0,0,0,0,1,female,Australia Women tour of West Indies,T20,SR Taylor,0,West Indies,Australia,2019-09-18,,6
a9231c3f,1199227,14,1,30,1,0,0,0,0,0,22,0,30,2,1,0,3,39,male,ICC Men's Cricket World Cup League 2,ODI,SR Taylor,0,United States of America,Papua New Guinea,2019-09-19,,6
92cf79a8,1188383,21,1,25,2,0,1,0,0,0,10,0,26,2,1,0,0,9,female,Women's Big Bash League,T20,SR Taylor,caught,Adelaide Strikers,Melbourne Renegades,2019-10-19,,6
92cf79a8,1188386,12,1,8,0,1,0,0,0,0,3,0,24,0,0,0,0,6,female,Women's Big Bash League,T20,SR Taylor,caught,Adelaide Strikers,Melbourne Renegades,2019-10-20,,6
92cf79a8,1202249,94,1,91,8,2,0,0,0,0,38,0,30,2,0,0,2,41,female,India Women in West Indies,ODI,SR Taylor,0,West Indies,India,2019-11-01,,6
92cf79a8,1202250,20,1,32,2,0,1,0,0,0,21,0,23,0,0,0,0,24,female,India Women tour of West Indies,ODI,SR Taylor,lbw,West Indies,India,2019-11-03,,6
92cf79a8,1202251,79,1,113,5,2,0,0,0,0,64,0,29,0,0,0,0,16,female,India Women tour of West Indies,ODI,SR Taylor,caught and bowled,West Indies,India,2019-11-06,,6
a9231c3f,1206059,0,1,1,0,0,0,0,0,0,1,0,35,2,0,1,0,29,male,ICC Men's Cricket World Cup League 2,ODI,SR Taylor,lbw,United States of America,United Arab Emirates,2019-12-08,,6
a9231c3f,1206060,17,1,23,3,0,0,0,0,0,15,0,0,0,0,0,0,0,male,ICC Men's Cricket World Cup League 2,ODI,SR Taylor,bowled,United States of America,Scotland,2019-12-09,,6
a9231c3f,1206062,16,1,16,4,0,1,0,0,0,12,0,9,0,0,0,0,3,male,ICC Men's Cricket World Cup League 2,ODI,SR Taylor,0,United States of America,United Arab Emirates,2019-12-12,,6
a9231c3f,1206063,56,1,83,5,0,1,0,0,0,45,0,0,0,0,0,0,0,male,ICC Men's Cricket World Cup League 2,ODI,SR Taylor,caught,United States of America,Scotland,2019-12-14,,6
a9231c3f,1215123,4,1,6,1,0,1,0,0,0,5,0,34,1,0,0,0,24,male,ICC Men's Cricket World Cup League 2,ODI,SR Taylor,0,United States of America,Oman,2020-02-06,,6
a9231c3f,1215124,0,1,5,0,0,2,0,0,0,5,0,18,0,0,0,0,6,male,ICC Men's Cricket World Cup League 2,ODI,SR Taylor,0,United States of America,Nepal,2020-02-08,,6
a9231c3f,1215126,0,1,2,0,0,1,0,0,0,2,0,21,0,0,0,0,14,male,ICC Men's Cricket World Cup League 2,ODI,SR Taylor,0,United States of America,Oman,2020-02-11,,6
92cf79a8,1173049,26,1,37,3,0,0,0,0,0,23,0,13,2,1,0,0,10,female,ICC Women's T20 World Cup,T20,SR Taylor,run out,West Indies,Thailand,2020-02-22,,6
92cf79a8,1173055,43,1,48,2,2,0,0,0,0,22,0,20,1,0,1,0,9,female,ICC Women's T20 World Cup,T20,SR Taylor,caught,West Indies,Pakistan,2020-02-26,,6
92cf79a8,1173063,15,1,19,2,0,0,0,0,0,13,0,25,1,0,0,0,6,female,ICC Women's T20 World Cup,T20,SR Taylor,retired hurt,West Indies,England,2020-03-01,,6
92cf79a8,1230855,8,1,14,1,0,0,0,0,0,10,0,34,2,1,0,0,10,female,West Indies Women tour of England,T20,SR Taylor,bowled,West Indies,England,2020-09-21,,6
92cf79a8,1230856,28,1,31,4,0,0,0,0,0,16,0,12,0,0,0,0,17,female,West Indies Women tour of England,T20,SR Taylor,stumped,West Indies,England,2020-09-23,,6
92cf79a8,1230857,14,0,13,2,0,0,0,0,0,5,0,34,1,0,0,0,6,female,West Indies Women tour of England,T20,SR Taylor,0,West Indies,England,2020-09-26,,6
92cf79a8,1230858,13,1,17,2,0,0,0,0,0,10,0,14,0,0,0,0,4,female,West Indies Women tour of England,T20,SR Taylor,0,West Indies,England,2020-09-28,,6
92cf79a8,1230859,15,0,10,2,0,2,0,0,0,2,0,0,0,0,0,0,0,female,West Indies Women tour of England,T20,SR Taylor,0,West Indies,England,2020-09-30,,6
92cf79a8,1226913,18,1,18,2,0,0,0,0,0,6,0,30,0,0,0,0,6,female,Women's Big Bash League,T20,SR Taylor,0,Adelaide Strikers,Sydney Thunder,2020-10-31,,6
92cf79a8,1226917,30,1,17,4,1,0,0,0,0,5,0,0,0,0,0,0,0,female,Women's Big Bash League,T20,SR Taylor,caught,Adelaide Strikers,Perth Scorchers,2020-11-01,,6
92cf79a8,1226922,20,0,17,2,0,0,0,0,0,5,0,15,0,0,0,0,1,female,Women's Big Bash League,T20,SR Taylor,0,Adelaide Strikers,Melbourne Stars,2020-11-03,,6
92cf79a8,1226930,60,1,49,7,1,0,0,0,0,16,0,0,0,0,0,0,0,female,Women's Big Bash League,T20,SR Taylor,caught,Adelaide Strikers,Melbourne Renegades,2020-11-08,,6
92cf79a8,1226938,27,1,22,3,1,1,0,0,0,9,0,15,0,0,0,0,4,female,Women's Big Bash League,T20,SR Taylor,0,Adelaide Strikers,Brisbane Heat,2020-11-14,,6
92cf79a8,1226941,4,1,9,0,0,1,0,0,0,5,0,11,0,0,0,0,2,female,Women's Big Bash League,T20,SR Taylor,bowled,Adelaide Strikers,Sydney Sixers,2020-11-15,,6
92cf79a8,1226945,16,1,20,1,0,0,0,0,0,7,0,2,1,0,0,0,2,female,Women's Big Bash League,T20,SR Taylor,0,Adelaide Strikers,Hobart Hurricanes,2020-11-17,,6
92cf79a8,1226950,16,1,22,1,0,0,0,0,0,11,0,13,0,0,0,0,5,female,Women's Big Bash League,T20,SR Taylor,0,Adelaide Strikers,Melbourne Renegades,2020-11-18,,6
92cf79a8,1226954,33,0,29,1,1,0,0,0,0,7,0,0,0,0,0,0,0,female,Women's Big Bash League,T20,SR Taylor,0,Adelaide Strikers,Sydney Thunder,2020-11-21,,6
92cf79a8,1267322,11,1,19,0,0,0,0,0,0,11,0,15,0,0,0,0,3,female,Pakistan Women tour of West Indies,T20,SR Taylor,0,West Indies,Pakistan,2021-06-30,,6
92cf79a8,1267323,5,1,11,0,0,0,0,0,0,7,0,20,0,0,0,0,9,female,Pakistan Women tour of West Indies,T20,SR Taylor,lbw,West Indies,Pakistan,2021-07-02,,6
92cf79a8,1267324,43,0,42,4,0,0,0,0,0,17,0,17,3,1,1,0,13,female,Pakistan Women tour of West Indies,T20,SR Taylor,0,West Indies,Pakistan,2021-07-04,,6
92cf79a8,1267325,105,0,117,11,2,0,0,0,0,62,0,29,3,0,2,0,38,female,Pakistan Women tour of West Indies,ODI,SR Taylor,0,West Indies,Pakistan,2021-07-07,,6
92cf79a8,1267326,0,0,0,0,0,0,0,0,0,0,0,18,0,0,0,1,22,female,Pakistan Women tour of West Indies,ODI,SR Taylor,0,West Indies,Pakistan,2021-07-09,,6
92cf79a8,1267328,49,1,79,5,0,0,0,0,0,51,0,17,0,0,0,0,12,female,Pakistan Women tour of West Indies,ODI,SR Taylor,0,West Indies,Pakistan,2021-07-15,,6
92cf79a8,1267329,21,1,29,2,0,0,0,0,0,15,0,18,0,0,0,0,7,female,Pakistan Women tour of West Indies,ODI,SR Taylor,0,West Indies,Pakistan,2021-07-18,,6
92cf79a8,1252702,45,0,32,4,1,1,0,0,0,6,0,26,1,0,0,0,11,female,The Hundred Women's Competition,T20,SR Taylor,0,Southern Brave,Trent Rockets,2021-07-24,,5
92cf79a8,1252707,17,0,21,1,0,0,0,0,0,7,0,19,0,0,0,0,11,female,The Hundred Women's Competition,T20,SR Taylor,0,Southern Brave,Welsh Fire,2021-07-27,,5
92cf79a8,1252710,22,0,14,3,0,0,0,0,0,1,0,23,0,0,0,0,3,female,The Hundred Women's Competition,T20,SR Taylor,0,Southern Brave,Birmingham Phoenix,2021-07-30,,5
92cf79a8,1252714,29,0,33,2,0,0,0,0,0,14,0,20,1,0,0,0,3,female,The Hundred Women's Competition,T20,SR Taylor,0,Southern Brave,London Spirit,2021-08-01,,5
92cf79a8,1252718,28,0,28,1,0,0,0,0,0,8,0,6,0,0,0,0,0,female,The Hundred Women's Competition,T20,SR Taylor,0,Southern Brave,Manchester Originals,2021-08-05,,5
92cf79a8,1252720,0,1,6,0,0,0,0,0,0,6,0,6,0,0,0,0,1,female,The Hundred Women's Competition,T20,SR Taylor,0,Southern Brave,Northern Superchargers,2021-08-07,,5
92cf79a8,1252724,0,1,1,0,0,0,0,0,0,1,0,15,0,0,0,0,8,female,The Hundred Women's Competition,T20,SR Taylor,0,Southern Brave,Welsh Fire,2021-08-11,,5
92cf79a8,1252729,23,1,26,2,0,0,0,0,0,10,0,15,0,0,0,0,4,female,The Hundred Women's Competition,T20,SR Taylor,caught,Southern Brave,Oval Invincibles,2021-08-16,,5
92cf79a8,1252733,18,1,22,2,0,0,0,0,0,11,0,19,0,0,0,0,4,female,The Hundred Women's Competition,T20,SR Taylor,0,Southern Brave,Oval Invincibles,2021-08-21,,5
a9231c3f,1276293,82,1,57,7,7,0,0,0,0,33,0,6,0,0,0,0,1,male,Papua New Guinea v United States of America ODI Series,ODI,SR Taylor,0,United States of America,Papua New Guinea,2021-09-06,,6
a9231c3f,1276294,17,1,33,2,0,0,0,0,0,25,0,11,1,0,0,0,20,male,Papua New Guinea v United States of America ODI Series,ODI,SR Taylor,0,United States of America,Papua New Guinea,2021-09-09,,6
a9231c3f,1275249,14,1,17,1,0,0,0,0,0,11,0,12,0,0,0,0,6,male,ICC Men's Cricket World Cup League 2,ODI,SR Taylor,caught,United States of America,Nepal,2021-09-13,,6
a9231c3f,1275251,4,1,3,1,0,0,0,0,0,2,0,24,1,0,0,1,40,male,ICC Men's Cricket World Cup League 2,ODI,SR Taylor,0,United States of America,Oman,2021-09-16,,6
a9231c3f,1286667,39,0,17,2,4,0,0,0,0,6,0,5,0,0,0,1,9,male,ICC Men's T20 World Cup Americas Region Qualifier,T20,SR Taylor,0,United States of America,Belize,2021-11-07,,6
a9231c3f,1286673,25,1,17,5,0,1,0,0,0,8,0,21,2,0,0,0,8,male,ICC Men's T20 World Cup Americas Region Qualifier,T20,SR Taylor,caught,United States of America,Bermuda,2021-11-08,,6
92cf79a8,1288209,6,1,11,0,0,2,0,0,0,6,0,10,0,0,0,0,3,female,West Indies Women tour of Pakistan,ODI,SR Taylor,0,West Indies,Pakistan,2021-11-08,,6
a9231c3f,1286674,18,2,13,1,2,0,0,0,0,9,0,0,0,0,0,0,0,male,ICC Men's T20 World Cup Americas Region Qualifier,T20,SR Taylor,0,United States of America,Canada,2021-11-10,,6
92cf79a8,1288210,23,1,46,2,0,0,0,0,0,30,0,11,0,0,0,0,9,female,West Indies Women tour of Pakistan,ODI,SR Taylor,caught,West Indies,Pakistan,2021-11-11,,6
a9231c3f,1286681,0,0,0,0,0,0,0,1,0,0,0,0,0,0,0,0,0,male,ICC Men's T20 World Cup Americas Region Qualifier,T20,SR Taylor,0,United States of America,Argentina,2021-11-11,,6
a9231c3f,1286682,0,0,0,0,0,0,0,0,0,0,0,11,1,0,0,0,16,male,ICC Men's T20 World Cup Americas Region Qualifier,T20,SR Taylor,0,United States of America,Bahamas,2021-11-13,,6
92cf79a8,1288211,102,0,124,12,0,0,1,0,0,68,0,17,1,0,0,0,22,female,West Indies Women tour of Pakistan,ODI,SR Taylor,0,West Indies,Pakistan,2021-11-14,,6
92cf79a8,1277092,12,0,17,1,0,0,0,0,0,9,0,0,0,0,0,0,0,female,West Indies Women tour of South Africa,ODI,SR Taylor,0,West Indies,South Africa,2022-01-28,,6
92cf79a8,1277093,21,1,42,1,0,1,0,0,0,25,0,0,0,0,0,0,0,female,West Indies Women tour of South Africa,ODI,SR Taylor,caught and bowled,West Indies,South Africa,2022-01-31,,6
92cf79a8,1277094,13,1,24,1,0,1,0,0,0,15,0,24,0,0,0,0,7,female,West Indies Women tour of South Africa,ODI,SR Taylor,0,West Indies,South Africa,2022-02-03,,6
92cf79a8,1243908,30,1,49,3,0,1,0,0,0,31,0,0,0,0,0,0,0,female,ICC Women's World Cup,ODI,SR Taylor,caught,West Indies,New Zealand,2022-03-04,,6
92cf79a8,1243914,0,1,1,0,0,0,0,0,0,1,0,21,1,0,0,0,10,female,ICC Women's World Cup,ODI,SR Taylor,0,West Indies,England,2022-03-09,,6
92cf79a8,1243917,1,1,10,0,0,0,0,0,0,9,0,18,0,0,0,0,9,female,ICC Women's World Cup,ODI,SR Taylor,caught,West Indies,India,2022-03-12,,6
92cf79a8,1243921,50,1,92,3,0,0,0,0,0,62,0,8,0,0,0,0,3,female,ICC Women's World Cup,ODI,SR Taylor,0,West Indies,Australia,2022-03-15,,6
92cf79a8,1243924,4,1,10,1,0,0,0,0,0,9,0,29,3,1,0,0,49,female,ICC Women's World Cup,ODI,SR Taylor,bowled,West Indies,Bangladesh,2022-03-18,,6
92cf79a8,1243927,18,1,32,0,0,0,0,0,0,17,0,0,0,0,0,0,0,female,ICC Women's World Cup,ODI,SR Taylor,0,West Indies,Pakistan,2022-03-21,,6
92cf79a8,1243930,0,0,0,0,0,1,0,0,0,0,0,0,0,0,0,0,0,female,ICC Women's World Cup,ODI,SR Taylor,0,West Indies,South Africa,2022-03-24,,6
92cf79a8,1243936,48,1,78,4,0,0,0,0,0,45,0,48,0,0,0,0,7,female,ICC Women's World Cup,ODI,SR Taylor,0,West Indies,Australia,2022-03-30,,6
92cf79a8,1313195,19,1,23,1,0,0,0,0,0,10,0,16,0,0,0,0,10,female,FairBreak Invitational Tournament,T20,SR Taylor,caught,Tornadoes,Sapphires,2022-05-05,,6
92cf79a8,1313198,31,0,22,2,1,0,0,0,0,5,0,19,1,0,0,0,12,female,FairBreak Invitational Tournament,T20,SR Taylor,0,Tornadoes,Warriors (FairBreak),2022-05-06,,6
92cf79a8,1313202,78,0,54,8,3,0,0,0,0,17,0,9,0,0,0,0,7,female,FairBreak Invitational Tournament,T20,SR Taylor,0,Tornadoes,Barmy Army,2022-05-08,,6
92cf79a8,1313207,0,0,0,0,0,0,0,0,0,0,0,26,1,0,0,0,11,female,FairBreak Invitational Tournament,T20,SR Taylor,0,Tornadoes,Falcons,2022-05-12,,6
92cf79a8,1313210,12,1,12,1,0,0,0,0,0,4,0,6,0,0,0,0,6,female,FairBreak Invitational Tournament,T20,SR Taylor,run out,Tornadoes,Barmy Army,2022-05-14,,6
92cf79a8,1313212,34,0,31,2,1,0,0,0,0,11,0,29,0,0,0,0,12,female,FairBreak Invitational Tournament,T20,SR Taylor,0,Tornadoes,Falcons,2022-05-15,,6
a9231c3f,1312798,42,1,46,7,0,0,0,0,0,31,0,32,1,0,0,0,17,male,ICC Men's Cricket World Cup League 2,ODI,SR Taylor,caught,United States of America,Scotland,2022-05-28,,6
a9231c3f,1312799,29,1,28,5,0,1,0,0,0,16,0,31,0,0,0,0,18,male,ICC Men's Cricket World Cup League 2,ODI,SR Taylor,0,United States of America,Scotland,2022-05-29,,6
a9231c3f,1312801,14,1,23,1,0,0,0,0,0,13,0,8,1,0,0,0,11,male,ICC Men's Cricket World Cup League 2,ODI,SR Taylor,caught,United States of America,United Arab Emirates,2022-06-01,,6
a9231c3f,1312803,0,1,6,0,0,0,0,0,0,6,0,20,1,0,0,0,14,male,ICC Men's Cricket World Cup League 2,ODI,SR Taylor,0,United States of America,United Arab Emirates,2022-06-04,,6
92cf79a8,wi_211826,14,1,16,2,0,0,0,0,0,9,0,4,1,0,0,0,2,female,T20 Blaze,T20,SR Taylor,0,Jamaica,Trinidad and Tobago,2022-06-07,,6
a9231c3f,1312804,16,1,12,2,0,1,0,0,0,6,0,49,2,0,2,0,31,male,ICC Men's Cricket World Cup League 2,ODI,SR Taylor,caught,United States of America,Oman,2022-06-08,,6
92cf79a8,wi_211829,18,1,25,3,0,1,1,0,0,17,0,20,2,1,0,0,18,female,T20 Blaze,T20,SR Taylor,bowled,Jamaica,Windward Islands,2022-06-09,,6
a9231c3f,1312806,114,1,123,11,3,0,0,0,0,63,0,25,0,0,0,0,18,male,ICC Men's Cricket World Cup League 2,ODI,SR Taylor,0,United States of America,Nepal,2022-06-11,,6
92cf79a8,wi_211831,10,1,11,2,0,2,0,0,0,7,0,24,1,0,0,0,11,female,T20 Blaze,T20,SR Taylor,0,Jamaica,Guyana,2022-06-11,,6
a9231c3f,1312807,79,1,82,9,1,0,0,0,0,44,0,16,0,0,0,0,9,male,ICC Men's Cricket World Cup League 2,ODI,SR Taylor,caught,United States of America,Oman,2022-06-12,,6
92cf79a8,wi_211833,18,1,30,1,0,0,0,0,0,15,0,17,1,1,0,0,18,female,T20 Blaze,T20,SR Taylor,0,Jamaica,Barbados,2022-06-13,,6
92cf79a8,wi_211836,56,1,55,5,0,0,0,0,0,19,0,10,0,0,0,1,14,female,T20 Blaze,T20,SR Taylor,0,Jamaica,Leeward Islands,2022-06-14,,6
a9231c3f,1312809,1,1,3,0,0,2,0,0,0,2,0,12,0,0,0,0,1,male,ICC Men's Cricket World Cup League 2,ODI,SR Taylor,caught,United States of America,Nepal,2022-06-15,,6
92cf79a8,wi_211977,13,1,27,2,0,0,0,0,0,20,0,13,3,2,1,2,28,female,CG United Women's Super50,ODM,SR Taylor,0,Jamaica,Barbados,2022-06-18,,6
92cf79a8,wi_211973,36,0,50,6,0,2,0,0,0,32,0,22,3,0,0,1,32,female,CG United Women's Super50,ODM,SR Taylor,0,Jamaica,Windward Islands,2022-06-20,,6
92cf79a8,wi_212062,0,0,1,0,0,1,0,0,0,1,0,0,0,0,0,0,0,female,CG United Women's Super50,ODM,SR Taylor,0,Jamaica,Guyana,2022-06-23,,6
92cf79a8,wi_212064,44,0,61,5,0,0,0,0,0,35,0,22,0,0,0,0,18,female,CG United Women's Super50,ODM,SR Taylor,0,Jamaica,Barbados,2022-06-25,,6
a9231c3f,1321466,101,0,56,12,5,0,0,0,0,17,0,11,0,0,0,0,1,male,ICC Men's T20 World Cup Qualifier,T20,SR Taylor,0,United States of America,Jersey,2022-07-11,,6
a9231c3f,1321470,58,1,33,7,2,0,0,0,0,8,0,0,0,0,0,0,0,male,ICC Men's T20 World Cup Qualifier,T20,SR Taylor,0,United States of America,Singapore,2022-07-12,,6
a9231c3f,1321475,46,1,33,5,1,0,0,0,0,11,0,23,0,0,0,0,7,male,ICC Men's T20 World Cup Qualifier,T20,SR Taylor,caught,United States of America,Zimbabwe,2022-07-14,,6
a9231c3f,1321480,26,1,24,5,0,0,0,0,0,13,0,0,0,0,0,0,0,male,ICC Men's T20 World Cup Qualifier,T20,SR Taylor,0,United States of America,Netherlands,2022-07-15,,6
a9231c3f,1321483,2,1,6,0,0,0,0,0,0,4,0,0,0,0,0,0,0,male,ICC Men's T20 World Cup Qualifier,T20,SR Taylor,0,United States of America,Papua New Guinea,2022-07-17,,6
a9231c3f,1322037,29,1,27,6,0,0,0,0,0,16,0,33,1,0,0,1,39,male,ICC Men's Cricket World Cup League 2,ODI,SR Taylor,lbw,United States of America,United Arab Emirates,2022-08-11,,6
a9231c3f,1322038,37,1,45,4,1,0,0,0,0,28,0,34,1,0,0,0,5,male,ICC Men's Cricket World Cup League 2,ODI,SR Taylor,0,United States of America,Scotland,2022-08-13,,6
a9231c3f,1322041,16,1,31,2,0,1,0,1,0,23,0,51,2,0,0,0,22,male,ICC Men's Cricket World Cup League 2,ODI,SR Taylor,run out,United States of America,Scotland,2022-08-17,,6
92cf79a8,1323179,0,0,0,0,0,0,0,0,0,0,0,0,0,0,0,0,0,female,Women's Caribbean Premier League,T20,SR Taylor,0,Guyana Amazon Warriors,Trinbago Knight Riders,2022-09-01,,6
92cf79a8,1323180,32,1,34,2,0,1,0,0,0,12,0,0,0,0,0,0,0,female,Women's Caribbean Premier League,T20,SR Taylor,run out,Guyana Amazon Warriors,Barbados Royals,2022-09-03,,6
a9231c3f,1331365,5,1,5,1,0,1,0,0,0,3,0,35,1,0,1,0,38,male,ICC Men's Cricket World Cup League 2,ODI,SR Taylor,caught and bowled,United States of America,Papua New Guinea,2022-09-11,,6
a9231c3f,1331366,25,1,23,4,0,0,0,0,0,14,0,34,3,1,0,3,43,male,ICC Men's Cricket World Cup League 2,ODI,SR Taylor,caught,United States of America,Papua New Guinea,2022-09-13,,6
a9231c3f,1331367,11,1,30,0,0,0,0,0,0,20,0,33,2,2,0,1,41,male,ICC Men's Cricket World Cup League 2,ODI,SR Taylor,0,United States of America,Namibia,2022-09-15,,6
a9231c3f,1331368,13,1,26,2,0,1,0,0,0,20,0,26,1,0,0,0,24,male,ICC Men's Cricket World Cup League 2,ODI,SR Taylor,caught,United States of America,Namibia,2022-09-17,,6
92cf79a8,1334412,8,1,17,1,0,1,0,0,0,13,0,0,0,0,0,0,0,female,New Zealand Women tour of West Indies,ODI,SR Taylor,caught,West Indies,New Zealand,2022-09-19,,6
92cf79a8,1334413,10,1,39,0,0,2,0,0,0,29,0,18,1,0,0,0,12,female,New Zealand Women tour of West Indies,ODI,SR Taylor,caught,West Indies,New Zealand,2022-09-22,,6
92cf79a8,1334414,51,0,91,4,0,0,0,0,0,57,0,11,0,0,0,0,5,female,New Zealand Women tour of West Indies,ODI,SR Taylor,0,West Indies,New Zealand,2022-09-25,,6
a9231c3f,1341970,23,1,40,1,2,1,0,0,0,31,0,42,2,1,0,0,35,male,ICC Men's Cricket World Cup League 2,ODI,SR Taylor,caught,United States of America,Namibia,2022-11-20,,6
a9231c3f,1341971,42,1,50,4,2,0,0,0,0,30,0,21,1,1,0,1,28,male,ICC Men's Cricket World Cup League 2,ODI,SR Taylor,0,United States of America,Papua New Guinea,2022-11-22,,6
a9231c3f,1341973,66,1,92,8,1,0,0,0,0,56,0,54,1,0,0,0,37,male,ICC Men's Cricket World Cup League 2,ODI,SR Taylor,caught and bowled,United States of America,Papua New Guinea,2022-11-25,,6
a9231c3f,1341974,9,1,11,1,0,0,0,0,0,6,0,43,0,0,0,0,21,male,ICC Men's Cricket World Cup League 2,ODI,SR Taylor,0,United States of America,Namibia,2022-11-26,,6
92cf79a8,1338041,3,1,16,0,0,0,0,0,0,13,0,0,0,0,0,0,0,female,ICC Women's T20 World Cup,T20,SR Taylor,lbw,West Indies,England,2023-02-11,,6
92cf79a8,1338048,42,1,41,6,0,0,0,0,0,21,0,0,0,0,0,0,0,female,ICC Women's T20 World Cup,T20,SR Taylor,lbw,West Indies,India,2023-02-15,,6
a9231c3f,1365092,4,1,7,1,0,0,0,0,0,6,0,0,0,0,0,0,0,male,ICC Cricket World Cup Qualifier Play-off,ODI,SR Taylor,caught,United States of America,Namibia,2023-03-26,,6
a9231c3f,1365101,81,1,135,6,1,0,0,0,0,84,0,0,0,0,0,0,0,male,ICC Cricket World Cup Qualifier Play-off,ODI,SR Taylor,lbw,United States of America,Papua New Guinea,2023-04-02,,6
92cf79a8,1366014,10,1,18,2,0,3,0,0,0,14,0,0,0,0,0,0,0,female,FairBreak Invitational Tournament,T20,SR Taylor,bowled,Tornadoes,Falcons,2023-04-03,,6
a9231c3f,1365104,79,1,105,6,3,0,0,0,0,65,0,0,0,0,0,0,0,male,ICC Cricket World Cup Qualifier Play-off,ODI,SR Taylor,run out,United States of America,Jersey,2023-04-04,,6
92cf79a8,1366017,0,0,0,0,0,0,0,0,0,0,0,0,0,0,0,0,0,female,FairBreak Invitational Tournament,T20,SR Taylor,0,Tornadoes,Warriors,2023-04-05,,6
92cf79a8,1366021,5,1,9,1,0,0,0,0,0,7,0,0,0,0,0,0,0,female,FairBreak Invitational Tournament,T20,SR Taylor,caught,Tornadoes,Barmy Army,2023-04-08,,6
92cf79a8,1366026,61,0,55,10,0,0,0,0,0,26,0,0,0,0,0,0,0,female,FairBreak Invitational Tournament,T20,SR Taylor,0,Tornadoes,Spirit,2023-04-11,,6
92cf79a8,1366029,24,1,20,4,0,1,0,0,0,9,0,0,0,0,0,0,0,female,FairBreak Invitational Tournament,T20,SR Taylor,0,Tornadoes,Sapphires,2023-04-14,,6
a9231c3f,1377747,18,1,22,3,0,1,0,0,0,13,0,53,3,0,0,0,19,male,ICC Cricket World Cup Qualifier,ODI,SR Taylor,caught,United States of America,West Indies,2023-06-18,,6
a9231c3f,1377751,4,1,10,1,0,0,0,0,0,9,0,14,1,0,0,0,20,male,ICC Cricket World Cup Qualifier,ODI,SR Taylor,lbw,United States of America,Nepal,2023-06-20,,6
a9231c3f,1377755,10,1,19,2,0,0,0,0,0,16,0,23,0,0,0,0,5,male,ICC Cricket World Cup Qualifier,ODI,SR Taylor,bowled,United States of America,Netherlands,2023-06-22,,6
a9231c3f,1377762,0,1,7,0,0,0,0,0,0,7,0,71,0,0,0,0,20,male,ICC Cricket World Cup Qualifier,ODI,SR Taylor,caught,United States of America,Zimbabwe,2023-06-26,,6
92cf79a8,1378191,55,1,70,4,0,1,0,0,0,35,0,0,0,0,0,0,0,female,Ireland Women tour of West Indies,ODI,SR Taylor,caught,West Indies,Ireland,2023-06-26,,6
92cf79a8,1378192,0,0,0,0,0,0,0,0,0,0,0,0,0,0,0,0,0,female,Ireland Women tour of West Indies,ODI,SR Taylor,0,West Indies,Ireland,2023-06-28,,6
a9231c3f,1377768,23,1,25,5,0,0,0,0,0,17,0,42,0,0,0,1,20,male,ICC Cricket World Cup Qualifier,ODI,SR Taylor,caught,United States of America,Ireland,2023-06-30,,6
92cf79a8,1378193,79,0,117,6,0,0,0,0,0,60,0,16,0,0,0,0,11,female,Ireland Women tour of West Indies,ODI,SR Taylor,0,West Indies,Ireland,2023-07-01,,6
92cf79a8,1378194,0,0,0,0,0,0,0,0,0,0,0,0,0,0,0,0,0,female,Ireland Women tour of West Indies,T20,SR Taylor,0,West Indies,Ireland,2023-07-04,,6
a9231c3f,1381362,0,1,1,0,0,0,0,0,0,1,0,17,0,0,0,0,2,male,Major League Cricket,T20,SR Taylor,caught,MI New York,San Francisco Unicorns,2023-07-14,,6
a9231c3f,1381367,15,1,24,1,0,0,0,0,0,14,0,22,0,0,0,0,4,male,Major League Cricket,T20,SR Taylor,lbw,MI New York,Texas Super Kings,2023-07-17,,6
a9231c3f,1381376,15,1,13,0,1,0,0,0,0,5,0,0,0,0,0,0,0,male,Major League Cricket,T20,SR Taylor,0,MI New York,Washington Freedom,2023-07-27,,6
a9231c3f,1381378,0,0,0,0,0,1,0,0,0,0,0,28,0,0,0,0,10,male,Major League Cricket,T20,SR Taylor,0,MI New York,Texas Super Kings,2023-07-28,,6
a9231c3f,1381379,0,1,3,0,0,0,0,0,0,3,0,26,1,0,0,0,10,male,Major League Cricket,T20,SR Taylor,0,MI New York,Seattle Orcas,2023-07-30,,6
92cf79a8,1380589,22,1,26,1,0,0,0,0,0,9,0,0,0,0,0,0,0,female,Women's Caribbean Premier League,T20,SR Taylor,caught,Guyana Amazon Warriors,Barbados Royals,2023-08-31,,6
92cf79a8,1380591,10,1,13,1,0,0,0,0,0,7,0,0,0,0,0,0,0,female,Women's Caribbean Premier League,T20,SR Taylor,bowled,Guyana Amazon Warriors,Barbados Royals,2023-09-03,,6
92cf79a8,1380592,32,1,30,4,0,0,0,0,0,11,0,0,0,0,0,0,0,female,Women's Caribbean Premier League,T20,SR Taylor,caught,Guyana Amazon Warriors,Trinbago Knight Riders,2023-09-05,,6
92cf79a8,1380594,17,0,8,2,1,0,0,0,0,3,0,0,0,0,0,0,0,female,Women's Caribbean Premier League,T20,SR Taylor,0,Guyana Amazon Warriors,Trinbago Knight Riders,2023-09-09,,6
92cf79a8,1380595,4,1,3,1,0,1,0,0,0,2,0,0,0,0,0,0,0,female,Women's Caribbean Premier League,T20,SR Taylor,0,Guyana Amazon Warriors,Barbados Royals,2023-09-10,,6
a9231c3f,1369586,14,1,18,1,0,0,0,0,0,9,0,0,0,0,0,0,0,male,Caribbean Premier League,T20,SR Taylor,0,Jamaica Tallawahs,St Lucia Kings,2023-09-17,,6
a9231c3f,1369588,0,1,1,0,0,0,0,0,0,1,0,0,0,0,0,0,0,male,Caribbean Premier League,T20,SR Taylor,0,Jamaica Tallawahs,St Lucia Kings,2023-09-19,,6
a9231c3f,1369590,4,1,10,0,0,0,0,0,0,7,0,0,0,0,0,0,0,male,Caribbean Premier League,T20,SR Taylor,0,Jamaica Tallawahs,Guyana Amazon Warriors,2023-09-22,,6
92cf79a8,1375863,10,0,20,1,0,1,0,0,0,13,0,0,0,0,0,0,0,female,West Indies Women tour of Australia,T20,SR Taylor,0,West Indies,Australia,2023-10-01,,6
92cf79a8,1375864,59,1,42,11,0,0,0,0,0,17,0,0,0,0,0,0,0,female,West Indies Women tour of Australia,T20,SR Taylor,0,West Indies,Australia,2023-10-02,,6
92cf79a8,1375865,1,1,3,0,0,1,0,0,0,2,0,0,0,0,0,0,0,female,West Indies Women tour of Australia,T20,SR Taylor,caught,West Indies,Australia,2023-10-05,,6
92cf79a8,1375866,12,1,28,1,0,0,0,0,0,19,0,0,0,0,0,0,0,female,West Indies Women tour of Australia,ODI,SR Taylor,0,West Indies,Australia,2023-10-08,,6
92cf79a8,1375867,2,1,4,0,0,0,0,0,0,2,0,0,0,0,0,0,0,female,West Indies Women tour of Australia,ODI,SR Taylor,bowled,West Indies,Australia,2023-10-12,,6
92cf79a8,1375868,4,1,14,0,0,0,0,0,0,11,0,16,0,0,0,0,1,female,West Indies Women tour of Australia,ODI,SR Taylor,0,West Indies,Australia,2023-10-14,,6
a9231c3f,1425121,22,1,23,1,2,0,0,0,0,14,0,7,0,0,0,0,2,male,Canada tour of United States of America,T20,SR Taylor,0,United States of America,Canada,2024-04-07,,6
a9231c3f,1425122,54,1,25,7,3,0,0,0,0,8,0,9,1,0,0,0,2,male,Canada tour of United States of America,T20,SR Taylor,caught,United States of America,Canada,2024-04-09,,6
a9231c3f,1425124,39,1,25,5,2,0,0,0,0,13,0,27,1,0,0,0,8,male,Canada tour of United States of America,T20,SR Taylor,caught,United States of America,Canada,2024-04-12,,6
92cf79a8,1426081,2,1,8,0,0,0,0,0,0,6,0,18,0,0,0,0,14,female,West Indies Women tour of Pakistan,ODI,SR Taylor,0,West Indies,Pakistan,2024-04-18,,6
92cf79a8,1426082,73,1,91,9,0,0,0,0,0,52,0,0,0,0,0,0,0,female,West Indies Women tour of Pakistan,ODI,SR Taylor,caught,West Indies,Pakistan,2024-04-21,,6
92cf79a8,1426083,47,1,64,4,0,0,0,0,0,37,0,29,1,0,0,0,18,female,West Indies Women tour of Pakistan,ODI,SR Taylor,caught,West Indies,Pakistan,2024-04-23,,6
92cf79a8,1426084,30,1,32,4,0,0,0,0,0,16,0,0,0,0,0,0,0,female,West Indies Women tour of Pakistan,T20,SR Taylor,caught,West Indies,Pakistan,2024-04-26,,6
a9231c3f,1425131,28,1,31,1,1,1,0,1,0,15,0,9,1,0,0,0,10,male,Bangladesh tour of United States of America,T20,SR Taylor,0,United States of America,Bangladesh,2024-05-21,,6
a9231c3f,1425132,31,1,30,3,2,0,0,0,0,19,0,21,0,0,0,0,10,male,Bangladesh tour of United States of America,T20,SR Taylor,0,United States of America,Bangladesh,2024-05-23,,6
a9231c3f,1415701,0,1,2,0,0,0,0,1,0,2,0,15,0,0,0,0,1,male,ICC Men's T20 World Cup,T20,SR Taylor,lbw,United States of America,Canada,2024-06-01,,6
a9231c3f,1415711,12,1,19,1,0,2,0,0,0,11,0,0,0,0,0,0,0,male,ICC Men's T20 World Cup,T20,SR Taylor,0,United States of America,Pakistan,2024-06-06,,6
a9231c3f,1415725,24,1,31,0,2,0,0,0,0,19,0,0,0,0,0,0,0,male,ICC Men's T20 World Cup,T20,SR Taylor,0,United States of America,India,2024-06-12,,6
92cf79a8,1436886,33,0,57,3,0,0,0,0,0,34,0,16,0,0,0,0,15,female,West Indies Women tour of Sri Lanka,ODI,SR Taylor,0,West Indies,Sri Lanka,2024-06-15,,6
92cf79a8,1436887,1,1,9,0,0,0,0,0,0,8,0,0,0,0,0,0,0,female,West Indies Women tour of Sri Lanka,ODI,SR Taylor,lbw,West Indies,Sri Lanka,2024-06-18,,6
a9231c3f,1415741,24,1,16,4,1,0,0,0,0,9,0,22,0,0,0,0,3,male,ICC Men's T20 World Cup,T20,SR Taylor,caught,United States of America,South Africa,2024-06-19,,6
92cf79a8,1436888,16,1,51,1,0,0,0,0,0,40,0,7,0,0,0,0,3,female,West Indies Women tour of Sri Lanka,ODI,SR Taylor,0,West Indies,Sri Lanka,2024-06-21,,6
a9231c3f,1415746,2,1,7,0,0,0,0,0,0,5,0,0,0,0,0,0,0,male,ICC Men's T20 World Cup,T20,SR Taylor,caught,United States of America,West Indies,2024-06-21,,6
a9231c3f,1415749,12,1,13,2,0,0,0,0,0,8,0,0,0,0,0,0,0,male,ICC Men's T20 World Cup,T20,SR Taylor,caught,United States of America,England,2024-06-23,,6
92cf79a8,1436889,11,1,15,1,0,0,0,0,0,8,0,0,0,0,0,0,0,female,West Indies Women tour of Sri Lanka,T20,SR Taylor,0,West Indies,Sri Lanka,2024-06-24,,6
92cf79a8,1436890,28,1,27,2,0,0,0,0,0,7,0,0,0,0,0,0,0,female,West Indies Women tour of Sri Lanka,T20,SR Taylor,0,West Indies,Sri Lanka,2024-06-26,,6
92cf79a8,1436891,33,1,31,4,1,0,0,0,0,15,0,0,0,0,0,0,0,female,West Indies Women tour of Sri Lanka,T20,SR Taylor,0,West Indies,Sri Lanka,2024-06-28,,6
a9231c3f,1432726,0,0,0,0,0,0,0,0,0,0,0,13,0,0,0,0,1,male,Major League Cricket,T20,SR Taylor,0,MI New York,Seattle Orcas,2024-07-05,,6
a9231c3f,1432737,18,1,14,2,0,0,0,0,0,5,0,20,0,0,0,0,5,male,Major League Cricket,T20,SR Taylor,caught,MI New York,Texas Super Kings,2024-07-14,,6
a9231c3f,1432739,0,1,3,0,0,0,0,0,0,3,0,0,0,0,0,0,0,male,Major League Cricket,T20,SR Taylor,caught,MI New York,Washington Freedom,2024-07-16,,6
a9231c3f,1445035,27,1,50,5,0,0,0,0,0,38,0,12,1,0,0,0,17,male,ICC Men's Cricket World Cup League 2,ODI,SR Taylor,caught,United States of America,Canada,2024-08-13,,6
a9231c3f,1445036,0,1,3,0,0,0,0,1,0,3,0,40,1,1,0,0,30,male,ICC Men's Cricket World Cup League 2,ODI,SR Taylor,lbw,United States of America,Netherlands,2024-08-15,,6
a9231c3f,1445039,0,1,6,0,0,0,0,0,0,6,0,3,1,1,0,1,11,male,ICC Men's Cricket World Cup League 2,ODI,SR Taylor,0,United States of America,Netherlands,2024-08-21,,6
92cf79a8,1443199,38,1,39,4,1,0,0,0,0,18,0,0,0,0,0,0,0,female,Women's Caribbean Premier League,T20,SR Taylor,0,Guyana Amazon Warriors,Barbados Royals,2024-08-21,,6
92cf79a8,1443201,6,1,8,1,0,0,0,0,0,5,0,26,0,0,0,0,8,female,Women's Caribbean Premier League,T20,SR Taylor,lbw,Guyana Amazon Warriors,Trinbago Knight Riders,2024-08-23,,6
92cf79a8,1432424,44,0,41,2,1,0,0,0,0,13,0,0,0,0,0,0,0,female,ICC Women's T20 World Cup,T20,SR Taylor,0,West Indies,South Africa,2024-10-04,,6
92cf79a8,1432429,4,1,3,1,0,0,0,1,0,2,0,0,0,0,0,0,0,female,ICC Women's T20 World Cup,T20,SR Taylor,0,West Indies,Scotland,2024-10-06,,6
92cf79a8,1432434,27,0,29,3,0,0,0,0,0,12,0,0,0,0,0,0,0,female,ICC Women's T20 World Cup,T20,SR Taylor,0,West Indies,Bangladesh,2024-10-10,,6
92cf79a8,1432443,13,1,20,1,0,0,0,0,0,12,0,0,0,0,0,0,0,female,ICC Women's T20 World Cup,T20,SR Taylor,0,West Indies,New Zealand,2024-10-18,,6
