player_id,match_id,runs_scored,player_out,balls_faced,fours_scored,sixes_scored,catches_taken,run_out_direct,run_out_throw,stumpings_done,dot_balls_as_batsman,order_seenballs_bowled,runs_conceded,wickets_taken,bowled_done,lbw_done,maidens,dot_balls_as_bowler,gender,series_name,match_type,name,out_kind,player_team,opposition_team,start_date,end_date,balls_per_over
2f9a6bd1,754805,0,0,0,0,0,0,0,0,0,0,0,14,0,0,0,0,5,female,West Indies Women in Australia T20I Series,T20,SS Connell,0,West Indies,Australia,2014-11-07,,6
2f9a6bd1,754809,0,0,0,0,0,0,0,0,0,0,0,23,0,0,0,0,15,female,ICC Women's Championship,ODI,SS Connell,0,West Indies,Australia,2014-11-11,,6
2f9a6bd1,754811,2,0,5,0,0,0,1,0,0,3,0,15,0,0,0,0,9,female,ICC Women's Championship,ODI,SS Connell,0,West Indies,Australia,2014-11-13,,6
2f9a6bd1,754813,0,0,1,0,0,0,0,0,0,1,0,27,0,0,0,0,11,female,ICC Women's Championship,ODI,SS Connell,0,West Indies,Australia,2014-11-16,,6
2f9a6bd1,754815,0,1,4,0,0,0,0,0,0,4,0,29,0,0,0,0,11,female,West Indies Women in Australia ODI Series,ODI,SS Connell,bowled,West Indies,Australia,2014-11-18,,6
2f9a6bd1,892043,0,0,0,0,0,0,0,0,0,0,0,11,1,0,0,1,17,female,Pakistan Women in West Indies T20I Series,T20,SS Connell,0,West Indies,Pakistan,2015-10-29,,6
2f9a6bd1,907393,0,0,0,0,0,0,0,0,0,0,0,30,1,1,0,0,31,female,ICC Women's Championship,ODI,SS Connell,0,West Indies,South Africa,2016-02-29,,6
2f9a6bd1,907399,13,0,9,1,0,0,0,0,0,0,0,14,1,0,0,0,9,female,West Indies Women in South Africa T20I Series,T20,SS Connell,0,West Indies,South Africa,2016-03-09,,6
2f9a6bd1,951379,0,1,1,0,0,1,0,0,0,1,0,10,1,0,0,0,10,female,Women's World T20,T20,SS Connell,0,West Indies,Pakistan,2016-03-16,,6
2f9a6bd1,951389,0,0,0,0,0,0,1,0,0,0,0,17,0,0,0,0,8,female,Women's World T20,T20,SS Connell,0,West Indies,Bangladesh,2016-03-20,,6
2f9a6bd1,951399,0,0,0,0,0,1,0,0,0,0,0,11,0,0,0,0,7,female,Women's World T20,T20,SS Connell,0,West Indies,England,2016-03-24,,6
2f9a6bd1,951409,0,1,1,0,0,0,0,0,0,1,0,15,1,0,0,1,19,female,Women's World T20,T20,SS Connell,0,West Indies,India,2016-03-27,,6
2f9a6bd1,951417,0,0,0,0,0,0,0,0,0,0,0,22,1,1,0,0,10,female,Women's World T20,T20,SS Connell,0,West Indies,New Zealand,2016-03-31,,6
2f9a6bd1,951419,0,0,0,0,0,0,0,0,0,0,0,15,0,0,0,0,5,female,Women's World T20,T20,SS Connell,0,West Indies,Australia,2016-04-03,,6
2f9a6bd1,1085948,1,0,2,0,0,0,0,0,0,1,0,30,0,0,0,1,22,female,ICC Women's World Cup,ODI,SS Connell,0,West Indies,Australia,2017-06-26,,6
2f9a6bd1,1085951,0,0,0,0,0,0,0,0,0,0,0,23,1,0,0,0,19,female,ICC Women's World Cup,ODI,SS Connell,0,West Indies,India,2017-06-29,,6
2f9a6bd1,1138191,2,0,1,0,0,0,0,0,0,0,0,51,0,0,0,0,23,female,ICC Women's Championship,ODI,SS Connell,0,West Indies,New Zealand,2018-03-04,,6
2f9a6bd1,1138192,0,0,7,0,0,0,0,0,0,7,0,39,0,0,0,0,8,female,ICC Women's Championship,ODI,SS Connell,0,West Indies,New Zealand,2018-03-08,,6
2f9a6bd1,1138193,7,1,8,1,0,0,0,0,0,4,0,63,1,1,0,0,26,female,ICC Women's Championship,ODI,SS Connell,0,West Indies,New Zealand,2018-03-11,,6
2f9a6bd1,1138194,0,0,0,0,0,1,0,0,0,0,0,32,1,0,0,0,7,female,West Indies Women tour of New Zealand,T20,SS Connell,0,West Indies,New Zealand,2018-03-14,,6
2f9a6bd1,1138195,0,0,0,0,0,0,0,0,0,0,0,37,1,1,0,0,11,female,West Indies Women tour of New Zealand,T20,SS Connell,0,West Indies,New Zealand,2018-03-16,,6
2f9a6bd1,1138196,0,0,0,0,0,0,0,0,0,0,0,22,0,0,0,0,5,female,West Indies Women tour of New Zealand,T20,SS Connell,0,West Indies,New Zealand,2018-03-20,,6
2f9a6bd1,1138198,0,0,0,0,0,0,0,0,0,0,0,35,3,0,0,0,11,female,West Indies Women tour of New Zealand,T20,SS Connell,0,West Indies,New Zealand,2018-03-25,,6
2f9a6bd1,1156212,12,0,24,1,0,0,0,0,0,17,0,27,1,0,0,2,47,female,ICC Women's Championship,ODI,SS Connell,0,West Indies,South Africa,2018-09-16,,6
2f9a6bd1,1156214,0,0,0,0,0,0,0,0,0,0,0,28,1,0,0,0,29,female,ICC Women's Championship,ODI,SS Connell,0,West Indies,South Africa,2018-09-22,,6
2f9a6bd1,1156216,0,0,0,0,0,0,0,0,0,0,0,11,0,0,0,1,11,female,South Africa Women tour of West Indies,T20,SS Connell,0,West Indies,South Africa,2018-09-28,,6
2f9a6bd1,1156218,0,0,0,0,0,0,0,0,0,0,0,25,0,0,0,0,11,female,South Africa Women tour of West Indies,T20,SS Connell,0,West Indies,South Africa,2018-10-04,,6
2f9a6bd1,1156219,0,0,0,0,0,1,0,0,0,0,0,20,2,1,0,0,13,female,South Africa Women tour of West Indies,T20,SS Connell,0,West Indies,South Africa,2018-10-06,,6
2f9a6bd1,1150535,0,0,0,0,0,0,0,0,0,0,0,4,0,0,0,0,10,female,ICC Women's T20 World Cup,T20,SS Connell,0,West Indies,Bangladesh,2018-11-09,,6
2f9a6bd1,1150544,0,0,0,0,0,1,0,0,0,0,0,9,1,0,0,0,18,female,ICC Women's T20 World Cup,T20,SS Connell,0,West Indies,South Africa,2018-11-14,,6
2f9a6bd1,1150548,0,0,0,0,0,0,0,0,0,0,0,16,0,0,0,0,5,female,ICC Women's T20 World Cup,T20,SS Connell,0,West Indies,Sri Lanka,2018-11-16,,6
2f9a6bd1,1150551,0,0,0,0,0,0,0,0,0,0,0,14,1,0,0,0,4,female,ICC Women's T20 World Cup,T20,SS Connell,0,West Indies,England,2018-11-18,,6
2f9a6bd1,1150553,6,0,7,0,0,1,0,0,0,2,0,9,0,0,0,0,7,female,ICC Women's T20 World Cup,T20,SS Connell,0,West Indies,Australia,2018-11-22,,6
2f9a6bd1,1172469,0,0,0,0,0,2,0,0,0,0,0,29,3,0,0,0,13,female,West Indies Women tour of Pakistan and United Arab Emirates,T20,SS Connell,0,West Indies,Pakistan,2019-01-31,,6
2f9a6bd1,1172470,0,0,0,0,0,0,0,0,0,0,0,34,0,0,0,0,12,female,West Indies Women tour of Pakistan and United Arab Emirates,T20,SS Connell,0,West Indies,Pakistan,2019-02-01,,6
2f9a6bd1,1172210,0,0,0,0,0,0,0,0,0,0,0,21,1,0,0,0,34,female,Pakistan vs West Indies ODI Series,ODI,SS Connell,0,West Indies,Pakistan,2019-02-07,,6
2f9a6bd1,1172211,15,0,29,1,0,0,0,0,0,18,0,22,1,1,0,0,26,female,Pakistan vs West Indies ODI Series,ODI,SS Connell,0,West Indies,Pakistan,2019-02-09,,6
2f9a6bd1,wi_201707,0,0,0,0,0,0,0,0,0,0,0,17,0,0,0,0,23,female,Women's T20 Blaze,T20,SS Connell,0,Barbados,Jamaica,2019-03-29,,6
2f9a6bd1,wi_201716,0,0,0,0,0,0,0,0,0,0,0,19,1,1,0,0,18,female,Women's T20 Blaze,T20,SS Connell,0,Barbados,Guyana,2019-04-03,,6
2f9a6bd1,1185154,0,0,0,0,0,0,0,0,0,0,0,10,1,0,0,0,12,female,West Indies Women tour of England and Ireland,T20,SS Connell,0,West Indies,Ireland,2019-05-26,,6
2f9a6bd1,1185156,0,0,0,0,0,0,0,0,0,0,0,27,0,0,0,0,15,female,West Indies Women tour of England and Ireland,T20,SS Connell,0,West Indies,Ireland,2019-05-29,,6
2f9a6bd1,1168016,0,1,7,0,0,1,0,0,0,7,0,32,0,0,0,0,10,female,ICC Women's Championship,ODI,SS Connell,bowled,West Indies,England,2019-06-06,,6
2f9a6bd1,1168017,0,0,0,0,0,0,0,0,0,0,0,42,1,0,0,0,23,female,ICC Women's Championship,ODI,SS Connell,0,West Indies,England,2019-06-09,,6
2f9a6bd1,1168018,1,1,5,0,0,2,0,0,0,4,0,49,0,0,0,0,26,female,ICC Women's Championship,ODI,SS Connell,0,West Indies,England,2019-06-13,,6
2f9a6bd1,1168020,1,0,1,0,0,0,0,0,0,0,0,34,1,0,0,0,11,female,West Indies Women tour of England and Ireland,T20,SS Connell,0,West Indies,England,2019-06-21,,6
2f9a6bd1,1198472,4,1,13,1,0,0,0,0,0,12,0,54,2,0,0,0,33,female,Australia Women tour of West Indies,ODI,SS Connell,0,West Indies,Australia,2019-09-05,,6
2f9a6bd1,1198474,0,0,0,0,0,0,0,0,0,0,0,33,0,0,0,0,16,female,ICC Women's Championship,ODI,SS Connell,0,West Indies,Australia,2019-09-11,,6
2f9a6bd1,1198475,0,0,0,0,0,0,0,0,0,0,0,34,0,0,0,0,6,female,Australia Women tour of West Indies,T20,SS Connell,0,West Indies,Australia,2019-09-14,,6
2f9a6bd1,1198476,1,0,1,0,0,0,0,0,0,0,0,15,0,0,0,0,1,female,Australia Women tour of West Indies,T20,SS Connell,0,West Indies,Australia,2019-09-16,,6
2f9a6bd1,1173049,0,0,0,0,0,0,0,0,0,0,0,13,1,0,0,0,13,female,ICC Women's T20 World Cup,T20,SS Connell,0,West Indies,Thailand,2020-02-22,,6
2f9a6bd1,1173055,1,0,1,0,0,0,0,0,0,0,0,27,0,0,0,0,8,female,ICC Women's T20 World Cup,T20,SS Connell,0,West Indies,Pakistan,2020-02-26,,6
2f9a6bd1,1230855,0,0,0,0,0,0,0,0,0,0,0,28,1,0,0,0,15,female,West Indies Women tour of England,T20,SS Connell,0,West Indies,England,2020-09-21,,6
2f9a6bd1,1230856,0,0,0,0,0,0,0,0,0,0,0,37,0,0,0,0,7,female,West Indies Women tour of England,T20,SS Connell,0,West Indies,England,2020-09-23,,6
2f9a6bd1,1230857,0,0,0,0,0,0,0,0,0,0,0,13,2,0,0,0,11,female,West Indies Women tour of England,T20,SS Connell,0,West Indies,England,2020-09-26,,6
2f9a6bd1,1230858,0,0,0,0,0,0,0,0,0,0,0,44,1,0,0,0,10,female,West Indies Women tour of England,T20,SS Connell,0,West Indies,England,2020-09-28,,6
2f9a6bd1,1230859,0,0,0,0,0,0,0,0,0,0,0,14,3,0,0,0,8,female,West Indies Women tour of England,T20,SS Connell,0,West Indies,England,2020-09-30,,6
2f9a6bd1,1267322,0,0,0,0,0,0,0,0,0,0,0,21,3,3,0,0,14,female,Pakistan Women tour of West Indies,T20,SS Connell,0,West Indies,Pakistan,2021-06-30,,6
2f9a6bd1,1267323,0,0,0,0,0,0,0,1,0,0,0,20,0,0,0,0,16,female,Pakistan Women tour of West Indies,T20,SS Connell,0,West Indies,Pakistan,2021-07-02,,6
2f9a6bd1,1267324,0,0,0,0,0,0,0,0,0,0,0,24,2,0,0,0,13,female,Pakistan Women tour of West Indies,T20,SS Connell,0,West Indies,Pakistan,2021-07-04,,6
2f9a6bd1,1267325,0,0,0,0,0,0,0,0,0,0,0,38,1,0,0,0,35,female,Pakistan Women tour of West Indies,ODI,SS Connell,0,West Indies,Pakistan,2021-07-07,,6
2f9a6bd1,1267326,0,0,0,0,0,0,0,0,0,0,0,15,1,0,0,1,25,female,Pakistan Women tour of West Indies,ODI,SS Connell,0,West Indies,Pakistan,2021-07-09,,6
2f9a6bd1,1267327,0,0,0,0,0,0,0,0,0,0,0,33,0,0,0,0,27,female,Pakistan Women tour of West Indies,ODI,SS Connell,0,West Indies,Pakistan,2021-07-12,,6
2f9a6bd1,1267328,2,1,3,0,0,0,0,0,0,1,0,36,0,0,0,0,19,female,Pakistan Women tour of West Indies,ODI,SS Connell,0,West Indies,Pakistan,2021-07-15,,6
2f9a6bd1,1267329,5,1,5,1,0,0,0,0,0,3,0,31,1,0,0,0,30,female,Pakistan Women tour of West Indies,ODI,SS Connell,0,West Indies,Pakistan,2021-07-18,,6
2f9a6bd1,1273415,0,0,0,0,0,0,0,0,0,0,0,19,0,0,0,0,8,female,South Africa Women tour of West Indies,T20,SS Connell,0,West Indies,South Africa,2021-08-31,,6
2f9a6bd1,1273416,0,1,3,0,0,0,0,0,0,3,0,24,0,0,0,0,10,female,South Africa Women tour of West Indies,T20,SS Connell,bowled,West Indies,South Africa,2021-09-02,,6
2f9a6bd1,1273419,7,1,10,1,0,0,0,0,0,6,0,17,0,0,0,1,24,female,South Africa Women tour of West Indies,ODI,SS Connell,0,West Indies,South Africa,2021-09-10,,6
2f9a6bd1,1273420,1,0,2,0,0,0,0,0,0,1,0,28,0,0,0,1,20,female,South Africa Women tour of West Indies,ODI,SS Connell,0,West Indies,South Africa,2021-09-13,,6
2f9a6bd1,1288209,0,0,0,0,0,1,0,0,0,0,0,35,0,0,0,0,35,female,West Indies Women tour of Pakistan,ODI,SS Connell,0,West Indies,Pakistan,2021-11-08,,6
2f9a6bd1,1288210,2,1,12,0,0,0,0,0,0,10,0,19,3,3,0,1,47,female,West Indies Women tour of Pakistan,ODI,SS Connell,caught,West Indies,Pakistan,2021-11-11,,6
2f9a6bd1,1277092,0,0,0,0,0,0,0,0,0,0,0,12,1,1,0,1,18,female,West Indies Women tour of South Africa,ODI,SS Connell,0,West Indies,South Africa,2022-01-28,,6
2f9a6bd1,1277093,0,1,1,0,0,0,0,0,0,1,0,22,2,0,0,0,37,female,West Indies Women tour of South Africa,ODI,SS Connell,lbw,West Indies,South Africa,2022-01-31,,6
2f9a6bd1,1277094,3,1,16,0,0,0,0,0,0,13,0,54,4,0,0,0,37,female,West Indies Women tour of South Africa,ODI,SS Connell,bowled,West Indies,South Africa,2022-02-03,,6
2f9a6bd1,1277095,15,0,7,3,0,0,0,0,0,2,0,24,0,0,0,0,16,female,West Indies Women tour of South Africa,ODI,SS Connell,0,West Indies,South Africa,2022-02-06,,6
2f9a6bd1,1243908,4,0,6,0,0,0,0,0,0,2,0,25,0,0,0,0,18,female,ICC Women's World Cup,ODI,SS Connell,0,West Indies,New Zealand,2022-03-04,,6
2f9a6bd1,1243914,0,0,0,0,0,0,0,0,0,0,0,38,3,0,0,1,42,female,ICC Women's World Cup,ODI,SS Connell,0,West Indies,England,2022-03-09,,6
2f9a6bd1,1243917,0,1,7,0,0,1,0,0,0,7,0,57,1,0,0,0,30,female,ICC Women's World Cup,ODI,SS Connell,caught and bowled,West Indies,India,2022-03-12,,6
2f9a6bd1,1243921,2,0,7,0,0,0,0,0,0,5,0,32,1,0,0,0,22,female,ICC Women's World Cup,ODI,SS Connell,0,West Indies,Australia,2022-03-15,,6
2f9a6bd1,1243924,2,0,1,0,0,0,0,0,0,0,0,15,0,0,0,0,12,female,ICC Women's World Cup,ODI,SS Connell,0,West Indies,Bangladesh,2022-03-18,,6
2f9a6bd1,1243930,0,0,0,0,0,0,0,0,0,0,0,18,1,0,0,0,22,female,ICC Women's World Cup,ODI,SS Connell,0,West Indies,South Africa,2022-03-24,,6
2f9a6bd1,1243936,1,0,7,0,0,0,0,0,0,6,0,45,1,0,0,0,29,female,ICC Women's World Cup,ODI,SS Connell,0,West Indies,Australia,2022-03-30,,6
2f9a6bd1,1313194,0,0,0,0,0,0,0,0,0,0,0,39,0,0,0,0,8,female,FairBreak Invitational Tournament,T20,SS Connell,0,Warriors (FairBreak),Falcons,2022-05-04,,6
2f9a6bd1,1313198,0,0,0,0,0,0,0,0,0,0,0,23,0,0,0,0,15,female,FairBreak Invitational Tournament,T20,SS Connell,0,Warriors (FairBreak),Tornadoes,2022-05-06,,6
2f9a6bd1,1313200,0,0,0,0,0,0,0,0,0,0,0,16,0,0,0,0,14,female,FairBreak Invitational Tournament,T20,SS Connell,0,Warriors (FairBreak),Sapphires,2022-05-07,,6
2f9a6bd1,1313208,2,0,2,0,0,0,0,0,0,0,0,16,1,0,0,0,14,female,FairBreak Invitational Tournament,T20,SS Connell,0,Warriors (FairBreak),Barmy Army,2022-05-12,,6
2f9a6bd1,wi_211825,2,1,4,0,0,0,0,0,0,2,0,12,0,0,0,0,18,female,T20 Blaze,T20,SS Connell,bowled,Barbados,Guyana,2022-06-07,,6
2f9a6bd1,wi_211828,0,0,0,0,0,0,1,0,0,0,0,13,0,0,0,0,19,female,T20 Blaze,T20,SS Connell,0,Barbados,Leeward Islands,2022-06-09,,6
2f9a6bd1,1289260,0,0,0,0,0,1,0,0,0,0,0,28,1,0,0,0,21,female,Commonwealth Games Women's Cricket Competition,T20,SS Connell,0,Barbados,Pakistan,2022-07-29,,6
2f9a6bd1,1289264,0,1,1,0,0,0,0,0,0,1,0,10,0,0,0,0,8,female,Commonwealth Games Women's Cricket Competition,T20,SS Connell,0,Barbados,Australia,2022-07-31,,6
2f9a6bd1,1289268,2,0,10,0,0,0,0,0,0,8,0,31,0,0,0,0,15,female,Commonwealth Games Women's Cricket Competition,T20,SS Connell,0,Barbados,India,2022-08-03,,6
2f9a6bd1,1323179,0,0,0,0,0,0,0,0,0,0,0,10,1,0,0,0,17,female,Women's Caribbean Premier League,T20,SS Connell,0,Guyana Amazon Warriors,Trinbago Knight Riders,2022-09-01,,6
2f9a6bd1,1323180,0,0,1,0,0,0,0,0,0,1,0,10,2,0,0,1,17,female,Women's Caribbean Premier League,T20,SS Connell,0,Guyana Amazon Warriors,Barbados Royals,2022-09-03,,6
2f9a6bd1,1334412,0,0,0,0,0,0,0,0,0,0,0,42,0,0,0,0,26,female,New Zealand Women tour of West Indies,ODI,SS Connell,0,West Indies,New Zealand,2022-09-19,,6
2f9a6bd1,1334413,2,0,8,0,0,0,0,0,0,6,0,16,0,0,0,0,17,female,New Zealand Women tour of West Indies,ODI,SS Connell,0,West Indies,New Zealand,2022-09-22,,6
2f9a6bd1,1334419,0,0,0,0,0,0,0,0,0,0,0,16,0,0,0,0,14,female,New Zealand Women tour of West Indies,T20,SS Connell,0,West Indies,New Zealand,2022-10-06,,6
2f9a6bd1,1344512,15,1,11,1,1,0,0,0,0,5,0,17,2,1,0,0,9,female,South Africa Women's T20I Tri-Series,T20,SS Connell,bowled,West Indies,South Africa,2023-01-21,,6
2f9a6bd1,1344513,0,0,0,0,0,0,0,0,0,0,0,29,0,0,0,0,15,female,South Africa Women's T20I Tri-Series,T20,SS Connell,0,West Indies,India,2023-01-23,,6
2f9a6bd1,1344514,1,0,2,0,0,0,0,0,0,1,0,17,0,0,0,0,8,female,South Africa Women's T20I Tri-Series,T20,SS Connell,0,West Indies,South Africa,2023-01-25,,6
2f9a6bd1,1344516,0,0,0,0,0,0,0,0,0,0,0,17,1,1,0,0,8,female,South Africa Women's T20I Tri-Series,T20,SS Connell,0,West Indies,India,2023-01-30,,6
2f9a6bd1,1338041,1,0,4,0,0,0,0,0,0,3,0,19,0,0,0,0,7,female,ICC Women's T20 World Cup,T20,SS Connell,0,West Indies,England,2023-02-11,,6
2f9a6bd1,1338048,0,0,0,0,0,0,0,0,0,0,0,27,0,0,0,0,6,female,ICC Women's T20 World Cup,T20,SS Connell,0,West Indies,India,2023-02-15,,6
2f9a6bd1,1338052,0,0,0,0,0,0,0,0,0,0,0,26,3,0,0,0,16,female,ICC Women's T20 World Cup,T20,SS Connell,0,West Indies,Ireland,2023-02-17,,6
2f9a6bd1,1338055,0,0,0,0,0,0,0,0,0,0,0,32,1,1,0,0,12,female,ICC Women's T20 World Cup,T20,SS Connell,0,West Indies,Pakistan,2023-02-19,,6
2f9a6bd1,1366015,0,0,0,0,0,1,0,0,0,0,0,17,0,0,0,0,6,female,FairBreak Invitational Tournament,T20,SS Connell,0,Warriors,Sapphires,2023-04-04,,6
2f9a6bd1,1366017,0,0,0,0,0,0,0,0,0,0,0,0,0,0,0,0,0,female,FairBreak Invitational Tournament,T20,SS Connell,0,Warriors,Tornadoes,2023-04-05,,6
2f9a6bd1,1366022,2,1,3,0,0,0,0,0,0,1,0,16,2,0,0,0,9,female,FairBreak Invitational Tournament,T20,SS Connell,caught,Warriors,Spirit,2023-04-08,,6
2f9a6bd1,1366024,0,1,3,0,0,0,0,0,0,3,0,8,2,0,0,1,20,female,FairBreak Invitational Tournament,T20,SS Connell,0,Warriors,Barmy Army,2023-04-09,,6
2f9a6bd1,1366030,0,0,0,0,0,0,0,0,0,0,0,12,1,0,0,0,5,female,FairBreak Invitational Tournament,T20,SS Connell,0,Warriors,Spirit,2023-04-15,,6
2f9a6bd1,1366033,0,0,0,0,0,0,0,0,0,0,0,22,0,0,0,0,6,female,FairBreak Invitational Tournament,T20,SS Connell,0,Warriors,Falcons,2023-04-16,,6
2f9a6bd1,1378191,0,0,0,0,0,0,0,0,0,0,0,26,0,0,0,1,20,female,Ireland Women tour of West Indies,ODI,SS Connell,0,West Indies,Ireland,2023-06-26,,6
2f9a6bd1,1378192,0,0,0,0,0,0,0,0,0,0,0,14,2,0,0,0,7,female,Ireland Women tour of West Indies,ODI,SS Connell,0,West Indies,Ireland,2023-06-28,,6
2f9a6bd1,1378193,0,0,0,0,0,0,0,0,0,0,0,17,2,1,0,0,17,female,Ireland Women tour of West Indies,ODI,SS Connell,0,West Indies,Ireland,2023-07-01,,6
2f9a6bd1,1378194,1,1,7,0,0,0,0,0,0,6,0,11,0,0,0,0,9,female,Ireland Women tour of West Indies,T20,SS Connell,0,West Indies,Ireland,2023-07-04,,6
2f9a6bd1,1378195,0,0,0,0,0,0,0,0,0,0,0,25,1,0,0,0,13,female,Ireland Women tour of West Indies,T20,SS Connell,0,West Indies,Ireland,2023-07-06,,6
2f9a6bd1,1378196,0,0,0,0,0,1,0,0,0,0,0,27,0,0,0,0,17,female,Ireland Women tour of West Indies,T20,SS Connell,0,West Indies,Ireland,2023-07-08,,6
2f9a6bd1,1380590,4,1,9,0,0,2,0,0,0,6,0,10,0,0,0,0,4,female,Women's Caribbean Premier League,T20,SS Connell,caught,Trinbago Knight Riders,Barbados Royals,2023-09-02,,6
2f9a6bd1,1380592,0,0,1,0,0,1,0,0,0,1,0,20,1,0,0,0,13,female,Women's Caribbean Premier League,T20,SS Connell,0,Trinbago Knight Riders,Guyana Amazon Warriors,2023-09-05,,6
2f9a6bd1,1380593,0,0,0,0,0,0,0,1,0,0,0,19,0,0,0,0,7,female,Women's Caribbean Premier League,T20,SS Connell,0,Trinbago Knight Riders,Barbados Royals,2023-09-06,,6
2f9a6bd1,1380594,3,0,5,0,0,0,0,0,0,2,0,7,0,0,0,0,3,female,Women's Caribbean Premier League,T20,SS Connell,0,Trinbago Knight Riders,Guyana Amazon Warriors,2023-09-09,,6
2f9a6bd1,1375863,0,0,0,0,0,0,0,0,0,0,0,29,0,0,0,0,6,female,West Indies Women tour of Australia,T20,SS Connell,0,West Indies,Australia,2023-10-01,,6
2f9a6bd1,1375864,0,0,0,0,0,1,0,0,0,0,0,35,2,0,0,0,11,female,West Indies Women tour of Australia,T20,SS Connell,0,West Indies,Australia,2023-10-02,,6
2f9a6bd1,1375865,2,0,5,0,0,1,0,0,0,3,0,25,3,0,0,0,7,female,West Indies Women tour of Australia,T20,SS Connell,0,West Indies,Australia,2023-10-05,,6
2f9a6bd1,1375866,2,0,3,0,0,0,0,0,0,1,0,16,0,0,0,0,6,female,West Indies Women tour of Australia,ODI,SS Connell,0,West Indies,Australia,2023-10-08,,6
2f9a6bd1,1375867,0,0,0,0,0,0,0,0,0,0,0,0,0,0,0,0,0,female,West Indies Women tour of Australia,ODI,SS Connell,0,West Indies,Australia,2023-10-12,,6
2f9a6bd1,1375868,1,0,1,0,0,0,0,0,0,0,0,16,1,0,0,0,8,female,West Indies Women tour of Australia,ODI,SS Connell,0,West Indies,Australia,2023-10-14,,6
2f9a6bd1,1426081,0,0,0,0,0,0,0,0,0,0,0,19,1,0,0,0,21,female,West Indies Women tour of Pakistan,ODI,SS Connell,0,West Indies,Pakistan,2024-04-18,,6
2f9a6bd1,1426082,0,0,0,0,0,0,0,0,0,0,0,14,0,0,0,1,19,female,West Indies Women tour of Pakistan,ODI,SS Connell,0,West Indies,Pakistan,2024-04-21,,6
2f9a6bd1,1426083,0,0,0,0,0,0,0,0,0,0,0,29,1,1,0,0,23,female,West Indies Women tour of Pakistan,ODI,SS Connell,0,West Indies,Pakistan,2024-04-23,,6
2f9a6bd1,1426084,0,0,0,0,0,0,0,0,0,0,0,18,0,0,0,0,5,female,West Indies Women tour of Pakistan,T20,SS Connell,0,West Indies,Pakistan,2024-04-26,,6
2f9a6bd1,1426085,0,0,0,0,0,0,0,0,0,0,0,0,0,0,0,0,0,female,West Indies Women tour of Pakistan,T20,SS Connell,0,West Indies,Pakistan,2024-04-28,,6
2f9a6bd1,1426086,0,0,0,0,0,1,0,0,0,0,0,26,1,0,0,0,8,female,West Indies Women tour of Pakistan,T20,SS Connell,0,West Indies,Pakistan,2024-04-30,,6
2f9a6bd1,1426087,2,0,5,0,0,0,0,0,0,3,0,8,1,0,0,0,9,female,West Indies Women tour of Pakistan,T20,SS Connell,0,West Indies,Pakistan,2024-05-02,,6
2f9a6bd1,1436886,9,1,14,1,0,0,0,0,0,9,0,43,0,0,0,0,24,female,West Indies Women tour of Sri Lanka,ODI,SS Connell,0,West Indies,Sri Lanka,2024-06-15,,6
2f9a6bd1,1436887,0,1,1,0,0,0,0,0,0,1,0,13,1,0,0,1,20,female,West Indies Women tour of Sri Lanka,ODI,SS Connell,caught and bowled,West Indies,Sri Lanka,2024-06-18,,6
2f9a6bd1,1436888,0,0,4,0,0,0,0,0,0,4,0,52,0,0,0,0,28,female,West Indies Women tour of Sri Lanka,ODI,SS Connell,0,West Indies,Sri Lanka,2024-06-21,,6
2f9a6bd1,1436889,7,0,2,0,1,0,0,0,0,0,0,17,1,0,1,0,8,female,West Indies Women tour of Sri Lanka,T20,SS Connell,0,West Indies,Sri Lanka,2024-06-24,,6
2f9a6bd1,1436890,0,0,0,0,0,0,0,0,0,0,0,16,0,0,0,0,7,female,West Indies Women tour of Sri Lanka,T20,SS Connell,0,West Indies,Sri Lanka,2024-06-26,,6
2f9a6bd1,1436891,0,0,0,0,0,1,0,0,0,0,0,10,0,0,0,0,8,female,West Indies Women tour of Sri Lanka,T20,SS Connell,0,West Indies,Sri Lanka,2024-06-28,,6
2f9a6bd1,1443204,0,0,0,0,0,0,0,0,0,0,0,26,2,1,0,0,14,female,Women's Caribbean Premier League,T20,SS Connell,0,Trinbago Knight Riders,Barbados Royals,2024-08-27,,6
2f9a6bd1,1443205,2,1,4,0,0,2,0,0,0,3,0,15,0,0,0,0,1,female,Women's Caribbean Premier League,T20,SS Connell,bowled,Trinbago Knight Riders,Barbados Royals,2024-08-29,,6
2f9a6bd1,1432424,0,0,0,0,0,0,0,0,0,0,0,8,0,0,0,0,1,female,ICC Women's T20 World Cup,T20,SS Connell,0,West Indies,South Africa,2024-10-04,,6
