player_id,match_id,runs_scored,player_out,balls_faced,fours_scored,sixes_scored,catches_taken,run_out_direct,run_out_throw,stumpings_done,dot_balls_as_batsman,order_seenballs_bowled,runs_conceded,wickets_taken,bowled_done,lbw_done,maidens,dot_balls_as_bowler,gender,series_name,match_type,name,out_kind,player_team,opposition_team,start_date,end_date,balls_per_over
d9609443,534205,13,2,27,2,0,0,0,0,0,22,0,90,4,2,0,4,119,male,The Wisden Trophy,Test,ST Gabriel,0,West Indies,England,2012-05-17,2012-05-18,6
d9609443,593987,0,0,0,0,0,0,0,0,0,0,0,14,0,0,0,0,11,male,Zimbabwe in West Indies T20I Series,T20,ST Gabriel,0,West Indies,Zimbabwe,2013-03-03,,6
d9609443,593988,0,0,6,0,0,0,0,0,0,6,0,55,4,2,0,8,110,male,Clive Lloyd Trophy,Test,ST Gabriel,0,West Indies,Zimbabwe,2013-03-12,2013-03-13,6
d9609443,593989,0,0,0,0,0,1,0,0,0,0,0,33,2,1,0,5,57,male,Clive Lloyd Trophy,Test,ST Gabriel,0,West Indies,Zimbabwe,2013-03-20,2013-03-21,6
d9609443,645645,0,0,0,0,0,1,0,0,0,0,0,44,3,0,0,0,16,male,Pakistan in West Indies T20I Series,T20,ST Gabriel,0,West Indies,Pakistan,2013-07-27,,6
d9609443,635215,0,0,0,0,0,0,0,0,0,0,0,25,0,0,0,0,6,male,Caribbean Premier League,T20,ST Gabriel,0,Barbados Tridents,St Lucia Zouks,2013-07-30,,6
d9609443,635217,0,0,0,0,0,0,0,0,0,0,0,0,0,0,0,0,0,male,Caribbean Premier League,T20,ST Gabriel,0,Barbados Tridents,Antigua Hawksbills,2013-08-01,,6
d9609443,635219,0,0,0,0,0,0,0,0,0,0,0,18,2,0,0,0,9,male,Caribbean Premier League,T20,ST Gabriel,0,Barbados Tridents,Trinidad & Tobago Red Steel,2013-08-03,,6
d9609443,635229,1,0,1,0,0,0,0,0,0,0,0,7,1,0,0,0,4,male,Caribbean Premier League,T20,ST Gabriel,0,Barbados Tridents,Antigua Hawksbills,2013-08-13,,6
d9609443,635232,0,0,0,0,0,0,0,0,0,0,0,13,0,0,0,0,2,male,Caribbean Premier League,T20,ST Gabriel,0,Barbados Tridents,Jamaica Tallawahs,2013-08-17,,6
d9609443,676527,1,2,20,0,0,0,0,0,0,19,0,85,1,0,0,0,61,male,West Indies in India Test Series,Test,ST Gabriel,bowled,West Indies,India,2013-11-14,2013-11-15,6
d9609443,661679,0,1,6,0,0,1,0,0,0,6,0,176,0,0,0,4,135,male,West Indies in New Zealand Test Series,Test,ST Gabriel,0,West Indies,New Zealand,2013-12-03,2013-12-04,6
d9609443,661681,0,2,7,0,0,0,0,0,0,7,0,87,2,1,0,6,109,male,West Indies in New Zealand Test Series,Test,ST Gabriel,0,West Indies,New Zealand,2013-12-11,2013-12-12,6
d9609443,730279,0,0,1,0,0,0,0,0,0,1,0,115,4,0,0,6,164,male,New Zealand in West Indies Test Series,Test,ST Gabriel,0,West Indies,New Zealand,2014-06-16,2014-06-17,6
d9609443,743173,0,0,0,0,0,0,0,0,0,0,0,20,3,0,0,0,15,male,Caribbean Premier League,T20,ST Gabriel,0,Trinidad & Tobago Red Steel,St Lucia Zouks,2014-08-02,,6
d9609443,743181,0,1,1,0,0,0,0,0,0,1,0,35,1,0,0,0,9,male,Caribbean Premier League,T20,ST Gabriel,caught and bowled,Trinidad & Tobago Red Steel,Barbados Tridents,2014-08-07,,6
d9609443,743185,0,1,1,0,0,0,0,0,0,1,0,16,2,0,0,0,17,male,Caribbean Premier League,T20,ST Gabriel,caught,Trinidad & Tobago Red Steel,Antigua Hawksbills,2014-08-09,,6
d9609443,743191,0,0,0,0,0,0,0,0,0,0,0,33,1,0,1,0,13,male,Caribbean Premier League,T20,ST Gabriel,0,Trinidad & Tobago Red Steel,Jamaica Tallawahs,2014-08-13,,6
d9609443,730295,0,0,0,0,0,1,0,0,0,0,0,84,3,2,0,9,146,male,Bangladesh in West Indies Test Series,Test,ST Gabriel,0,West Indies,Bangladesh,2014-09-05,2014-09-06,6
d9609443,730297,4,1,3,1,0,3,0,0,0,2,0,75,2,0,1,3,118,male,Bangladesh in West Indies Test Series,Test,ST Gabriel,0,West Indies,Bangladesh,2014-09-13,2014-09-14,6
d9609443,722331,0,0,0,0,0,0,0,0,0,0,0,80,2,0,0,0,92,male,Sir Vivian Richards Trophy,Test,ST Gabriel,0,West Indies,South Africa,2014-12-26,2014-12-27,6
d9609443,722333,6,1,15,1,0,1,0,0,0,12,0,92,1,1,0,3,100,male,Sir Vivian Richards Trophy,Test,ST Gabriel,run out,West Indies,South Africa,2015-01-02,2015-01-03,6
d9609443,766931,20,1,32,1,1,0,0,1,0,21,0,88,3,3,0,6,142,male,The Wisden Trophy,Test,ST Gabriel,0,West Indies,England,2015-04-21,2015-04-22,6
d9609443,766933,0,0,2,0,0,0,0,0,0,2,0,65,3,0,0,6,106,male,The Wisden Trophy,Test,ST Gabriel,0,West Indies,England,2015-05-01,2015-05-02,6
d9609443,810423,2,2,12,0,0,0,0,0,0,10,0,67,1,0,1,3,81,male,The Frank Worrell Trophy,Test,ST Gabriel,0,West Indies,Australia,2015-06-03,2015-06-04,6
d9609443,857705,0,0,0,0,0,0,0,0,0,0,0,10,0,0,0,0,3,male,Caribbean Premier League,T20,ST Gabriel,0,St Lucia Zouks,Trinidad & Tobago Red Steel,2015-06-21,,6
d9609443,857709,0,0,0,0,0,0,0,0,0,0,0,19,3,0,1,0,20,male,Caribbean Premier League,T20,ST Gabriel,0,St Lucia Zouks,St Kitts and Nevis Patriots,2015-06-24,,6
d9609443,857713,0,0,0,0,0,0,0,0,0,0,0,37,0,0,0,0,11,male,Caribbean Premier League,T20,ST Gabriel,0,St Lucia Zouks,Guyana Amazon Warriors,2015-06-26,,6
d9609443,857717,1,0,1,0,0,0,0,0,0,0,0,27,0,0,0,0,5,male,Caribbean Premier League,T20,ST Gabriel,0,St Lucia Zouks,Jamaica Tallawahs,2015-06-28,,6
d9609443,857721,2,0,4,0,0,0,0,0,0,2,0,19,0,0,0,1,18,male,Caribbean Premier League,T20,ST Gabriel,0,St Lucia Zouks,Barbados Tridents,2015-07-01,,6
d9609443,857725,0,0,0,0,0,0,0,0,0,0,0,30,0,0,0,0,10,male,Caribbean Premier League,T20,ST Gabriel,0,St Lucia Zouks,Barbados Tridents,2015-07-03,,6
d9609443,857733,0,0,0,0,0,0,0,0,0,0,0,19,0,0,0,0,5,male,Caribbean Premier League,T20,ST Gabriel,0,St Lucia Zouks,Jamaica Tallawahs,2015-07-07,,6
d9609443,857739,0,0,3,0,0,0,0,0,0,3,0,30,1,0,0,0,9,male,Caribbean Premier League,T20,ST Gabriel,0,St Lucia Zouks,St Kitts and Nevis Patriots,2015-07-10,,6
d9609443,857747,0,0,0,0,0,1,0,0,0,0,0,25,0,0,0,0,4,male,Caribbean Premier League,T20,ST Gabriel,0,St Lucia Zouks,Trinidad & Tobago Red Steel,2015-07-14,,6
d9609443,857753,0,0,0,0,0,1,0,0,0,0,0,11,0,0,0,0,8,male,Caribbean Premier League,T20,ST Gabriel,0,St Lucia Zouks,Guyana Amazon Warriors,2015-07-17,,6
d9609443,804287,0,0,0,0,0,0,0,0,0,0,0,122,2,0,1,0,93,male,LV= County Championship,MDM,ST Gabriel,0,Worcestershire,Durham,2015-09-14,2015-09-15,6
d9609443,804299,0,0,0,0,0,0,0,0,0,0,0,80,7,3,1,2,97,male,LV= County Championship,MDM,ST Gabriel,0,Worcestershire,Middlesex,2015-09-22,2015-09-23,6
d9609443,915773,7,1,14,1,0,1,0,0,0,11,0,84,1,1,0,2,88,male,Sobers/Tissera Trophy,Test,ST Gabriel,0,West Indies,Sri Lanka,2015-10-14,2015-10-15,6
d9609443,892515,0,0,0,0,0,0,0,0,0,0,0,59,1,1,0,1,43,male,The Frank Worrell Trophy,Test,ST Gabriel,0,West Indies,Australia,2015-12-10,2015-12-11,6
d9609443,932863,0,0,0,0,0,0,0,0,0,0,0,45,1,0,0,1,33,male,West Indies Tri-Nation Series,ODI,ST Gabriel,0,West Indies,Australia,2016-06-21,,6
d9609443,932865,2,1,6,0,0,0,0,0,0,5,0,17,3,0,1,1,24,male,West Indies Tri-Nation Series,ODI,ST Gabriel,run out,West Indies,South Africa,2016-06-24,,6
d9609443,932867,1,0,1,0,0,0,0,0,0,0,0,58,2,0,1,0,22,male,West Indies Tri-Nation Series,ODI,ST Gabriel,0,West Indies,Australia,2016-06-26,,6
d9609443,1022593,6,2,11,1,0,1,0,0,0,9,0,70,2,1,0,3,100,male,India in West Indies Test Series,Test,ST Gabriel,0,West Indies,India,2016-07-21,2016-07-22,6
d9609443,1022595,15,1,23,2,1,0,0,0,0,19,0,66,1,0,0,8,148,male,India in West Indies Test Series,Test,ST Gabriel,caught,West Indies,India,2016-07-30,2016-07-31,6
d9609443,1022597,11,1,20,1,0,0,0,0,0,14,0,115,2,0,0,4,126,male,India in West Indies Test Series,Test,ST Gabriel,caught,West Indies,India,2016-08-09,2016-08-10,6
d9609443,1022599,0,0,0,0,0,0,0,0,0,0,0,0,0,0,0,0,0,male,India in West Indies Test Series,Test,ST Gabriel,0,West Indies,India,2016-08-18,2016-08-19,6
d9609443,1050223,2,1,8,0,0,0,1,0,0,6,0,54,1,0,0,0,23,male,Pakistan v West Indies ODI Series,ODI,ST Gabriel,bowled,West Indies,Pakistan,2016-09-30,,6
d9609443,1050227,1,0,3,0,0,0,0,0,0,2,0,41,0,0,0,0,11,male,Pakistan v West Indies ODI Series,ODI,ST Gabriel,0,West Indies,Pakistan,2016-10-05,,6
d9609443,1050229,7,0,16,1,0,0,0,0,0,13,0,124,1,0,1,4,132,male,Pakistan v West Indies Test Series,Test,ST Gabriel,0,West Indies,Pakistan,2016-10-13,2016-10-14,6
d9609443,1050231,20,1,30,3,0,0,0,0,0,20,0,146,6,3,1,3,164,male,Pakistan v West Indies Test Series,Test,ST Gabriel,0,West Indies,Pakistan,2016-10-21,2016-10-22,6
d9609443,1050233,0,1,7,0,0,0,0,0,0,7,0,106,3,1,1,2,160,male,Pakistan v West Indies Test Series,Test,ST Gabriel,0,West Indies,Pakistan,2016-10-30,2016-10-31,6
d9609443,1059711,0,1,2,0,0,0,0,0,0,2,0,31,3,1,0,1,32,male,Zimbabwe Tri-Nation Series,ODI,ST Gabriel,lbw,West Indies,Sri Lanka,2016-11-16,,6
d9609443,1059712,0,0,0,0,0,1,0,0,0,0,0,45,2,1,0,0,38,male,Zimbabwe Tri-Nation Series,ODI,ST Gabriel,0,West Indies,Zimbabwe,2016-11-19,,6
d9609443,1059714,0,0,0,0,0,0,0,0,0,0,0,30,1,1,0,0,16,male,Zimbabwe Tri-Nation Series,ODI,ST Gabriel,0,West Indies,Sri Lanka,2016-11-23,,6
d9609443,1027315,0,1,4,0,0,0,0,0,0,4,0,64,2,1,1,0,37,male,England in West Indies ODI Series,ODI,ST Gabriel,caught,West Indies,England,2017-03-03,,6
d9609443,1027317,1,0,2,0,0,0,0,0,0,1,0,18,1,0,0,0,12,male,England in West Indies ODI Series,ODI,ST Gabriel,0,West Indies,England,2017-03-05,,6
d9609443,1077949,0,0,0,0,0,0,0,0,0,0,0,71,0,0,0,0,29,male,Pakistan in West Indies ODI Series,ODI,ST Gabriel,0,West Indies,Pakistan,2017-04-07,,6
d9609443,1077950,0,0,0,0,0,0,0,0,0,0,0,53,2,0,0,0,34,male,Pakistan in West Indies ODI Series,ODI,ST Gabriel,0,West Indies,Pakistan,2017-04-09,,6
d9609443,1077951,0,0,0,0,0,0,0,0,0,0,0,60,2,1,0,0,36,male,Pakistan in West Indies ODI Series,ODI,ST Gabriel,0,West Indies,Pakistan,2017-04-11,,6
d9609443,1077953,5,2,16,1,0,0,0,0,0,14,0,106,4,1,0,6,157,male,Pakistan in West Indies Test Series,Test,ST Gabriel,0,West Indies,Pakistan,2017-04-21,2017-04-22,6
d9609443,1077954,0,0,8,0,0,1,0,0,0,8,0,104,9,1,0,10,224,male,Pakistan in West Indies Test Series,Test,ST Gabriel,0,West Indies,Pakistan,2017-04-30,2017-05-01,6
d9609443,1077955,4,2,28,1,0,0,0,0,0,27,0,95,2,0,1,8,217,male,Pakistan in West Indies Test Series,Test,ST Gabriel,bowled,West Indies,Pakistan,2017-05-10,2017-05-11,6
d9609443,1089779,2,0,5,0,0,0,0,0,0,3,0,21,1,0,0,2,33,male,Afghanistan in West Indies ODI Series,ODI,ST Gabriel,0,West Indies,Afghanistan,2017-06-09,,6
d9609443,1089780,0,0,0,0,0,0,0,0,0,0,0,25,2,0,1,0,37,male,Afghanistan in West Indies ODI Series,ODI,ST Gabriel,0,West Indies,Afghanistan,2017-06-11,,6
d9609443,1031661,10,1,29,0,1,0,0,0,0,25,0,179,6,2,0,7,210,male,West Indies tour of England,Test,ST Gabriel,0,West Indies,England,2017-08-25,2017-08-26,6
d9609443,1031663,0,1,6,0,0,0,0,0,0,6,0,92,1,1,0,1,86,male,West Indies tour of England,Test,ST Gabriel,bowled,West Indies,England,2017-09-07,2017-09-08,6
d9609443,1122886,0,1,9,0,0,1,0,0,0,9,0,75,1,0,0,7,103,male,West Indies tour of Zimbabwe,Test,ST Gabriel,caught,West Indies,Zimbabwe,2017-10-21,2017-10-22,6
d9609443,1122887,5,0,7,1,0,0,0,0,0,5,0,104,4,1,1,10,210,male,West Indies tour of Zimbabwe,Test,ST Gabriel,0,West Indies,Zimbabwe,2017-10-29,2017-10-30,6
d9609443,1115793,14,1,44,3,0,1,0,0,0,39,0,90,1,0,0,4,139,male,West Indies tour of New Zealand,Test,ST Gabriel,0,West Indies,New Zealand,2017-12-01,2017-12-02,6
d9609443,1115794,0,1,1,0,0,0,0,0,0,1,0,178,6,3,1,3,188,male,West Indies tour of New Zealand,Test,ST Gabriel,0,West Indies,New Zealand,2017-12-09,2017-12-10,6
d9609443,1115795,0,0,0,0,0,0,0,0,0,0,0,58,0,0,0,0,31,male,West Indies tour of New Zealand,ODI,ST Gabriel,0,West Indies,New Zealand,2017-12-20,,6
d9609443,1115796,0,1,2,0,0,0,0,0,0,2,0,76,0,0,0,0,25,male,West Indies tour of New Zealand,ODI,ST Gabriel,0,West Indies,New Zealand,2017-12-23,,6
d9609443,1115797,12,0,20,1,0,0,0,0,0,13,0,37,0,0,0,0,6,male,West Indies tour of New Zealand,ODI,ST Gabriel,0,West Indies,New Zealand,2017-12-26,,6
d9609443,1135149,0,0,0,0,0,0,0,0,0,0,0,114,4,0,0,2,128,male,Sri Lanka tour of West Indies,Test,ST Gabriel,0,West Indies,Sri Lanka,2018-06-06,2018-06-07,6
d9609443,1135150,3,1,8,0,0,0,0,0,0,6,0,123,13,3,3,10,168,male,Sri Lanka tour of West Indies,Test,ST Gabriel,caught,West Indies,Sri Lanka,2018-06-14,2018-06-15,6
d9609443,1135151,8,1,15,0,1,0,0,0,0,13,0,93,3,1,1,3,108,male,Sri Lanka tour of West Indies,Test,ST Gabriel,0,West Indies,Sri Lanka,2018-06-23,2018-06-24,6
d9609443,1146717,5,1,6,0,0,0,0,0,0,3,0,92,5,3,0,3,74,male,Bangladesh tour of West Indies and United States of America,Test,ST Gabriel,0,West Indies,Bangladesh,2018-07-04,2018-07-05,6
d9609443,1146718,12,2,24,3,0,0,0,0,0,21,0,57,3,0,1,5,92,male,Bangladesh tour of West Indies and United States of America,Test,ST Gabriel,bowled,West Indies,Bangladesh,2018-07-12,2018-07-13,6
d9609443,1148647,0,0,0,0,0,0,0,0,0,0,0,35,1,0,0,0,9,male,Caribbean Premier League,T20,ST Gabriel,0,Trinbago Knight Riders,St Lucia Stars,2018-08-08,,6
d9609443,1148649,0,0,0,0,0,0,0,0,0,0,0,32,1,1,0,0,8,male,Caribbean Premier League,T20,ST Gabriel,0,Trinbago Knight Riders,Jamaica Tallawahs,2018-08-10,,6
d9609443,1148651,0,0,0,0,0,0,0,0,0,0,0,29,0,0,0,0,4,male,Caribbean Premier League,T20,ST Gabriel,0,Trinbago Knight Riders,St Kitts and Nevis Patriots,2018-08-11,,6
d9609443,1148655,0,0,0,0,0,0,0,0,0,0,0,28,1,0,0,0,6,male,Caribbean Premier League,T20,ST Gabriel,0,Trinbago Knight Riders,St Lucia Stars,2018-08-16,,6
d9609443,1157752,5,2,15,1,0,0,0,0,0,13,0,85,1,0,1,1,84,male,West Indies tour of India,Test,ST Gabriel,stumped,West Indies,India,2018-10-04,2018-10-05,6
d9609443,1157753,1,2,4,0,0,0,0,0,0,3,0,116,3,1,0,0,78,male,West Indies tour of India,Test,ST Gabriel,bowled,West Indies,India,2018-10-12,2018-10-13,6
d9609443,1153311,6,1,11,0,1,1,0,0,0,10,0,97,5,3,1,3,97,male,West Indies tour of Bangladesh,Test,ST Gabriel,caught,West Indies,Bangladesh,2018-11-22,2018-11-23,6
d9609443,1158062,0,0,2,0,0,0,0,0,0,2,0,79,2,0,0,3,115,male,England tour of West Indies,Test,ST Gabriel,0,West Indies,England,2019-01-23,2019-01-24,6
d9609443,1158063,1,0,12,0,0,1,0,0,0,11,0,67,3,2,0,8,122,male,England tour of West Indies,Test,ST Gabriel,0,West Indies,England,2019-01-31,2019-02-01,6
d9609443,1158064,7,2,25,1,0,0,0,0,0,22,0,168,4,1,1,4,225,male,England tour of West Indies,Test,ST Gabriel,caught,West Indies,England,2019-02-09,2019-02-10,6
d9609443,1168508,0,0,0,0,0,0,0,0,0,0,0,45,3,1,0,0,31,male,Ireland Tri-Nation Series,ODI,ST Gabriel,0,West Indies,Ireland,2019-05-05,,6
d9609443,1168509,0,0,0,0,0,0,0,0,0,0,0,59,1,0,0,0,35,male,Ireland Tri-Nation Series,ODI,ST Gabriel,0,West Indies,Bangladesh,2019-05-07,,6
d9609443,1168511,0,0,0,0,0,0,0,0,0,0,0,53,2,0,0,1,37,male,Ireland Tri-Nation Series,ODI,ST Gabriel,0,West Indies,Ireland,2019-05-11,,6
d9609443,1168514,0,0,0,0,0,0,0,0,0,0,0,30,2,0,1,0,5,male,Ireland Tri-Nation Series,ODI,ST Gabriel,0,West Indies,Bangladesh,2019-05-17,,6
d9609443,1144501,0,1,3,0,0,0,0,0,0,3,0,49,2,0,0,0,29,male,World Cup,ODI,ST Gabriel,bowled,West Indies,England,2019-06-14,,6
d9609443,1144505,0,0,0,0,0,0,0,0,0,0,0,78,0,0,0,0,17,male,World Cup,ODI,ST Gabriel,0,West Indies,Bangladesh,2019-06-17,,6
d9609443,1144521,3,0,7,0,0,0,0,0,0,4,0,47,0,0,0,0,13,male,World Cup,ODI,ST Gabriel,0,West Indies,Sri Lanka,2019-07-01,,6
d9609443,1188628,2,1,9,0,0,0,0,0,0,7,0,151,4,2,0,8,172,male,India in West Indies Test Series,Test,ST Gabriel,0,West Indies,India,2019-08-22,2019-08-23,6
d9609443,1188629,0,0,4,0,0,0,0,0,0,4,0,101,0,0,0,6,134,male,India in West Indies Test Series,Test,ST Gabriel,0,West Indies,India,2019-08-30,2019-08-31,6
d9609443,1167024,3,2,25,0,0,0,0,0,0,22,0,123,0,0,0,0,88,male,Specsavers County Championship,MDM,ST Gabriel,0,Gloucestershire,Sussex,2019-09-10,2019-09-11,6
d9609443,1167033,2,0,13,0,0,0,0,0,0,11,0,78,2,1,1,0,60,male,Specsavers County Championship,MDM,ST Gabriel,0,Gloucestershire,Worcestershire,2019-09-16,2019-09-17,6
d9609443,1167035,0,0,0,0,0,0,0,0,0,0,0,0,0,0,0,0,0,male,Specsavers County Championship,MDM,ST Gabriel,0,Gloucestershire,Northamptonshire,2019-09-23,2019-09-24,6
d9609443,1225247,4,1,5,1,0,0,0,0,0,4,0,145,9,5,1,6,172,male,West Indies tour of England,Test,ST Gabriel,bowled,West Indies,England,2020-07-08,2020-07-09,6
d9609443,1225248,0,1,17,0,0,0,0,0,0,17,0,125,0,0,0,2,139,male,West Indies tour of England,Test,ST Gabriel,bowled,West Indies,England,2020-07-16,2020-07-17,6
d9609443,1225249,0,0,5,0,0,0,0,0,0,5,0,110,2,1,0,2,132,male,West Indies tour of England,Test,ST Gabriel,0,West Indies,England,2020-07-24,2020-07-25,6
d9609443,1233957,1,2,13,0,0,0,0,0,0,12,0,96,3,0,2,5,128,male,West Indies tour of New Zealand,Test,ST Gabriel,0,West Indies,New Zealand,2020-12-03,2020-12-04,6
d9609443,1233958,2,2,12,0,0,0,0,0,0,11,0,95,3,1,0,5,117,male,West Indies tour of New Zealand,Test,ST Gabriel,bowled,West Indies,New Zealand,2020-12-11,2020-12-12,6
d9609443,1244025,0,0,5,0,0,0,0,0,0,5,0,111,3,0,0,4,160,male,West Indies tour of Bangladesh,Test,ST Gabriel,0,West Indies,Bangladesh,2021-02-03,2021-02-04,6
d9609443,1244026,9,1,13,2,0,0,0,0,0,10,0,82,3,0,0,3,109,male,West Indies tour of Bangladesh,Test,ST Gabriel,0,West Indies,Bangladesh,2021-02-11,2021-02-12,6
d9609443,1252073,0,1,3,0,0,0,0,0,0,3,0,92,0,0,0,4,116,male,Sri Lanka tour of West Indies,Test,ST Gabriel,lbw,West Indies,Sri Lanka,2021-03-21,2021-03-22,6
d9609443,1252074,1,0,5,0,0,0,0,0,0,4,0,57,1,0,0,5,95,male,Sri Lanka tour of West Indies,Test,ST Gabriel,0,West Indies,Sri Lanka,2021-03-29,2021-03-30,6
d9609443,1263150,2,0,6,0,0,0,0,0,0,4,0,101,2,0,0,4,102,male,South Africa tour of West Indies,Test,ST Gabriel,0,West Indies,South Africa,2021-06-18,2021-06-19,6
d9609443,1288345,2,2,17,0,0,0,0,0,0,16,0,97,2,0,0,2,102,male,West Indies tour of Sri Lanka,Test,ST Gabriel,0,West Indies,Sri Lanka,2021-11-21,2021-11-22,6
d9609443,1297745,5,2,14,1,0,0,0,0,0,12,0,133,4,2,1,2,120,male,County Championship,MDM,ST Gabriel,0,Yorkshire,Surrey,2022-07-11,2022-07-12,6
d9609443,1297748,2,1,10,0,0,1,0,0,0,8,0,116,1,1,0,1,100,male,County Championship,MDM,ST Gabriel,0,Yorkshire,Somerset,2022-07-19,2022-07-20,6
d9609443,1350682,0,0,3,0,0,0,0,0,0,3,0,47,1,1,0,2,68,male,West Indies tour of Zimbabwe,Test,ST Gabriel,0,West Indies,Zimbabwe,2023-02-12,2023-02-13,6
d9609443,1339599,8,1,21,0,1,0,0,0,0,18,0,79,2,0,0,1,67,male,West Indies tour of South Africa,Test,ST Gabriel,0,West Indies,South Africa,2023-02-28,2023-03-01,6
d9609443,1381213,0,1,1,0,0,0,0,0,0,1,0,110,2,1,0,0,89,male,India tour of West Indies,Test,ST Gabriel,0,West Indies,India,2023-07-20,2023-07-21,6
