player_id,match_id,runs_scored,player_out,balls_faced,fours_scored,sixes_scored,catches_taken,run_out_direct,run_out_throw,stumpings_done,dot_balls_as_batsman,order_seenballs_bowled,runs_conceded,wickets_taken,bowled_done,lbw_done,maidens,dot_balls_as_bowler,gender,series_name,match_type,name,out_kind,player_team,opposition_team,start_date,end_date,balls_per_over
cc3884f9,423391,3,0,3,0,0,0,0,0,0,2,0,7,0,0,0,0,6,female,West Indies Women in South Africa T20I Series,T20,TD Smartt,0,West Indies,South Africa,2009-10-28,,6
cc3884f9,551593,14,0,14,0,0,0,0,0,0,5,0,9,0,0,0,0,3,female,West Indies Women in England T20I Series,T20,TD Smartt,0,West Indies,England,2012-09-08,,6
cc3884f9,551594,25,1,26,1,0,0,0,0,0,12,0,34,0,0,0,0,9,female,West Indies Women in England T20I Series,T20,TD Smartt,caught,West Indies,England,2012-09-10,,6
cc3884f9,551595,0,1,1,0,0,0,0,0,0,1,0,8,0,0,0,0,4,female,West Indies Women in England T20I Series,T20,TD Smartt,0,West Indies,England,2012-09-13,,6
cc3884f9,551597,15,1,15,2,0,1,0,0,0,9,0,27,2,1,1,0,11,female,West Indies Women in England T20I Series,T20,TD Smartt,0,West Indies,England,2012-09-16,,6
cc3884f9,533300,0,1,1,0,0,0,0,0,0,1,0,11,1,0,0,0,4,female,ICC Women's World Twenty20,T20,TD Smartt,0,West Indies,New Zealand,2012-09-26,,6
cc3884f9,533304,8,1,7,1,0,0,0,0,0,2,0,17,0,0,0,0,7,female,ICC Women's World Twenty20,T20,TD Smartt,caught,West Indies,Sri Lanka,2012-09-28,,6
cc3884f9,533307,0,0,0,0,0,0,0,0,0,0,0,0,0,0,0,0,0,female,ICC Women's World Twenty20,T20,TD Smartt,0,West Indies,South Africa,2012-09-30,,6
cc3884f9,533312,5,1,6,0,0,0,0,0,0,2,0,7,1,0,0,0,7,female,ICC Women's World Twenty20,T20,TD Smartt,0,West Indies,Australia,2012-10-05,,6
cc3884f9,594891,6,1,13,0,0,0,0,0,0,9,0,13,0,0,0,0,5,female,ICC Women's World Cup,ODI,TD Smartt,0,West Indies,India,2013-01-31,,6
cc3884f9,594909,1,0,1,0,0,0,0,0,0,0,0,39,3,1,2,0,40,female,ICC Women's World Cup,ODI,TD Smartt,0,West Indies,New Zealand,2013-02-11,,6
cc3884f9,594915,0,1,1,0,0,0,0,0,0,1,0,44,1,0,0,0,21,female,ICC Women's World Cup,ODI,TD Smartt,caught,West Indies,Australia,2013-02-17,,6
cc3884f9,603239,0,0,0,0,0,0,0,0,0,0,0,30,1,0,0,1,45,female,West Indies Women in Sri Lanka ODI Series,ODI,TD Smartt,0,West Indies,Sri Lanka,2013-02-22,,6
cc3884f9,603240,1,0,2,0,0,0,0,0,0,1,0,30,1,0,0,1,45,female,West Indies Women in Sri Lanka ODI Series,ODI,TD Smartt,0,West Indies,Sri Lanka,2013-02-24,,6
cc3884f9,603241,10,0,5,0,1,0,0,1,0,1,0,26,2,1,0,0,56,female,West Indies Women in Sri Lanka ODI Series,ODI,TD Smartt,0,West Indies,Sri Lanka,2013-02-26,,6
cc3884f9,603243,0,0,0,0,0,0,0,0,0,0,0,14,2,1,1,1,15,female,West Indies Women in Sri Lanka T20I Series,T20,TD Smartt,0,West Indies,Sri Lanka,2013-03-03,,6
cc3884f9,603244,0,0,0,0,0,1,0,0,0,0,0,30,1,0,0,0,18,female,West Indies Women in Sri Lanka T20I Series,T20,TD Smartt,0,West Indies,Sri Lanka,2013-03-05,,6
cc3884f9,603246,0,0,0,0,0,0,0,0,0,0,0,22,2,0,1,0,16,female,West Indies Women in Sri Lanka T20I Series,T20,TD Smartt,0,West Indies,Sri Lanka,2013-03-08,,6
cc3884f9,682971,0,0,0,0,0,0,0,0,0,0,0,25,1,0,0,0,7,female,Women's World T20,T20,TD Smartt,0,West Indies,England,2014-03-24,,6
cc3884f9,682979,3,1,6,0,0,1,0,0,0,3,0,9,2,0,0,0,13,female,Women's World T20,T20,TD Smartt,0,West Indies,Bangladesh,2014-03-26,,6
cc3884f9,682989,0,0,0,0,0,1,0,0,0,0,0,16,3,3,0,0,14,female,Women's World T20,T20,TD Smartt,0,West Indies,Sri Lanka,2014-03-28,,6
cc3884f9,683005,0,0,0,0,0,0,0,0,0,0,0,14,0,0,0,0,8,female,Women's World T20,T20,TD Smartt,0,West Indies,India,2014-04-01,,6
cc3884f9,683011,0,0,0,0,0,0,0,0,0,0,0,29,1,1,0,0,9,female,Women's World T20,T20,TD Smartt,0,West Indies,Australia,2014-04-03,,6
cc3884f9,754801,0,0,0,0,0,0,0,0,0,0,0,8,0,0,0,0,4,female,West Indies Women in Australia T20I Series,T20,TD Smartt,0,West Indies,Australia,2014-11-02,,6
cc3884f9,754809,8,0,10,0,0,0,0,0,0,2,0,19,1,0,0,0,21,female,ICC Women's Championship,ODI,TD Smartt,0,West Indies,Australia,2014-11-11,,6
cc3884f9,754811,0,1,3,0,0,1,0,0,0,3,0,30,0,0,0,1,39,female,ICC Women's Championship,ODI,TD Smartt,lbw,West Indies,Australia,2014-11-13,,6
cc3884f9,856117,0,0,0,0,0,0,0,0,0,0,0,15,0,0,0,0,14,female,West Indies Women tour of Sri Lanka,T20,TD Smartt,0,West Indies,Sri Lanka,2015-05-23,,6
cc3884f9,856119,0,0,0,0,0,0,0,0,0,0,0,18,0,0,0,0,6,female,West Indies Women in Sri Lanka T20I Series,T20,TD Smartt,0,West Indies,Sri Lanka,2015-05-25,,6
cc3884f9,856121,0,0,0,0,0,2,0,0,0,0,0,16,1,0,0,0,17,female,West Indies Women in Sri Lanka T20I Series,T20,TD Smartt,0,West Indies,Sri Lanka,2015-05-26,,6
cc3884f9,892043,0,0,0,0,0,0,0,0,0,0,0,13,2,1,0,0,16,female,Pakistan Women in West Indies T20I Series,T20,TD Smartt,0,West Indies,Pakistan,2015-10-29,,6
cc3884f9,907389,1,0,2,0,0,0,0,0,0,1,0,10,0,0,0,0,15,female,ICC Women's Championship,ODI,TD Smartt,0,West Indies,South Africa,2016-02-24,,6
cc3884f9,907391,2,1,4,0,0,0,0,0,0,2,0,31,0,0,0,1,30,female,ICC Women's Championship,ODI,TD Smartt,caught,West Indies,South Africa,2016-02-27,,6
cc3884f9,907395,0,0,0,0,0,0,0,0,0,0,0,14,0,0,0,0,14,female,West Indies Women in South Africa T20I Series,T20,TD Smartt,0,West Indies,South Africa,2016-03-04,,6
cc3884f9,907399,0,0,0,0,0,0,0,0,0,0,0,25,0,0,0,0,16,female,West Indies Women in South Africa T20I Series,T20,TD Smartt,0,West Indies,South Africa,2016-03-09,,6
cc3884f9,1138191,5,1,7,0,0,0,0,0,0,2,0,21,0,0,0,0,15,female,ICC Women's Championship,ODI,TD Smartt,0,West Indies,New Zealand,2018-03-04,,6
cc3884f9,1138192,6,1,17,0,0,0,0,0,0,11,0,26,0,0,0,0,12,female,ICC Women's Championship,ODI,TD Smartt,caught,West Indies,New Zealand,2018-03-08,,6
cc3884f9,1138196,0,0,0,0,0,0,0,0,0,0,0,23,0,0,0,0,7,female,West Indies Women tour of New Zealand,T20,TD Smartt,0,West Indies,New Zealand,2018-03-20,,6
cc3884f9,1138198,0,0,0,0,0,0,0,0,0,0,0,23,0,0,0,0,11,female,West Indies Women tour of New Zealand,T20,TD Smartt,0,West Indies,New Zealand,2018-03-25,,6
cc3884f9,wi_201713,40,1,44,5,0,1,1,0,0,23,0,0,0,0,0,0,0,female,Women's T20 Blaze,T20,TD Smartt,stumped,Guyana,Windward Islands,2019-04-02,,6
cc3884f9,wi_201716,2,1,7,0,0,1,0,0,0,5,0,0,0,0,0,0,0,female,Women's T20 Blaze,T20,TD Smartt,run out,Guyana,Barbados,2019-04-03,,6
cc3884f9,wi_211825,13,1,12,2,0,1,0,0,0,5,0,19,0,0,0,0,11,female,T20 Blaze,T20,TD Smartt,caught,Guyana,Barbados,2022-06-07,,6
cc3884f9,wi_211831,1,1,3,0,0,0,0,0,0,2,0,12,2,1,1,0,18,female,T20 Blaze,T20,TD Smartt,0,Guyana,Jamaica,2022-06-11,,6
cc3884f9,wi_211835,0,0,0,0,0,0,0,0,0,0,0,6,0,0,0,1,13,female,T20 Blaze,T20,TD Smartt,0,Guyana,Leeward Islands,2022-06-13,,6
cc3884f9,wi_211838,13,0,13,2,0,1,0,0,0,6,0,17,0,0,0,1,17,female,T20 Blaze,T20,TD Smartt,0,Guyana,Windward Islands,2022-06-14,,6
cc3884f9,wi_211979,0,0,0,0,0,0,0,0,0,0,0,12,4,2,1,2,50,female,CG United Women's Super50,ODM,TD Smartt,0,Guyana,Leeward Islands,2022-06-21,,6
cc3884f9,wi_212062,0,1,8,0,0,0,0,0,0,8,0,11,1,0,0,0,9,female,CG United Women's Super50,ODM,TD Smartt,lbw,Guyana,Jamaica,2022-06-23,,6
