player_id,match_id,runs_scored,player_out,balls_faced,fours_scored,sixes_scored,catches_taken,run_out_direct,run_out_throw,stumpings_done,dot_balls_as_batsman,order_seenballs_bowled,runs_conceded,wickets_taken,bowled_done,lbw_done,maidens,dot_balls_as_bowler,gender,series_name,match_type,name,out_kind,player_team,opposition_team,start_date,end_date,balls_per_over
db767b89,64080,0,0,0,0,0,0,0,0,0,0,0,96,3,2,0,4,121,male,England tour of West Indies,Test,TL Best,0,West Indies,England,2004-04-10,2004-04-11,6
db767b89,64896,2,1,4,0,0,1,0,0,0,3,0,37,4,1,1,1,51,male,Bangladesh tour of West Indies,ODI,TL Best,lbw,West Indies,Bangladesh,2004-05-15,,6
db767b89,64897,0,0,0,0,0,1,0,0,0,0,0,15,1,0,0,0,20,male,Bangladesh tour of West Indies,ODI,TL Best,0,West Indies,Bangladesh,2004-05-16,,6
db767b89,64898,0,0,0,0,0,0,0,0,0,0,0,7,1,0,0,0,17,male,Bangladesh tour of West Indies,ODI,TL Best,0,West Indies,Bangladesh,2004-05-19,,6
db767b89,66309,0,0,0,0,0,0,0,0,0,0,0,45,2,1,0,1,38,male,NatWest Series,ODI,TL Best,0,West Indies,England,2004-07-06,,6
db767b89,66311,1,0,1,0,0,0,0,0,0,0,0,59,2,0,0,1,25,male,NatWest Series,ODI,TL Best,0,West Indies,New Zealand,2004-07-10,,6
db767b89,208321,5,1,7,1,0,0,0,0,0,5,0,148,2,0,0,4,135,male,South Africa tour of West Indies,Test,TL Best,0,West Indies,South Africa,2005-04-29,2005-04-30,6
db767b89,214742,24,1,21,3,0,0,0,0,0,8,0,38,1,0,0,0,24,male,Indian Oil Cup,ODI,TL Best,caught,West Indies,India,2005-07-31,,6
db767b89,214852,1,1,6,0,0,0,0,0,0,5,0,45,0,0,0,1,39,male,Indian Oil Cup,ODI,TL Best,lbw,West Indies,Sri Lanka,2005-08-02,,6
db767b89,215134,12,1,7,1,0,0,0,0,0,1,0,40,1,0,0,0,42,male,Indian Oil Cup,ODI,TL Best,0,West Indies,Sri Lanka,2005-08-06,,6
db767b89,401071,10,1,22,2,0,0,0,0,0,18,0,111,2,0,0,5,142,male,Bangladesh in West Indies Test Series,Test,TL Best,lbw,West Indies,Bangladesh,2009-07-09,2009-07-10,6
db767b89,401072,12,2,27,1,1,0,0,0,0,23,0,87,0,0,0,3,117,male,Bangladesh in West Indies Test Series,Test,TL Best,0,West Indies,Bangladesh,2009-07-17,2009-07-18,6
db767b89,415274,8,1,19,1,0,0,0,0,0,14,0,50,0,0,0,0,27,male,ICC Champions Trophy,ODI,TL Best,0,West Indies,Pakistan,2009-09-23,,6
db767b89,534207,95,1,112,14,1,0,0,0,0,68,0,38,2,1,0,2,57,male,The Wisden Trophy,Test,TL Best,0,West Indies,England,2012-06-07,2012-06-08,6
db767b89,534210,7,1,13,1,0,0,0,0,0,9,0,40,0,0,0,1,26,male,NatWest Series,ODI,TL Best,run out,West Indies,England,2012-06-19,,6
db767b89,560926,3,1,6,0,0,0,0,0,0,3,0,52,4,1,1,1,40,male,New Zealand in West Indies ODI Series,ODI,TL Best,bowled,West Indies,New Zealand,2012-07-14,,6
db767b89,560927,5,0,9,0,0,0,0,0,0,4,0,58,2,0,0,0,36,male,New Zealand in West Indies ODI Series,ODI,TL Best,0,West Indies,New Zealand,2012-07-16,,6
db767b89,560930,0,0,2,0,0,1,1,0,0,2,0,88,4,0,0,3,135,male,New Zealand in West Indies Test Series,Test,TL Best,0,West Indies,New Zealand,2012-08-02,2012-08-03,6
db767b89,587469,0,1,1,0,0,0,0,0,0,1,0,112,6,1,1,6,162,male,West Indies in Bangladesh Test Series,Test,TL Best,bowled,West Indies,Bangladesh,2012-11-13,2012-11-14,6
db767b89,587470,0,0,0,0,0,1,0,0,0,0,0,77,6,4,0,3,96,male,West Indies in Bangladesh Test Series,Test,TL Best,0,West Indies,Bangladesh,2012-11-21,2012-11-22,6
db767b89,573025,1,0,3,0,0,0,0,0,0,2,0,44,2,0,0,0,43,male,West Indies in Australia ODI Series,ODI,TL Best,0,West Indies,Australia,2013-02-08,,6
db767b89,573026,0,1,3,0,0,0,0,0,0,3,0,77,2,1,0,1,36,male,West Indies in Australia ODI Series,ODI,TL Best,0,West Indies,Australia,2013-02-10,,6
db767b89,573027,0,0,0,0,0,0,0,1,0,0,0,22,0,0,0,0,9,male,,T20,TL Best,0,West Indies,Australia,2013-02-13,,6
db767b89,593983,0,0,0,0,0,0,0,0,0,0,0,38,1,0,0,1,47,male,Zimbabwe in West Indies ODI Series,ODI,TL Best,0,West Indies,Zimbabwe,2013-02-22,,6
db767b89,593985,0,0,0,0,0,0,0,0,0,0,0,40,2,0,0,0,36,male,Zimbabwe in West Indies ODI Series,ODI,TL Best,0,West Indies,Zimbabwe,2013-02-26,,6
db767b89,593986,0,0,0,0,0,0,0,0,0,0,0,20,3,1,0,0,18,male,Zimbabwe in West Indies T20I Series,T20,TL Best,0,West Indies,Zimbabwe,2013-03-02,,6
db767b89,593988,24,1,26,4,0,0,0,0,0,16,0,65,0,0,0,4,96,male,Clive Lloyd Trophy,Test,TL Best,caught,West Indies,Zimbabwe,2013-03-12,2013-03-13,6
db767b89,593989,11,0,12,1,1,1,0,0,0,9,0,43,1,0,0,2,82,male,Clive Lloyd Trophy,Test,TL Best,0,West Indies,Zimbabwe,2013-03-20,2013-03-21,6
db767b89,578622,0,0,0,0,0,0,0,0,0,0,0,35,0,0,0,0,15,male,ICC Champions Trophy,ODI,TL Best,0,West Indies,South Africa,2013-06-14,,6
db767b89,597924,3,0,10,0,0,0,0,0,0,7,0,57,2,2,0,0,42,male,West Indies Tri-Nation Series,ODI,TL Best,0,West Indies,India,2013-06-30,,6
db767b89,597926,0,0,0,0,0,0,0,0,0,0,0,56,2,0,0,0,37,male,West Indies Tri-Nation Series,ODI,TL Best,0,West Indies,India,2013-07-05,,6
db767b89,597927,5,0,12,1,0,0,0,0,0,10,0,43,0,0,0,0,22,male,West Indies Tri-Nation Series,ODI,TL Best,0,West Indies,Sri Lanka,2013-07-07,2013-07-08,6
db767b89,645643,0,0,0,0,0,0,0,0,0,0,0,48,3,0,0,2,45,male,Pakistan in West Indies ODI Series,ODI,TL Best,0,West Indies,Pakistan,2013-07-24,,6
db767b89,645645,0,0,0,0,0,0,0,0,0,0,0,25,0,0,0,0,9,male,Pakistan in West Indies T20I Series,T20,TL Best,0,West Indies,Pakistan,2013-07-27,,6
db767b89,645647,17,0,9,0,2,0,0,0,0,4,0,20,0,0,0,0,7,male,Pakistan in West Indies T20I Series,T20,TL Best,0,West Indies,Pakistan,2013-07-28,,6
db767b89,635215,0,1,1,0,0,0,0,0,0,1,0,29,1,0,0,0,13,male,Caribbean Premier League,T20,TL Best,caught,St Lucia Zouks,Barbados Tridents,2013-07-30,,6
db767b89,635221,0,0,0,0,0,0,0,0,0,0,0,29,1,0,0,0,11,male,Caribbean Premier League,T20,TL Best,0,St Lucia Zouks,Guyana Amazon Warriors,2013-08-04,,6
db767b89,635222,0,0,0,0,0,0,0,0,0,0,0,44,0,0,0,0,7,male,Caribbean Premier League,T20,TL Best,0,St Lucia Zouks,Antigua Hawksbills,2013-08-06,,6
db767b89,635231,0,0,0,0,0,0,0,0,0,0,0,8,1,1,0,0,7,male,Caribbean Premier League,T20,TL Best,0,St Lucia Zouks,Antigua Hawksbills,2013-08-15,,6
db767b89,635234,0,0,0,0,0,0,0,0,0,0,0,18,1,1,0,0,15,male,Caribbean Premier League,T20,TL Best,0,St Lucia Zouks,Trinidad & Tobago Red Steel,2013-08-17,,6
db767b89,676525,17,1,39,2,0,0,0,0,0,30,0,77,1,0,0,0,63,male,West Indies in India Test Series,Test,TL Best,0,West Indies,India,2013-11-06,2013-11-07,6
db767b89,676527,9,2,19,2,0,1,0,0,0,16,0,93,1,0,0,0,66,male,West Indies in India Test Series,Test,TL Best,lbw,West Indies,India,2013-11-14,2013-11-15,6
db767b89,661679,3,1,26,0,0,0,0,1,0,23,0,181,3,0,0,7,168,male,West Indies in New Zealand Test Series,Test,TL Best,caught,West Indies,New Zealand,2013-12-03,2013-12-04,6
db767b89,661681,21,2,20,3,1,0,0,0,0,14,0,116,4,0,0,1,79,male,West Indies in New Zealand Test Series,Test,TL Best,0,West Indies,New Zealand,2013-12-11,2013-12-12,6
db767b89,661683,25,2,46,3,0,0,0,0,0,33,0,96,1,0,0,3,87,male,West Indies in New Zealand Test Series,Test,TL Best,lbw,West Indies,New Zealand,2013-12-19,2013-12-20,6
db767b89,661691,0,0,0,0,0,0,0,0,0,0,0,70,1,0,0,0,29,male,West Indies in New Zealand ODI Series,ODI,TL Best,0,West Indies,New Zealand,2014-01-04,,6
db767b89,661695,0,0,0,0,0,0,0,0,0,0,0,41,3,0,0,0,9,male,West Indies in New Zealand T20I Series,T20,TL Best,0,West Indies,New Zealand,2014-01-11,,6
db767b89,661697,0,0,0,0,0,0,0,0,0,0,0,39,0,0,0,0,9,male,West Indies in New Zealand T20I Series,T20,TL Best,0,West Indies,New Zealand,2014-01-15,,6
db767b89,743149,3,0,6,0,0,0,0,0,0,4,0,28,0,0,0,0,14,male,Caribbean Premier League,T20,TL Best,0,St Lucia Zouks,Guyana Amazon Warriors,2014-07-19,,6
db767b89,743155,0,0,0,0,0,0,0,0,0,0,0,29,1,1,0,0,12,male,Caribbean Premier League,T20,TL Best,0,St Lucia Zouks,Barbados Tridents,2014-07-23,,6
db767b89,743169,0,0,0,0,0,0,0,0,0,0,0,46,2,0,1,0,14,male,Caribbean Premier League,T20,TL Best,0,St Lucia Zouks,Barbados Tridents,2014-07-31,,6
db767b89,743173,11,1,10,2,0,0,0,0,0,5,0,20,0,0,0,0,9,male,Caribbean Premier League,T20,TL Best,caught,St Lucia Zouks,Trinidad & Tobago Red Steel,2014-08-02,,6
db767b89,743183,0,0,0,0,0,1,0,0,0,0,0,37,2,0,0,0,16,male,Caribbean Premier League,T20,TL Best,0,St Lucia Zouks,Jamaica Tallawahs,2014-08-09,,6
db767b89,743187,0,0,0,0,0,0,0,0,0,0,0,54,1,0,0,0,9,male,Caribbean Premier League,T20,TL Best,0,St Lucia Zouks,Guyana Amazon Warriors,2014-08-10,,6
db767b89,946825,23,0,33,2,1,1,0,0,0,22,0,135,1,0,0,1,103,male,Specsavers County Championship,MDM,TL Best,0,Hampshire,Middlesex,2016-05-01,2016-05-02,6
db767b89,946829,17,2,23,1,1,0,0,0,0,15,0,97,5,2,0,1,89,male,Specsavers County Championship,MDM,TL Best,caught,Hampshire,Lancashire,2016-05-08,2016-05-09,6
db767b89,946847,0,2,11,0,0,1,0,0,0,11,0,109,6,2,1,7,145,male,Specsavers County Championship,MDM,TL Best,0,Hampshire,Nottinghamshire,2016-05-22,2016-05-23,6
db767b89,947107,8,1,8,1,0,1,0,0,0,3,0,51,0,0,0,0,6,male,NatWest T20 Blast,T20,TL Best,0,Hampshire,Middlesex,2016-05-27,,6
db767b89,946857,0,2,8,0,0,0,0,0,0,8,0,116,1,0,0,2,94,male,Specsavers County Championship,MDM,TL Best,0,Hampshire,Middlesex,2016-05-29,2016-05-30,6
db767b89,947125,0,0,0,0,0,0,0,0,0,0,0,21,1,1,0,0,9,male,NatWest T20 Blast,T20,TL Best,0,Hampshire,Kent,2016-06-02,,6
db767b89,947135,0,1,2,0,0,0,0,0,0,2,0,34,0,0,0,0,3,male,NatWest T20 Blast,T20,TL Best,lbw,Hampshire,Glamorgan,2016-06-03,,6
db767b89,947149,1,0,2,0,0,0,0,0,0,1,0,38,2,1,0,0,6,male,NatWest T20 Blast,T20,TL Best,0,Hampshire,Kent,2016-06-08,,6
db767b89,947233,0,1,2,0,0,0,0,0,0,2,0,26,1,0,0,0,11,male,NatWest T20 Blast,T20,TL Best,caught,Hampshire,Surrey,2016-06-09,,6
db767b89,947407,0,0,0,0,0,0,0,0,0,0,0,75,0,0,0,0,26,male,Royal London One-Day Cup,ODM,TL Best,0,Hampshire,Gloucestershire,2016-06-14,,6
db767b89,947425,0,0,1,0,0,0,0,0,0,1,0,47,1,1,0,0,32,male,Royal London One-Day Cup,ODM,TL Best,0,Hampshire,Surrey,2016-06-15,,6
db767b89,947195,0,0,1,0,0,0,0,0,0,1,0,27,0,0,0,0,13,male,NatWest T20 Blast,T20,TL Best,0,Hampshire,Somerset,2016-06-19,,6
db767b89,947203,0,0,0,0,0,1,0,0,0,0,0,21,0,0,0,0,5,male,NatWest T20 Blast,T20,TL Best,0,Hampshire,Essex,2016-06-24,,6
db767b89,946871,9,1,25,1,0,1,0,0,0,21,0,74,1,0,0,2,90,male,Specsavers County Championship,MDM,TL Best,0,Hampshire,Somerset,2016-06-26,2016-06-27,6
db767b89,946875,0,0,0,0,0,0,0,0,0,0,0,111,0,0,0,2,74,male,Specsavers County Championship,MDM,TL Best,0,Hampshire,Durham,2016-07-03,2016-07-04,6
db767b89,947255,0,0,0,0,0,0,0,0,0,0,0,25,0,0,0,0,2,male,NatWest T20 Blast,T20,TL Best,0,Hampshire,Essex,2016-07-08,,6
db767b89,947283,7,0,4,1,0,0,0,0,0,1,0,27,0,0,0,0,8,male,NatWest T20 Blast,T20,TL Best,0,Hampshire,Sussex,2016-07-15,,6
db767b89,1094682,0,0,0,0,0,0,0,0,0,0,0,22,0,0,0,0,4,male,Caribbean Premier League,T20,TL Best,0,Barbados Tridents,Trinbago Knight Riders,2017-08-12,,6
