player_id,match_id,runs_scored,player_out,balls_faced,fours_scored,sixes_scored,catches_taken,run_out_direct,run_out_throw,stumpings_done,dot_balls_as_batsman,order_seenballs_bowled,runs_conceded,wickets_taken,bowled_done,lbw_done,maidens,dot_balls_as_bowler,gender,series_name,match_type,name,out_kind,player_team,opposition_team,start_date,end_date,balls_per_over
1920c721,319142,9,1,12,1,0,1,0,0,0,6,0,0,0,0,0,0,0,male,,T20,WKD Perkins,0,West Indies,Australia,2008-06-20,,6
1920c721,635236,18,1,20,3,0,0,0,0,0,11,0,0,0,0,0,0,0,male,Caribbean Premier League,T20,WKD Perkins,0,Guyana Amazon Warriors,Trinidad & Tobago Red Steel,2013-08-22,,6
1920c721,635238,14,1,18,1,1,0,0,0,0,13,0,0,0,0,0,0,0,male,Caribbean Premier League,T20,WKD Perkins,0,Guyana Amazon Warriors,Jamaica Tallawahs,2013-08-24,,6
1920c721,743181,24,1,13,4,1,1,0,0,0,6,0,0,0,0,0,0,0,male,Caribbean Premier League,T20,WKD Perkins,caught and bowled,Barbados Tridents,Trinidad & Tobago Red Steel,2014-08-07,,6
1920c721,743189,36,1,34,2,2,1,0,0,0,14,0,0,0,0,0,0,0,male,Caribbean Premier League,T20,WKD Perkins,0,Barbados Tridents,Jamaica Tallawahs,2014-08-10,,6
1920c721,743195,0,1,2,0,0,1,0,0,0,2,0,0,0,0,0,0,0,male,Caribbean Premier League,T20,WKD Perkins,caught,Barbados Tridents,Guyana Amazon Warriors,2014-08-16,,6
1920c721,857711,13,0,12,0,1,0,0,0,0,5,0,0,0,0,0,0,0,male,Caribbean Premier League,T20,WKD Perkins,0,Trinidad & Tobago Red Steel,Barbados Tridents,2015-06-25,,6
1920c721,857741,64,0,49,3,5,0,0,0,0,21,0,0,0,0,0,0,0,male,Caribbean Premier League,T20,WKD Perkins,0,Trinidad & Tobago Red Steel,St Kitts and Nevis Patriots,2015-07-11,,6
1920c721,857747,0,1,3,0,0,0,0,0,0,3,0,0,0,0,0,0,0,male,Caribbean Premier League,T20,WKD Perkins,0,Trinidad & Tobago Red Steel,St Lucia Zouks,2015-07-14,,6
1920c721,857751,1,1,3,0,0,0,0,0,0,2,0,0,0,0,0,0,0,male,Caribbean Premier League,T20,WKD Perkins,0,Trinidad & Tobago Red Steel,Barbados Tridents,2015-07-16,,6
1920c721,857755,15,1,13,1,1,0,0,0,0,8,0,0,0,0,0,0,0,male,Caribbean Premier League,T20,WKD Perkins,caught,Trinidad & Tobago Red Steel,St Kitts and Nevis Patriots,2015-07-18,,6
1920c721,857759,5,1,10,0,0,0,0,0,0,5,0,0,0,0,0,0,0,male,Caribbean Premier League,T20,WKD Perkins,0,Trinidad & Tobago Red Steel,Jamaica Tallawahs,2015-07-19,,6
1920c721,1019647,23,1,16,3,1,0,0,0,0,7,0,0,0,0,0,0,0,male,Caribbean Premier League,T20,WKD Perkins,caught,Trinbago Knight Riders,Barbados Tridents,2016-07-16,,6
1920c721,1019773,12,1,13,1,1,1,0,0,0,9,0,0,0,0,0,0,0,male,Caribbean Premier League,T20,WKD Perkins,0,Trinbago Knight Riders,Jamaica Tallawahs,2016-07-18,,6
1920c721,1011503,11,1,11,0,1,0,0,0,0,6,0,0,0,0,0,0,0,male,Caribbean Premier League,T20,WKD Perkins,0,Trinbago Knight Riders,St Lucia Zouks,2016-07-26,,6
1920c721,994685,29,1,24,4,1,1,0,0,0,13,0,0,0,0,0,0,0,male,Caribbean Premier League,T20,WKD Perkins,caught,Trinbago Knight Riders,St Kitts and Nevis Patriots,2016-07-31,,6
1920c721,1094702,1,1,6,0,0,1,0,0,0,5,0,0,0,0,0,0,0,male,Caribbean Premier League,T20,WKD Perkins,0,Trinbago Knight Riders,St Kitts and Nevis Patriots,2017-09-05,,6
