player_id,match_id,runs_scored,player_out,balls_faced,fours_scored,sixes_scored,catches_taken,run_out_direct,run_out_throw,stumpings_done,dot_balls_as_batsman,order_seenballs_bowled,runs_conceded,wickets_taken,bowled_done,lbw_done,maidens,dot_balls_as_bowler,gender,series_name,match_type,name,out_kind,player_team,opposition_team,start_date,end_date,balls_per_over
60beb01b,65235,0,1,18,0,0,0,0,0,0,18,0,0,0,0,0,0,0,male,ICC World Cup,ODI,WW Hinds,0,West Indies,South Africa,2003-02-09,,6
60beb01b,65242,14,1,31,2,0,0,0,0,0,24,0,37,3,0,0,0,33,male,ICC World Cup,ODI,WW Hinds,0,West Indies,New Zealand,2003-02-13,,6
60beb01b,65249,18,1,44,3,0,0,0,0,0,36,0,0,0,0,0,0,0,male,ICC World Cup,ODI,WW Hinds,caught,West Indies,Bangladesh,2003-02-18,,6
60beb01b,65256,64,1,34,10,3,0,0,1,0,15,0,20,2,0,0,0,13,male,ICC World Cup,ODI,WW Hinds,0,West Indies,Canada,2003-02-23,,6
60beb01b,65266,2,1,8,0,0,0,0,0,0,6,0,27,1,1,0,0,8,male,ICC World Cup,ODI,WW Hinds,caught,West Indies,Sri Lanka,2003-02-28,,6
60beb01b,64825,125,0,144,5,6,1,0,0,0,76,0,0,0,0,0,0,0,male,Australia tour of West Indies,ODI,WW Hinds,0,West Indies,Australia,2003-05-30,,6
60beb01b,64826,103,0,135,6,3,1,0,0,0,78,0,0,0,0,0,0,0,male,Australia tour of West Indies,ODI,WW Hinds,0,West Indies,Australia,2003-06-01,,6
60beb01b,64827,0,1,7,0,0,0,0,1,0,7,0,17,1,0,0,0,20,male,Sri Lanka tour of West Indies,ODI,WW Hinds,0,West Indies,Sri Lanka,2003-06-07,,6
60beb01b,64829,19,1,26,2,0,0,0,0,0,16,0,0,0,0,0,0,0,male,Sri Lanka tour of West Indies,ODI,WW Hinds,0,West Indies,Sri Lanka,2003-06-11,,6
60beb01b,64055,109,2,186,16,2,0,0,0,0,141,0,38,2,1,0,4,72,male,West Indies tour of Zimbabwe,Test,WW Hinds,0,West Indies,Zimbabwe,2003-11-12,2003-11-13,6
60beb01b,64848,17,1,48,2,0,0,0,0,0,40,0,0,0,0,0,0,0,male,West Indies tour of Zimbabwe,ODI,WW Hinds,caught,West Indies,Zimbabwe,2003-11-23,,6
60beb01b,64849,13,1,24,1,1,0,0,0,0,19,0,43,2,0,1,0,31,male,West Indies tour of Zimbabwe,ODI,WW Hinds,0,West Indies,Zimbabwe,2003-11-26,,6
60beb01b,64851,127,0,144,10,4,0,0,0,0,78,0,21,0,0,0,0,2,male,West Indies tour of Zimbabwe,ODI,WW Hinds,0,West Indies,Zimbabwe,2003-11-29,,6
60beb01b,64852,13,1,26,2,0,0,0,0,0,20,0,0,0,0,0,0,0,male,West Indies tour of Zimbabwe,ODI,WW Hinds,caught,West Indies,Zimbabwe,2003-11-30,,6
60beb01b,64063,10,2,56,0,0,0,0,0,0,50,0,134,5,1,1,3,107,male,West Indies tour of South Africa,Test,WW Hinds,bowled,West Indies,South Africa,2003-12-12,2003-12-13,6
60beb01b,66203,82,1,122,8,2,0,0,0,0,84,0,0,0,0,0,0,0,male,ICC Champions Trophy,ODI,WW Hinds,caught,West Indies,Bangladesh,2004-09-15,,6
60beb01b,66206,15,1,31,3,0,0,0,0,0,25,0,0,0,0,0,0,0,male,ICC Champions Trophy,ODI,WW Hinds,0,West Indies,South Africa,2004-09-18,2004-09-19,6
60beb01b,66209,5,1,12,0,0,0,0,0,0,9,0,27,2,0,1,0,42,male,ICC Champions Trophy,ODI,WW Hinds,0,West Indies,Pakistan,2004-09-22,,6
60beb01b,66210,3,1,18,0,0,0,0,0,0,16,0,24,3,0,0,3,42,male,ICC Champions Trophy,ODI,WW Hinds,caught,West Indies,England,2004-09-25,,6
60beb01b,65659,29,1,64,3,0,0,0,0,0,49,0,25,0,0,0,0,6,male,VB Series,ODI,WW Hinds,0,West Indies,Pakistan,2005-01-19,,6
60beb01b,65660,107,1,139,8,0,0,0,0,0,71,0,0,0,0,0,0,0,male,VB Series,ODI,WW Hinds,caught,West Indies,Australia,2005-01-21,,6
60beb01b,65662,0,1,1,0,0,0,0,0,0,1,0,25,1,0,0,0,10,male,VB Series,ODI,WW Hinds,0,West Indies,Australia,2005-01-26,,6
60beb01b,65665,30,1,36,2,0,0,0,0,0,16,0,44,0,0,0,0,12,male,VB Series,ODI,WW Hinds,caught,West Indies,Pakistan,2005-02-01,,6
60beb01b,207334,12,2,31,0,0,1,0,0,0,26,0,18,1,0,0,2,45,male,South Africa tour of West Indies,Test,WW Hinds,caught,West Indies,South Africa,2005-04-21,2005-04-22,6
60beb01b,208321,0,1,1,0,0,0,0,0,0,1,0,34,0,0,0,1,42,male,South Africa tour of West Indies,Test,WW Hinds,caught and bowled,West Indies,South Africa,2005-04-29,2005-04-30,6
60beb01b,208835,3,1,18,0,0,0,0,0,0,15,0,10,0,0,0,0,2,male,South Africa tour of West Indies,ODI,WW Hinds,0,West Indies,South Africa,2005-05-08,,6
60beb01b,209582,11,1,13,1,0,0,0,0,0,7,0,22,0,0,0,0,11,male,Pakistan tour of West Indies,ODI,WW Hinds,bowled,West Indies,Pakistan,2005-05-18,,6
60beb01b,209768,35,1,48,4,0,0,0,0,0,31,0,24,1,0,0,0,6,male,Pakistan tour of West Indies,ODI,WW Hinds,0,West Indies,Pakistan,2005-05-22,,6
60beb01b,237242,14,0,18,1,0,0,0,0,0,9,0,0,0,0,0,0,0,male,,T20,WW Hinds,0,West Indies,New Zealand,2006-02-16,,6
60beb01b,237568,3,1,17,0,0,0,0,0,0,14,0,0,0,0,0,0,0,male,West Indies in New Zealand ODI Series,ODI,WW Hinds,caught,West Indies,New Zealand,2006-02-18,,6
60beb01b,238176,76,1,88,6,1,1,0,0,0,47,0,0,0,0,0,0,0,male,West Indies in New Zealand ODI Series,ODI,WW Hinds,0,West Indies,New Zealand,2006-02-22,,6
60beb01b,238177,4,1,11,0,0,0,0,0,0,8,0,38,0,0,0,0,13,male,West Indies in New Zealand ODI Series,ODI,WW Hinds,0,West Indies,New Zealand,2006-02-25,,6
60beb01b,238178,0,1,1,0,0,0,0,0,0,1,0,24,0,0,0,0,10,male,West Indies in New Zealand ODI Series,ODI,WW Hinds,stumped,West Indies,New Zealand,2006-03-01,,6
60beb01b,238179,40,0,41,2,1,0,0,0,0,14,0,18,1,0,0,0,7,male,West Indies in New Zealand ODI Series,ODI,WW Hinds,0,West Indies,New Zealand,2006-03-04,,6
60beb01b,239918,13,0,16,3,0,0,0,0,0,12,0,0,0,0,0,0,0,male,India in West Indies ODI Series,ODI,WW Hinds,0,West Indies,India,2006-05-26,,6
60beb01b,239919,32,1,35,2,0,0,0,0,0,13,0,28,2,1,0,0,21,male,India in West Indies ODI Series,ODI,WW Hinds,0,West Indies,India,2006-05-28,,6
60beb01b,256607,0,0,0,0,0,0,0,0,0,0,0,0,0,0,0,0,0,male,DLF Cup,ODI,WW Hinds,0,West Indies,India,2006-09-14,,6
60beb01b,256610,1,1,10,0,0,0,0,0,0,9,0,0,0,0,0,0,0,male,DLF Cup,ODI,WW Hinds,0,West Indies,Australia,2006-09-18,,6
60beb01b,256612,8,1,58,0,0,0,0,0,0,52,0,41,0,0,0,0,20,male,DLF Cup,ODI,WW Hinds,0,West Indies,India,2006-09-20,,6
60beb01b,256615,0,1,5,0,0,0,0,0,0,5,0,0,0,0,0,0,0,male,DLF Cup,ODI,WW Hinds,0,West Indies,Australia,2006-09-24,,6
60beb01b,249740,0,0,0,0,0,0,0,0,0,0,0,0,0,0,0,0,0,male,ICC Champions Trophy,ODI,WW Hinds,0,West Indies,Zimbabwe,2006-10-08,,6
60beb01b,249740,0,0,0,0,0,0,1,0,0,0,0,0,0,0,0,0,0,male,ICC Champions Trophy,ODI,WW Hinds,0,West Indies,Zimbabwe,2006-10-08,,6
60beb01b,249742,0,0,0,0,0,0,0,0,0,0,0,0,0,0,0,0,0,male,ICC Champions Trophy,ODI,WW Hinds,0,West Indies,Bangladesh,2006-10-11,,6
60beb01b,249744,28,1,87,3,0,0,0,0,0,70,0,0,0,0,0,0,0,male,ICC Champions Trophy,ODI,WW Hinds,0,West Indies,Sri Lanka,2006-10-14,,6
60beb01b,249748,1,1,16,0,0,0,0,1,0,15,0,0,0,0,0,0,0,male,ICC Champions Trophy,ODI,WW Hinds,0,West Indies,Australia,2006-10-18,,6
60beb01b,406194,0,0,0,0,0,0,0,0,0,0,0,0,0,0,0,0,0,male,West Indies in Australia ODI Series,ODI,WW Hinds,0,West Indies,Australia,2010-02-12,,6
60beb01b,406195,20,0,37,2,0,1,0,0,0,25,0,0,0,0,0,0,0,male,West Indies in Australia ODI Series,ODI,WW Hinds,0,West Indies,Australia,2010-02-14,,6
60beb01b,406196,5,1,13,0,0,0,0,0,0,10,0,0,0,0,0,0,0,male,West Indies in Australia ODI Series,ODI,WW Hinds,caught,West Indies,Australia,2010-02-19,,6
60beb01b,406197,11,1,14,1,0,0,0,0,0,7,0,0,0,0,0,0,0,male,West Indies in Australia T20I Series,T20,WW Hinds,caught,West Indies,Australia,2010-02-21,,6
60beb01b,406198,0,1,2,0,0,0,0,0,0,2,0,0,0,0,0,0,0,male,West Indies in Australia T20I Series,T20,WW Hinds,0,West Indies,Australia,2010-02-23,,6
60beb01b,412692,5,1,8,1,0,0,0,0,0,6,0,0,0,0,0,0,0,male,ICC World Twenty20,T20,WW Hinds,lbw,West Indies,Sri Lanka,2010-05-07,,6
60beb01b,412695,0,0,0,0,0,1,0,0,0,0,0,0,0,0,0,0,0,male,ICC World Twenty20,T20,WW Hinds,0,West Indies,India,2010-05-09,,6
