player_id,match_id,runs_scored,player_out,balls_faced,fours_scored,sixes_scored,catches_taken,run_out_direct,run_out_throw,stumpings_done,dot_balls_as_batsman,order_seenballs_bowled,runs_conceded,wickets_taken,bowled_done,lbw_done,maidens,dot_balls_as_bowler,gender,series_name,match_type,name,out_kind,player_team,opposition_team,start_date,end_date,balls_per_over
5b9b8d98,1343741,35,1,30,4,2,0,0,0,0,19,0,0,0,0,0,0,0,male,ICC Men's T20 World Cup Sub Regional Africa Qualifier,T20,CA Keita,0,Mali,Lesotho,2022-11-17,,6
5b9b8d98,1343747,0,0,0,0,0,0,0,0,0,0,0,0,0,0,0,0,0,male,ICC Men's T20 World Cup Sub Regional Africa Qualifier,T20,CA Keita,0,Mali,Seychelles,2022-11-18,,6
5b9b8d98,1343749,0,1,4,0,0,0,0,0,0,4,0,0,0,0,0,0,0,male,ICC Men's T20 World Cup Sub Regional Africa Qualifier,T20,CA Keita,0,Mali,Kenya,2022-11-20,,6
5b9b8d98,1343756,4,1,11,0,0,3,0,0,0,8,0,0,0,0,0,0,0,male,ICC Men's T20 World Cup Sub Regional Africa Qualifier,T20,CA Keita,0,Mali,Botswana,2022-11-22,,6
5b9b8d98,1343763,0,1,2,0,0,0,0,0,0,2,0,0,0,0,0,0,0,male,ICC Men's T20 World Cup Sub Regional Africa Qualifier,T20,CA Keita,bowled,Mali,Rwanda,2022-11-24,,6
5b9b8d98,1450753,1,1,18,0,0,0,0,0,0,17,0,0,0,0,0,0,0,male,ICC Men's T20 World Cup Sub Regional Africa Qualifier,T20,CA Keita,0,Mali,Tanzania,2024-09-21,,6
5b9b8d98,1450754,0,1,5,0,0,0,0,0,0,5,0,7,2,1,0,0,3,male,ICC Men's T20 World Cup Sub Regional Africa Qualifier,T20,CA Keita,0,Mali,Cameroon,2024-09-22,,6
5b9b8d98,1450759,5,1,5,1,0,1,0,0,0,3,0,11,0,0,0,0,0,male,ICC Men's T20 World Cup Sub Regional Africa Qualifier,T20,CA Keita,0,Mali,Malawi,2024-09-24,,6
5b9b8d98,1450761,1,1,9,0,0,0,1,0,0,8,0,20,2,1,0,0,12,male,ICC Men's T20 World Cup Sub Regional Africa Qualifier,T20,CA Keita,0,Mali,Lesotho,2024-09-25,,6
5b9b8d98,1450763,1,1,2,0,0,0,0,0,0,1,0,16,0,0,0,0,2,male,ICC Men's T20 World Cup Sub Regional Africa Qualifier,T20,CA Keita,caught,Mali,Ghana,2024-09-26,,6
