player_id,match_id,runs_scored,player_out,balls_faced,fours_scored,sixes_scored,catches_taken,run_out_direct,run_out_throw,stumpings_done,dot_balls_as_batsman,order_seenballs_bowled,runs_conceded,wickets_taken,bowled_done,lbw_done,maidens,dot_balls_as_bowler,gender,series_name,match_type,name,out_kind,player_team,opposition_team,start_date,end_date,balls_per_over
8eb7c5a6,1343747,0,0,0,0,0,0,0,0,0,0,0,0,0,0,0,0,0,male,ICC Men's T20 World Cup Sub Regional Africa Qualifier,T20,L Berthe,0,Mali,Seychelles,2022-11-18,,6
8eb7c5a6,1343749,0,1,4,0,0,0,0,0,0,4,0,0,0,0,0,0,0,male,ICC Men's T20 World Cup Sub Regional Africa Qualifier,T20,L Berthe,0,Mali,Kenya,2022-11-20,,6
8eb7c5a6,1343763,1,1,2,0,0,0,0,0,0,1,0,0,0,0,0,0,0,male,ICC Men's T20 World Cup Sub Regional Africa Qualifier,T20,L Berthe,run out,Mali,Rwanda,2022-11-24,,6
8eb7c5a6,1450753,0,1,1,0,0,0,0,0,0,1,0,0,0,0,0,0,0,male,ICC Men's T20 World Cup Sub Regional Africa Qualifier,T20,L Berthe,0,Mali,Tanzania,2024-09-21,,6
8eb7c5a6,1450754,7,1,5,1,0,0,0,0,0,2,0,0,0,0,0,0,0,male,ICC Men's T20 World Cup Sub Regional Africa Qualifier,T20,L Berthe,caught,Mali,Cameroon,2024-09-22,,6
8eb7c5a6,1450759,3,1,6,0,0,0,0,0,0,3,0,0,0,0,0,0,0,male,ICC Men's T20 World Cup Sub Regional Africa Qualifier,T20,L Berthe,run out,Mali,Malawi,2024-09-24,,6
8eb7c5a6,1450761,0,1,5,0,0,1,0,0,0,5,0,14,0,0,0,0,4,male,ICC Men's T20 World Cup Sub Regional Africa Qualifier,T20,L Berthe,bowled,Mali,Lesotho,2024-09-25,,6
8eb7c5a6,1450763,0,1,1,0,0,0,0,0,0,1,0,0,0,0,0,0,0,male,ICC Men's T20 World Cup Sub Regional Africa Qualifier,T20,L Berthe,bowled,Mali,Ghana,2024-09-26,,6
