player_id,match_id,runs_scored,player_out,balls_faced,fours_scored,sixes_scored,catches_taken,run_out_direct,run_out_throw,stumpings_done,dot_balls_as_batsman,order_seenballs_bowled,runs_conceded,wickets_taken,bowled_done,lbw_done,maidens,dot_balls_as_bowler,gender,series_name,match_type,name,out_kind,player_team,opposition_team,start_date,end_date,balls_per_over
69795fcd,1343741,3,1,3,0,0,0,0,0,0,1,0,0,0,0,0,0,0,male,ICC Men's T20 World Cup Sub Regional Africa Qualifier,T20,MS Diakite,0,Mali,Lesotho,2022-11-17,,6
69795fcd,1343756,3,1,6,0,0,0,0,0,0,3,0,0,0,0,0,0,0,male,ICC Men's T20 World Cup Sub Regional Africa Qualifier,T20,MS Diakite,0,Mali,Botswana,2022-11-22,,6
69795fcd,1343763,8,1,8,2,0,0,0,0,0,6,0,0,0,0,0,0,0,male,ICC Men's T20 World Cup Sub Regional Africa Qualifier,T20,MS Diakite,bowled,Mali,Rwanda,2022-11-24,,6
69795fcd,1450753,0,1,2,0,0,0,0,0,0,2,0,0,0,0,0,0,0,male,ICC Men's T20 World Cup Sub Regional Africa Qualifier,T20,MS Diakite,0,Mali,Tanzania,2024-09-21,,6
69795fcd,1450754,0,1,5,0,0,0,0,0,0,5,0,0,0,0,0,0,0,male,ICC Men's T20 World Cup Sub Regional Africa Qualifier,T20,MS Diakite,caught,Mali,Cameroon,2024-09-22,,6
69795fcd,1450759,4,1,12,1,0,0,0,0,0,11,0,0,0,0,0,0,0,male,ICC Men's T20 World Cup Sub Regional Africa Qualifier,T20,MS Diakite,0,Mali,Malawi,2024-09-24,,6
69795fcd,1450761,10,1,11,1,0,0,0,0,0,5,0,0,0,0,0,0,0,male,ICC Men's T20 World Cup Sub Regional Africa Qualifier,T20,MS Diakite,caught,Mali,Lesotho,2024-09-25,,6
69795fcd,1450763,0,1,9,0,0,0,0,0,0,9,0,0,0,0,0,0,0,male,ICC Men's T20 World Cup Sub Regional Africa Qualifier,T20,MS Diakite,bowled,Mali,Ghana,2024-09-26,,6
