player_id,match_id,runs_scored,player_out,balls_faced,fours_scored,sixes_scored,catches_taken,run_out_direct,run_out_throw,stumpings_done,dot_balls_as_batsman,order_seenballs_bowled,runs_conceded,wickets_taken,bowled_done,lbw_done,maidens,dot_balls_as_bowler,gender,series_name,match_type,name,out_kind,player_team,opposition_team,start_date,end_date,balls_per_over
8a9320a1,1343741,12,1,16,2,0,0,0,0,0,11,0,13,2,1,1,0,11,male,ICC Men's T20 World Cup Sub Regional Africa Qualifier,T20,TM Macalou,0,Mali,Lesotho,2022-11-17,,6
8a9320a1,1343747,0,0,0,0,0,0,0,1,0,0,0,23,0,0,0,0,13,male,ICC Men's T20 World Cup Sub Regional Africa Qualifier,T20,TM Macalou,0,Mali,Seychelles,2022-11-18,,6
8a9320a1,1343749,12,0,21,2,0,0,0,0,0,16,0,11,0,0,0,0,0,male,ICC Men's T20 World Cup Sub Regional Africa Qualifier,T20,TM Macalou,0,Mali,Kenya,2022-11-20,,6
8a9320a1,1343756,2,1,6,0,0,1,0,0,0,5,0,19,3,0,1,0,7,male,ICC Men's T20 World Cup Sub Regional Africa Qualifier,T20,TM Macalou,0,Mali,Botswana,2022-11-22,,6
8a9320a1,1343763,0,0,8,0,0,0,0,0,0,8,0,13,0,0,0,0,1,male,ICC Men's T20 World Cup Sub Regional Africa Qualifier,T20,TM Macalou,0,Mali,Rwanda,2022-11-24,,6
8a9320a1,1450753,2,1,15,0,0,0,0,0,0,13,0,0,0,0,0,0,0,male,ICC Men's T20 World Cup Sub Regional Africa Qualifier,T20,TM Macalou,0,Mali,Tanzania,2024-09-21,,6
8a9320a1,1450754,2,1,18,0,0,0,0,0,0,16,0,5,0,0,0,0,6,male,ICC Men's T20 World Cup Sub Regional Africa Qualifier,T20,TM Macalou,0,Mali,Cameroon,2024-09-22,,6
8a9320a1,1450759,9,1,34,0,0,0,0,0,0,26,0,12,1,0,0,0,2,male,ICC Men's T20 World Cup Sub Regional Africa Qualifier,T20,TM Macalou,0,Mali,Malawi,2024-09-24,,6
8a9320a1,1450761,14,1,17,2,0,0,0,0,0,10,0,28,2,0,1,0,7,male,ICC Men's T20 World Cup Sub Regional Africa Qualifier,T20,TM Macalou,bowled,Mali,Lesotho,2024-09-25,,6
8a9320a1,1450763,0,1,1,0,0,0,0,0,0,1,0,11,0,0,0,0,1,male,ICC Men's T20 World Cup Sub Regional Africa Qualifier,T20,TM Macalou,bowled,Mali,Ghana,2024-09-26,,6
