player_id,match_id,runs_scored,player_out,balls_faced,fours_scored,sixes_scored,catches_taken,run_out_direct,run_out_throw,stumpings_done,dot_balls_as_batsman,order_seenballs_bowled,runs_conceded,wickets_taken,bowled_done,lbw_done,maidens,dot_balls_as_bowler,gender,series_name,match_type,name,out_kind,player_team,opposition_team,start_date,end_date,balls_per_over
7fcaa9f4,1343763,0,1,1,0,0,0,0,0,0,1,0,0,0,0,0,0,0,male,ICC Men's T20 World Cup Sub Regional Africa Qualifier,T20,Z Makadji,bowled,Mali,Rwanda,2022-11-24,,6
7fcaa9f4,1450753,1,0,1,0,0,0,0,0,0,0,0,0,0,0,0,0,0,male,ICC Men's T20 World Cup Sub Regional Africa Qualifier,T20,Z Makadji,0,Mali,Tanzania,2024-09-21,,6
7fcaa9f4,1450754,1,1,5,0,0,0,0,0,0,4,0,0,0,0,0,0,0,male,ICC Men's T20 World Cup Sub Regional Africa Qualifier,T20,Z Makadji,caught,Mali,Cameroon,2024-09-22,,6
7fcaa9f4,1450759,0,1,4,0,0,0,0,0,0,4,0,0,0,0,0,0,0,male,ICC Men's T20 World Cup Sub Regional Africa Qualifier,T20,Z Makadji,0,Mali,Malawi,2024-09-24,,6
