player_id,match_id,runs_scored,player_out,balls_faced,fours_scored,sixes_scored,catches_taken,run_out_direct,run_out_throw,stumpings_done,dot_balls_as_batsman,order_seenballs_bowled,runs_conceded,wickets_taken,bowled_done,lbw_done,maidens,dot_balls_as_bowler,gender,series_name,match_type,name,out_kind,player_team,opposition_team,start_date,end_date,balls_per_over
3f5f39cd,551062,0,0,0,0,0,1,0,0,0,0,0,16,1,1,0,0,5,male,Bangladesh Premier League,T20,Al-Amin Hossain,0,Barisal Burners,Sylhet Royals,2012-02-19,,6
3f5f39cd,551063,0,0,0,0,0,0,0,0,0,0,0,36,0,0,0,0,5,male,Bangladesh Premier League,T20,Al-Amin Hossain,0,Barisal Burners,Duronto Rajshahi,2012-02-20,,6
3f5f39cd,551066,0,0,0,0,0,0,0,0,0,0,0,32,2,0,0,0,4,male,Bangladesh Premier League,T20,Al-Amin Hossain,0,Barisal Burners,Khulna Royal Bengals,2012-02-22,,6
3f5f39cd,599884,0,0,0,0,0,1,0,0,0,0,0,9,0,0,0,0,3,male,Bangladesh Premier League,T20,Al-Amin Hossain,0,Barisal Burners,Chittagong Kings,2013-01-31,,6
3f5f39cd,599905,0,0,0,0,0,0,0,0,0,0,0,16,1,0,0,0,11,male,Bangladesh Premier League,T20,Al-Amin Hossain,0,Barisal Burners,Rangpur Riders,2013-02-14,,6
3f5f39cd,668951,0,0,1,0,0,0,0,0,0,1,0,62,1,0,0,2,65,male,New Zealand in Bangladesh Test Series,Test,Al-Amin Hossain,0,Bangladesh,New Zealand,2013-10-21,2013-10-22,6
3f5f39cd,668959,5,0,3,1,0,0,0,0,0,1,0,31,2,1,0,0,9,male,,T20,Al-Amin Hossain,0,Bangladesh,New Zealand,2013-11-06,,6
3f5f39cd,690347,38,0,25,1,5,0,0,0,0,15,0,118,1,0,0,3,132,male,Sri Lanka in Bangladesh Test Series,Test,Al-Amin Hossain,0,Bangladesh,Sri Lanka,2014-01-27,2014-01-28,6
3f5f39cd,690349,9,1,22,1,0,0,0,0,0,17,0,118,1,0,0,6,139,male,Sri Lanka in Bangladesh Test Series,Test,Al-Amin Hossain,0,Bangladesh,Sri Lanka,2014-02-04,2014-02-05,6
3f5f39cd,690355,2,0,5,0,0,0,0,0,0,3,0,35,1,0,0,1,34,male,Sri Lanka in Bangladesh ODI Series,ODI,Al-Amin Hossain,0,Bangladesh,Sri Lanka,2014-02-17,,6
3f5f39cd,710305,0,0,0,0,0,0,0,1,0,0,0,52,0,0,0,0,20,male,Asia Cup,ODI,Al-Amin Hossain,0,Bangladesh,Pakistan,2014-03-04,,6
3f5f39cd,710309,0,0,2,0,0,0,0,0,0,2,0,42,2,0,0,2,40,male,Asia Cup,ODI,Al-Amin Hossain,0,Bangladesh,Sri Lanka,2014-03-06,,6
3f5f39cd,682897,0,0,0,0,0,0,0,0,0,0,0,22,0,0,0,0,8,male,World T20,T20,Al-Amin Hossain,0,Bangladesh,Afghanistan,2014-03-16,,6
3f5f39cd,682907,0,0,0,0,0,0,0,0,0,0,0,17,2,0,1,0,21,male,World T20,T20,Al-Amin Hossain,0,Bangladesh,Nepal,2014-03-18,,6
3f5f39cd,682915,1,1,5,0,0,0,0,0,0,4,0,26,1,0,0,0,13,male,World T20,T20,Al-Amin Hossain,0,Bangladesh,Hong Kong,2014-03-20,,6
3f5f39cd,682935,0,0,0,0,0,1,0,0,0,0,0,23,3,0,0,0,12,male,World T20,T20,Al-Amin Hossain,0,Bangladesh,West Indies,2014-03-25,,6
3f5f39cd,682943,0,0,0,0,0,0,0,0,0,0,0,38,1,1,0,0,9,male,World T20,T20,Al-Amin Hossain,0,Bangladesh,India,2014-03-28,,6
3f5f39cd,682949,0,0,0,0,0,0,0,0,0,0,0,37,1,0,0,0,7,male,World T20,T20,Al-Amin Hossain,0,Bangladesh,Pakistan,2014-03-30,,6
3f5f39cd,682957,0,0,0,0,0,0,0,0,0,0,0,31,2,1,0,0,9,male,World T20,T20,Al-Amin Hossain,0,Bangladesh,Australia,2014-04-01,,6
3f5f39cd,744679,1,0,2,0,0,0,0,0,0,1,0,32,0,0,0,0,17,male,India in Bangladesh ODI Series,ODI,Al-Amin Hossain,0,Bangladesh,India,2014-06-15,,6
3f5f39cd,744681,0,1,2,0,0,0,0,1,0,2,0,27,1,1,0,1,25,male,India in Bangladesh ODI Series,ODI,Al-Amin Hossain,bowled,Bangladesh,India,2014-06-17,,6
3f5f39cd,744683,0,0,0,0,0,0,0,0,0,0,0,25,2,0,0,1,25,male,India in Bangladesh ODI Series,ODI,Al-Amin Hossain,0,Bangladesh,India,2014-06-19,,6
3f5f39cd,730287,0,0,0,0,0,1,0,0,0,0,0,52,4,0,0,0,26,male,Bangladesh in West Indies ODI Series,ODI,Al-Amin Hossain,0,Bangladesh,West Indies,2014-08-20,,6
3f5f39cd,730289,0,1,2,0,0,0,0,0,0,2,0,61,2,1,0,1,34,male,Bangladesh in West Indies ODI Series,ODI,Al-Amin Hossain,run out,Bangladesh,West Indies,2014-08-22,,6
3f5f39cd,730291,0,0,0,0,0,0,0,0,0,0,0,59,4,0,0,1,33,male,Bangladesh in West Indies ODI Series,ODI,Al-Amin Hossain,0,Bangladesh,West Indies,2014-08-25,,6
3f5f39cd,730293,0,0,0,0,0,0,0,0,0,0,0,0,0,0,0,0,0,male,,T20,Al-Amin Hossain,0,Bangladesh,West Indies,2014-08-27,,6
3f5f39cd,730295,5,1,29,1,0,0,0,0,0,27,0,63,0,0,0,11,118,male,Bangladesh in West Indies Test Series,Test,Al-Amin Hossain,0,Bangladesh,West Indies,2014-09-05,2014-09-06,6
3f5f39cd,730297,7,0,11,1,0,0,0,0,0,8,0,103,3,0,0,6,164,male,Bangladesh in West Indies Test Series,Test,Al-Amin Hossain,0,Bangladesh,West Indies,2014-09-13,2014-09-14,6
3f5f39cd,760781,9,1,15,2,0,0,0,0,0,12,0,22,0,0,0,2,39,male,Zimbabwe in Bangladesh Test Series,Test,Al-Amin Hossain,0,Bangladesh,Zimbabwe,2014-10-25,2014-10-26,6
3f5f39cd,760787,0,0,0,0,0,0,0,0,0,0,0,25,0,0,0,0,8,male,Zimbabwe in Bangladesh ODI Series,ODI,Al-Amin Hossain,0,Bangladesh,Zimbabwe,2014-11-21,,6
3f5f39cd,760789,0,0,0,0,0,0,0,0,0,0,0,44,1,0,0,0,26,male,Zimbabwe in Bangladesh ODI Series,ODI,Al-Amin Hossain,0,Bangladesh,Zimbabwe,2014-11-23,,6
3f5f39cd,931390,0,0,0,0,0,0,0,0,0,0,0,16,1,0,0,0,25,male,Zimbabwe in Bangladesh ODI Series,ODI,Al-Amin Hossain,0,Bangladesh,Zimbabwe,2015-11-07,,6
3f5f39cd,931392,1,0,7,0,0,0,0,0,0,6,0,22,2,0,0,0,34,male,Zimbabwe in Bangladesh ODI Series,ODI,Al-Amin Hossain,0,Bangladesh,Zimbabwe,2015-11-09,,6
3f5f39cd,931394,0,0,0,0,0,0,0,0,0,0,0,44,1,0,0,0,23,male,Zimbabwe in Bangladesh ODI Series,ODI,Al-Amin Hossain,0,Bangladesh,Zimbabwe,2015-11-11,,6
3f5f39cd,931396,0,0,0,0,0,0,0,0,0,0,0,26,2,1,0,0,14,male,Zimbabwe in Bangladesh T20I Series,T20,Al-Amin Hossain,0,Bangladesh,Zimbabwe,2015-11-13,,6
3f5f39cd,931398,1,0,2,0,0,0,0,0,0,1,0,20,3,1,0,0,13,male,Zimbabwe in Bangladesh T20I Series,T20,Al-Amin Hossain,0,Bangladesh,Zimbabwe,2015-11-15,,6
3f5f39cd,935289,2,0,1,0,0,0,0,0,0,0,0,39,0,0,0,0,6,male,Bangladesh Premier League,T20,Al-Amin Hossain,0,Barisal Bulls,Rangpur Riders,2015-11-23,,6
3f5f39cd,935293,3,1,7,0,0,0,0,0,0,5,0,37,5,2,0,0,10,male,Bangladesh Premier League,T20,Al-Amin Hossain,bowled,Barisal Bulls,Sylhet Super Stars,2015-11-24,,6
3f5f39cd,935297,0,0,6,0,0,0,0,0,0,6,0,29,1,0,0,0,10,male,Bangladesh Premier League,T20,Al-Amin Hossain,0,Barisal Bulls,Comilla Victorians,2015-11-25,,6
3f5f39cd,935307,0,0,0,0,0,0,1,0,0,0,0,35,2,0,0,0,12,male,Bangladesh Premier League,T20,Al-Amin Hossain,0,Barisal Bulls,Chittagong Vikings,2015-11-30,,6
3f5f39cd,935313,0,0,0,0,0,0,0,0,0,0,0,40,0,0,0,0,6,male,Bangladesh Premier League,T20,Al-Amin Hossain,0,Barisal Bulls,Dhaka Dynamites,2015-12-01,,6
3f5f39cd,935319,0,0,0,0,0,0,0,0,0,0,0,32,3,0,0,0,12,male,Bangladesh Premier League,T20,Al-Amin Hossain,0,Barisal Bulls,Rangpur Riders,2015-12-03,,6
3f5f39cd,935323,1,0,2,0,0,0,0,0,0,1,0,22,0,0,0,0,11,male,Bangladesh Premier League,T20,Al-Amin Hossain,0,Barisal Bulls,Sylhet Super Stars,2015-12-06,,6
3f5f39cd,935327,0,0,0,0,0,0,0,0,0,0,0,11,1,0,0,0,10,male,Bangladesh Premier League,T20,Al-Amin Hossain,0,Barisal Bulls,Comilla Victorians,2015-12-07,,6
3f5f39cd,935337,0,0,0,0,0,0,0,0,0,0,0,33,1,0,0,0,14,male,Bangladesh Premier League,T20,Al-Amin Hossain,0,Barisal Bulls,Chittagong Vikings,2015-12-09,,6
3f5f39cd,935341,0,0,0,0,0,0,0,0,0,0,0,42,0,0,0,0,5,male,Bangladesh Premier League,T20,Al-Amin Hossain,0,Barisal Bulls,Dhaka Dynamites,2015-12-10,,6
3f5f39cd,935345,0,0,0,0,0,0,0,0,0,0,0,16,3,0,0,0,15,male,Bangladesh Premier League,T20,Al-Amin Hossain,0,Barisal Bulls,Dhaka Dynamites,2015-12-12,,6
3f5f39cd,935347,0,0,0,0,0,0,0,0,0,0,0,30,1,1,0,0,11,male,Bangladesh Premier League,T20,Al-Amin Hossain,0,Barisal Bulls,Rangpur Riders,2015-12-13,,6
3f5f39cd,935349,0,0,0,0,0,0,0,0,0,0,0,30,0,0,0,0,3,male,Bangladesh Premier League,T20,Al-Amin Hossain,0,Barisal Bulls,Comilla Victorians,2015-12-15,,6
3f5f39cd,958415,0,0,0,0,0,0,0,0,0,0,0,24,2,1,0,0,12,male,Walton T20 Cricket Series,T20,Al-Amin Hossain,0,Bangladesh,Zimbabwe,2016-01-15,,6
3f5f39cd,958417,0,0,0,0,0,0,0,0,0,0,0,23,1,0,0,0,9,male,Walton T20 Cricket Series,T20,Al-Amin Hossain,0,Bangladesh,Zimbabwe,2016-01-17,,6
3f5f39cd,966745,0,0,0,0,0,0,0,0,0,0,0,37,3,1,0,0,11,male,Asia Cup,T20,Al-Amin Hossain,0,Bangladesh,India,2016-02-24,,6
3f5f39cd,966749,0,0,0,0,0,0,0,0,0,0,0,8,1,0,0,0,9,male,Asia Cup,T20,Al-Amin Hossain,0,Bangladesh,United Arab Emirates,2016-02-26,,6
3f5f39cd,966753,0,0,0,0,0,0,0,0,0,0,0,34,3,0,0,0,10,male,Asia Cup,T20,Al-Amin Hossain,0,Bangladesh,Sri Lanka,2016-02-28,,6
3f5f39cd,966759,0,0,0,0,0,0,0,0,0,0,0,25,3,0,0,0,12,male,Asia Cup,T20,Al-Amin Hossain,0,Bangladesh,Pakistan,2016-03-02,,6
3f5f39cd,966765,0,0,0,0,0,0,0,0,0,0,0,30,1,0,0,0,6,male,Asia Cup,T20,Al-Amin Hossain,0,Bangladesh,India,2016-03-06,,6
3f5f39cd,951309,0,0,0,0,0,0,0,0,0,0,0,24,2,0,0,0,10,male,World T20,T20,Al-Amin Hossain,0,Bangladesh,Netherlands,2016-03-09,,6
3f5f39cd,951319,0,0,0,0,0,0,0,0,0,0,0,0,0,0,0,0,0,male,World T20,T20,Al-Amin Hossain,0,Bangladesh,Ireland,2016-03-11,,6
3f5f39cd,951327,0,0,0,0,0,0,0,0,0,0,0,10,1,0,0,0,8,male,World T20,T20,Al-Amin Hossain,0,Bangladesh,Oman,2016-03-13,,6
3f5f39cd,951333,0,0,0,0,0,0,0,0,0,0,0,43,0,0,0,0,3,male,World T20,T20,Al-Amin Hossain,0,Bangladesh,Pakistan,2016-03-16,,6
3f5f39cd,951347,0,0,0,0,0,0,0,0,0,0,0,14,1,1,0,0,5,male,World T20,T20,Al-Amin Hossain,0,Bangladesh,Australia,2016-03-21,,6
3f5f39cd,951353,0,0,0,0,0,1,0,0,0,0,0,38,2,0,0,0,10,male,World T20,T20,Al-Amin Hossain,0,Bangladesh,India,2016-03-23,,6
3f5f39cd,951359,0,1,2,0,0,0,0,0,0,2,0,32,2,1,0,0,13,male,World T20,T20,Al-Amin Hossain,bowled,Bangladesh,New Zealand,2016-03-26,,6
3f5f39cd,1063053,0,0,0,0,0,0,0,0,0,0,0,36,0,0,0,0,13,male,Bangladesh Premier League,T20,Al-Amin Hossain,0,Barisal Bulls,Dhaka Dynamites,2016-11-08,,6
3f5f39cd,1063057,0,0,0,0,0,1,0,0,0,0,0,28,1,0,0,0,13,male,Bangladesh Premier League,T20,Al-Amin Hossain,0,Barisal Bulls,Comilla Victorians,2016-11-11,,6
3f5f39cd,1063061,0,0,0,0,0,0,0,0,0,0,0,36,3,0,1,0,9,male,Bangladesh Premier League,T20,Al-Amin Hossain,0,Barisal Bulls,Rajshahi Kings,2016-11-13,,6
3f5f39cd,1063049,0,0,0,0,0,0,0,0,0,0,0,35,1,0,0,0,12,male,Bangladesh Premier League,T20,Al-Amin Hossain,0,Barisal Bulls,Chittagong Vikings,2016-11-14,,6
3f5f39cd,1063064,0,1,1,0,0,0,0,0,0,1,0,38,0,0,0,0,3,male,Bangladesh Premier League,T20,Al-Amin Hossain,run out,Barisal Bulls,Rangpur Riders,2016-11-17,,6
3f5f39cd,1121247,0,0,0,0,0,0,0,0,0,0,0,27,0,0,0,0,6,male,Bangladesh Premier League,T20,Al-Amin Hossain,0,Comilla Victorians,Sylhet Sixers,2017-11-05,,6
3f5f39cd,1121249,0,0,0,0,0,0,0,0,0,0,0,29,1,1,0,0,6,male,Bangladesh Premier League,T20,Al-Amin Hossain,0,Comilla Victorians,Chittagong Vikings,2017-11-07,,6
3f5f39cd,1121256,0,0,0,0,0,0,0,0,0,0,0,24,1,0,0,0,4,male,Bangladesh Premier League,T20,Al-Amin Hossain,0,Comilla Victorians,Rajshahi Kings,2017-11-12,,6
3f5f39cd,1121258,0,0,0,0,0,1,0,0,0,0,0,23,0,0,0,0,5,male,Bangladesh Premier League,T20,Al-Amin Hossain,0,Comilla Victorians,Chittagong Vikings,2017-11-14,,6
3f5f39cd,1121264,0,0,0,0,0,0,0,0,0,0,0,34,1,0,0,0,6,male,Bangladesh Premier League,T20,Al-Amin Hossain,0,Comilla Victorians,Rangpur Riders,2017-11-18,,6
3f5f39cd,1121265,0,0,0,0,0,0,0,0,0,0,0,12,0,0,0,0,2,male,Bangladesh Premier League,T20,Al-Amin Hossain,0,Comilla Victorians,Dhaka Dynamites,2017-11-20,,6
3f5f39cd,1121271,1,0,3,0,0,0,0,0,0,2,0,34,1,0,0,0,10,male,Bangladesh Premier League,T20,Al-Amin Hossain,0,Comilla Victorians,Rajshahi Kings,2017-11-25,,6
3f5f39cd,1121276,0,0,0,0,0,0,0,0,0,0,0,20,3,0,0,0,13,male,Bangladesh Premier League,T20,Al-Amin Hossain,0,Comilla Victorians,Khulna Titans,2017-11-28,,6
3f5f39cd,1121278,0,0,0,0,0,0,0,0,0,0,0,26,0,0,0,0,7,male,Bangladesh Premier League,T20,Al-Amin Hossain,0,Comilla Victorians,Dhaka Dynamites,2017-11-29,,6
3f5f39cd,1121279,0,0,0,0,0,0,0,0,0,0,0,20,1,1,0,1,8,male,Bangladesh Premier League,T20,Al-Amin Hossain,0,Comilla Victorians,Rangpur Riders,2017-12-02,,6
3f5f39cd,1121283,0,0,0,0,0,0,0,0,0,0,0,52,3,1,0,0,7,male,Bangladesh Premier League,T20,Al-Amin Hossain,0,Comilla Victorians,Khulna Titans,2017-12-05,,6
3f5f39cd,1121286,0,0,0,0,0,0,0,0,0,0,0,27,0,0,0,0,13,male,Bangladesh Premier League,T20,Al-Amin Hossain,0,Comilla Victorians,Sylhet Sixers,2017-12-06,,6
3f5f39cd,1121288,0,1,8,0,0,0,0,0,0,8,0,22,0,0,0,0,4,male,Bangladesh Premier League,T20,Al-Amin Hossain,caught,Comilla Victorians,Dhaka Dynamites,2017-12-08,,6
3f5f39cd,1121289,0,1,1,0,0,0,0,0,0,1,0,43,0,0,0,0,8,male,Bangladesh Premier League,T20,Al-Amin Hossain,0,Comilla Victorians,Rangpur Riders,2017-12-10,2017-12-11,6
3f5f39cd,1169381,1,0,2,0,0,0,0,0,0,1,0,29,2,0,0,0,9,male,Bangladesh Premier League,T20,Al-Amin Hossain,0,Sylhet Sixers,Comilla Victorians,2019-01-06,,6
3f5f39cd,1169385,0,0,0,0,0,0,0,0,0,0,0,57,0,0,0,0,9,male,Bangladesh Premier League,T20,Al-Amin Hossain,0,Sylhet Sixers,Chittagong Vikings,2019-01-09,,6
3f5f39cd,1169390,1,0,2,0,0,0,0,0,0,1,0,26,1,0,0,0,8,male,Bangladesh Premier League,T20,Al-Amin Hossain,0,Sylhet Sixers,Dhaka Dynamites,2019-01-12,,6
3f5f39cd,1169394,5,1,3,1,0,0,0,0,0,1,0,11,0,0,0,0,2,male,Bangladesh Premier League,T20,Al-Amin Hossain,bowled,Sylhet Sixers,Comilla Victorians,2019-01-15,,6
3f5f39cd,1169397,0,0,0,0,0,0,0,0,0,0,0,34,0,0,0,0,7,male,Bangladesh Premier League,T20,Al-Amin Hossain,0,Sylhet Sixers,Dhaka Dynamites,2019-01-18,,6
3f5f39cd,1187013,0,0,0,0,0,0,0,0,0,0,0,30,0,0,0,0,10,male,Bangladesh tour of India,T20,Al-Amin Hossain,0,Bangladesh,India,2019-11-03,,6
3f5f39cd,1187014,0,0,0,0,0,0,0,0,0,0,0,32,0,0,0,0,8,male,Bangladesh tour of India,T20,Al-Amin Hossain,0,Bangladesh,India,2019-11-07,,6
3f5f39cd,1187015,0,0,0,0,0,0,0,0,0,0,0,22,1,0,0,0,9,male,Bangladesh tour of India,T20,Al-Amin Hossain,0,Bangladesh,India,2019-11-10,,6
3f5f39cd,1187017,22,1,24,5,0,0,0,0,0,17,0,86,3,0,2,4,102,male,Bangladesh in India Test Series,Test,Al-Amin Hossain,0,Bangladesh,India,2019-11-22,2019-11-23,6
3f5f39cd,1208068,0,0,0,0,0,0,0,0,0,0,0,14,3,2,0,0,10,male,Bangladesh Premier League,T20,Al-Amin Hossain,0,Cumilla Warriors,Rangpur Rangers,2019-12-11,,6
3f5f39cd,1208072,2,0,2,0,0,1,0,0,0,0,0,33,0,0,0,0,12,male,Bangladesh Premier League,T20,Al-Amin Hossain,0,Cumilla Warriors,Dhaka Platoon,2019-12-13,,6
3f5f39cd,1208077,0,0,0,0,0,1,0,1,0,0,0,45,1,0,0,0,6,male,Bangladesh Premier League,T20,Al-Amin Hossain,0,Cumilla Warriors,Rangpur Rangers,2019-12-18,,6
3f5f39cd,1208080,0,0,0,0,0,0,0,0,0,0,0,28,0,0,0,0,6,male,Bangladesh Premier League,T20,Al-Amin Hossain,0,Cumilla Warriors,Chattogram Challengers,2019-12-20,,6
3f5f39cd,1208083,0,0,0,0,0,0,0,0,0,0,0,30,1,0,0,0,10,male,Bangladesh Premier League,T20,Al-Amin Hossain,0,Cumilla Warriors,Dhaka Platoon,2019-12-23,,6
3f5f39cd,1208086,0,0,0,0,0,0,0,0,0,0,0,49,2,0,0,0,7,male,Bangladesh Premier League,T20,Al-Amin Hossain,0,Cumilla Warriors,Rajshahi Royals,2019-12-24,,6
3f5f39cd,1208089,0,0,0,0,0,0,0,0,0,0,0,50,0,0,0,0,9,male,Bangladesh Premier League,T20,Al-Amin Hossain,0,Cumilla Warriors,Rajshahi Royals,2019-12-28,,6
3f5f39cd,1208093,0,0,0,0,0,0,0,0,0,0,0,43,1,0,0,0,9,male,Bangladesh Premier League,T20,Al-Amin Hossain,0,Cumilla Warriors,Chattogram Challengers,2019-12-31,,6
3f5f39cd,1208096,0,0,0,0,0,0,0,0,0,0,0,30,2,0,0,0,13,male,Bangladesh Premier League,T20,Al-Amin Hossain,0,Cumilla Warriors,Sylhet Thunder,2020-01-02,,6
3f5f39cd,1208101,0,0,0,0,0,0,0,0,0,0,0,31,2,0,0,0,7,male,Bangladesh Premier League,T20,Al-Amin Hossain,0,Cumilla Warriors,Sylhet Thunder,2020-01-07,,6
3f5f39cd,1208103,0,1,2,0,0,0,0,0,0,2,0,45,0,0,0,0,4,male,Bangladesh Premier League,T20,Al-Amin Hossain,0,Cumilla Warriors,Khulna Tigers,2020-01-08,,6
3f5f39cd,1213058,0,0,0,0,0,0,0,0,0,0,0,18,1,1,0,0,11,male,Bangladesh tour of Pakistan,T20,Al-Amin Hossain,0,Bangladesh,Pakistan,2020-01-24,,6
3f5f39cd,1213059,0,0,0,0,0,0,0,0,0,0,0,17,0,0,0,0,10,male,Bangladesh tour of Pakistan,T20,Al-Amin Hossain,0,Bangladesh,Pakistan,2020-01-25,,6
3f5f39cd,1214668,0,0,0,0,0,0,0,0,0,0,0,85,1,0,0,0,29,male,Zimbabwe tour of Bangladesh,ODI,Al-Amin Hossain,0,Bangladesh,Zimbabwe,2020-03-03,,6
3f5f39cd,1214671,0,0,0,0,0,1,0,0,0,0,0,23,2,0,0,0,8,male,Zimbabwe tour of Bangladesh,T20,Al-Amin Hossain,0,Bangladesh,Zimbabwe,2020-03-11,,6
3f5f39cd,1291196,0,0,0,0,0,0,0,0,0,0,0,36,2,0,0,0,9,male,Lanka Premier League,T20,Al-Amin Hossain,0,Kandy Warriors,Dambulla Giants,2021-12-06,,6
3f5f39cd,1291199,0,0,0,0,0,0,0,0,0,0,0,17,0,0,0,0,2,male,Lanka Premier League,T20,Al-Amin Hossain,0,Kandy Warriors,Galle Gladiators,2021-12-07,,6
3f5f39cd,1291201,0,0,0,0,0,0,0,0,0,0,0,32,1,0,0,0,10,male,Lanka Premier League,T20,Al-Amin Hossain,0,Kandy Warriors,Jaffna Kings,2021-12-08,,6
3f5f39cd,1291204,0,0,0,0,0,0,0,0,0,0,0,21,0,0,0,0,3,male,Lanka Premier League,T20,Al-Amin Hossain,0,Kandy Warriors,Galle Gladiators,2021-12-11,,6
3f5f39cd,1291212,0,0,0,0,0,0,0,0,0,0,0,32,3,0,0,0,12,male,Lanka Premier League,T20,Al-Amin Hossain,0,Kandy Warriors,Dambulla Giants,2021-12-16,,6
3f5f39cd,1291214,0,1,2,0,0,0,0,0,0,2,0,40,1,1,0,0,3,male,Lanka Premier League,T20,Al-Amin Hossain,caught,Kandy Warriors,Colombo Stars,2021-12-17,,6
3f5f39cd,1351054,0,0,0,0,0,1,0,0,0,0,0,29,4,0,0,0,12,male,Bangladesh Premier League,T20,Al-Amin Hossain,0,Dhaka Dominators,Khulna Tigers,2023-01-07,,6
3f5f39cd,1351059,6,1,13,1,0,0,0,1,0,10,0,46,3,0,0,0,13,male,Bangladesh Premier League,T20,Al-Amin Hossain,caught,Dhaka Dominators,Sylhet Strikers,2023-01-10,,6
3f5f39cd,1351063,0,0,0,0,0,0,0,0,0,0,0,42,0,0,0,0,4,male,Bangladesh Premier League,T20,Al-Amin Hossain,0,Dhaka Dominators,Chattogram Challengers,2023-01-14,,6
3f5f39cd,1351064,0,0,0,0,0,1,0,0,0,0,0,25,0,0,0,0,5,male,Bangladesh Premier League,T20,Al-Amin Hossain,0,Dhaka Dominators,Sylhet Strikers,2023-01-16,,6
3f5f39cd,1351073,14,0,16,2,0,0,0,0,0,10,0,33,1,1,0,1,12,male,Bangladesh Premier League,T20,Al-Amin Hossain,0,Dhaka Dominators,Comilla Victorians,2023-01-23,,6
3f5f39cd,1351075,10,0,11,1,0,0,0,0,0,4,0,17,2,1,0,0,7,male,Bangladesh Premier League,T20,Al-Amin Hossain,0,Dhaka Dominators,Khulna Tigers,2023-01-24,,6
3f5f39cd,1351080,0,0,0,0,0,0,0,0,0,0,0,24,1,0,1,0,11,male,Bangladesh Premier League,T20,Al-Amin Hossain,0,Dhaka Dominators,Rangpur Riders,2023-01-30,,6
3f5f39cd,1351088,3,0,4,0,0,1,0,0,0,1,0,22,1,0,0,0,9,male,Bangladesh Premier League,T20,Al-Amin Hossain,0,Dhaka Dominators,Chattogram Challengers,2023-02-07,,6
3f5f39cd,1412275,0,0,0,0,0,0,0,0,0,0,0,35,0,0,0,0,9,male,Bangladesh Premier League,T20,Al-Amin Hossain,0,Chattogram Challengers,Sylhet Strikers,2024-01-19,,6
3f5f39cd,1412277,1,0,1,0,0,0,0,0,0,0,0,27,2,1,0,0,11,male,Bangladesh Premier League,T20,Al-Amin Hossain,0,Chattogram Challengers,Khulna Tigers,2024-01-20,,6
3f5f39cd,1412278,0,0,0,0,0,0,0,1,0,0,0,16,3,0,0,0,16,male,Bangladesh Premier League,T20,Al-Amin Hossain,0,Chattogram Challengers,Durdanto Dhaka,2024-01-22,,6
3f5f39cd,1412284,0,0,0,0,0,0,0,0,0,0,0,45,1,0,0,0,10,male,Bangladesh Premier League,T20,Al-Amin Hossain,0,Chattogram Challengers,Fortune Barishal,2024-01-27,,6
3f5f39cd,1412286,0,0,0,0,0,0,0,0,0,0,0,21,0,0,0,0,13,male,Bangladesh Premier League,T20,Al-Amin Hossain,0,Chattogram Challengers,Sylhet Strikers,2024-01-29,,6
3f5f39cd,1412291,0,1,6,0,0,0,0,0,0,6,0,20,1,0,0,0,15,male,Bangladesh Premier League,T20,Al-Amin Hossain,0,Chattogram Challengers,Comilla Victorians,2024-02-02,,6
3f5f39cd,1412295,0,0,0,0,0,0,0,0,0,0,0,31,2,1,0,0,16,male,Bangladesh Premier League,T20,Al-Amin Hossain,0,Chattogram Challengers,Fortune Barishal,2024-02-06,,6
3f5f39cd,1412300,0,0,0,0,0,0,0,0,0,0,0,41,0,0,0,0,11,male,Bangladesh Premier League,T20,Al-Amin Hossain,0,Chattogram Challengers,Rangpur Riders,2024-02-10,,6
3f5f39cd,1412302,0,1,1,0,0,0,0,0,0,1,0,70,0,0,0,0,4,male,Bangladesh Premier League,T20,Al-Amin Hossain,0,Chattogram Challengers,Comilla Victorians,2024-02-13,,6
3f5f39cd,1412316,1,1,1,0,0,0,0,0,0,0,0,20,0,0,0,0,10,male,Bangladesh Premier League,T20,Al-Amin Hossain,0,Chattogram Challengers,Fortune Barishal,2024-02-26,,6
