player_id,match_id,runs_scored,player_out,balls_faced,fours_scored,sixes_scored,catches_taken,run_out_direct,run_out_throw,stumpings_done,dot_balls_as_batsman,order_seenballs_bowled,runs_conceded,wickets_taken,bowled_done,lbw_done,maidens,dot_balls_as_bowler,gender,series_name,match_type,name,out_kind,player_team,opposition_team,start_date,end_date,balls_per_over
1494a583,323949,15,0,33,0,0,0,0,0,0,19,0,0,0,0,0,0,0,male,South Africa in Bangladesh ODI Series,ODI,Dhiman Ghosh,0,Bangladesh,South Africa,2008-03-09,,6
1494a583,323950,0,1,6,0,0,0,0,0,0,6,0,0,0,0,0,0,0,male,South Africa in Bangladesh ODI Series,ODI,Dhiman Ghosh,run out,Bangladesh,South Africa,2008-03-12,,6
1494a583,323951,3,1,14,0,0,0,0,0,0,11,0,0,0,0,0,0,0,male,South Africa in Bangladesh ODI Series,ODI,Dhiman Ghosh,0,Bangladesh,South Africa,2008-03-14,,6
1494a583,343759,0,1,1,0,0,4,0,0,0,1,0,0,0,0,0,0,0,male,Bangladesh in Pakistan ODI Series,ODI,Dhiman Ghosh,0,Bangladesh,Pakistan,2008-04-08,,6
1494a583,343760,27,1,45,1,0,0,0,0,0,23,0,0,0,0,0,0,0,male,Bangladesh in Pakistan ODI Series,ODI,Dhiman Ghosh,caught,Bangladesh,Pakistan,2008-04-11,,6
1494a583,343761,18,0,12,2,0,1,0,1,1,4,0,0,0,0,0,0,0,male,Bangladesh in Pakistan ODI Series,ODI,Dhiman Ghosh,0,Bangladesh,Pakistan,2008-04-13,,6
1494a583,343762,0,1,4,0,0,0,0,0,0,4,0,0,0,0,0,0,0,male,Bangladesh in Pakistan ODI Series,ODI,Dhiman Ghosh,0,Bangladesh,Pakistan,2008-04-16,,6
1494a583,343763,29,1,40,5,0,0,0,0,1,29,0,0,0,0,0,0,0,male,Bangladesh in Pakistan ODI Series,ODI,Dhiman Ghosh,bowled,Bangladesh,Pakistan,2008-04-19,,6
1494a583,343764,1,0,2,0,0,0,0,0,1,1,0,0,0,0,0,0,0,male,,T20,Dhiman Ghosh,0,Bangladesh,Pakistan,2008-04-20,,6
1494a583,336201,1,1,8,0,0,1,0,0,0,7,0,0,0,0,0,0,0,male,Bangladesh in Australia ODI Series,ODI,Dhiman Ghosh,caught,Bangladesh,Australia,2008-08-30,,6
1494a583,336202,30,1,38,1,1,0,0,0,1,19,0,0,0,0,0,0,0,male,Bangladesh in Australia ODI Series,ODI,Dhiman Ghosh,0,Bangladesh,Australia,2008-09-03,,6
1494a583,336204,1,1,4,0,0,0,0,1,0,3,0,0,0,0,0,0,0,male,Bangladesh in Australia ODI Series,ODI,Dhiman Ghosh,lbw,Bangladesh,Australia,2008-09-06,,6
1494a583,551067,11,1,12,1,0,0,0,0,0,4,0,0,0,0,0,0,0,male,Bangladesh Premier League,T20,Dhiman Ghosh,0,Dhaka Gladiators,Chittagong Kings,2012-02-24,,6
1494a583,551077,0,0,0,0,0,3,0,0,0,0,0,0,0,0,0,0,0,male,Bangladesh Premier League,T20,Dhiman Ghosh,0,Dhaka Gladiators,Barisal Burners,2012-02-29,,6
1494a583,599892,36,0,28,1,1,0,0,0,1,4,0,0,0,0,0,0,0,male,Bangladesh Premier League,T20,Dhiman Ghosh,0,Rangpur Riders,Dhaka Gladiators,2013-02-05,,6
1494a583,599894,0,0,0,0,0,0,0,0,0,0,0,0,0,0,0,0,0,male,Bangladesh Premier League,T20,Dhiman Ghosh,0,Rangpur Riders,Sylhet Royals,2013-02-07,,6
1494a583,599897,0,0,0,0,0,0,0,0,1,0,0,0,0,0,0,0,0,male,Bangladesh Premier League,T20,Dhiman Ghosh,0,Rangpur Riders,Chittagong Kings,2013-02-09,,6
1494a583,599900,4,1,3,0,0,0,0,0,0,0,0,0,0,0,0,0,0,male,Bangladesh Premier League,T20,Dhiman Ghosh,0,Rangpur Riders,Duronto Rajshahi,2013-02-11,,6
1494a583,599905,4,1,8,0,0,1,0,0,0,6,0,0,0,0,0,0,0,male,Bangladesh Premier League,T20,Dhiman Ghosh,0,Rangpur Riders,Barisal Burners,2013-02-14,,6
1494a583,935297,0,0,0,0,0,3,0,0,0,0,0,0,0,0,0,0,0,male,Bangladesh Premier League,T20,Dhiman Ghosh,0,Comilla Victorians,Barisal Bulls,2015-11-25,,6
1494a583,935303,0,0,0,0,0,0,0,0,0,0,0,0,0,0,0,0,0,male,Bangladesh Premier League,T20,Dhiman Ghosh,0,Comilla Victorians,Rangpur Riders,2015-11-27,,6
1494a583,935333,2,1,7,0,0,0,0,0,0,5,0,0,0,0,0,0,0,male,Bangladesh Premier League,T20,Dhiman Ghosh,bowled,Comilla Victorians,Rangpur Riders,2015-12-08,,6
1494a583,1121257,2,1,9,0,0,1,0,0,0,7,0,0,0,0,0,0,0,male,Bangladesh Premier League,T20,Dhiman Ghosh,0,Khulna Titans,Dhaka Dynamites,2017-11-14,,6
1494a583,1121262,4,1,7,0,0,1,0,0,0,3,0,0,0,0,0,0,0,male,Bangladesh Premier League,T20,Dhiman Ghosh,bowled,Khulna Titans,Chittagong Vikings,2017-11-17,,6
