player_id,match_id,runs_scored,player_out,balls_faced,fours_scored,sixes_scored,catches_taken,run_out_direct,run_out_throw,stumpings_done,dot_balls_as_batsman,order_seenballs_bowled,runs_conceded,wickets_taken,bowled_done,lbw_done,maidens,dot_balls_as_bowler,gender,series_name,match_type,name,out_kind,player_team,opposition_team,start_date,end_date,balls_per_over
cb5100f1,1121285,0,0,0,0,0,0,0,0,0,0,0,38,2,0,0,0,9,male,Bangladesh Premier League,T20,Ebadat Hossain,0,Rangpur Riders,Dhaka Dynamites,2017-12-06,,6
cb5100f1,1169407,0,0,0,0,0,0,0,0,0,0,0,19,0,0,0,0,9,male,Bangladesh Premier League,T20,Ebadat Hossain,0,Sylhet Sixers,Rajshahi Kings,2019-01-25,,6
cb5100f1,1169409,0,0,0,0,0,0,0,0,0,0,0,33,1,0,0,0,5,male,Bangladesh Premier League,T20,Ebadat Hossain,0,Sylhet Sixers,Khulna Titans,2019-01-26,,6
cb5100f1,1169416,0,0,0,0,0,1,0,0,0,0,0,31,0,0,0,0,8,male,Bangladesh Premier League,T20,Ebadat Hossain,0,Sylhet Sixers,Rajshahi Kings,2019-01-30,,6
cb5100f1,1169418,0,0,0,0,0,0,0,0,0,0,0,17,4,1,0,0,15,male,Bangladesh Premier League,T20,Ebadat Hossain,0,Sylhet Sixers,Chittagong Vikings,2019-02-01,,6
cb5100f1,1153847,0,1,4,0,0,0,0,0,0,4,0,108,1,0,0,4,116,male,Bangladesh tour of New Zealand,Test,Ebadat Hossain,0,Bangladesh,New Zealand,2019-02-28,2019-03-01,6
cb5100f1,1153848,0,1,3,0,0,0,0,0,0,3,0,85,0,0,0,2,60,male,Bangladesh tour of New Zealand,Test,Ebadat Hossain,0,Bangladesh,New Zealand,2019-03-08,2019-03-09,6
cb5100f1,1187016,3,2,8,0,0,0,0,0,0,6,0,116,1,1,0,5,136,male,Bangladesh in India Test Series,Test,Ebadat Hossain,0,Bangladesh,India,2019-11-14,2019-11-15,6
cb5100f1,1187017,1,2,11,0,0,1,0,0,0,10,0,104,3,0,1,3,97,male,Bangladesh in India Test Series,Test,Ebadat Hossain,caught,Bangladesh,India,2019-11-22,2019-11-23,6
cb5100f1,1208067,0,0,0,0,0,0,0,0,0,0,0,33,1,0,0,0,10,male,Bangladesh Premier League,T20,Ebadat Hossain,0,Sylhet Thunder,Chattogram Challengers,2019-12-11,,6
cb5100f1,1208071,1,1,2,0,0,0,0,0,0,1,0,20,0,0,0,0,5,male,Bangladesh Premier League,T20,Ebadat Hossain,run out,Sylhet Thunder,Rajshahi Royals,2019-12-13,,6
cb5100f1,1208074,0,0,0,0,0,0,0,0,0,0,0,39,1,0,0,0,11,male,Bangladesh Premier League,T20,Ebadat Hossain,0,Sylhet Thunder,Dhaka Platoon,2019-12-14,,6
cb5100f1,1208076,0,0,0,0,0,0,0,0,0,0,0,32,1,1,0,0,15,male,Bangladesh Premier League,T20,Ebadat Hossain,0,Sylhet Thunder,Chattogram Challengers,2019-12-17,,6
cb5100f1,1208081,0,0,0,0,0,0,0,0,0,0,0,19,2,0,0,0,13,male,Bangladesh Premier League,T20,Ebadat Hossain,0,Sylhet Thunder,Khulna Tigers,2019-12-21,,6
cb5100f1,1208085,0,0,0,0,0,0,0,0,0,0,0,24,1,1,0,0,10,male,Bangladesh Premier League,T20,Ebadat Hossain,0,Sylhet Thunder,Dhaka Platoon,2019-12-24,,6
cb5100f1,1208090,0,0,0,0,0,0,0,0,0,0,0,21,1,0,0,0,12,male,Bangladesh Premier League,T20,Ebadat Hossain,0,Sylhet Thunder,Khulna Tigers,2019-12-28,,6
cb5100f1,1208091,0,0,0,0,0,0,0,0,0,0,0,12,1,1,0,0,15,male,Bangladesh Premier League,T20,Ebadat Hossain,0,Sylhet Thunder,Rangpur Rangers,2019-12-30,,6
cb5100f1,1208096,3,0,2,0,0,0,0,0,0,0,0,33,3,0,1,0,10,male,Bangladesh Premier League,T20,Ebadat Hossain,0,Sylhet Thunder,Cumilla Warriors,2020-01-02,,6
cb5100f1,1208098,0,0,0,0,0,0,0,0,0,0,0,30,2,1,0,0,10,male,Bangladesh Premier League,T20,Ebadat Hossain,0,Sylhet Thunder,Rangpur Rangers,2020-01-03,,6
cb5100f1,1208100,0,0,0,0,0,0,0,0,0,0,0,32,0,0,0,0,11,male,Bangladesh Premier League,T20,Ebadat Hossain,0,Sylhet Thunder,Rajshahi Royals,2020-01-04,,6
cb5100f1,1208101,0,0,0,0,0,0,0,0,0,0,0,27,1,0,0,0,13,male,Bangladesh Premier League,T20,Ebadat Hossain,0,Sylhet Thunder,Cumilla Warriors,2020-01-07,,6
cb5100f1,1213062,0,0,9,0,0,0,0,0,0,9,0,100,1,0,0,4,102,male,Bangladesh in Pakistan Test Series,Test,Ebadat Hossain,0,Bangladesh,Pakistan,2020-02-07,2020-02-08,6
cb5100f1,1214666,0,0,0,0,0,0,0,0,0,0,0,44,0,0,0,8,116,male,Zimbabwe tour of Bangladesh,Test,Ebadat Hossain,0,Bangladesh,Zimbabwe,2020-02-22,2020-02-23,6
cb5100f1,1255828,0,0,0,0,0,0,0,0,0,0,0,103,1,0,0,1,85,male,Sri Lanka v Bangladesh,Test,Ebadat Hossain,0,Bangladesh,Sri Lanka,2021-04-21,2021-04-22,6
cb5100f1,1267676,0,1,8,0,0,0,0,0,0,8,0,103,1,0,0,10,155,male,Bangladesh tour of Zimbabwe,Test,Ebadat Hossain,0,Bangladesh,Zimbabwe,2021-07-07,2021-07-08,6
cb5100f1,1277977,0,1,2,0,0,0,0,0,0,2,0,78,2,1,1,9,165,male,Pakistan tour of Bangladesh,Test,Ebadat Hossain,0,Bangladesh,Pakistan,2021-11-26,2021-11-27,6
cb5100f1,1277978,0,0,19,0,0,0,0,0,0,19,0,88,1,0,0,3,98,male,Pakistan tour of Bangladesh,Test,Ebadat Hossain,0,Bangladesh,Pakistan,2021-12-04,2021-12-05,6
cb5100f1,1288979,0,0,0,0,0,0,0,0,0,0,0,124,7,4,1,8,188,male,Bangladesh tour of New Zealand,Test,Ebadat Hossain,0,Bangladesh,New Zealand,2022-01-01,2022-01-02,6
cb5100f1,1288980,4,1,8,1,0,0,0,0,0,7,0,144,2,0,0,3,119,male,Bangladesh tour of New Zealand,Test,Ebadat Hossain,0,Bangladesh,New Zealand,2022-01-09,2022-01-10,6
cb5100f1,1296686,0,0,0,0,0,0,0,0,0,0,0,27,2,1,0,0,5,male,Bangladesh Premier League,T20,Ebadat Hossain,0,Minister Group Dhaka,Khulna Tigers,2022-01-21,,6
cb5100f1,1296688,1,0,2,0,0,0,0,0,0,1,0,28,0,0,0,0,9,male,Bangladesh Premier League,T20,Ebadat Hossain,0,Minister Group Dhaka,Chattogram Challengers,2022-01-22,,6
cb5100f1,1296694,0,0,0,0,0,0,0,0,0,0,0,31,1,0,0,0,12,male,Bangladesh Premier League,T20,Ebadat Hossain,0,Minister Group Dhaka,Sylhet Sunrisers,2022-01-28,,6
cb5100f1,1296699,0,0,0,0,0,0,0,0,0,0,0,26,2,1,0,0,6,male,Bangladesh Premier League,T20,Ebadat Hossain,0,Minister Group Dhaka,Comilla Victorians,2022-02-01,,6
cb5100f1,1296707,0,0,0,0,0,0,0,0,0,0,0,36,1,0,0,0,10,male,Bangladesh Premier League,T20,Ebadat Hossain,0,Minister Group Dhaka,Chattogram Challengers,2022-02-08,,6
cb5100f1,1277100,0,0,6,0,0,0,0,0,0,6,0,136,5,1,2,7,197,male,Bangladesh tour of South Africa,Test,Ebadat Hossain,0,Bangladesh,South Africa,2022-03-31,2022-04-01,6
cb5100f1,1277101,0,1,2,0,0,0,0,0,0,2,0,157,0,0,0,2,133,male,Bangladesh tour of South Africa,Test,Ebadat Hossain,0,Bangladesh,South Africa,2022-04-08,2022-04-09,6
cb5100f1,1308489,0,0,26,0,0,0,0,0,0,26,0,155,4,1,1,4,156,male,Sri Lanka tour of Bangladesh,Test,Ebadat Hossain,0,Bangladesh,Sri Lanka,2022-05-23,2022-05-24,6
cb5100f1,1317147,4,1,35,0,0,0,0,0,0,31,0,95,2,0,0,8,148,male,Bangladesh tour of West Indies,Test,Ebadat Hossain,0,Bangladesh,West Indies,2022-06-16,2022-06-17,6
cb5100f1,1317148,21,1,42,3,0,0,0,0,0,33,0,76,0,0,0,4,97,male,Bangladesh tour of West Indies,Test,Ebadat Hossain,caught,Bangladesh,West Indies,2022-06-24,2022-06-25,6
cb5100f1,1323294,0,0,1,0,0,0,0,0,0,1,0,38,2,1,0,1,42,male,Bangladesh tour of Zimbabwe,ODI,Ebadat Hossain,0,Bangladesh,Zimbabwe,2022-08-10,,6
cb5100f1,1327273,0,0,0,0,0,0,0,0,0,0,0,52,3,0,0,0,15,male,Asia Cup,T20,Ebadat Hossain,0,Bangladesh,Sri Lanka,2022-09-01,,6
cb5100f1,1336032,0,0,0,0,0,0,0,0,0,0,0,24,1,0,0,0,12,male,Bangladesh tour of United Arab Emirates,T20,Ebadat Hossain,0,Bangladesh,United Arab Emirates,2022-09-27,,6
cb5100f1,1322338,0,0,0,0,0,0,0,0,0,0,0,42,2,1,0,0,10,male,New Zealand T20I Tri-Series,T20,Ebadat Hossain,0,Bangladesh,New Zealand,2022-10-12,,6
cb5100f1,1298175,0,0,0,0,0,0,0,0,0,0,0,29,1,0,0,0,7,male,ICC Men's T20 World Cup,T20,Ebadat Hossain,0,Bangladesh,Pakistan,2022-11-06,,6
cb5100f1,1340845,0,1,4,0,0,1,0,0,0,4,0,47,4,0,0,0,30,male,India tour of Bangladesh,ODI,Ebadat Hossain,hit wicket,Bangladesh,India,2022-12-04,,6
cb5100f1,1340846,0,0,0,0,0,0,0,0,0,0,0,45,3,1,0,0,39,male,India tour of Bangladesh,ODI,Ebadat Hossain,0,Bangladesh,India,2022-12-07,,6
cb5100f1,1340847,0,1,4,0,0,0,0,0,0,4,0,84,2,1,0,0,22,male,India tour of Bangladesh,ODI,Ebadat Hossain,0,Bangladesh,India,2022-12-10,,6
cb5100f1,1340848,17,2,42,2,1,0,0,0,0,37,0,70,1,1,0,2,94,male,India tour of Bangladesh,Test,Ebadat Hossain,caught,Bangladesh,India,2022-12-14,2022-12-15,6
cb5100f1,1351055,0,0,0,0,0,0,0,0,0,0,0,30,0,0,0,0,3,male,Bangladesh Premier League,T20,Ebadat Hossain,0,Fortune Barishal,Sylhet Strikers,2023-01-07,,6
cb5100f1,1351058,0,0,0,0,0,0,0,0,0,0,0,23,1,1,0,0,7,male,Bangladesh Premier League,T20,Ebadat Hossain,0,Fortune Barishal,Rangpur Riders,2023-01-10,,6
cb5100f1,1351069,0,0,0,0,0,0,0,1,0,0,0,57,0,0,0,0,8,male,Bangladesh Premier League,T20,Ebadat Hossain,0,Fortune Barishal,Rangpur Riders,2023-01-19,,6
cb5100f1,1351084,0,0,0,0,0,0,0,0,0,0,0,37,0,0,0,0,12,male,Bangladesh Premier League,T20,Ebadat Hossain,0,Fortune Barishal,Khulna Tigers,2023-02-03,,6
cb5100f1,1351089,1,0,1,0,0,0,0,0,0,0,0,18,2,0,0,0,16,male,Bangladesh Premier League,T20,Ebadat Hossain,0,Fortune Barishal,Comilla Victorians,2023-02-07,,6
cb5100f1,1351093,0,0,0,0,0,0,0,0,0,0,0,24,0,0,0,0,6,male,Bangladesh Premier League,T20,Ebadat Hossain,0,Fortune Barishal,Khulna Tigers,2023-02-10,,6
cb5100f1,1351399,1,0,3,0,0,0,0,0,0,2,0,38,2,1,0,1,34,male,England tour of Bangladesh,ODI,Ebadat Hossain,0,Bangladesh,England,2023-03-06,,6
cb5100f1,1355717,0,0,0,0,0,0,0,0,0,0,0,42,4,1,0,0,22,male,Ireland tour of Bangladesh,ODI,Ebadat Hossain,0,Bangladesh,Ireland,2023-03-18,,6
cb5100f1,1355718,0,0,0,0,0,0,0,0,0,0,0,0,0,0,0,0,0,male,Ireland tour of Bangladesh,ODI,Ebadat Hossain,0,Bangladesh,Ireland,2023-03-20,,6
cb5100f1,1355719,0,0,0,0,0,0,0,0,0,0,0,29,2,1,1,0,26,male,Ireland tour of Bangladesh,ODI,Ebadat Hossain,0,Bangladesh,Ireland,2023-03-23,,6
cb5100f1,1355723,0,1,3,0,0,0,0,0,0,3,0,91,5,1,0,3,115,male,Ireland tour of Bangladesh,Test,Ebadat Hossain,caught,Bangladesh,Ireland,2023-04-04,2023-04-05,6
cb5100f1,1364124,1,0,3,0,0,0,0,0,0,2,0,17,0,0,0,0,19,male,Ireland v Bangladesh,ODI,Ebadat Hossain,0,Bangladesh,Ireland,2023-05-09,,6
cb5100f1,1364125,0,0,0,0,0,0,0,0,0,0,0,58,1,1,0,1,27,male,ICC Men's Cricket World Cup Super League,ODI,Ebadat Hossain,0,Bangladesh,Ireland,2023-05-12,,6
cb5100f1,1365552,1,0,3,0,0,0,0,0,0,2,0,55,1,0,0,1,32,male,ICC Men's Cricket World Cup Super League,ODI,Ebadat Hossain,0,Bangladesh,Ireland,2023-05-14,,6
cb5100f1,1377011,0,0,2,0,0,0,0,0,0,2,0,70,5,0,0,3,75,male,Afghanistan tour of Bangladesh,Test,Ebadat Hossain,0,Bangladesh,Afghanistan,2023-06-14,2023-06-15,6
cb5100f1,1377013,0,0,0,0,0,0,0,0,0,0,0,66,1,0,0,0,27,male,Afghanistan tour of Bangladesh,ODI,Ebadat Hossain,0,Bangladesh,Afghanistan,2023-07-08,,6
