player_id,match_id,runs_scored,player_out,balls_faced,fours_scored,sixes_scored,catches_taken,run_out_direct,run_out_throw,stumpings_done,dot_balls_as_batsman,order_seenballs_bowled,runs_conceded,wickets_taken,bowled_done,lbw_done,maidens,dot_balls_as_bowler,gender,series_name,match_type,name,out_kind,player_team,opposition_team,start_date,end_date,balls_per_over
817c1746,531986,0,1,4,0,0,0,0,0,0,4,0,130,7,1,2,0,118,male,West Indies in Bangladesh Test Series,Test,Elias Sunny,0,Bangladesh,West Indies,2011-10-21,2011-10-22,6
817c1746,538070,0,0,1,0,0,0,0,0,0,1,0,46,1,0,0,0,18,male,Pakistan in Bangladesh ODI Series,ODI,Elias Sunny,0,Bangladesh,Pakistan,2011-12-03,,6
817c1746,538071,1,1,5,0,0,0,0,0,0,4,0,36,1,0,0,0,35,male,Pakistan in Bangladesh ODI Series,ODI,Elias Sunny,0,Bangladesh,Pakistan,2011-12-06,,6
817c1746,538072,22,1,67,1,1,0,0,0,0,56,0,130,3,0,2,7,205,male,Pakistan in Bangladesh Test Series,Test,Elias Sunny,caught,Bangladesh,Pakistan,2011-12-09,2011-12-10,6
817c1746,538073,16,2,68,3,0,1,0,0,0,63,0,102,2,1,0,4,117,male,Pakistan in Bangladesh Test Series,Test,Elias Sunny,0,Bangladesh,Pakistan,2011-12-17,2011-12-18,6
817c1746,551054,0,0,0,0,0,0,0,0,0,0,0,0,0,0,0,0,0,male,Bangladesh Premier League,T20,Elias Sunny,0,Dhaka Gladiators,Barisal Burners,2012-02-14,,6
817c1746,551061,1,0,2,0,0,0,0,0,0,1,0,25,0,0,0,0,2,male,Bangladesh Premier League,T20,Elias Sunny,0,Dhaka Gladiators,Khulna Royal Bengals,2012-02-19,,6
817c1746,551067,1,0,3,0,0,0,0,0,0,2,0,23,3,0,0,0,9,male,Bangladesh Premier League,T20,Elias Sunny,0,Dhaka Gladiators,Chittagong Kings,2012-02-24,,6
817c1746,551073,0,1,1,0,0,0,0,0,0,1,0,27,2,0,2,0,7,male,Bangladesh Premier League,T20,Elias Sunny,bowled,Dhaka Gladiators,Duronto Rajshahi,2012-02-27,,6
817c1746,551077,0,0,0,0,0,0,1,0,0,0,0,27,0,0,0,0,5,male,Bangladesh Premier League,T20,Elias Sunny,0,Dhaka Gladiators,Barisal Burners,2012-02-29,,6
817c1746,567071,0,0,0,0,0,0,0,0,0,0,0,13,4,2,0,1,15,male,Bangladesh in Ireland T20I Series,T20,Elias Sunny,0,Bangladesh,Ireland,2012-07-18,,6
817c1746,567205,0,0,0,0,0,0,0,0,0,0,0,12,0,0,0,0,5,male,Bangladesh in Netherlands T20I Series,T20,Elias Sunny,0,Bangladesh,Netherlands,2012-07-25,,6
817c1746,573672,1,0,1,0,0,0,0,0,0,0,0,28,1,1,0,0,11,male,Bangladesh in Netherlands T20I Series,T20,Elias Sunny,0,Bangladesh,Netherlands,2012-07-26,,6
817c1746,533276,5,1,3,1,0,1,0,0,0,1,0,36,0,0,0,0,4,male,ICC World Twenty20,T20,Elias Sunny,0,Bangladesh,New Zealand,2012-09-21,,6
817c1746,587474,0,1,1,0,0,0,0,0,0,1,0,21,2,0,1,2,45,male,West Indies in Bangladesh ODI Series,ODI,Elias Sunny,0,Bangladesh,West Indies,2012-12-07,,6
817c1746,587475,1,0,4,0,0,0,0,0,0,3,0,59,0,0,0,0,24,male,West Indies in Bangladesh ODI Series,ODI,Elias Sunny,0,Bangladesh,West Indies,2012-12-08,,6
817c1746,599866,2,1,6,0,0,0,1,0,0,4,0,31,0,0,0,0,6,male,Bangladesh Premier League,T20,Elias Sunny,bowled,Barisal Burners,Sylhet Royals,2013-01-18,,6
817c1746,599869,0,0,0,0,0,0,0,0,0,0,0,19,1,0,0,0,10,male,Bangladesh Premier League,T20,Elias Sunny,0,Barisal Burners,Khulna Royal Bengals,2013-01-20,,6
817c1746,599873,7,0,4,0,1,1,0,0,0,2,0,21,2,0,0,0,9,male,Bangladesh Premier League,T20,Elias Sunny,0,Barisal Burners,Rangpur Riders,2013-01-23,,6
817c1746,599875,0,1,1,0,0,0,0,0,0,1,0,18,1,0,0,0,11,male,Bangladesh Premier League,T20,Elias Sunny,0,Barisal Burners,Chittagong Kings,2013-01-24,,6
817c1746,599880,9,0,5,1,0,0,0,0,0,0,0,16,0,0,0,0,2,male,Bangladesh Premier League,T20,Elias Sunny,0,Barisal Burners,Duronto Rajshahi,2013-01-28,,6
817c1746,599884,0,0,0,0,0,0,0,0,0,0,0,24,3,0,0,0,12,male,Bangladesh Premier League,T20,Elias Sunny,0,Barisal Burners,Chittagong Kings,2013-01-31,,6
817c1746,599887,0,0,0,0,0,0,0,0,0,0,0,19,0,0,0,0,7,male,Bangladesh Premier League,T20,Elias Sunny,0,Barisal Burners,Duronto Rajshahi,2013-02-02,,6
817c1746,599890,0,0,0,0,0,0,0,0,0,0,0,14,0,0,0,0,0,male,Bangladesh Premier League,T20,Elias Sunny,0,Barisal Burners,Khulna Royal Bengals,2013-02-04,,6
817c1746,599898,1,0,2,0,0,0,0,0,0,1,0,11,0,0,0,0,3,male,Bangladesh Premier League,T20,Elias Sunny,0,Barisal Burners,Dhaka Gladiators,2013-02-09,,6
817c1746,599902,0,0,0,0,0,0,0,1,0,0,0,39,1,0,0,0,7,male,Bangladesh Premier League,T20,Elias Sunny,0,Barisal Burners,Dhaka Gladiators,2013-02-12,,6
817c1746,599904,20,1,11,2,1,1,0,0,0,3,0,28,1,0,0,0,9,male,Bangladesh Premier League,T20,Elias Sunny,0,Barisal Burners,Sylhet Royals,2013-02-13,,6
817c1746,599905,30,1,22,5,0,0,0,0,0,9,0,15,0,0,0,0,8,male,Bangladesh Premier League,T20,Elias Sunny,caught,Barisal Burners,Rangpur Riders,2013-02-14,,6
817c1746,602472,0,1,4,0,0,0,0,0,0,4,0,169,0,0,0,0,121,male,Bangladesh in Sri Lanka Test Series,Test,Elias Sunny,0,Bangladesh,Sri Lanka,2013-03-08,2013-03-09,6
817c1746,935331,10,1,12,1,0,0,0,0,0,6,0,16,0,0,0,0,5,male,Bangladesh Premier League,T20,Elias Sunny,0,Chittagong Vikings,Dhaka Dynamites,2015-12-08,,6
817c1746,935337,0,0,0,0,0,0,0,0,0,0,0,0,0,0,0,0,0,male,Bangladesh Premier League,T20,Elias Sunny,0,Chittagong Vikings,Barisal Bulls,2015-12-09,,6
