player_id,match_id,runs_scored,player_out,balls_faced,fours_scored,sixes_scored,catches_taken,run_out_direct,run_out_throw,stumpings_done,dot_balls_as_batsman,order_seenballs_bowled,runs_conceded,wickets_taken,bowled_done,lbw_done,maidens,dot_balls_as_bowler,gender,series_name,match_type,name,out_kind,player_team,opposition_team,start_date,end_date,balls_per_over
558cdd64,664293,0,1,1,0,0,0,0,0,0,1,0,6,0,0,0,0,5,female,Bangladesh Women in South Africa T20I Series,T20,Fahima Khatun,0,Bangladesh,South Africa,2013-09-14,,6
558cdd64,664303,6,1,12,0,0,0,0,0,0,7,0,34,0,0,0,0,29,female,Bangladesh Women in South Africa ODI Series,ODI,Fahima Khatun,bowled,Bangladesh,South Africa,2013-09-24,,6
558cdd64,682979,1,1,2,0,0,2,1,0,0,1,0,27,2,1,1,0,16,female,Women's World T20,T20,Fahima Khatun,0,Bangladesh,West Indies,2014-03-26,,6
558cdd64,682995,7,0,7,1,0,0,0,0,0,3,0,18,0,0,0,0,9,female,Women's World T20,T20,Fahima Khatun,0,Bangladesh,India,2014-03-30,,6
558cdd64,683003,14,1,16,1,0,0,0,0,0,5,0,17,0,0,0,0,4,female,Women's World T20,T20,Fahima Khatun,0,Bangladesh,Sri Lanka,2014-04-01,,6
558cdd64,718467,0,1,3,0,0,0,0,0,0,3,0,12,0,0,0,0,14,female,Women's World T20,T20,Fahima Khatun,caught,Bangladesh,Ireland,2014-04-03,,6
558cdd64,778011,0,0,0,0,0,0,1,0,0,0,0,18,0,0,0,0,13,female,Asian Games Women's Cricket Competition,IT20,Fahima Khatun,0,Bangladesh,Sri Lanka,2014-09-25,,6
558cdd64,778015,0,1,1,0,0,0,0,0,0,1,0,19,1,1,0,0,6,female,Asian Games Women's Cricket Competition,IT20,Fahima Khatun,bowled,Bangladesh,Pakistan,2014-09-26,,6
558cdd64,923321,1,1,3,0,0,0,0,0,0,2,0,17,1,0,0,0,1,female,Bangladesh Women in Pakistan T20I Series,T20,Fahima Khatun,caught and bowled,Bangladesh,Pakistan,2015-09-30,,6
558cdd64,923323,0,0,0,0,0,0,0,0,0,0,0,16,0,0,0,0,2,female,Bangladesh Women in Pakistan T20I Series,T20,Fahima Khatun,0,Bangladesh,Pakistan,2015-10-01,,6
558cdd64,881723,0,0,0,0,0,0,0,0,0,0,0,1,2,1,0,1,9,female,ICC Women's World Twenty20 Qualifier,IT20,Fahima Khatun,0,Bangladesh,Thailand,2015-11-28,,6
558cdd64,881741,0,0,0,0,0,0,0,0,0,0,0,5,0,0,0,0,5,female,ICC Women's World Twenty20 Qualifier,IT20,Fahima Khatun,0,Bangladesh,Papua New Guinea,2015-12-01,,6
558cdd64,881747,0,0,0,0,0,0,0,0,0,0,0,12,1,0,0,1,18,female,ICC Women's World Twenty20 Qualifier,IT20,Fahima Khatun,0,Bangladesh,Zimbabwe,2015-12-03,,6
558cdd64,881755,0,0,0,0,0,0,0,1,0,0,0,21,0,0,0,0,8,female,ICC Women's World Twenty20 Qualifier,T20,Fahima Khatun,0,Bangladesh,Ireland,2015-12-05,,6
558cdd64,951375,14,1,17,2,0,0,0,0,0,9,0,31,2,0,2,0,7,female,Women's World T20,T20,Fahima Khatun,lbw,Bangladesh,India,2016-03-15,,6
558cdd64,951381,0,0,0,0,0,0,0,0,0,0,0,34,0,0,0,0,6,female,Women's World T20,T20,Fahima Khatun,0,Bangladesh,England,2016-03-17,,6
558cdd64,951389,1,0,1,0,0,0,0,0,0,0,0,30,0,0,0,0,6,female,Women's World T20,T20,Fahima Khatun,0,Bangladesh,West Indies,2016-03-20,,6
558cdd64,951403,4,0,3,0,0,0,0,0,0,0,0,15,0,0,0,0,4,female,Women's World T20,T20,Fahima Khatun,0,Bangladesh,Pakistan,2016-03-24,,6
558cdd64,962023,0,0,0,0,0,0,0,0,0,0,0,5,1,1,0,0,4,female,Bangladesh Women in Ireland T20I Series,T20,Fahima Khatun,0,Bangladesh,Ireland,2016-09-05,,6
558cdd64,1144435,0,0,2,0,0,1,0,0,0,2,0,53,2,1,0,1,33,female,Bangladesh Women tour of South Africa,ODI,Fahima Khatun,0,Bangladesh,South Africa,2018-05-04,,6
558cdd64,1144436,8,1,28,0,0,0,0,0,0,22,0,7,0,0,0,0,3,female,Bangladesh Women tour of South Africa,ODI,Fahima Khatun,0,Bangladesh,South Africa,2018-05-06,,6
558cdd64,1144437,9,1,25,0,0,0,0,0,0,17,0,0,0,0,0,0,0,female,Bangladesh Women tour of South Africa,ODI,Fahima Khatun,0,Bangladesh,South Africa,2018-05-09,,6
558cdd64,1144441,8,1,9,1,0,0,0,0,0,4,0,23,0,0,0,0,4,female,Bangladesh Women tour of South Africa,T20,Fahima Khatun,run out,Bangladesh,South Africa,2018-05-19,,6
558cdd64,1144442,10,0,10,0,0,0,0,0,0,1,0,0,0,0,0,0,0,female,Bangladesh Women tour of South Africa,T20,Fahima Khatun,0,Bangladesh,South Africa,2018-05-20,,6
558cdd64,1148051,23,0,20,1,0,0,0,0,0,5,0,19,1,0,0,0,10,female,Women's Twenty20 Asia Cup,T20,Fahima Khatun,0,Bangladesh,Pakistan,2018-06-04,,6
558cdd64,1148056,0,0,0,0,0,0,0,0,0,0,0,16,0,0,0,0,3,female,Women's Twenty20 Asia Cup,T20,Fahima Khatun,0,Bangladesh,India,2018-06-06,,6
558cdd64,1148057,0,0,0,0,0,1,0,0,0,0,0,9,1,0,0,1,18,female,Women's Twenty20 Asia Cup,T20,Fahima Khatun,0,Bangladesh,Thailand,2018-06-07,,6
558cdd64,1148062,26,0,13,3,0,1,0,0,0,1,0,9,0,0,0,0,9,female,Women's Twenty20 Asia Cup,T20,Fahima Khatun,0,Bangladesh,Malaysia,2018-06-09,,6
558cdd64,1148063,9,1,7,1,0,0,0,0,0,2,0,8,0,0,0,0,1,female,Women's Twenty20 Asia Cup,T20,Fahima Khatun,stumped,Bangladesh,India,2018-06-10,,6
558cdd64,1145894,26,0,20,3,0,0,0,0,0,6,0,19,0,0,0,0,3,female,Bangladesh Women tour of Ireland,T20,Fahima Khatun,0,Bangladesh,Ireland,2018-06-28,,6
558cdd64,1145895,2,1,3,0,0,0,1,0,0,1,0,26,1,0,0,0,9,female,Bangladesh Women tour of Ireland,T20,Fahima Khatun,0,Bangladesh,Ireland,2018-06-29,,6
558cdd64,1145896,3,0,2,0,0,1,0,0,0,0,0,12,0,0,0,0,0,female,Bangladesh Women tour of Ireland,T20,Fahima Khatun,0,Bangladesh,Ireland,2018-07-01,,6
558cdd64,1147720,0,0,0,0,0,1,0,0,0,0,0,13,1,0,0,0,13,female,ICC Women's T20 Qualifier,T20,Fahima Khatun,0,Bangladesh,Papua New Guinea,2018-07-07,,6
558cdd64,1147723,0,0,0,0,0,0,0,0,0,0,0,3,3,1,2,2,19,female,ICC Women's T20 Qualifier,T20,Fahima Khatun,0,Bangladesh,Netherlands,2018-07-08,,6
558cdd64,1147727,0,0,0,0,0,0,0,0,0,0,0,8,4,0,1,0,17,female,ICC Women's T20 Qualifier,T20,Fahima Khatun,0,Bangladesh,United Arab Emirates,2018-07-10,,6
558cdd64,1147731,15,1,16,1,0,0,0,0,0,5,0,19,0,0,0,0,9,female,ICC Women's T20 Qualifier,T20,Fahima Khatun,stumped,Bangladesh,Scotland,2018-07-12,,6
558cdd64,1147736,5,1,10,0,0,1,0,0,0,6,0,13,0,0,0,0,3,female,ICC Women's T20 Qualifier,T20,Fahima Khatun,bowled,Bangladesh,Ireland,2018-07-14,,6
558cdd64,1150535,3,1,9,0,0,2,0,0,0,6,0,24,0,0,0,0,6,female,ICC Women's T20 World Cup,T20,Fahima Khatun,run out,Bangladesh,West Indies,2018-11-09,,6
558cdd64,1150539,2,1,4,0,0,0,0,0,0,2,0,9,0,0,0,0,0,female,ICC Women's T20 World Cup,T20,Fahima Khatun,run out,Bangladesh,England,2018-11-12,,6
558cdd64,1150543,2,1,6,0,0,0,0,0,0,4,0,16,1,0,0,0,9,female,ICC Women's T20 World Cup,T20,Fahima Khatun,0,Bangladesh,Sri Lanka,2018-11-14,,6
558cdd64,1150552,0,0,0,0,0,0,0,0,0,0,0,13,0,0,0,0,2,female,ICC Women's T20 World Cup,T20,Fahima Khatun,0,Bangladesh,South Africa,2018-11-18,,6
558cdd64,1197054,0,0,0,0,0,1,0,0,0,0,0,7,0,0,0,0,9,female,ICC Women's T20 World Cup Qualifier,T20,Fahima Khatun,0,Bangladesh,United States of America,2019-09-01,,6
558cdd64,1197047,32,0,20,5,0,1,0,0,0,5,0,4,0,0,0,0,4,female,ICC Women's T20 World Cup Qualifier,T20,Fahima Khatun,0,Bangladesh,Papua New Guinea,2019-09-02,,6
558cdd64,1197057,2,0,2,0,0,0,0,0,0,0,0,8,0,0,0,0,6,female,ICC Women's T20 World Cup Qualifier,T20,Fahima Khatun,0,Bangladesh,Scotland,2019-09-03,,6
558cdd64,1197059,0,0,0,0,0,0,0,0,0,0,0,18,2,1,0,0,11,female,ICC Women's T20 World Cup Qualifier,T20,Fahima Khatun,0,Bangladesh,Ireland,2019-09-05,,6
558cdd64,1197065,0,1,1,0,0,0,0,0,0,1,0,7,0,0,0,0,8,female,ICC Women's T20 World Cup Qualifier,T20,Fahima Khatun,stumped,Bangladesh,Thailand,2019-09-07,,6
558cdd64,1208806,0,0,0,0,0,0,0,0,0,0,0,8,1,0,0,0,17,female,South Asian Games Women's Cricket Competition,T20,Fahima Khatun,0,Bangladesh,Nepal,2019-12-04,,6
558cdd64,1208808,0,0,0,0,0,0,0,0,0,0,0,0,0,0,0,0,0,female,South Asian Games Women's Cricket Competition,T20,Fahima Khatun,0,Bangladesh,Maldives,2019-12-05,,6
558cdd64,1173053,17,1,13,2,0,0,0,0,0,3,0,16,0,0,0,0,6,female,ICC Women's T20 World Cup,T20,Fahima Khatun,caught,Bangladesh,India,2020-02-24,,6
558cdd64,1173057,5,0,7,0,0,0,0,0,0,2,0,23,0,0,0,0,4,female,ICC Women's T20 World Cup,T20,Fahima Khatun,0,Bangladesh,Australia,2020-02-27,,6
558cdd64,1173060,6,1,12,0,0,3,0,0,0,6,0,17,0,0,0,0,9,female,ICC Women's T20 World Cup,T20,Fahima Khatun,bowled,Bangladesh,New Zealand,2020-02-29,,6
558cdd64,1173064,1,1,2,0,0,0,0,0,0,1,0,7,0,0,0,0,2,female,ICC Women's T20 World Cup,T20,Fahima Khatun,0,Bangladesh,Sri Lanka,2020-03-02,,6
558cdd64,1288322,0,0,0,0,0,0,0,0,0,0,0,0,0,0,0,0,0,female,Bangladesh Women in Zimbabwe ODI Series,ODI,Fahima Khatun,0,Bangladesh,Zimbabwe,2021-11-15,,6
558cdd64,1286901,0,1,1,0,0,0,1,0,0,1,0,13,0,0,0,0,12,female,ICC Women's Cricket World Cup Qualifier,ODI,Fahima Khatun,0,Bangladesh,Pakistan,2021-11-21,,6
558cdd64,1286908,0,0,0,0,0,0,0,0,0,0,0,5,2,1,1,2,13,female,ICC Women's Cricket World Cup Qualifier,ODM,Fahima Khatun,0,Bangladesh,United States of America,2021-11-23,,6
558cdd64,1286910,0,1,1,0,0,1,0,0,0,1,0,32,1,1,0,0,24,female,ICC Women's Cricket World Cup Qualifier,ODM,Fahima Khatun,caught,Bangladesh,Thailand,2021-11-25,,6
558cdd64,1296027,0,0,0,0,0,0,0,1,0,0,0,9,0,0,0,0,8,female,Commonwealth Games Women's Cricket Competition Qualifiers,T20,Fahima Khatun,0,Bangladesh,Malaysia,2022-01-18,,6
558cdd64,1243920,0,1,1,0,0,0,0,1,0,1,0,38,3,0,2,0,23,female,ICC Women's World Cup,ODI,Fahima Khatun,lbw,Bangladesh,Pakistan,2022-03-14,,6
558cdd64,1243924,0,1,2,0,0,1,0,0,0,2,0,19,0,0,0,1,33,female,ICC Women's World Cup,ODI,Fahima Khatun,0,Bangladesh,West Indies,2022-03-18,,6
558cdd64,1243929,1,1,5,0,0,1,0,0,0,4,0,22,0,0,0,0,6,female,ICC Women's World Cup,ODI,Fahima Khatun,lbw,Bangladesh,India,2022-03-22,,6
558cdd64,1243932,0,0,0,0,0,0,0,0,0,0,0,7,0,0,0,0,9,female,ICC Women's World Cup,ODI,Fahima Khatun,0,Bangladesh,Australia,2022-03-25,,6
558cdd64,1243934,0,0,1,0,0,2,0,0,0,1,0,24,1,0,1,0,10,female,ICC Women's World Cup,ODI,Fahima Khatun,0,Bangladesh,England,2022-03-27,,6
558cdd64,1335795,5,0,2,0,0,0,0,0,0,0,0,8,2,1,0,0,12,female,Women's Asia Cup,T20,Fahima Khatun,0,Bangladesh,Malaysia,2022-10-06,,6
558cdd64,1335799,1,1,3,0,0,0,0,1,0,2,0,23,0,0,0,0,11,female,Women's Asia Cup,T20,Fahima Khatun,0,Bangladesh,India,2022-10-08,,6
558cdd64,1335802,1,1,1,0,0,0,0,0,0,0,0,16,1,0,0,0,6,female,Women's Asia Cup,T20,Fahima Khatun,run out,Bangladesh,Sri Lanka,2022-10-10,,6
558cdd64,1344619,5,1,19,0,0,1,0,0,0,14,0,10,0,0,0,0,2,female,Bangladesh Women tour of New Zealand,T20,Fahima Khatun,0,Bangladesh,New Zealand,2022-12-02,,6
558cdd64,1322342,25,0,40,1,0,0,0,0,0,20,0,0,0,0,0,0,0,female,Bangladesh Women tour of New Zealand,ODI,Fahima Khatun,0,Bangladesh,New Zealand,2022-12-14,,6
558cdd64,1322343,0,0,0,0,0,0,0,0,0,0,0,0,0,0,0,0,0,female,Bangladesh Women tour of New Zealand,ODI,Fahima Khatun,0,Bangladesh,New Zealand,2022-12-17,,6
558cdd64,1338047,0,0,0,0,0,1,0,0,0,0,0,11,0,0,0,0,4,female,ICC Women's T20 World Cup,T20,Fahima Khatun,0,Bangladesh,Australia,2023-02-14,,6
558cdd64,1338051,4,0,6,0,0,0,0,0,0,3,0,36,2,1,0,0,4,female,ICC Women's T20 World Cup,T20,Fahima Khatun,0,Bangladesh,New Zealand,2023-02-17,,6
558cdd64,1338059,0,0,0,0,0,0,0,0,0,0,0,22,0,0,0,0,7,female,ICC Women's T20 World Cup,T20,Fahima Khatun,0,Bangladesh,South Africa,2023-02-21,,6
558cdd64,1368849,0,0,0,0,0,0,0,0,0,0,0,25,1,0,1,0,32,female,Bangladesh Women tour of Sri Lanka,ODI,Fahima Khatun,0,Bangladesh,Sri Lanka,2023-04-29,,6
558cdd64,1368851,9,0,10,0,0,0,0,0,0,1,0,40,1,0,1,0,12,female,Bangladesh Women tour of Sri Lanka,ODI,Fahima Khatun,0,Bangladesh,Sri Lanka,2023-05-04,,6
558cdd64,1371604,0,0,0,0,0,0,0,0,0,0,0,20,2,1,0,0,10,female,Bangladesh Women tour of Sri Lanka,T20,Fahima Khatun,0,Bangladesh,Sri Lanka,2023-05-09,,6
558cdd64,1371605,6,0,8,0,0,0,0,0,0,3,0,17,2,0,2,0,12,female,Bangladesh Women tour of Sri Lanka,T20,Fahima Khatun,0,Bangladesh,Sri Lanka,2023-05-11,,6
558cdd64,1371606,9,0,6,1,0,1,0,0,0,1,0,35,1,0,1,0,10,female,Bangladesh Women tour of Sri Lanka,T20,Fahima Khatun,0,Bangladesh,Sri Lanka,2023-05-12,,6
558cdd64,1382164,0,1,2,0,0,0,0,0,0,2,0,16,2,0,0,0,13,female,India Women tour of Bangladesh,T20,Fahima Khatun,0,Bangladesh,India,2023-07-11,,6
558cdd64,1382165,0,0,0,0,0,1,0,0,0,0,0,25,0,0,0,0,10,female,India Women tour of Bangladesh,T20,Fahima Khatun,0,Bangladesh,India,2023-07-13,,6
558cdd64,1382166,12,1,29,0,0,0,0,0,0,19,0,14,0,0,0,1,19,female,ICC Women's Championship,ODI,Fahima Khatun,0,Bangladesh,India,2023-07-16,,6
558cdd64,1382167,6,0,6,1,0,0,0,0,0,3,0,56,0,0,0,0,20,female,ICC Women's Championship,ODI,Fahima Khatun,0,Bangladesh,India,2023-07-19,,6
558cdd64,1382168,0,0,0,0,0,1,0,1,0,0,0,48,1,0,0,0,22,female,ICC Women's Championship,ODI,Fahima Khatun,0,Bangladesh,India,2023-07-22,,6
558cdd64,1399059,0,0,0,0,0,0,0,0,0,0,0,7,1,1,0,0,2,female,Asian Games Women's Cricket Competition,T20,Fahima Khatun,0,Bangladesh,India,2023-09-24,,6
558cdd64,1405121,0,0,0,0,0,0,0,0,0,0,0,15,0,0,0,0,5,female,Pakistan Women tour of Bangladesh,T20,Fahima Khatun,0,Bangladesh,Pakistan,2023-10-25,,6
558cdd64,1405122,0,0,0,0,0,0,0,0,0,0,0,15,0,0,0,0,11,female,Pakistan Women tour of Bangladesh,T20,Fahima Khatun,0,Bangladesh,Pakistan,2023-10-27,,6
558cdd64,1405124,18,1,37,1,0,0,0,0,0,25,0,15,1,1,0,0,21,female,Pakistan Women tour of Bangladesh,ODI,Fahima Khatun,caught,Bangladesh,Pakistan,2023-11-04,,6
558cdd64,1405125,16,1,17,2,0,0,1,1,0,8,0,37,1,0,0,1,33,female,Pakistan Women tour of Bangladesh,ODI,Fahima Khatun,0,Bangladesh,Pakistan,2023-11-07,,6
558cdd64,1405126,0,0,0,0,0,1,0,0,0,0,0,34,1,0,1,0,35,female,Pakistan Women tour of Bangladesh,ODI,Fahima Khatun,0,Bangladesh,Pakistan,2023-11-10,,6
558cdd64,1398254,0,0,0,0,0,0,0,0,0,0,0,22,1,1,0,0,10,female,Bangladesh Women tour of South Africa,T20,Fahima Khatun,0,Bangladesh,South Africa,2023-12-03,,6
558cdd64,1398255,0,0,0,0,0,0,0,0,0,0,0,0,0,0,0,0,0,female,Bangladesh Women tour of South Africa,T20,Fahima Khatun,0,Bangladesh,South Africa,2023-12-06,,6
558cdd64,1398256,0,0,0,0,0,0,0,0,0,0,0,12,0,0,0,0,4,female,Bangladesh Women tour of South Africa,T20,Fahima Khatun,0,Bangladesh,South Africa,2023-12-08,,6
558cdd64,1398258,0,0,0,0,0,1,0,0,0,0,0,16,2,1,0,0,21,female,Bangladesh Women tour of South Africa,ODI,Fahima Khatun,0,Bangladesh,South Africa,2023-12-16,,6
558cdd64,1398259,46,0,50,3,0,0,0,0,0,21,0,44,1,1,0,0,23,female,Bangladesh Women tour of South Africa,ODI,Fahima Khatun,0,Bangladesh,South Africa,2023-12-20,,6
558cdd64,1398260,15,1,26,1,0,0,0,0,0,17,0,47,0,0,0,0,16,female,Bangladesh Women tour of South Africa,ODI,Fahima Khatun,0,Bangladesh,South Africa,2023-12-23,,6
558cdd64,1425061,1,1,7,0,0,0,0,0,0,6,0,67,1,0,0,0,20,female,Australia Women tour of Bangladesh,ODI,Fahima Khatun,0,Bangladesh,Australia,2024-03-21,,6
558cdd64,1425062,11,1,20,1,0,0,1,0,0,13,0,9,0,0,0,0,1,female,Australia Women tour of Bangladesh,ODI,Fahima Khatun,caught,Bangladesh,Australia,2024-03-24,,6
558cdd64,1425063,0,1,2,0,0,0,0,0,0,2,0,7,0,0,0,0,2,female,Australia Women tour of Bangladesh,ODI,Fahima Khatun,caught,Bangladesh,Australia,2024-03-27,,6
558cdd64,1425064,27,1,22,2,1,0,0,0,0,7,0,11,0,0,0,0,0,female,Australia Women tour of Bangladesh,T20,Fahima Khatun,0,Bangladesh,Australia,2024-03-31,,6
558cdd64,1425065,15,1,18,1,0,0,0,0,0,7,0,34,2,0,0,0,7,female,Australia Women tour of Bangladesh,T20,Fahima Khatun,0,Bangladesh,Australia,2024-04-02,,6
558cdd64,1425066,11,1,16,1,0,0,0,0,0,10,0,19,0,0,0,0,9,female,Australia Women tour of Bangladesh,T20,Fahima Khatun,caught,Bangladesh,Australia,2024-04-04,,6
558cdd64,1429393,1,1,3,0,0,2,0,0,0,2,0,31,1,0,1,0,7,female,India Women tour of Bangladesh,T20,Fahima Khatun,0,Bangladesh,India,2024-04-28,,6
558cdd64,1429394,0,1,1,0,0,0,0,0,0,1,0,0,0,0,0,0,0,female,India Women tour of Bangladesh,T20,Fahima Khatun,0,Bangladesh,India,2024-04-30,,6
558cdd64,1429395,0,1,1,0,0,1,0,0,0,1,0,10,0,0,0,0,8,female,India Women tour of Bangladesh,T20,Fahima Khatun,lbw,Bangladesh,India,2024-05-02,,6
558cdd64,1432422,10,0,5,2,0,1,0,0,0,1,0,21,0,0,0,0,12,female,ICC Women's T20 World Cup,T20,Fahima Khatun,0,Bangladesh,Scotland,2024-10-03,,6
558cdd64,1432427,5,0,5,0,0,0,0,0,0,2,0,18,2,0,1,0,14,female,ICC Women's T20 World Cup,T20,Fahima Khatun,0,Bangladesh,England,2024-10-05,,6
558cdd64,1432434,2,0,3,0,0,0,0,0,0,1,0,18,0,0,0,0,3,female,ICC Women's T20 World Cup,T20,Fahima Khatun,0,Bangladesh,West Indies,2024-10-10,,6
558cdd64,1432437,0,0,0,0,0,0,0,0,0,0,0,19,1,0,0,0,10,female,ICC Women's T20 World Cup,T20,Fahima Khatun,0,Bangladesh,South Africa,2024-10-12,,6
