player_id,match_id,runs_scored,player_out,balls_faced,fours_scored,sixes_scored,catches_taken,run_out_direct,run_out_throw,stumpings_done,dot_balls_as_batsman,order_seenballs_bowled,runs_conceded,wickets_taken,bowled_done,lbw_done,maidens,dot_balls_as_bowler,gender,series_name,match_type,name,out_kind,player_team,opposition_team,start_date,end_date,balls_per_over
7b51bfa4,1288322,0,0,0,0,0,0,0,0,0,0,0,17,2,1,1,1,13,female,Bangladesh Women in Zimbabwe ODI Series,ODI,Fariha Trisna,0,Bangladesh,Zimbabwe,2021-11-15,,6
7b51bfa4,1243909,0,1,5,0,0,0,0,0,0,5,0,37,3,0,1,0,41,female,ICC Women's World Cup,ODI,Fariha Trisna,bowled,Bangladesh,South Africa,2022-03-05,,6
7b51bfa4,1243912,0,0,0,0,0,0,0,0,0,0,0,18,0,0,0,0,8,female,ICC Women's World Cup,ODI,Fariha Trisna,0,Bangladesh,New Zealand,2022-03-07,,6
7b51bfa4,1243920,0,0,0,0,0,0,0,0,0,0,0,19,0,0,0,0,15,female,ICC Women's World Cup,ODI,Fariha Trisna,0,Bangladesh,Pakistan,2022-03-14,,6
7b51bfa4,1243924,0,1,5,0,0,0,0,0,0,5,0,22,0,0,0,1,30,female,ICC Women's World Cup,ODI,Fariha Trisna,bowled,Bangladesh,West Indies,2022-03-18,,6
7b51bfa4,1335795,0,0,0,0,0,0,0,0,0,0,0,12,3,2,1,0,15,female,Women's Asia Cup,T20,Fariha Trisna,0,Bangladesh,Malaysia,2022-10-06,,6
7b51bfa4,1335799,0,0,0,0,0,0,0,0,0,0,0,25,0,0,0,0,6,female,Women's Asia Cup,T20,Fariha Trisna,0,Bangladesh,India,2022-10-08,,6
7b51bfa4,1344621,0,0,0,0,0,0,0,0,0,0,0,20,1,1,0,0,10,female,Bangladesh Women tour of New Zealand,T20,Fariha Trisna,0,Bangladesh,New Zealand,2022-12-07,,6
7b51bfa4,1371604,0,0,0,0,0,1,0,0,0,0,0,35,1,0,0,0,13,female,Bangladesh Women tour of Sri Lanka,T20,Fariha Trisna,0,Bangladesh,Sri Lanka,2023-05-09,,6
7b51bfa4,1371605,1,1,3,0,0,0,0,0,0,2,0,23,0,0,0,0,9,female,Bangladesh Women tour of Sri Lanka,T20,Fariha Trisna,0,Bangladesh,Sri Lanka,2023-05-11,,6
7b51bfa4,1405123,0,0,1,0,0,0,0,0,0,1,0,22,1,0,0,0,10,female,Pakistan Women tour of Bangladesh,T20,Fariha Trisna,0,Bangladesh,Pakistan,2023-10-29,,6
7b51bfa4,1425065,1,0,1,0,0,0,0,0,0,0,0,19,4,1,0,1,16,female,Australia Women tour of Bangladesh,T20,Fariha Trisna,0,Bangladesh,Australia,2024-04-02,,6
7b51bfa4,1425066,2,0,8,0,0,0,0,0,0,6,0,40,0,0,0,0,10,female,Australia Women tour of Bangladesh,T20,Fariha Trisna,0,Bangladesh,Australia,2024-04-04,,6
7b51bfa4,1429393,0,0,0,0,0,1,0,0,0,0,0,23,1,1,0,0,8,female,India Women tour of Bangladesh,T20,Fariha Trisna,0,Bangladesh,India,2024-04-28,,6
7b51bfa4,1429394,0,1,5,0,0,0,0,0,0,5,0,11,0,0,0,0,1,female,India Women tour of Bangladesh,T20,Fariha Trisna,bowled,Bangladesh,India,2024-04-30,,6
7b51bfa4,1429395,0,0,0,0,0,0,0,0,0,0,0,17,0,0,0,0,2,female,India Women tour of Bangladesh,T20,Fariha Trisna,0,Bangladesh,India,2024-05-02,,6
7b51bfa4,1429397,0,0,0,0,0,1,0,0,0,0,0,12,0,0,0,0,6,female,India Women tour of Bangladesh,T20,Fariha Trisna,0,Bangladesh,India,2024-05-09,,6
