player_id,match_id,runs_scored,player_out,balls_faced,fours_scored,sixes_scored,catches_taken,run_out_direct,run_out_throw,stumpings_done,dot_balls_as_batsman,order_seenballs_bowled,runs_conceded,wickets_taken,bowled_done,lbw_done,maidens,dot_balls_as_bowler,gender,series_name,match_type,name,out_kind,player_team,opposition_team,start_date,end_date,balls_per_over
80ad39ac,1208069,0,0,0,0,0,0,0,0,0,0,0,36,0,0,0,0,8,male,Bangladesh Premier League,T20,Hasan Mahmud,0,Dhaka Platoon,Rajshahi Royals,2019-12-12,,6
80ad39ac,1208072,0,0,0,0,0,0,0,0,0,0,0,18,0,0,0,0,2,male,Bangladesh Premier League,T20,Hasan Mahmud,0,Dhaka Platoon,Cumilla Warriors,2019-12-13,,6
80ad39ac,1208074,0,0,0,0,0,1,1,0,0,0,0,25,2,0,0,0,12,male,Bangladesh Premier League,T20,Hasan Mahmud,0,Dhaka Platoon,Sylhet Thunder,2019-12-14,,6
80ad39ac,1208078,0,1,1,0,0,0,0,1,0,1,0,55,2,1,0,0,8,male,Bangladesh Premier League,T20,Hasan Mahmud,caught,Dhaka Platoon,Chattogram Challengers,2019-12-18,,6
80ad39ac,1208083,0,0,0,0,0,0,0,0,0,0,0,34,0,0,0,0,6,male,Bangladesh Premier League,T20,Hasan Mahmud,0,Dhaka Platoon,Cumilla Warriors,2019-12-23,,6
80ad39ac,1208085,0,0,0,0,0,0,0,0,0,0,0,30,0,0,0,0,8,male,Bangladesh Premier League,T20,Hasan Mahmud,0,Dhaka Platoon,Sylhet Thunder,2019-12-24,,6
80ad39ac,1208087,0,0,0,0,0,0,0,0,0,0,0,19,0,0,0,0,7,male,Bangladesh Premier League,T20,Hasan Mahmud,0,Dhaka Platoon,Chattogram Challengers,2019-12-27,,6
80ad39ac,1208092,0,0,0,0,0,0,0,0,0,0,0,29,1,0,0,0,14,male,Bangladesh Premier League,T20,Hasan Mahmud,0,Dhaka Platoon,Rajshahi Royals,2019-12-30,,6
80ad39ac,1208097,0,0,0,0,0,1,0,0,0,0,0,32,4,2,0,0,10,male,Bangladesh Premier League,T20,Hasan Mahmud,0,Dhaka Platoon,Khulna Tigers,2020-01-03,,6
80ad39ac,1208104,0,0,0,0,0,0,0,0,0,0,0,11,1,0,0,0,8,male,Bangladesh Premier League,T20,Hasan Mahmud,0,Dhaka Platoon,Rangpur Rangers,2020-01-08,,6
80ad39ac,1208105,0,0,1,0,0,0,0,0,0,1,0,23,0,0,0,0,3,male,Bangladesh Premier League,T20,Hasan Mahmud,0,Dhaka Platoon,Rangpur Rangers,2020-01-10,,6
80ad39ac,1208108,0,0,0,0,0,0,0,0,0,0,0,43,0,0,0,0,4,male,Bangladesh Premier League,T20,Hasan Mahmud,0,Dhaka Platoon,Khulna Tigers,2020-01-11,,6
80ad39ac,1208109,0,0,0,0,0,0,0,0,0,0,0,36,0,0,0,0,10,male,Bangladesh Premier League,T20,Hasan Mahmud,0,Dhaka Platoon,Chattogram Challengers,2020-01-13,,6
80ad39ac,1214671,0,0,0,0,0,0,0,0,0,0,0,25,0,0,0,0,11,male,Zimbabwe tour of Bangladesh,T20,Hasan Mahmud,0,Bangladesh,Zimbabwe,2020-03-11,,6
80ad39ac,1244022,0,0,0,0,0,0,0,0,0,0,0,28,3,0,1,1,23,male,ICC Men's Cricket World Cup Super League,ODI,Hasan Mahmud,0,Bangladesh,West Indies,2021-01-20,,6
80ad39ac,1244023,0,0,0,0,0,0,0,0,0,0,0,55,1,1,0,0,31,male,ICC Men's Cricket World Cup Super League,ODI,Hasan Mahmud,0,Bangladesh,West Indies,2021-01-22,,6
80ad39ac,1233976,1,1,5,0,0,0,0,0,0,4,0,50,1,0,0,0,10,male,Bangladesh tour of New Zealand,ODI,Hasan Mahmud,0,Bangladesh,New Zealand,2021-03-20,,6
80ad39ac,1323296,0,0,0,0,0,1,0,0,0,0,0,26,1,1,0,0,12,male,Bangladesh tour of Zimbabwe,T20,Hasan Mahmud,0,Bangladesh,Zimbabwe,2022-07-31,,6
80ad39ac,1323297,3,1,2,0,0,0,0,0,0,1,0,29,2,0,0,0,12,male,Bangladesh tour of Zimbabwe,T20,Hasan Mahmud,caught,Bangladesh,Zimbabwe,2022-08-02,,6
80ad39ac,1323293,0,0,0,0,0,0,0,0,0,0,0,47,2,0,0,1,35,male,Bangladesh tour of Zimbabwe,ODI,Hasan Mahmud,0,Bangladesh,Zimbabwe,2022-08-07,,6
80ad39ac,1323294,0,1,4,0,0,0,0,0,0,4,0,46,1,0,1,0,44,male,Bangladesh tour of Zimbabwe,ODI,Hasan Mahmud,0,Bangladesh,Zimbabwe,2022-08-10,,6
80ad39ac,1322334,1,0,3,0,0,1,0,0,0,2,0,43,1,0,0,0,6,male,New Zealand T20I Tri-Series,T20,Hasan Mahmud,0,Bangladesh,Pakistan,2022-10-07,,6
80ad39ac,1322336,1,0,1,0,0,0,0,0,0,0,0,26,1,0,0,0,10,male,New Zealand T20I Tri-Series,T20,Hasan Mahmud,0,Bangladesh,New Zealand,2022-10-09,,6
80ad39ac,1322339,0,0,0,0,0,0,0,0,0,0,0,28,2,1,0,0,9,male,New Zealand T20I Tri-Series,T20,Hasan Mahmud,0,Bangladesh,Pakistan,2022-10-13,,6
80ad39ac,1298151,0,0,3,0,0,2,0,0,0,3,0,15,2,1,0,1,16,male,ICC Men's T20 World Cup,T20,Hasan Mahmud,0,Bangladesh,Netherlands,2022-10-24,,6
80ad39ac,1298156,0,0,2,0,0,0,0,0,0,2,0,36,1,0,0,0,13,male,ICC Men's T20 World Cup,T20,Hasan Mahmud,0,Bangladesh,South Africa,2022-10-27,,6
80ad39ac,1298162,0,0,0,0,0,0,0,0,0,0,0,37,0,0,0,0,11,male,ICC Men's T20 World Cup,T20,Hasan Mahmud,0,Bangladesh,Zimbabwe,2022-10-30,,6
80ad39ac,1298169,0,0,0,0,0,0,0,0,0,0,0,48,3,0,0,0,7,male,ICC Men's T20 World Cup,T20,Hasan Mahmud,0,Bangladesh,India,2022-11-02,,6
80ad39ac,1340845,0,1,2,0,0,0,0,0,0,2,0,40,0,0,0,1,31,male,India tour of Bangladesh,ODI,Hasan Mahmud,lbw,Bangladesh,India,2022-12-04,,6
80ad39ac,1351053,0,0,0,0,0,1,0,0,0,0,0,20,3,0,0,1,13,male,Bangladesh Premier League,T20,Hasan Mahmud,0,Rangpur Riders,Comilla Victorians,2023-01-06,,6
80ad39ac,1351058,0,0,0,0,0,0,0,0,0,0,0,31,0,0,0,0,3,male,Bangladesh Premier League,T20,Hasan Mahmud,0,Rangpur Riders,Fortune Barishal,2023-01-10,,6
80ad39ac,1351061,0,0,0,0,0,0,0,0,0,0,0,22,2,1,0,0,9,male,Bangladesh Premier League,T20,Hasan Mahmud,0,Rangpur Riders,Khulna Tigers,2023-01-13,,6
80ad39ac,1351066,1,0,2,0,0,0,0,0,0,1,0,28,0,0,0,0,7,male,Bangladesh Premier League,T20,Hasan Mahmud,0,Rangpur Riders,Khulna Tigers,2023-01-17,,6
80ad39ac,1351069,0,0,1,0,0,0,0,0,0,1,0,33,2,0,0,0,15,male,Bangladesh Premier League,T20,Hasan Mahmud,0,Rangpur Riders,Fortune Barishal,2023-01-19,,6
80ad39ac,1351072,0,0,0,0,0,0,0,0,0,0,0,34,1,0,0,0,5,male,Bangladesh Premier League,T20,Hasan Mahmud,0,Rangpur Riders,Chattogram Challengers,2023-01-23,,6
80ad39ac,1351076,0,0,0,0,0,0,0,0,0,0,0,13,3,1,0,0,19,male,Bangladesh Premier League,T20,Hasan Mahmud,0,Rangpur Riders,Sylhet Strikers,2023-01-27,,6
80ad39ac,1351080,0,0,0,0,0,0,1,0,0,0,0,29,0,0,0,0,5,male,Bangladesh Premier League,T20,Hasan Mahmud,0,Rangpur Riders,Dhaka Dominators,2023-01-30,,6
80ad39ac,1351085,0,0,0,0,0,0,0,0,0,0,0,31,1,0,0,0,10,male,Bangladesh Premier League,T20,Hasan Mahmud,0,Rangpur Riders,Dhaka Dominators,2023-02-03,,6
80ad39ac,1351087,0,0,0,0,0,0,0,0,0,0,0,48,1,1,0,0,5,male,Bangladesh Premier League,T20,Hasan Mahmud,0,Rangpur Riders,Sylhet Strikers,2023-02-04,,6
80ad39ac,1351091,0,0,0,0,0,1,0,0,0,0,0,35,1,1,0,0,9,male,Bangladesh Premier League,T20,Hasan Mahmud,0,Rangpur Riders,Chattogram Challengers,2023-02-08,,6
80ad39ac,1351092,2,0,7,0,0,0,0,0,0,5,0,31,1,0,0,0,9,male,Bangladesh Premier League,T20,Hasan Mahmud,0,Rangpur Riders,Comilla Victorians,2023-02-10,,6
80ad39ac,1351094,0,0,0,0,0,1,0,0,0,0,0,44,0,0,0,0,5,male,Bangladesh Premier League,T20,Hasan Mahmud,0,Rangpur Riders,Fortune Barishal,2023-02-12,,6
80ad39ac,1351096,0,0,0,0,0,0,0,0,0,0,0,34,2,0,0,0,8,male,Bangladesh Premier League,T20,Hasan Mahmud,0,Rangpur Riders,Sylhet Strikers,2023-02-14,,6
80ad39ac,1351400,0,0,0,0,0,0,0,0,0,0,0,26,2,0,0,0,9,male,England tour of Bangladesh,T20,Hasan Mahmud,0,Bangladesh,England,2023-03-09,,6
80ad39ac,1351401,0,0,0,0,0,1,0,0,0,0,0,10,1,1,0,0,6,male,England tour of Bangladesh,T20,Hasan Mahmud,0,Bangladesh,England,2023-03-12,,6
80ad39ac,1351402,0,0,0,0,0,0,0,0,0,0,0,31,0,0,0,0,12,male,England tour of Bangladesh,T20,Hasan Mahmud,0,Bangladesh,England,2023-03-14,,6
80ad39ac,1355718,0,0,0,0,0,0,0,0,0,0,0,0,0,0,0,0,0,male,Ireland tour of Bangladesh,ODI,Hasan Mahmud,0,Bangladesh,Ireland,2023-03-20,,6
80ad39ac,1355719,0,0,0,0,0,0,0,0,0,0,0,32,5,0,3,2,36,male,Ireland tour of Bangladesh,ODI,Hasan Mahmud,0,Bangladesh,Ireland,2023-03-23,,6
80ad39ac,1355720,0,0,0,0,0,0,0,0,0,0,0,21,1,1,0,0,6,male,Ireland tour of Bangladesh,T20,Hasan Mahmud,0,Bangladesh,Ireland,2023-03-27,,6
80ad39ac,1355721,0,0,0,0,0,0,0,0,0,0,0,7,1,0,0,0,6,male,Ireland tour of Bangladesh,T20,Hasan Mahmud,0,Bangladesh,Ireland,2023-03-29,,6
80ad39ac,1355722,2,0,5,0,0,0,0,0,0,3,0,26,0,0,0,0,4,male,Ireland tour of Bangladesh,T20,Hasan Mahmud,0,Bangladesh,Ireland,2023-03-31,,6
80ad39ac,1364124,4,0,5,0,0,0,0,0,0,2,0,22,1,1,0,0,23,male,Ireland v Bangladesh,ODI,Hasan Mahmud,0,Bangladesh,Ireland,2023-05-09,,6
80ad39ac,1364125,0,0,0,0,0,0,0,0,0,0,0,48,2,0,0,0,31,male,ICC Men's Cricket World Cup Super League,ODI,Hasan Mahmud,0,Bangladesh,Ireland,2023-05-12,,6
80ad39ac,1365552,1,0,3,0,0,0,0,0,0,2,0,50,2,1,0,0,32,male,ICC Men's Cricket World Cup Super League,ODI,Hasan Mahmud,0,Bangladesh,Ireland,2023-05-14,,6
80ad39ac,1377012,8,0,18,1,0,0,0,0,0,13,0,38,0,0,0,0,27,male,Afghanistan tour of Bangladesh,ODI,Hasan Mahmud,0,Bangladesh,Afghanistan,2023-07-05,,6
80ad39ac,1377013,4,1,14,1,0,0,0,0,0,13,0,78,2,0,0,0,30,male,Afghanistan tour of Bangladesh,ODI,Hasan Mahmud,lbw,Bangladesh,Afghanistan,2023-07-08,,6
80ad39ac,1377016,0,0,0,0,0,0,0,0,0,0,0,21,0,0,0,0,11,male,Afghanistan tour of Bangladesh,T20,Hasan Mahmud,0,Bangladesh,Afghanistan,2023-07-16,,6
80ad39ac,1388397,0,0,0,0,0,1,0,0,0,0,0,61,1,0,0,1,25,male,Asia Cup,ODI,Hasan Mahmud,0,Bangladesh,Afghanistan,2023-09-03,,6
80ad39ac,1388401,1,0,2,0,0,0,0,0,0,1,0,46,0,0,0,0,20,male,Asia Cup,ODI,Hasan Mahmud,0,Bangladesh,Pakistan,2023-09-06,,6
80ad39ac,1388403,10,0,7,2,0,0,1,0,0,3,0,57,3,1,0,0,30,male,Asia Cup,ODI,Hasan Mahmud,0,Bangladesh,Sri Lanka,2023-09-09,,6
80ad39ac,1395701,0,1,9,0,0,0,0,0,0,9,0,48,1,1,0,1,47,male,New Zealand tour of Bangladesh,ODI,Hasan Mahmud,bowled,Bangladesh,New Zealand,2023-09-23,,6
80ad39ac,1395702,1,1,2,0,0,0,0,0,0,1,0,30,0,0,0,1,23,male,New Zealand tour of Bangladesh,ODI,Hasan Mahmud,0,Bangladesh,New Zealand,2023-09-26,,6
80ad39ac,1384408,0,0,0,0,0,0,0,0,0,0,0,65,1,0,0,0,23,male,ICC Cricket World Cup,ODI,Hasan Mahmud,0,Bangladesh,India,2023-10-19,,6
80ad39ac,1384414,15,1,25,2,0,0,0,0,0,17,0,67,2,0,0,0,13,male,ICC Cricket World Cup,ODI,Hasan Mahmud,0,Bangladesh,South Africa,2023-10-24,,6
80ad39ac,1408102,4,1,12,0,0,0,0,0,0,8,0,28,0,0,0,0,28,male,Bangladesh tour of New Zealand,ODI,Hasan Mahmud,0,Bangladesh,New Zealand,2023-12-17,,6
80ad39ac,1388211,0,1,1,0,0,0,0,0,0,1,0,57,2,0,0,0,20,male,Bangladesh tour of New Zealand,ODI,Hasan Mahmud,bowled,Bangladesh,New Zealand,2023-12-20,,6
80ad39ac,1412276,0,1,1,0,0,0,0,0,0,1,0,25,0,0,0,0,7,male,Bangladesh Premier League,T20,Hasan Mahmud,0,Rangpur Riders,Fortune Barishal,2024-01-20,,6
80ad39ac,1412282,0,0,1,0,0,0,0,0,0,1,0,29,3,1,0,0,10,male,Bangladesh Premier League,T20,Hasan Mahmud,0,Rangpur Riders,Khulna Tigers,2024-01-26,,6
80ad39ac,1412285,0,0,0,0,0,0,0,0,0,0,0,18,2,1,0,0,5,male,Bangladesh Premier League,T20,Hasan Mahmud,0,Rangpur Riders,Durdanto Dhaka,2024-01-27,,6
80ad39ac,1412288,0,0,0,0,0,0,0,0,0,0,0,23,1,0,0,0,5,male,Bangladesh Premier League,T20,Hasan Mahmud,0,Rangpur Riders,Comilla Victorians,2024-01-30,,6
80ad39ac,1412293,0,0,0,0,0,1,0,0,0,0,0,12,1,0,0,0,10,male,Bangladesh Premier League,T20,Hasan Mahmud,0,Rangpur Riders,Sylhet Strikers,2024-02-03,,6
80ad39ac,1412294,0,0,0,0,0,0,0,0,0,0,0,21,2,0,0,0,5,male,Bangladesh Premier League,T20,Hasan Mahmud,0,Rangpur Riders,Durdanto Dhaka,2024-02-06,,6
80ad39ac,1412300,0,0,0,0,0,0,0,0,0,0,0,18,0,0,0,0,8,male,Bangladesh Premier League,T20,Hasan Mahmud,0,Rangpur Riders,Chattogram Challengers,2024-02-10,,6
80ad39ac,1412303,0,0,0,0,0,1,0,0,0,0,0,29,1,0,0,0,9,male,Bangladesh Premier League,T20,Hasan Mahmud,0,Rangpur Riders,Khulna Tigers,2024-02-13,,6
80ad39ac,1412307,8,0,2,2,0,1,0,0,0,0,0,42,1,0,0,0,15,male,Bangladesh Premier League,T20,Hasan Mahmud,0,Rangpur Riders,Chattogram Challengers,2024-02-16,,6
80ad39ac,1412311,4,0,5,1,0,0,0,0,0,4,0,31,2,2,0,0,11,male,Bangladesh Premier League,T20,Hasan Mahmud,0,Rangpur Riders,Fortune Barishal,2024-02-19,,6
80ad39ac,1412313,1,1,3,0,0,0,0,0,0,2,0,51,0,0,0,0,3,male,Bangladesh Premier League,T20,Hasan Mahmud,run out,Rangpur Riders,Comilla Victorians,2024-02-20,,6
80ad39ac,1412317,0,0,0,0,0,1,0,0,0,0,0,32,0,0,0,0,4,male,Bangladesh Premier League,T20,Hasan Mahmud,0,Rangpur Riders,Comilla Victorians,2024-02-26,,6
80ad39ac,1412318,0,0,0,0,0,0,0,0,0,0,0,21,0,0,0,0,7,male,Bangladesh Premier League,T20,Hasan Mahmud,0,Rangpur Riders,Fortune Barishal,2024-02-28,,6
80ad39ac,1419831,8,1,32,1,0,0,0,1,0,28,0,160,6,2,0,6,160,male,Sri Lanka tour of Bangladesh,Test,Hasan Mahmud,0,Bangladesh,Sri Lanka,2024-03-30,2024-03-31,6
80ad39ac,1425133,0,0,0,0,0,0,0,0,0,0,0,20,0,0,0,0,11,male,Bangladesh tour of United States of America,T20,Hasan Mahmud,0,Bangladesh,United States of America,2024-05-25,,6
80ad39ac,1442213,0,1,18,0,0,0,0,0,0,18,0,105,3,0,0,5,148,male,Bangladesh tour of Pakistan,Test,Hasan Mahmud,0,Bangladesh,Pakistan,2024-08-21,2024-08-22,6
80ad39ac,1442214,13,0,51,1,0,0,0,0,0,44,0,105,5,1,0,3,102,male,Bangladesh tour of Pakistan,Test,Hasan Mahmud,0,Bangladesh,Pakistan,2024-08-30,2024-08-31,6
80ad39ac,1439891,16,2,36,3,0,0,0,0,0,29,0,138,5,0,0,4,146,male,Bangladesh tour of India,Test,Hasan Mahmud,0,Bangladesh,India,2024-09-19,2024-09-20,6
80ad39ac,1439892,5,2,13,1,0,3,0,0,0,11,0,66,1,1,0,0,12,male,Bangladesh tour of India,Test,Hasan Mahmud,0,Bangladesh,India,2024-09-27,2024-09-28,6
80ad39ac,1453293,8,0,16,0,0,1,0,0,0,12,0,81,3,2,0,3,107,male,South Africa tour of Bangladesh,Test,Hasan Mahmud,0,Bangladesh,South Africa,2024-10-21,2024-10-22,6
80ad39ac,1453294,41,1,37,1,4,0,0,0,0,24,0,84,0,0,0,1,93,male,South Africa tour of Bangladesh,Test,Hasan Mahmud,bowled,Bangladesh,South Africa,2024-10-29,2024-10-30,6
