player_id,match_id,runs_scored,player_out,balls_faced,fours_scored,sixes_scored,catches_taken,run_out_direct,run_out_throw,stumpings_done,dot_balls_as_batsman,order_seenballs_bowled,runs_conceded,wickets_taken,bowled_done,lbw_done,maidens,dot_balls_as_bowler,gender,series_name,match_type,name,out_kind,player_team,opposition_team,start_date,end_date,balls_per_over
5d428b3d,1426759,0,1,3,0,0,0,0,0,0,3,0,0,0,0,0,0,0,female,Women's Asia Cup,T20,Ishma Tanjim,0,Bangladesh,Sri Lanka,2024-07-20,,6
5d428b3d,1426763,16,1,22,0,0,0,0,0,0,9,0,0,0,0,0,0,0,female,Women's Asia Cup,T20,Ishma Tanjim,bowled,Bangladesh,Thailand,2024-07-22,,6
5d428b3d,1426766,0,0,0,0,0,0,0,0,0,0,0,0,0,0,0,0,0,female,Women's Asia Cup,T20,Ishma Tanjim,0,Bangladesh,Malaysia,2024-07-24,,6
5d428b3d,1426768,8,1,10,2,0,0,0,0,0,8,0,0,0,0,0,0,0,female,Women's Asia Cup,T20,Ishma Tanjim,caught,Bangladesh,India,2024-07-26,,6
