player_id,match_id,runs_scored,player_out,balls_faced,fours_scored,sixes_scored,catches_taken,run_out_direct,run_out_throw,stumpings_done,dot_balls_as_batsman,order_seenballs_bowled,runs_conceded,wickets_taken,bowled_done,lbw_done,maidens,dot_balls_as_bowler,gender,series_name,match_type,name,out_kind,player_team,opposition_team,start_date,end_date,balls_per_over
e15faa51,64036,10,2,48,1,0,2,0,0,0,43,0,0,0,0,0,0,0,male,Bangladesh tour of Australia,Test,Javed Omar,caught,Bangladesh,Australia,2003-07-18,2003-07-19,6
e15faa51,64831,11,1,55,1,0,0,0,0,0,47,0,0,0,0,0,0,0,male,Bangladesh tour of Australia,ODI,Javed Omar,caught,Bangladesh,Australia,2003-08-03,,6
e15faa51,64832,16,1,56,1,0,0,0,0,0,48,0,0,0,0,0,0,0,male,Bangladesh tour of Australia,ODI,Javed Omar,lbw,Bangladesh,Australia,2003-08-06,,6
e15faa51,64045,54,2,138,8,0,0,0,0,0,116,0,0,0,0,0,0,0,male,Bangladesh tour of Pakistan,Test,Javed Omar,caught,Bangladesh,Pakistan,2003-09-03,2003-09-04,6
e15faa51,64052,30,2,103,2,0,0,0,0,0,86,0,0,0,0,0,0,0,male,England tour of Bangladesh,Test,Javed Omar,0,Bangladesh,England,2003-10-21,2003-10-22,6
e15faa51,64053,20,2,56,3,0,0,0,0,0,47,0,0,0,0,0,0,0,male,England tour of Bangladesh,Test,Javed Omar,0,Bangladesh,England,2003-10-29,2003-10-30,6
e15faa51,65708,62,0,88,7,0,0,0,0,0,54,0,0,0,0,0,0,0,male,Asia Cup,ODI,Javed Omar,0,Bangladesh,Pakistan,2004-07-17,,6
e15faa51,66203,2,1,10,0,0,0,0,0,0,8,0,0,0,0,0,0,0,male,ICC Champions Trophy,ODI,Javed Omar,caught,Bangladesh,West Indies,2004-09-15,,6
e15faa51,64104,59,2,163,5,0,0,0,0,0,131,0,0,0,0,0,0,0,male,New Zealand tour of Bangladesh,Test,Javed Omar,caught,Bangladesh,New Zealand,2004-10-26,2004-10-27,6
e15faa51,64907,3,1,12,0,0,0,0,0,0,10,0,0,0,0,0,0,0,male,New Zealand tour of Bangladesh,ODI,Javed Omar,0,Bangladesh,New Zealand,2004-11-02,,6
e15faa51,64111,8,2,15,2,0,0,0,0,0,13,0,0,0,0,0,0,0,male,India tour of Bangladesh,Test,Javed Omar,lbw,Bangladesh,India,2004-12-10,2004-12-11,6
e15faa51,210366,108,2,191,17,0,0,0,0,0,146,0,0,0,0,0,0,0,male,Bangladesh tour of England,Test,Javed Omar,0,Bangladesh,England,2005-06-03,2005-06-04,6
e15faa51,211244,13,1,19,2,0,0,0,0,0,14,0,0,0,0,0,0,0,male,NatWest Challenge,ODI,Javed Omar,0,Bangladesh,England,2005-06-16,,6
e15faa51,211364,19,1,52,3,0,0,0,0,0,42,0,0,0,0,0,0,0,male,NatWest Challenge,ODI,Javed Omar,caught,Bangladesh,Australia,2005-06-18,,6
e15faa51,211824,3,1,20,0,0,0,0,0,0,17,0,0,0,0,0,0,0,male,NatWest Challenge,ODI,Javed Omar,lbw,Bangladesh,Australia,2005-06-25,,6
e15faa51,211860,81,1,154,5,0,0,0,0,0,101,0,0,0,0,0,0,0,male,NatWest Challenge,ODI,Javed Omar,0,Bangladesh,England,2005-06-26,,6
e15faa51,212253,0,1,11,0,0,0,0,0,0,11,0,0,0,0,0,0,0,male,NatWest Challenge,ODI,Javed Omar,caught,Bangladesh,Australia,2005-06-30,,6
e15faa51,217647,14,0,16,3,0,1,0,0,0,11,0,0,0,0,0,0,0,male,Bangladesh tour of Sri Lanka,ODI,Javed Omar,0,Bangladesh,Sri Lanka,2005-08-31,,6
e15faa51,218813,39,2,54,6,0,0,0,0,0,37,0,0,0,0,0,0,0,male,Bangladesh tour of Sri Lanka,Test,Javed Omar,caught,Bangladesh,Sri Lanka,2005-09-12,2005-09-13,6
e15faa51,219612,27,2,52,3,0,0,0,0,0,39,0,0,0,0,0,0,0,male,Bangladesh tour of Sri Lanka,Test,Javed Omar,bowled,Bangladesh,Sri Lanka,2005-09-20,2005-09-21,6
e15faa51,238169,40,1,67,8,0,0,0,0,0,52,0,0,0,0,0,0,0,male,Sri Lanka in Bangladesh ODI Series,ODI,Javed Omar,0,Bangladesh,Sri Lanka,2006-02-22,,6
e15faa51,238170,24,1,44,5,0,0,0,0,0,36,0,0,0,0,0,0,0,male,Sri Lanka in Bangladesh ODI Series,ODI,Javed Omar,0,Bangladesh,Sri Lanka,2006-02-25,,6
e15faa51,238167,35,2,64,6,0,1,0,0,0,48,0,0,0,0,0,0,0,male,Sri Lanka tour of Bangladesh,Test,Javed Omar,0,Bangladesh,Sri Lanka,2006-02-28,2006-03-01,6
e15faa51,238168,48,2,111,7,0,0,0,0,0,87,0,0,0,0,0,0,0,male,Sri Lanka tour of Bangladesh,Test,Javed Omar,0,Bangladesh,Sri Lanka,2006-03-08,2006-03-09,6
e15faa51,238171,45,2,61,8,0,0,0,0,0,42,0,0,0,0,0,0,0,male,Australia tour of Bangladesh,Test,Javed Omar,0,Bangladesh,Australia,2006-04-09,2006-04-10,6
e15faa51,238174,34,1,59,5,0,0,0,0,0,43,0,0,0,0,0,0,0,male,Australia in Bangladesh ODI Series,ODI,Javed Omar,caught,Bangladesh,Australia,2006-04-26,,6
e15faa51,247487,22,1,51,3,0,0,0,0,0,41,0,0,0,0,0,0,0,male,ICC World Cup,ODI,Javed Omar,caught,Bangladesh,New Zealand,2007-04-02,,6
e15faa51,247490,17,1,43,2,0,0,0,0,0,33,0,0,0,0,0,0,0,male,ICC World Cup,ODI,Javed Omar,caught,Bangladesh,South Africa,2007-04-07,,6
e15faa51,247502,16,1,52,1,0,1,0,0,0,39,0,0,0,0,0,0,0,male,ICC World Cup,ODI,Javed Omar,caught,Bangladesh,West Indies,2007-04-19,,6
e15faa51,282688,80,1,120,7,2,0,0,0,0,76,0,0,0,0,0,0,0,male,India in Bangladesh ODI Series,ODI,Javed Omar,run out,Bangladesh,India,2007-05-10,,6
e15faa51,282689,11,1,34,1,0,1,0,0,0,29,0,0,0,0,0,0,0,male,India in Bangladesh ODI Series,ODI,Javed Omar,0,Bangladesh,India,2007-05-12,,6
e15faa51,282691,59,1,99,9,1,1,0,0,0,74,0,0,0,0,0,0,0,male,India tour of Bangladesh,Test,Javed Omar,lbw,Bangladesh,India,2007-05-18,2007-05-19,6
e15faa51,282692,0,2,2,0,0,1,0,0,0,2,0,0,0,0,0,0,0,male,India tour of Bangladesh,Test,Javed Omar,caught,Bangladesh,India,2007-05-25,2007-05-26,6
e15faa51,293478,70,2,140,11,0,0,0,0,0,108,0,0,0,0,0,0,0,male,Bangladesh tour of Sri Lanka,Test,Javed Omar,lbw,Bangladesh,Sri Lanka,2007-06-25,2007-06-26,6
e15faa51,293479,36,2,46,7,0,1,0,0,0,33,0,0,0,0,0,0,0,male,Bangladesh tour of Sri Lanka,Test,Javed Omar,lbw,Bangladesh,Sri Lanka,2007-07-03,2007-07-04,6
e15faa51,293480,30,2,67,6,0,0,0,0,0,57,0,0,0,0,0,0,0,male,Bangladesh tour of Sri Lanka,Test,Javed Omar,caught,Bangladesh,Sri Lanka,2007-07-11,2007-07-12,6
e15faa51,293483,0,1,4,0,0,0,0,0,0,4,0,0,0,0,0,0,0,male,Bangladesh in Sri Lanka ODI Series,ODI,Javed Omar,caught,Bangladesh,Sri Lanka,2007-07-25,,6
