player_id,match_id,runs_scored,player_out,balls_faced,fours_scored,sixes_scored,catches_taken,run_out_direct,run_out_throw,stumpings_done,dot_balls_as_batsman,order_seenballs_bowled,runs_conceded,wickets_taken,bowled_done,lbw_done,maidens,dot_balls_as_bowler,gender,series_name,match_type,name,out_kind,player_team,opposition_team,start_date,end_date,balls_per_over
ade071c5,65239,1,1,8,0,0,1,0,0,0,7,0,0,0,0,0,0,0,male,ICC World Cup,ODI,Khaled Mashud,0,Bangladesh,Canada,2003-02-11,,6
ade071c5,65249,0,0,0,0,0,0,0,1,0,0,0,0,0,0,0,0,0,male,ICC World Cup,ODI,Khaled Mashud,0,Bangladesh,West Indies,2003-02-18,,6
ade071c5,65254,29,1,69,3,0,0,0,0,0,50,0,0,0,0,0,0,0,male,ICC World Cup,ODI,Khaled Mashud,0,Bangladesh,South Africa,2003-02-22,,6
ade071c5,65261,35,0,55,5,0,0,0,0,0,35,0,0,0,0,0,0,0,male,ICC World Cup,ODI,Khaled Mashud,0,Bangladesh,New Zealand,2003-02-26,,6
ade071c5,65267,14,1,44,1,0,1,0,0,0,36,0,0,0,0,0,0,0,male,ICC World Cup,ODI,Khaled Mashud,0,Bangladesh,Kenya,2003-03-01,,6
ade071c5,64036,17,2,74,2,0,0,0,0,0,65,0,0,0,0,0,0,0,male,Bangladesh tour of Australia,Test,Khaled Mashud,lbw,Bangladesh,Australia,2003-07-18,2003-07-19,6
ade071c5,64830,18,1,42,1,0,0,0,0,0,31,0,0,0,0,0,0,0,male,Bangladesh tour of Australia,ODI,Khaled Mashud,lbw,Bangladesh,Australia,2003-08-02,,6
ade071c5,64045,57,2,130,5,0,3,0,1,0,100,0,0,0,0,0,0,0,male,Bangladesh tour of Pakistan,Test,Khaled Mashud,caught,Bangladesh,Pakistan,2003-09-03,2003-09-04,6
ade071c5,64833,14,1,24,2,0,0,0,0,0,17,0,0,0,0,0,0,0,male,Bangladesh tour of Pakistan,ODI,Khaled Mashud,lbw,Bangladesh,Pakistan,2003-09-09,,6
ade071c5,64836,0,1,5,0,0,0,0,0,0,5,0,0,0,0,0,0,0,male,Bangladesh tour of Pakistan,ODI,Khaled Mashud,0,Bangladesh,Pakistan,2003-09-18,,6
ade071c5,64837,2,0,6,0,0,0,0,0,2,4,0,0,0,0,0,0,0,male,Bangladesh tour of Pakistan,ODI,Khaled Mashud,0,Bangladesh,Pakistan,2003-09-21,,6
ade071c5,64052,58,2,170,5,0,3,0,0,1,140,0,0,0,0,0,0,0,male,England tour of Bangladesh,Test,Khaled Mashud,0,Bangladesh,England,2003-10-21,2003-10-22,6
ade071c5,64053,15,2,34,1,0,4,0,1,0,28,0,0,0,0,0,0,0,male,England tour of Bangladesh,Test,Khaled Mashud,0,Bangladesh,England,2003-10-29,2003-10-30,6
ade071c5,64843,13,1,47,1,0,0,0,0,1,40,0,0,0,0,0,0,0,male,England tour of Bangladesh,ODI,Khaled Mashud,0,Bangladesh,England,2003-11-07,,6
ade071c5,64844,4,1,9,0,0,0,0,0,0,5,0,0,0,0,0,0,0,male,England tour of Bangladesh,ODI,Khaled Mashud,0,Bangladesh,England,2003-11-10,,6
ade071c5,64845,16,1,36,0,0,1,0,0,0,22,0,0,0,0,0,0,0,male,England tour of Bangladesh,ODI,Khaled Mashud,0,Bangladesh,England,2003-11-12,,6
ade071c5,64881,2,1,10,0,0,2,0,0,0,8,0,0,0,0,0,0,0,male,Bangladesh tour of Zimbabwe,ODI,Khaled Mashud,caught,Bangladesh,Zimbabwe,2004-03-14,,6
ade071c5,64896,30,0,79,0,0,2,0,0,1,58,0,0,0,0,0,0,0,male,Bangladesh tour of West Indies,ODI,Khaled Mashud,0,Bangladesh,West Indies,2004-05-15,,6
ade071c5,64897,9,1,10,0,0,0,0,0,0,4,0,0,0,0,0,0,0,male,Bangladesh tour of West Indies,ODI,Khaled Mashud,0,Bangladesh,West Indies,2004-05-16,,6
ade071c5,64898,0,0,0,0,0,0,0,0,0,0,0,0,0,0,0,0,0,male,Bangladesh tour of West Indies,ODI,Khaled Mashud,0,Bangladesh,West Indies,2004-05-19,,6
ade071c5,65708,8,1,13,1,0,0,0,0,1,8,0,0,0,0,0,0,0,male,Asia Cup,ODI,Khaled Mashud,bowled,Bangladesh,Pakistan,2004-07-17,,6
ade071c5,65714,19,1,16,1,0,0,0,0,0,5,0,0,0,0,0,0,0,male,Asia Cup,ODI,Khaled Mashud,0,Bangladesh,Sri Lanka,2004-07-23,,6
ade071c5,66203,0,1,9,0,0,1,0,0,0,9,0,0,0,0,0,0,0,male,ICC Champions Trophy,ODI,Khaled Mashud,caught,Bangladesh,West Indies,2004-09-15,,6
ade071c5,64104,69,2,120,12,0,0,0,0,0,88,0,0,0,0,0,0,0,male,New Zealand tour of Bangladesh,Test,Khaled Mashud,0,Bangladesh,New Zealand,2004-10-26,2004-10-27,6
ade071c5,64907,2,1,6,0,0,1,0,0,1,5,0,0,0,0,0,0,0,male,New Zealand tour of Bangladesh,ODI,Khaled Mashud,0,Bangladesh,New Zealand,2004-11-02,,6
ade071c5,64111,13,2,29,2,0,0,0,0,1,24,0,0,0,0,0,0,0,male,India tour of Bangladesh,Test,Khaled Mashud,0,Bangladesh,India,2004-12-10,2004-12-11,6
ade071c5,64914,50,0,42,4,1,2,0,0,1,16,0,0,0,0,0,0,0,male,India tour of Bangladesh,ODI,Khaled Mashud,0,Bangladesh,India,2004-12-23,,6
ade071c5,64917,10,1,18,0,0,1,0,0,0,11,0,0,0,0,0,0,0,male,India tour of Bangladesh,ODI,Khaled Mashud,0,Bangladesh,India,2004-12-27,,6
ade071c5,64919,23,1,25,1,0,0,0,0,1,7,0,0,0,0,0,0,0,male,Zimbabwe tour of Bangladesh,ODI,Khaled Mashud,run out,Bangladesh,Zimbabwe,2005-01-24,,6
ade071c5,64923,0,0,0,0,0,0,0,0,1,0,0,0,0,0,0,0,0,male,Zimbabwe tour of Bangladesh,ODI,Khaled Mashud,0,Bangladesh,Zimbabwe,2005-01-31,,6
ade071c5,210366,47,2,127,4,0,1,0,0,0,104,0,0,0,0,0,0,0,male,Bangladesh tour of England,Test,Khaled Mashud,0,Bangladesh,England,2005-06-03,2005-06-04,6
ade071c5,211244,1,1,11,0,0,0,0,0,0,10,0,0,0,0,0,0,0,male,NatWest Challenge,ODI,Khaled Mashud,0,Bangladesh,England,2005-06-16,,6
ade071c5,211364,0,0,0,0,0,0,0,0,0,0,0,0,0,0,0,0,0,male,NatWest Challenge,ODI,Khaled Mashud,0,Bangladesh,Australia,2005-06-18,,6
ade071c5,211824,4,1,12,0,0,0,0,0,0,8,0,0,0,0,0,0,0,male,NatWest Challenge,ODI,Khaled Mashud,bowled,Bangladesh,Australia,2005-06-25,,6
ade071c5,211860,42,0,44,4,0,1,0,0,0,18,0,0,0,0,0,0,0,male,NatWest Challenge,ODI,Khaled Mashud,0,Bangladesh,England,2005-06-26,,6
ade071c5,212253,71,0,108,4,0,2,0,0,0,57,0,0,0,0,0,0,0,male,NatWest Challenge,ODI,Khaled Mashud,0,Bangladesh,Australia,2005-06-30,,6
ade071c5,217647,39,0,86,5,0,0,0,0,0,64,0,0,0,0,0,0,0,male,Bangladesh tour of Sri Lanka,ODI,Khaled Mashud,0,Bangladesh,Sri Lanka,2005-08-31,,6
ade071c5,218813,17,2,49,2,0,4,0,0,0,41,0,0,0,0,0,0,0,male,Bangladesh tour of Sri Lanka,Test,Khaled Mashud,caught,Bangladesh,Sri Lanka,2005-09-12,2005-09-13,6
ade071c5,219612,44,2,113,5,0,2,0,0,0,90,0,0,0,0,0,0,0,male,Bangladesh tour of Sri Lanka,Test,Khaled Mashud,0,Bangladesh,Sri Lanka,2005-09-20,2005-09-21,6
ade071c5,237574,0,1,1,0,0,0,0,0,0,1,0,0,0,0,0,0,0,male,Sri Lanka in Bangladesh ODI Series,ODI,Khaled Mashud,0,Bangladesh,Sri Lanka,2006-02-20,,6
ade071c5,238169,2,0,11,0,0,3,0,0,0,9,0,0,0,0,0,0,0,male,Sri Lanka in Bangladesh ODI Series,ODI,Khaled Mashud,0,Bangladesh,Sri Lanka,2006-02-22,,6
ade071c5,238170,19,0,23,2,0,0,0,0,0,11,0,0,0,0,0,0,0,male,Sri Lanka in Bangladesh ODI Series,ODI,Khaled Mashud,0,Bangladesh,Sri Lanka,2006-02-25,,6
ade071c5,238167,21,2,105,1,0,1,0,1,0,89,0,0,0,0,0,0,0,male,Sri Lanka tour of Bangladesh,Test,Khaled Mashud,0,Bangladesh,Sri Lanka,2006-02-28,2006-03-01,6
ade071c5,238168,18,2,67,0,0,3,0,0,0,55,0,0,0,0,0,0,0,male,Sri Lanka tour of Bangladesh,Test,Khaled Mashud,caught,Bangladesh,Sri Lanka,2006-03-08,2006-03-09,6
ade071c5,238171,17,2,74,0,0,3,0,0,0,62,0,0,0,0,0,0,0,male,Australia tour of Bangladesh,Test,Khaled Mashud,bowled,Bangladesh,Australia,2006-04-09,2006-04-10,6
ade071c5,238173,27,1,36,2,0,0,0,0,0,17,0,0,0,0,0,0,0,male,Australia in Bangladesh ODI Series,ODI,Khaled Mashud,0,Bangladesh,Australia,2006-04-23,,6
ade071c5,238174,36,1,62,1,0,0,0,0,0,34,0,0,0,0,0,0,0,male,Australia in Bangladesh ODI Series,ODI,Khaled Mashud,0,Bangladesh,Australia,2006-04-26,,6
ade071c5,238175,11,1,31,0,0,0,0,0,0,21,0,0,0,0,0,0,0,male,Australia in Bangladesh ODI Series,ODI,Khaled Mashud,0,Bangladesh,Australia,2006-04-28,,6
ade071c5,249207,0,0,0,0,0,2,0,2,0,0,0,0,0,0,0,0,0,male,Bangladesh in Zimbabwe ODI Series,ODI,Khaled Mashud,0,Bangladesh,Zimbabwe,2006-08-06,,6
ade071c5,249378,0,0,0,0,0,3,0,0,2,0,0,0,0,0,0,0,0,male,Bangladesh in Kenya ODI Series,ODI,Khaled Mashud,0,Bangladesh,Kenya,2006-08-12,,6
ade071c5,249379,13,1,46,1,0,1,0,0,1,38,0,0,0,0,0,0,0,male,Bangladesh in Kenya ODI Series,ODI,Khaled Mashud,caught,Bangladesh,Kenya,2006-08-13,,6
ade071c5,249380,0,0,0,0,0,1,0,0,0,0,0,0,0,0,0,0,0,male,Bangladesh in Kenya ODI Series,ODI,Khaled Mashud,0,Bangladesh,Kenya,2006-08-15,,6
ade071c5,249739,8,1,8,1,0,0,0,0,0,4,0,0,0,0,0,0,0,male,ICC Champions Trophy,ODI,Khaled Mashud,run out,Bangladesh,Sri Lanka,2006-10-07,,6
ade071c5,249742,22,0,59,0,0,0,0,0,0,39,0,0,0,0,0,0,0,male,ICC Champions Trophy,ODI,Khaled Mashud,0,Bangladesh,West Indies,2006-10-11,,6
ade071c5,249743,0,0,0,0,0,0,0,1,1,0,0,0,0,0,0,0,0,male,ICC Champions Trophy,ODI,Khaled Mashud,0,Bangladesh,Zimbabwe,2006-10-13,,6
ade071c5,264068,0,0,0,0,0,2,0,0,1,0,0,0,0,0,0,0,0,male,Zimbabwe in Bangladesh ODI Series,ODI,Khaled Mashud,0,Bangladesh,Zimbabwe,2006-12-03,,6
ade071c5,264069,11,1,28,0,0,1,0,0,0,20,0,0,0,0,0,0,0,male,Zimbabwe in Bangladesh ODI Series,ODI,Khaled Mashud,bowled,Bangladesh,Zimbabwe,2006-12-05,,6
ade071c5,282691,2,1,19,0,0,2,0,0,1,17,0,0,0,0,0,0,0,male,India tour of Bangladesh,Test,Khaled Mashud,0,Bangladesh,India,2007-05-18,2007-05-19,6
ade071c5,282692,33,2,105,2,0,0,0,0,0,88,0,0,0,0,0,0,0,male,India tour of Bangladesh,Test,Khaled Mashud,caught,Bangladesh,India,2007-05-25,2007-05-26,6
ade071c5,293478,13,1,42,0,0,1,0,0,0,33,0,0,0,0,0,0,0,male,Bangladesh tour of Sri Lanka,Test,Khaled Mashud,bowled,Bangladesh,Sri Lanka,2007-06-25,2007-06-26,6
