player_id,match_id,runs_scored,player_out,balls_faced,fours_scored,sixes_scored,catches_taken,run_out_direct,run_out_throw,stumpings_done,dot_balls_as_batsman,order_seenballs_bowled,runs_conceded,wickets_taken,bowled_done,lbw_done,maidens,dot_balls_as_bowler,gender,series_name,match_type,name,out_kind,player_team,opposition_team,start_date,end_date,balls_per_over
5dbdecf1,1121248,0,0,0,0,0,0,0,0,0,0,0,34,2,1,0,0,10,male,Bangladesh Premier League,T20,Khaled Ahmed,0,Dhaka Dynamites,Khulna Titans,2017-11-05,,6
5dbdecf1,1121254,0,0,0,0,0,0,0,0,0,0,0,7,0,0,0,0,3,male,Bangladesh Premier League,T20,Khaled Ahmed,0,Dhaka Dynamites,Sylhet Sixers,2017-11-11,,6
5dbdecf1,1121257,0,0,0,0,0,0,0,0,0,0,0,9,0,0,0,0,3,male,Bangladesh Premier League,T20,Khaled Ahmed,0,Dhaka Dynamites,Khulna Titans,2017-11-14,,6
5dbdecf1,1121290,8,0,9,1,0,0,0,0,0,4,0,39,0,0,0,0,2,male,Bangladesh Premier League,T20,Khaled Ahmed,0,Dhaka Dynamites,Rangpur Riders,2017-12-12,,6
5dbdecf1,1153640,0,0,0,0,0,1,0,0,0,0,0,98,0,0,0,11,135,male,Zimbabwe tour of Bangladesh,Test,Khaled Ahmed,0,Bangladesh,Zimbabwe,2018-11-11,2018-11-12,6
5dbdecf1,1169379,0,0,0,0,0,0,0,0,0,0,0,15,1,0,0,0,16,male,Bangladesh Premier League,T20,Khaled Ahmed,0,Chittagong Vikings,Rangpur Riders,2019-01-05,,6
5dbdecf1,1169385,0,0,0,0,0,0,0,0,0,0,0,33,1,0,0,0,3,male,Bangladesh Premier League,T20,Khaled Ahmed,0,Chittagong Vikings,Sylhet Sixers,2019-01-09,,6
5dbdecf1,1169389,0,0,0,0,0,0,0,0,0,0,0,28,1,0,0,0,8,male,Bangladesh Premier League,T20,Khaled Ahmed,0,Chittagong Vikings,Khulna Titans,2019-01-12,,6
5dbdecf1,1169392,0,0,0,0,0,0,0,0,0,0,0,34,4,2,0,0,11,male,Bangladesh Premier League,T20,Khaled Ahmed,0,Chittagong Vikings,Comilla Victorians,2019-01-13,,6
5dbdecf1,1169400,0,0,0,0,0,1,0,0,0,0,0,30,2,0,0,0,12,male,Bangladesh Premier League,T20,Khaled Ahmed,0,Chittagong Vikings,Khulna Titans,2019-01-19,,6
5dbdecf1,1169402,0,0,0,0,0,0,0,0,0,0,0,28,1,0,0,0,11,male,Bangladesh Premier League,T20,Khaled Ahmed,0,Chittagong Vikings,Dhaka Dynamites,2019-01-21,,6
5dbdecf1,1169405,0,0,0,0,0,0,0,0,0,0,0,30,2,0,0,0,12,male,Bangladesh Premier League,T20,Khaled Ahmed,0,Chittagong Vikings,Rajshahi Kings,2019-01-23,,6
5dbdecf1,1169408,6,0,6,0,0,1,0,0,0,1,0,50,0,0,0,0,5,male,Bangladesh Premier League,T20,Khaled Ahmed,0,Chittagong Vikings,Rangpur Riders,2019-01-25,,6
5dbdecf1,1169410,0,0,0,0,0,0,0,0,0,0,0,32,2,0,0,0,8,male,Bangladesh Premier League,T20,Khaled Ahmed,0,Chittagong Vikings,Rajshahi Kings,2019-01-26,,6
5dbdecf1,1169413,0,0,0,0,0,0,0,0,0,0,0,25,1,0,0,0,13,male,Bangladesh Premier League,T20,Khaled Ahmed,0,Chittagong Vikings,Comilla Victorians,2019-01-29,,6
5dbdecf1,1169415,0,0,0,0,0,0,0,0,0,0,0,36,0,0,0,0,9,male,Bangladesh Premier League,T20,Khaled Ahmed,0,Chittagong Vikings,Dhaka Dynamites,2019-01-30,,6
5dbdecf1,1169418,0,1,1,0,0,0,0,0,0,1,0,21,0,0,0,0,12,male,Bangladesh Premier League,T20,Khaled Ahmed,bowled,Chittagong Vikings,Sylhet Sixers,2019-02-01,,6
5dbdecf1,1169421,0,0,0,0,0,0,0,0,0,0,0,20,3,0,1,1,13,male,Bangladesh Premier League,T20,Khaled Ahmed,0,Chittagong Vikings,Dhaka Dynamites,2019-02-04,,6
5dbdecf1,1153847,4,1,19,1,0,1,0,0,0,18,0,150,0,0,0,5,119,male,Bangladesh tour of New Zealand,Test,Khaled Ahmed,0,Bangladesh,New Zealand,2019-02-28,2019-03-01,6
5dbdecf1,1277978,0,2,9,0,0,0,0,0,0,9,0,49,1,0,1,5,82,male,Pakistan tour of Bangladesh,Test,Khaled Ahmed,caught,Bangladesh,Pakistan,2021-12-04,2021-12-05,6
5dbdecf1,1296698,0,0,0,0,0,1,0,0,0,0,0,41,3,2,0,0,9,male,Bangladesh Premier League,T20,Khaled Ahmed,0,Khulna Tigers,Fortune Barishal,2022-01-31,,6
5dbdecf1,1296701,0,0,0,0,0,0,0,0,0,0,0,20,2,0,0,0,13,male,Bangladesh Premier League,T20,Khaled Ahmed,0,Khulna Tigers,Sylhet Sunrisers,2022-02-03,,6
5dbdecf1,1296706,0,0,0,0,0,0,0,0,0,0,0,29,1,0,0,0,8,male,Bangladesh Premier League,T20,Khaled Ahmed,0,Khulna Tigers,Sylhet Sunrisers,2022-02-07,,6
5dbdecf1,1296709,0,0,0,0,0,0,0,0,0,0,0,29,1,0,0,0,9,male,Bangladesh Premier League,T20,Khaled Ahmed,0,Khulna Tigers,Minister Group Dhaka,2022-02-09,,6
5dbdecf1,1296711,8,1,10,0,1,0,0,0,0,7,0,37,1,0,0,0,9,male,Bangladesh Premier League,T20,Khaled Ahmed,0,Khulna Tigers,Comilla Victorians,2022-02-11,,6
5dbdecf1,1296714,0,0,0,0,0,0,0,0,0,0,0,34,0,0,0,0,7,male,Bangladesh Premier League,T20,Khaled Ahmed,0,Khulna Tigers,Comilla Victorians,2022-02-12,,6
5dbdecf1,1296715,0,0,0,0,0,0,0,0,0,0,0,42,2,1,0,0,11,male,Bangladesh Premier League,T20,Khaled Ahmed,0,Khulna Tigers,Chattogram Challengers,2022-02-14,,6
5dbdecf1,1277100,0,2,9,0,0,0,0,0,0,9,0,125,4,0,1,4,179,male,Bangladesh tour of South Africa,Test,Khaled Ahmed,caught,Bangladesh,South Africa,2022-03-31,2022-04-01,6
5dbdecf1,1277101,0,1,4,0,0,0,0,0,0,4,0,140,4,1,0,6,167,male,Bangladesh tour of South Africa,Test,Khaled Ahmed,0,Bangladesh,South Africa,2022-04-08,2022-04-09,6
5dbdecf1,1308488,0,0,4,0,0,0,0,0,0,4,0,107,0,0,0,3,97,male,Sri Lanka tour of Bangladesh,Test,Khaled Ahmed,0,Bangladesh,Sri Lanka,2022-05-15,2022-05-16,6
5dbdecf1,1308489,0,2,3,0,0,0,0,0,0,3,0,87,0,0,0,3,97,male,Sri Lanka tour of Bangladesh,Test,Khaled Ahmed,bowled,Bangladesh,Sri Lanka,2022-05-23,2022-05-24,6
5dbdecf1,1317147,0,1,8,0,0,0,0,0,0,8,0,91,5,1,1,4,135,male,Bangladesh tour of West Indies,Test,Khaled Ahmed,0,Bangladesh,West Indies,2022-06-16,2022-06-17,6
5dbdecf1,1317148,1,1,6,0,0,0,0,0,0,5,0,124,5,2,0,3,147,male,Bangladesh tour of West Indies,Test,Khaled Ahmed,0,Bangladesh,West Indies,2022-06-24,2022-06-25,6
5dbdecf1,1340848,0,0,15,0,0,0,0,0,0,15,0,94,2,1,0,3,147,male,India tour of Bangladesh,Test,Khaled Ahmed,0,Bangladesh,India,2022-12-14,2022-12-15,6
5dbdecf1,1340849,4,2,11,1,0,0,0,0,0,10,0,53,0,0,0,1,48,male,India tour of Bangladesh,Test,Khaled Ahmed,run out,Bangladesh,India,2022-12-22,2022-12-23,6
5dbdecf1,1351055,0,0,0,0,0,0,0,1,0,0,0,35,0,0,0,0,3,male,Bangladesh Premier League,T20,Khaled Ahmed,0,Fortune Barishal,Sylhet Strikers,2023-01-07,,6
5dbdecf1,1351058,0,0,0,0,0,0,0,0,0,0,0,13,0,0,0,0,3,male,Bangladesh Premier League,T20,Khaled Ahmed,0,Fortune Barishal,Rangpur Riders,2023-01-10,,6
5dbdecf1,1351060,0,0,0,0,0,0,0,0,0,0,0,32,1,0,0,0,6,male,Bangladesh Premier League,T20,Khaled Ahmed,0,Fortune Barishal,Chattogram Challengers,2023-01-13,,6
5dbdecf1,1351074,0,0,0,0,0,1,0,0,0,0,0,29,0,0,0,0,8,male,Bangladesh Premier League,T20,Khaled Ahmed,0,Fortune Barishal,Sylhet Strikers,2023-01-24,,6
5dbdecf1,1351077,0,0,0,0,0,0,0,0,0,0,0,26,2,0,0,0,10,male,Bangladesh Premier League,T20,Khaled Ahmed,0,Fortune Barishal,Chattogram Challengers,2023-01-27,,6
5dbdecf1,1351082,0,0,0,0,0,0,0,0,0,0,0,27,0,0,0,0,5,male,Bangladesh Premier League,T20,Khaled Ahmed,0,Fortune Barishal,Dhaka Dominators,2023-01-31,,6
5dbdecf1,1351084,0,0,0,0,0,0,0,0,0,0,0,36,2,0,0,0,12,male,Bangladesh Premier League,T20,Khaled Ahmed,0,Fortune Barishal,Khulna Tigers,2023-02-03,,6
5dbdecf1,1351089,1,1,4,0,0,0,0,0,0,3,0,24,1,0,0,0,14,male,Bangladesh Premier League,T20,Khaled Ahmed,0,Fortune Barishal,Comilla Victorians,2023-02-07,,6
5dbdecf1,1351093,0,0,0,0,0,0,0,0,0,0,0,30,1,0,1,0,6,male,Bangladesh Premier League,T20,Khaled Ahmed,0,Fortune Barishal,Khulna Tigers,2023-02-10,,6
5dbdecf1,1351094,0,0,0,0,0,0,0,0,0,0,0,24,2,0,0,0,10,male,Bangladesh Premier League,T20,Khaled Ahmed,0,Fortune Barishal,Rangpur Riders,2023-02-12,,6
5dbdecf1,1355723,4,0,11,1,0,0,0,0,0,10,0,67,0,0,0,3,73,male,Ireland tour of Bangladesh,Test,Khaled Ahmed,0,Bangladesh,Ireland,2023-04-04,2023-04-05,6
5dbdecf1,1395701,1,1,2,0,0,0,0,0,0,1,0,60,3,0,0,1,32,male,New Zealand tour of Bangladesh,ODI,Khaled Ahmed,bowled,Bangladesh,New Zealand,2023-09-23,,6
5dbdecf1,1395702,0,0,2,0,0,0,0,0,0,2,0,12,0,0,0,0,14,male,New Zealand tour of Bangladesh,ODI,Khaled Ahmed,0,Bangladesh,New Zealand,2023-09-26,,6
5dbdecf1,1412276,0,0,0,0,0,0,0,0,0,0,0,31,4,1,0,0,12,male,Bangladesh Premier League,T20,Khaled Ahmed,0,Fortune Barishal,Rangpur Riders,2024-01-20,,6
5dbdecf1,1412279,0,0,0,0,0,0,0,0,0,0,0,42,0,0,0,0,3,male,Bangladesh Premier League,T20,Khaled Ahmed,0,Fortune Barishal,Khulna Tigers,2024-01-22,,6
5dbdecf1,1412281,0,0,0,0,0,0,0,0,0,0,0,33,1,0,0,0,13,male,Bangladesh Premier League,T20,Khaled Ahmed,0,Fortune Barishal,Comilla Victorians,2024-01-23,,6
5dbdecf1,1412289,0,0,0,0,0,0,0,0,0,0,0,30,2,0,1,0,10,male,Bangladesh Premier League,T20,Khaled Ahmed,0,Fortune Barishal,Sylhet Strikers,2024-01-30,,6
5dbdecf1,1412292,0,0,0,0,0,0,0,2,0,0,0,26,0,0,0,0,4,male,Bangladesh Premier League,T20,Khaled Ahmed,0,Fortune Barishal,Khulna Tigers,2024-02-03,,6
5dbdecf1,1412304,0,0,0,0,0,0,0,0,0,0,0,26,3,0,0,0,11,male,Bangladesh Premier League,T20,Khaled Ahmed,0,Fortune Barishal,Durdanto Dhaka,2024-02-14,,6
5dbdecf1,1412308,0,0,0,0,0,2,0,0,0,0,0,31,0,0,0,0,0,male,Bangladesh Premier League,T20,Khaled Ahmed,0,Fortune Barishal,Sylhet Strikers,2024-02-17,,6
5dbdecf1,1419830,22,2,29,1,2,0,0,0,0,20,0,125,4,1,0,2,147,male,Sri Lanka tour of Bangladesh,Test,Khaled Ahmed,0,Bangladesh,Sri Lanka,2024-03-22,2024-03-23,6
5dbdecf1,1419831,3,2,19,0,0,0,0,0,0,17,0,106,3,1,1,4,134,male,Sri Lanka tour of Bangladesh,Test,Khaled Ahmed,bowled,Bangladesh,Sri Lanka,2024-03-30,2024-03-31,6
5dbdecf1,1439892,5,1,15,1,0,1,0,0,0,13,0,44,0,0,0,0,8,male,Bangladesh tour of India,Test,Khaled Ahmed,0,Bangladesh,India,2024-09-27,2024-09-28,6
