player_id,match_id,runs_scored,player_out,balls_faced,fours_scored,sixes_scored,catches_taken,run_out_direct,run_out_throw,stumpings_done,dot_balls_as_batsman,order_seenballs_bowled,runs_conceded,wickets_taken,bowled_done,lbw_done,maidens,dot_balls_as_bowler,gender,series_name,match_type,name,out_kind,player_team,opposition_team,start_date,end_date,balls_per_over
0404d43c,599902,1,1,2,0,0,0,0,0,0,1,0,0,0,0,0,0,0,male,Bangladesh Premier League,T20,Liton Das,caught,Dhaka Gladiators,Barisal Burners,2013-02-12,,6
0404d43c,870729,44,1,45,8,1,0,0,0,0,31,0,0,0,0,0,0,0,male,,Test,Liton Das,0,Bangladesh,India,2015-06-10,2015-06-11,6
0404d43c,870731,8,1,13,0,0,0,0,0,0,6,0,0,0,0,0,0,0,male,India in Bangladesh ODI Series,ODI,Liton Das,lbw,Bangladesh,India,2015-06-18,,6
0404d43c,870733,36,1,41,5,0,4,0,0,0,22,0,0,0,0,0,0,0,male,India in Bangladesh ODI Series,ODI,Liton Das,caught,Bangladesh,India,2015-06-21,,6
0404d43c,870735,34,1,51,3,0,2,0,0,0,27,0,0,0,0,0,0,0,male,India in Bangladesh ODI Series,ODI,Liton Das,0,Bangladesh,India,2015-06-24,,6
0404d43c,817203,22,1,27,0,1,1,0,0,0,13,0,0,0,0,0,0,0,male,South Africa in Bangladesh T20I Series,T20,Liton Das,caught,Bangladesh,South Africa,2015-07-05,,6
0404d43c,817205,10,1,8,1,0,0,0,0,0,3,0,0,0,0,0,0,0,male,South Africa in Bangladesh T20I Series,T20,Liton Das,caught,Bangladesh,South Africa,2015-07-07,,6
0404d43c,817207,0,1,1,0,0,0,0,0,0,1,0,0,0,0,0,0,0,male,South Africa in Bangladesh ODI Series,ODI,Liton Das,0,Bangladesh,South Africa,2015-07-10,,6
0404d43c,817209,17,1,15,2,1,0,0,0,0,10,0,0,0,0,0,0,0,male,South Africa in Bangladesh ODI Series,ODI,Liton Das,0,Bangladesh,South Africa,2015-07-12,,6
0404d43c,817211,5,0,5,1,0,1,0,0,0,3,0,0,0,0,0,0,0,male,South Africa in Bangladesh ODI Series,ODI,Liton Das,0,Bangladesh,South Africa,2015-07-15,,6
0404d43c,817213,50,1,102,7,0,3,0,0,0,76,0,0,0,0,0,0,0,male,South Africa in Bangladesh Test Series,Test,Liton Das,0,Bangladesh,South Africa,2015-07-21,2015-07-22,6
0404d43c,817215,3,1,11,0,0,0,0,0,0,9,0,0,0,0,0,0,0,male,South Africa in Bangladesh Test Series,Test,Liton Das,caught,Bangladesh,South Africa,2015-07-30,2015-07-31,6
0404d43c,931390,0,1,6,0,0,1,0,0,0,6,0,0,0,0,0,0,0,male,Zimbabwe in Bangladesh ODI Series,ODI,Liton Das,0,Bangladesh,Zimbabwe,2015-11-07,,6
0404d43c,931392,7,1,17,0,1,0,1,0,0,15,0,0,0,0,0,0,0,male,Zimbabwe in Bangladesh ODI Series,ODI,Liton Das,caught,Bangladesh,Zimbabwe,2015-11-09,,6
0404d43c,931394,17,1,22,1,0,0,0,0,0,9,0,0,0,0,0,0,0,male,Zimbabwe in Bangladesh ODI Series,ODI,Liton Das,caught,Bangladesh,Zimbabwe,2015-11-11,,6
0404d43c,931396,17,1,12,2,0,2,0,0,0,2,0,0,0,0,0,0,0,male,Zimbabwe in Bangladesh T20I Series,T20,Liton Das,caught,Bangladesh,Zimbabwe,2015-11-13,,6
0404d43c,935285,3,1,6,0,0,0,0,0,0,4,0,0,0,0,0,0,0,male,Bangladesh Premier League,T20,Liton Das,0,Comilla Victorians,Dhaka Dynamites,2015-11-22,,6
0404d43c,935291,9,1,12,2,0,0,0,0,1,9,0,0,0,0,0,0,0,male,Bangladesh Premier League,T20,Liton Das,0,Comilla Victorians,Chittagong Vikings,2015-11-24,,6
0404d43c,935309,42,1,26,6,1,1,0,0,0,9,0,0,0,0,0,0,0,male,Bangladesh Premier League,T20,Liton Das,lbw,Comilla Victorians,Sylhet Super Stars,2015-11-30,,6
0404d43c,935315,31,1,34,2,0,0,1,0,0,13,0,0,0,0,0,0,0,male,Bangladesh Premier League,T20,Liton Das,0,Comilla Victorians,Dhaka Dynamites,2015-12-02,,6
0404d43c,935327,0,1,1,0,0,0,0,0,0,1,0,0,0,0,0,0,0,male,Bangladesh Premier League,T20,Liton Das,caught,Comilla Victorians,Barisal Bulls,2015-12-07,,6
0404d43c,935339,4,1,5,1,0,0,0,0,1,4,0,0,0,0,0,0,0,male,Bangladesh Premier League,T20,Liton Das,0,Comilla Victorians,Sylhet Super Stars,2015-12-10,,6
0404d43c,935343,28,1,38,1,0,0,0,0,1,19,0,0,0,0,0,0,0,male,Bangladesh Premier League,T20,Liton Das,0,Comilla Victorians,Rangpur Riders,2015-12-12,,6
0404d43c,935349,3,1,6,0,0,0,0,0,0,4,0,0,0,0,0,0,0,male,Bangladesh Premier League,T20,Liton Das,caught and bowled,Comilla Victorians,Barisal Bulls,2015-12-15,,6
0404d43c,1063054,13,1,19,2,0,0,0,0,0,12,0,0,0,0,0,0,0,male,Bangladesh Premier League,T20,Liton Das,caught,Comilla Victorians,Chittagong Vikings,2016-11-08,,6
0404d43c,1063057,4,1,6,0,0,1,0,0,0,3,0,0,0,0,0,0,0,male,Bangladesh Premier League,T20,Liton Das,0,Comilla Victorians,Barisal Bulls,2016-11-11,,6
0404d43c,1063062,8,1,5,2,0,3,0,0,0,3,0,0,0,0,0,0,0,male,Bangladesh Premier League,T20,Liton Das,0,Comilla Victorians,Khulna Titans,2016-11-13,,6
0404d43c,1063066,4,0,12,0,0,0,0,0,0,8,0,0,0,0,0,0,0,male,Bangladesh Premier League,T20,Liton Das,0,Comilla Victorians,Rangpur Riders,2016-11-18,,6
0404d43c,1063068,0,0,0,0,0,2,0,0,0,0,0,0,0,0,0,0,0,male,Bangladesh Premier League,T20,Liton Das,0,Comilla Victorians,Rajshahi Kings,2016-11-19,,6
0404d43c,1063070,0,0,0,0,0,0,0,0,0,0,0,0,0,0,0,0,0,male,Bangladesh Premier League,T20,Liton Das,0,Comilla Victorians,Chittagong Vikings,2016-11-21,,6
0404d43c,1063075,5,1,6,0,0,1,0,0,1,2,0,0,0,0,0,0,0,male,Bangladesh Premier League,T20,Liton Das,caught,Comilla Victorians,Dhaka Dynamites,2016-11-26,,6
0404d43c,1063079,0,0,0,0,0,1,0,0,1,0,0,0,0,0,0,0,0,male,Bangladesh Premier League,T20,Liton Das,0,Comilla Victorians,Barisal Bulls,2016-11-29,,6
0404d43c,1063047,0,0,0,0,0,2,0,0,0,0,0,0,0,0,0,0,0,male,Bangladesh Premier League,T20,Liton Das,0,Comilla Victorians,Rajshahi Kings,2016-11-30,,6
0404d43c,1063087,6,1,3,0,1,1,0,0,2,2,0,0,0,0,0,0,0,male,Bangladesh Premier League,T20,Liton Das,0,Comilla Victorians,Rangpur Riders,2016-12-04,,6
0404d43c,1083444,40,2,76,3,0,2,0,1,0,53,0,0,0,0,0,0,0,male,Bangladesh in Sri Lanka Test Series,Test,Liton Das,caught,Bangladesh,Sri Lanka,2017-03-07,2017-03-08,6
0404d43c,1075502,29,2,45,4,0,3,0,0,1,34,0,0,0,0,0,0,0,male,Bangladesh tour of South Africa,Test,Liton Das,0,Bangladesh,South Africa,2017-09-28,2017-09-29,6
0404d43c,1075503,88,2,102,17,0,1,0,0,0,70,0,0,0,0,0,0,0,male,Bangladesh tour of South Africa,Test,Liton Das,bowled,Bangladesh,South Africa,2017-10-06,2017-10-07,6
0404d43c,1075504,21,1,30,4,0,0,0,0,0,21,0,0,0,0,0,0,0,male,Bangladesh tour of South Africa,ODI,Liton Das,0,Bangladesh,South Africa,2017-10-15,,6
0404d43c,1075505,14,1,12,1,1,0,0,0,0,7,0,0,0,0,0,0,0,male,Bangladesh tour of South Africa,ODI,Liton Das,0,Bangladesh,South Africa,2017-10-18,,6
0404d43c,1075506,6,1,6,1,0,1,0,0,0,4,0,0,0,0,0,0,0,male,Bangladesh tour of South Africa,ODI,Liton Das,0,Bangladesh,South Africa,2017-10-22,,6
0404d43c,1075508,9,1,7,0,1,0,0,0,0,3,0,0,0,0,0,0,0,male,Bangladesh tour of South Africa,T20,Liton Das,0,Bangladesh,South Africa,2017-10-29,,6
0404d43c,1121247,21,1,19,2,1,0,1,0,1,10,0,0,0,0,0,0,0,male,Bangladesh Premier League,T20,Liton Das,stumped,Comilla Victorians,Sylhet Sixers,2017-11-05,,6
0404d43c,1121249,23,1,15,3,1,0,0,0,0,6,0,0,0,0,0,0,0,male,Bangladesh Premier League,T20,Liton Das,0,Comilla Victorians,Chittagong Vikings,2017-11-07,,6
0404d43c,1121256,23,1,12,2,2,1,1,0,0,6,0,0,0,0,0,0,0,male,Bangladesh Premier League,T20,Liton Das,bowled,Comilla Victorians,Rajshahi Kings,2017-11-12,,6
0404d43c,1121258,21,1,22,2,0,0,0,0,1,9,0,0,0,0,0,0,0,male,Bangladesh Premier League,T20,Liton Das,0,Comilla Victorians,Chittagong Vikings,2017-11-14,,6
0404d43c,1121264,11,1,11,1,0,0,0,0,1,3,0,0,0,0,0,0,0,male,Bangladesh Premier League,T20,Liton Das,bowled,Comilla Victorians,Rangpur Riders,2017-11-18,,6
0404d43c,1121265,0,1,3,0,0,0,0,2,0,3,0,0,0,0,0,0,0,male,Bangladesh Premier League,T20,Liton Das,bowled,Comilla Victorians,Dhaka Dynamites,2017-11-20,,6
0404d43c,1121276,21,1,20,4,0,1,0,0,1,11,0,0,0,0,0,0,0,male,Bangladesh Premier League,T20,Liton Das,0,Comilla Victorians,Khulna Titans,2017-11-28,,6
0404d43c,1121278,34,1,30,3,0,0,0,1,1,7,0,0,0,0,0,0,0,male,Bangladesh Premier League,T20,Liton Das,0,Comilla Victorians,Dhaka Dynamites,2017-11-29,,6
0404d43c,1121279,3,1,7,0,0,1,0,0,0,4,0,0,0,0,0,0,0,male,Bangladesh Premier League,T20,Liton Das,caught,Comilla Victorians,Rangpur Riders,2017-12-02,,6
0404d43c,1121286,65,1,44,6,3,0,0,0,0,15,0,0,0,0,0,0,0,male,Bangladesh Premier League,T20,Liton Das,0,Comilla Victorians,Sylhet Sixers,2017-12-06,,6
0404d43c,1121288,0,1,2,0,0,2,0,0,0,2,0,0,0,0,0,0,0,male,Bangladesh Premier League,T20,Liton Das,0,Comilla Victorians,Dhaka Dynamites,2017-12-08,,6
0404d43c,1121289,39,1,30,3,2,0,0,0,0,11,0,0,0,0,0,0,0,male,Bangladesh Premier League,T20,Liton Das,0,Comilla Victorians,Rangpur Riders,2017-12-10,2017-12-11,6
0404d43c,1130744,94,2,184,11,0,3,0,0,0,127,0,0,0,0,0,0,0,male,Sri Lanka tour of Bangladesh,Test,Liton Das,bowled,Bangladesh,Sri Lanka,2018-01-31,2018-02-01,6
0404d43c,1130745,37,2,74,3,0,3,0,0,1,54,0,0,0,0,0,0,0,male,Sri Lanka tour of Bangladesh,Test,Liton Das,0,Bangladesh,Sri Lanka,2018-02-08,2018-02-09,6
0404d43c,1133818,34,1,33,3,0,1,0,0,0,12,0,0,0,0,0,0,0,male,Nidahas Trophy,T20,Liton Das,caught,Bangladesh,India,2018-03-08,,6
0404d43c,1133819,43,1,20,2,5,0,0,0,0,9,0,0,0,0,0,0,0,male,Nidahas Trophy,T20,Liton Das,0,Bangladesh,Sri Lanka,2018-03-10,,6
0404d43c,1133821,7,1,7,1,0,0,0,0,0,4,0,0,0,0,0,0,0,male,Nidahas Trophy,T20,Liton Das,0,Bangladesh,India,2018-03-14,,6
0404d43c,1133822,0,1,4,0,0,0,0,0,0,4,0,0,0,0,0,0,0,male,Nidahas Trophy,T20,Liton Das,0,Bangladesh,Sri Lanka,2018-03-16,,6
0404d43c,1133823,11,1,10,0,1,0,0,0,0,4,0,0,0,0,0,0,0,male,Nidahas Trophy,T20,Liton Das,0,Bangladesh,India,2018-03-18,,6
0404d43c,1145982,30,1,21,3,1,0,0,0,0,7,0,0,0,0,0,0,0,male,Afghanistan tour of India,T20,Liton Das,lbw,Bangladesh,Afghanistan,2018-06-03,,6
0404d43c,1145983,1,1,3,0,0,0,0,0,0,2,0,0,0,0,0,0,0,male,Afghanistan tour of India,T20,Liton Das,0,Bangladesh,Afghanistan,2018-06-05,,6
0404d43c,1145984,12,1,14,1,0,0,0,0,0,6,0,0,0,0,0,0,0,male,Afghanistan tour of India,T20,Liton Das,run out,Bangladesh,Afghanistan,2018-06-07,,6
0404d43c,1146717,27,2,70,2,0,3,0,0,0,56,0,0,0,0,0,0,0,male,Bangladesh tour of West Indies and United States of America,Test,Liton Das,caught,Bangladesh,West Indies,2018-07-04,2018-07-05,6
0404d43c,1146718,45,2,51,8,0,0,0,0,0,37,0,0,0,0,0,0,0,male,Bangladesh tour of West Indies and United States of America,Test,Liton Das,lbw,Bangladesh,West Indies,2018-07-12,2018-07-13,6
0404d43c,1146723,24,1,21,3,0,1,0,0,0,10,0,0,0,0,0,0,0,male,Bangladesh tour of West Indies and United States of America,T20,Liton Das,0,Bangladesh,West Indies,2018-07-31,,6
0404d43c,1146724,1,1,5,0,0,2,0,0,0,4,0,0,0,0,0,0,0,male,Bangladesh tour of West Indies and United States of America,T20,Liton Das,caught,Bangladesh,West Indies,2018-08-04,,6
0404d43c,1146725,61,1,32,6,3,0,0,0,0,6,0,0,0,0,0,0,0,male,Bangladesh tour of West Indies and United States of America,T20,Liton Das,0,Bangladesh,West Indies,2018-08-05,,6
0404d43c,1153243,0,1,4,0,0,0,0,0,1,4,0,0,0,0,0,0,0,male,Asia Cup,ODI,Liton Das,caught,Bangladesh,Sri Lanka,2018-09-15,,6
0404d43c,1153248,6,1,15,0,0,1,0,0,0,10,0,0,0,0,0,0,0,male,Asia Cup,ODI,Liton Das,lbw,Bangladesh,Afghanistan,2018-09-20,,6
0404d43c,1153249,7,1,17,1,0,0,0,0,0,13,0,0,0,0,0,0,0,male,Asia Cup,ODI,Liton Das,caught,Bangladesh,India,2018-09-21,,6
0404d43c,1153252,41,1,45,3,0,0,0,0,0,16,0,0,0,0,0,0,0,male,Asia Cup,ODI,Liton Das,0,Bangladesh,Afghanistan,2018-09-23,,6
0404d43c,1153254,6,1,16,0,0,1,0,0,2,11,0,0,0,0,0,0,0,male,Asia Cup,ODI,Liton Das,bowled,Bangladesh,Pakistan,2018-09-26,,6
0404d43c,1153255,121,1,117,12,2,0,0,0,0,53,0,0,0,0,0,0,0,male,Asia Cup,ODI,Liton Das,0,Bangladesh,India,2018-09-28,,6
0404d43c,1153635,4,1,15,0,0,0,0,0,0,11,0,0,0,0,0,0,0,male,Zimbabwe tour of Bangladesh,ODI,Liton Das,0,Bangladesh,Zimbabwe,2018-10-21,,6
0404d43c,1153636,83,1,77,12,1,0,0,0,0,38,0,0,0,0,0,0,0,male,Zimbabwe tour of Bangladesh,ODI,Liton Das,caught,Bangladesh,Zimbabwe,2018-10-24,,6
0404d43c,1153637,0,1,1,0,0,0,0,0,0,1,0,0,0,0,0,0,0,male,Zimbabwe tour of Bangladesh,ODI,Liton Das,lbw,Bangladesh,Zimbabwe,2018-10-26,,6
0404d43c,1153639,32,2,100,4,0,2,0,0,0,84,0,0,0,0,0,0,0,male,Zimbabwe tour of Bangladesh,Test,Liton Das,caught,Bangladesh,Zimbabwe,2018-11-03,2018-11-04,6
0404d43c,1153640,15,2,50,0,0,1,0,0,0,41,0,0,0,0,0,0,0,male,Zimbabwe tour of Bangladesh,Test,Liton Das,0,Bangladesh,Zimbabwe,2018-11-11,2018-11-12,6
0404d43c,1153312,54,1,62,8,1,1,0,0,0,41,0,0,0,0,0,0,0,male,West Indies tour of Bangladesh,Test,Liton Das,bowled,Bangladesh,West Indies,2018-11-30,2018-12-01,6
0404d43c,1153314,41,1,61,5,0,2,0,0,0,37,0,0,0,0,0,0,0,male,West Indies tour of Bangladesh,ODI,Liton Das,bowled,Bangladesh,West Indies,2018-12-09,,6
0404d43c,1153315,8,1,14,1,0,0,0,0,0,9,0,0,0,0,0,0,0,male,West Indies tour of Bangladesh,ODI,Liton Das,caught,Bangladesh,West Indies,2018-12-11,,6
0404d43c,1153316,23,1,33,5,0,0,0,0,0,25,0,0,0,0,0,0,0,male,West Indies tour of Bangladesh,ODI,Liton Das,caught,Bangladesh,West Indies,2018-12-14,,6
0404d43c,1153317,6,1,5,1,0,0,0,0,0,2,0,0,0,0,0,0,0,male,West Indies tour of Bangladesh,T20,Liton Das,0,Bangladesh,West Indies,2018-12-17,,6
0404d43c,1153318,60,1,35,6,4,2,0,0,0,15,0,0,0,0,0,0,0,male,West Indies tour of Bangladesh,T20,Liton Das,bowled,Bangladesh,West Indies,2018-12-20,,6
0404d43c,1153319,43,1,28,3,3,1,0,0,0,13,0,0,0,0,0,0,0,male,West Indies tour of Bangladesh,T20,Liton Das,0,Bangladesh,West Indies,2018-12-22,,6
0404d43c,1169381,1,1,5,0,0,1,0,0,0,4,0,0,0,0,0,0,0,male,Bangladesh Premier League,T20,Liton Das,0,Sylhet Sixers,Comilla Victorians,2019-01-06,,6
0404d43c,1169385,0,1,2,0,0,0,0,0,0,2,0,0,0,0,0,0,0,male,Bangladesh Premier League,T20,Liton Das,0,Sylhet Sixers,Chittagong Vikings,2019-01-09,,6
0404d43c,1169390,9,1,9,0,1,2,0,0,0,5,0,0,0,0,0,0,0,male,Bangladesh Premier League,T20,Liton Das,caught,Sylhet Sixers,Dhaka Dynamites,2019-01-12,,6
0404d43c,1169394,6,1,13,0,0,0,0,0,0,8,0,0,0,0,0,0,0,male,Bangladesh Premier League,T20,Liton Das,caught,Sylhet Sixers,Comilla Victorians,2019-01-15,,6
0404d43c,1169396,70,0,43,9,1,1,0,0,0,9,0,0,0,0,0,0,0,male,Bangladesh Premier League,T20,Liton Das,0,Sylhet Sixers,Rangpur Riders,2019-01-16,,6
0404d43c,1169397,27,1,14,4,1,0,0,0,0,5,0,0,0,0,0,0,0,male,Bangladesh Premier League,T20,Liton Das,lbw,Sylhet Sixers,Dhaka Dynamites,2019-01-18,,6
0404d43c,1169399,11,1,8,1,1,2,0,0,0,5,0,0,0,0,0,0,0,male,Bangladesh Premier League,T20,Liton Das,0,Sylhet Sixers,Rangpur Riders,2019-01-19,,6
0404d43c,1169406,0,1,1,0,0,0,1,0,2,1,0,0,0,0,0,0,0,male,Bangladesh Premier League,T20,Liton Das,bowled,Sylhet Sixers,Khulna Titans,2019-01-23,,6
0404d43c,1169407,24,1,13,3,1,0,0,0,0,4,0,0,0,0,0,0,0,male,Bangladesh Premier League,T20,Liton Das,caught,Sylhet Sixers,Rajshahi Kings,2019-01-25,,6
0404d43c,1169409,34,1,24,3,2,0,0,0,0,11,0,0,0,0,0,0,0,male,Bangladesh Premier League,T20,Liton Das,caught,Sylhet Sixers,Khulna Titans,2019-01-26,,6
0404d43c,1169416,10,1,6,1,1,0,0,0,0,4,0,0,0,0,0,0,0,male,Bangladesh Premier League,T20,Liton Das,lbw,Sylhet Sixers,Rajshahi Kings,2019-01-30,,6
0404d43c,1153844,1,1,8,0,0,0,0,0,0,7,0,0,0,0,0,0,0,male,Bangladesh tour of New Zealand,ODI,Liton Das,bowled,Bangladesh,New Zealand,2019-02-13,,6
0404d43c,1153845,1,1,4,0,0,2,0,0,0,3,0,0,0,0,0,0,0,male,Bangladesh tour of New Zealand,ODI,Liton Das,0,Bangladesh,New Zealand,2019-02-16,,6
0404d43c,1153846,1,1,4,0,0,0,0,0,0,3,0,0,0,0,0,0,0,male,Bangladesh tour of New Zealand,ODI,Liton Das,0,Bangladesh,New Zealand,2019-02-20,,6
0404d43c,1153847,30,2,70,4,0,2,0,0,0,55,0,0,0,0,0,0,0,male,Bangladesh tour of New Zealand,Test,Liton Das,0,Bangladesh,New Zealand,2019-02-28,2019-03-01,6
0404d43c,1153848,34,2,58,6,0,2,0,0,0,43,0,0,0,0,0,0,0,male,Bangladesh tour of New Zealand,Test,Liton Das,0,Bangladesh,New Zealand,2019-03-08,2019-03-09,6
0404d43c,1168513,76,1,68,9,1,3,0,0,0,32,0,0,0,0,0,0,0,male,Ireland Tri-Nation Series,ODI,Liton Das,0,Bangladesh,Ireland,2019-05-15,,6
0404d43c,1144505,94,0,73,8,4,1,0,0,0,27,0,0,0,0,0,0,0,male,World Cup,ODI,Liton Das,0,Bangladesh,West Indies,2019-06-17,,6
0404d43c,1144508,20,1,17,3,0,0,0,0,0,7,0,0,0,0,0,0,0,male,World Cup,ODI,Liton Das,lbw,Bangladesh,Australia,2019-06-20,,6
0404d43c,1144513,16,1,17,2,0,1,0,0,0,9,0,0,0,0,0,0,0,male,World Cup,ODI,Liton Das,0,Bangladesh,Afghanistan,2019-06-24,,6
0404d43c,1144522,22,1,24,0,1,1,0,0,0,11,0,0,0,0,0,0,0,male,World Cup,ODI,Liton Das,0,Bangladesh,India,2019-07-02,,6
0404d43c,1144525,32,1,41,3,0,0,0,0,0,19,0,0,0,0,0,0,0,male,World Cup,ODI,Liton Das,caught,Bangladesh,Pakistan,2019-07-05,,6
0404d43c,1197138,42,2,96,3,1,0,0,0,0,73,0,0,0,0,0,0,0,male,Afghanistan tour of Bangladesh,Test,Liton Das,lbw,Bangladesh,Afghanistan,2019-09-05,2019-09-06,6
0404d43c,1197140,19,1,14,1,1,0,0,0,0,6,0,0,0,0,0,0,0,male,Bangladesh Twenty20 Tri-Series,T20,Liton Das,bowled,Bangladesh,Zimbabwe,2019-09-13,,6
0404d43c,1197142,0,1,2,0,0,1,0,0,0,2,0,0,0,0,0,0,0,male,Bangladesh Twenty20 Tri-Series,T20,Liton Das,0,Bangladesh,Afghanistan,2019-09-15,,6
0404d43c,1197143,38,1,22,4,2,0,0,0,0,8,0,0,0,0,0,0,0,male,Bangladesh Twenty20 Tri-Series,T20,Liton Das,0,Bangladesh,Zimbabwe,2019-09-18,,6
0404d43c,1197145,4,1,11,0,0,0,0,0,0,7,0,0,0,0,0,0,0,male,Bangladesh Twenty20 Tri-Series,T20,Liton Das,caught,Bangladesh,Afghanistan,2019-09-21,,6
0404d43c,1185860,21,1,21,1,0,1,0,0,0,6,0,0,0,0,0,0,0,male,Caribbean Premier League,T20,Liton Das,0,Jamaica Tallawahs,St Lucia Zouks,2019-09-27,,6
0404d43c,1185865,21,1,25,2,0,0,0,0,0,10,0,0,0,0,0,0,0,male,Caribbean Premier League,T20,Liton Das,0,Jamaica Tallawahs,Guyana Amazon Warriors,2019-10-03,,6
0404d43c,1187013,7,1,4,1,0,0,0,0,0,1,0,0,0,0,0,0,0,male,Bangladesh tour of India,T20,Liton Das,caught,Bangladesh,India,2019-11-03,,6
0404d43c,1187014,29,1,21,4,0,0,0,0,0,8,0,0,0,0,0,0,0,male,Bangladesh tour of India,T20,Liton Das,run out,Bangladesh,India,2019-11-07,,6
0404d43c,1187015,9,1,8,2,0,2,0,0,0,5,0,0,0,0,0,0,0,male,Bangladesh tour of India,T20,Liton Das,0,Bangladesh,India,2019-11-10,,6
0404d43c,1187016,56,2,70,10,0,1,0,0,0,47,0,0,0,0,0,0,0,male,Bangladesh in India Test Series,Test,Liton Das,0,Bangladesh,India,2019-11-14,2019-11-15,6
0404d43c,1187017,24,1,27,5,0,0,0,0,0,19,0,0,0,0,0,0,0,male,Bangladesh in India Test Series,Test,Liton Das,0,Bangladesh,India,2019-11-22,2019-11-23,6
0404d43c,1208069,39,1,28,4,2,1,0,1,0,12,0,0,0,0,0,0,0,male,Bangladesh Premier League,T20,Liton Das,0,Rajshahi Royals,Dhaka Platoon,2019-12-12,,6
0404d43c,1208071,44,0,27,7,0,2,0,1,0,6,0,0,0,0,0,0,0,male,Bangladesh Premier League,T20,Liton Das,0,Rajshahi Royals,Sylhet Thunder,2019-12-13,,6
0404d43c,1208075,19,1,18,1,1,1,0,0,0,9,0,0,0,0,0,0,0,male,Bangladesh Premier League,T20,Liton Das,caught,Rajshahi Royals,Khulna Tigers,2019-12-17,,6
0404d43c,1208084,58,1,46,5,2,1,0,0,0,16,0,0,0,0,0,0,0,male,Bangladesh Premier League,T20,Liton Das,caught,Rajshahi Royals,Khulna Tigers,2019-12-23,,6
0404d43c,1208086,27,1,19,2,2,0,0,0,0,8,0,0,0,0,0,0,0,male,Bangladesh Premier League,T20,Liton Das,bowled,Rajshahi Royals,Cumilla Warriors,2019-12-24,,6
0404d43c,1208089,24,1,20,2,1,0,0,0,0,7,0,0,0,0,0,0,0,male,Bangladesh Premier League,T20,Liton Das,0,Rajshahi Royals,Cumilla Warriors,2019-12-28,,6
0404d43c,1208092,10,1,6,0,1,1,0,0,0,3,0,0,0,0,0,0,0,male,Bangladesh Premier League,T20,Liton Das,caught,Rajshahi Royals,Dhaka Platoon,2019-12-30,,6
0404d43c,1208094,15,1,17,1,0,0,0,0,0,5,0,0,0,0,0,0,0,male,Bangladesh Premier League,T20,Liton Das,0,Rajshahi Royals,Rangpur Rangers,2019-12-31,,6
0404d43c,1208095,19,1,16,3,0,1,0,0,0,7,0,0,0,0,0,0,0,male,Bangladesh Premier League,T20,Liton Das,0,Rajshahi Royals,Rangpur Rangers,2020-01-02,,6
0404d43c,1208100,36,1,20,4,2,0,1,0,0,7,0,0,0,0,0,0,0,male,Bangladesh Premier League,T20,Liton Das,lbw,Rajshahi Royals,Sylhet Thunder,2020-01-04,,6
0404d43c,1208102,56,1,48,5,2,0,0,0,0,20,0,0,0,0,0,0,0,male,Bangladesh Premier League,T20,Liton Das,caught,Rajshahi Royals,Chattogram Challengers,2020-01-07,,6
0404d43c,1208107,75,1,49,11,1,0,0,0,0,13,0,0,0,0,0,0,0,male,Bangladesh Premier League,T20,Liton Das,0,Rajshahi Royals,Chattogram Challengers,2020-01-11,,6
0404d43c,1208110,2,1,3,0,0,0,0,0,0,2,0,0,0,0,0,0,0,male,Bangladesh Premier League,T20,Liton Das,bowled,Rajshahi Royals,Khulna Tigers,2020-01-13,,6
0404d43c,1208111,6,1,6,1,0,1,0,0,0,3,0,0,0,0,0,0,0,male,Bangladesh Premier League,T20,Liton Das,0,Rajshahi Royals,Chattogram Challengers,2020-01-15,,6
0404d43c,1208112,25,1,29,1,1,1,0,0,0,14,0,0,0,0,0,0,0,male,Bangladesh Premier League,T20,Liton Das,0,Rajshahi Royals,Khulna Tigers,2020-01-17,,6
0404d43c,1213058,12,0,13,2,0,2,0,0,0,7,0,0,0,0,0,0,0,male,Bangladesh tour of Pakistan,T20,Liton Das,0,Bangladesh,Pakistan,2020-01-24,,6
0404d43c,1213059,8,1,14,1,0,0,0,0,0,9,0,0,0,0,0,0,0,male,Bangladesh tour of Pakistan,T20,Liton Das,0,Bangladesh,Pakistan,2020-01-25,,6
0404d43c,1213062,62,2,106,11,1,2,0,0,0,84,0,0,0,0,0,0,0,male,Bangladesh in Pakistan Test Series,Test,Liton Das,lbw,Bangladesh,Pakistan,2020-02-07,2020-02-08,6
0404d43c,1214666,53,1,95,5,0,3,0,0,0,68,0,0,0,0,0,0,0,male,Zimbabwe tour of Bangladesh,Test,Liton Das,caught,Bangladesh,Zimbabwe,2020-02-22,2020-02-23,6
0404d43c,1214667,126,1,106,13,2,0,0,0,0,35,0,0,0,0,0,0,0,male,Zimbabwe tour of Bangladesh,ODI,Liton Das,retired hurt,Bangladesh,Zimbabwe,2020-03-01,,6
0404d43c,1214668,9,0,14,2,0,2,0,0,0,11,0,0,0,0,0,0,0,male,Zimbabwe tour of Bangladesh,ODI,Liton Das,0,Bangladesh,Zimbabwe,2020-03-03,,6
0404d43c,1214669,176,1,145,16,8,1,0,0,0,65,0,0,0,0,0,0,0,male,Zimbabwe tour of Bangladesh,ODI,Liton Das,caught,Bangladesh,Zimbabwe,2020-03-06,,6
0404d43c,1214670,59,1,40,5,3,3,0,0,0,13,0,0,0,0,0,0,0,male,Zimbabwe tour of Bangladesh,T20,Liton Das,0,Bangladesh,Zimbabwe,2020-03-09,,6
0404d43c,1214671,60,0,48,8,0,0,0,0,0,14,0,0,0,0,0,0,0,male,Zimbabwe tour of Bangladesh,T20,Liton Das,0,Bangladesh,Zimbabwe,2020-03-11,,6
0404d43c,1244022,14,1,40,2,0,3,0,0,0,32,0,0,0,0,0,0,0,male,ICC Men's Cricket World Cup Super League,ODI,Liton Das,bowled,Bangladesh,West Indies,2021-01-20,,6
0404d43c,1244023,22,1,24,4,0,1,0,0,0,16,0,0,0,0,0,0,0,male,ICC Men's Cricket World Cup Super League,ODI,Liton Das,lbw,Bangladesh,West Indies,2021-01-22,,6
0404d43c,1244024,0,1,4,0,0,0,0,0,0,4,0,0,0,0,0,0,0,male,West Indies tour of Bangladesh,ODI,Liton Das,lbw,Bangladesh,West Indies,2021-01-25,,6
0404d43c,1244025,107,2,179,11,0,2,0,0,0,116,0,0,0,0,0,0,0,male,West Indies tour of Bangladesh,Test,Liton Das,0,Bangladesh,West Indies,2021-02-03,2021-02-04,6
0404d43c,1244026,93,2,168,7,0,3,0,0,1,106,0,0,0,0,0,0,0,male,West Indies tour of Bangladesh,Test,Liton Das,caught,Bangladesh,West Indies,2021-02-11,2021-02-12,6
0404d43c,1233976,19,1,37,1,0,0,0,0,0,27,0,0,0,0,0,0,0,male,Bangladesh tour of New Zealand,ODI,Liton Das,0,Bangladesh,New Zealand,2021-03-20,,6
0404d43c,1233977,0,1,4,0,0,0,0,0,0,4,0,0,0,0,0,0,0,male,Bangladesh tour of New Zealand,ODI,Liton Das,0,Bangladesh,New Zealand,2021-03-23,,6
0404d43c,1233978,21,1,21,3,0,3,0,0,0,11,0,0,0,0,0,0,0,male,Bangladesh tour of New Zealand,ODI,Liton Das,caught,Bangladesh,New Zealand,2021-03-26,,6
0404d43c,1233979,4,1,6,1,0,0,0,0,0,5,0,0,0,0,0,0,0,male,Bangladesh tour of New Zealand,T20,Liton Das,0,Bangladesh,New Zealand,2021-03-28,,6
0404d43c,1233980,6,1,6,1,0,0,0,0,1,3,0,0,0,0,0,0,0,male,Bangladesh tour of New Zealand,T20,Liton Das,0,Bangladesh,New Zealand,2021-03-30,,6
0404d43c,1233981,0,1,1,0,0,0,0,0,0,1,0,0,0,0,0,0,0,male,Bangladesh tour of New Zealand,T20,Liton Das,0,Bangladesh,New Zealand,2021-04-01,,6
0404d43c,1255828,50,1,67,5,1,2,0,1,0,44,0,0,0,0,0,0,0,male,Sri Lanka v Bangladesh,Test,Liton Das,0,Bangladesh,Sri Lanka,2021-04-21,2021-04-22,6
0404d43c,1255829,25,2,57,3,0,4,0,0,1,42,0,0,0,0,0,0,0,male,Bangladesh tour of Sri Lanka,Test,Liton Das,lbw,Bangladesh,Sri Lanka,2021-04-29,2021-04-30,6
0404d43c,1262344,0,1,3,0,0,0,0,0,0,3,0,0,0,0,0,0,0,male,Sri Lanka tour of Bangladesh,ODI,Liton Das,caught,Bangladesh,Sri Lanka,2021-05-23,,6
0404d43c,1262346,25,1,42,2,0,0,0,0,0,26,0,0,0,0,0,0,0,male,Sri Lanka tour of Bangladesh,ODI,Liton Das,caught,Bangladesh,Sri Lanka,2021-05-25,,6
0404d43c,1267676,95,1,147,13,0,3,0,0,0,97,0,0,0,0,0,0,0,male,Bangladesh tour of Zimbabwe,Test,Liton Das,0,Bangladesh,Zimbabwe,2021-07-07,2021-07-08,6
0404d43c,1267677,102,1,116,8,0,0,0,0,0,49,0,0,0,0,0,0,0,male,Bangladesh tour of Zimbabwe,ODI,Liton Das,caught,Bangladesh,Zimbabwe,2021-07-16,,6
0404d43c,1267678,21,1,34,4,0,2,0,0,0,25,0,0,0,0,0,0,0,male,Bangladesh tour of Zimbabwe,ODI,Liton Das,caught,Bangladesh,Zimbabwe,2021-07-18,,6
0404d43c,1267679,32,1,37,3,0,1,0,0,0,16,0,0,0,0,0,0,0,male,Bangladesh tour of Zimbabwe,ODI,Liton Das,0,Bangladesh,Zimbabwe,2021-07-20,,6
0404d43c,1267680,0,0,0,0,0,0,0,0,0,0,0,0,0,0,0,0,0,male,Bangladesh tour of Zimbabwe,T20,Liton Das,0,Bangladesh,Zimbabwe,2021-07-22,,6
0404d43c,1272093,1,1,3,0,0,0,0,0,0,2,0,0,0,0,0,0,0,male,New Zealand tour of Bangladesh,T20,Liton Das,stumped,Bangladesh,New Zealand,2021-09-01,,6
0404d43c,1272094,33,1,30,3,1,0,0,0,0,13,0,0,0,0,0,0,0,male,New Zealand tour of Bangladesh,T20,Liton Das,0,Bangladesh,New Zealand,2021-09-03,,6
0404d43c,1272095,15,1,11,3,0,0,0,0,0,7,0,0,0,0,0,0,0,male,New Zealand tour of Bangladesh,T20,Liton Das,0,Bangladesh,New Zealand,2021-09-05,,6
0404d43c,1272096,6,1,12,1,0,0,0,0,0,9,0,0,0,0,0,0,0,male,New Zealand tour of Bangladesh,T20,Liton Das,0,Bangladesh,New Zealand,2021-09-08,,6
0404d43c,1272097,10,1,12,1,0,0,0,0,0,6,0,0,0,0,0,0,0,male,New Zealand tour of Bangladesh,T20,Liton Das,0,Bangladesh,New Zealand,2021-09-10,,6
0404d43c,1273713,5,1,7,0,0,1,0,0,0,2,0,0,0,0,0,0,0,male,ICC Men's T20 World Cup,T20,Liton Das,0,Bangladesh,Scotland,2021-10-17,,6
0404d43c,1273717,6,1,7,0,0,1,0,0,0,3,0,0,0,0,0,0,0,male,ICC Men's T20 World Cup,T20,Liton Das,0,Bangladesh,Oman,2021-10-19,,6
0404d43c,1273720,29,1,25,1,1,0,0,0,0,7,0,0,0,0,0,0,0,male,ICC Men's T20 World Cup,T20,Liton Das,caught,Bangladesh,Papua New Guinea,2021-10-21,,6
0404d43c,1273726,16,1,16,2,0,0,0,0,0,6,0,0,0,0,0,0,0,male,ICC Men's T20 World Cup,T20,Liton Das,caught,Bangladesh,Sri Lanka,2021-10-24,,6
0404d43c,1273731,9,1,8,2,0,0,0,0,0,5,0,0,0,0,0,0,0,male,ICC Men's T20 World Cup,T20,Liton Das,caught,Bangladesh,England,2021-10-27,,6
0404d43c,1273734,44,1,45,4,0,0,0,0,0,14,0,0,0,0,0,0,0,male,ICC Men's T20 World Cup,T20,Liton Das,0,Bangladesh,West Indies,2021-10-29,,6
0404d43c,1273741,24,1,37,1,0,0,0,0,0,19,0,0,0,0,0,0,0,male,ICC Men's T20 World Cup,T20,Liton Das,0,Bangladesh,South Africa,2021-11-02,,6
0404d43c,1273745,0,1,1,0,0,0,0,0,0,1,0,0,0,0,0,0,0,male,ICC Men's T20 World Cup,T20,Liton Das,0,Bangladesh,Australia,2021-11-04,,6
0404d43c,1277977,173,2,323,17,1,2,0,0,1,231,0,0,0,0,0,0,0,male,Pakistan tour of Bangladesh,Test,Liton Das,lbw,Bangladesh,Pakistan,2021-11-26,2021-11-27,6
0404d43c,1277978,51,2,93,8,0,1,0,0,0,70,0,0,0,0,0,0,0,male,Pakistan tour of Bangladesh,Test,Liton Das,caught,Bangladesh,Pakistan,2021-12-04,2021-12-05,6
0404d43c,1288979,86,1,179,10,0,4,0,1,0,139,0,0,0,0,0,0,0,male,Bangladesh tour of New Zealand,Test,Liton Das,caught,Bangladesh,New Zealand,2022-01-01,2022-01-02,6
0404d43c,1288980,110,2,133,15,1,0,0,0,0,87,0,0,0,0,0,0,0,male,Bangladesh tour of New Zealand,Test,Liton Das,0,Bangladesh,New Zealand,2022-01-09,2022-01-10,6
0404d43c,1296697,47,1,34,5,1,0,0,0,1,9,0,0,0,0,0,0,0,male,Bangladesh Premier League,T20,Liton Das,0,Comilla Victorians,Chattogram Challengers,2022-01-31,,6
0404d43c,1296699,0,1,3,0,0,0,1,0,0,3,0,0,0,0,0,0,0,male,Bangladesh Premier League,T20,Liton Das,caught,Comilla Victorians,Minister Group Dhaka,2022-02-01,,6
0404d43c,1296702,53,1,39,4,3,0,0,0,0,14,0,0,0,0,0,0,0,male,Bangladesh Premier League,T20,Liton Das,caught,Comilla Victorians,Chattogram Challengers,2022-02-03,,6
0404d43c,1296705,19,1,17,4,0,0,0,0,0,10,0,0,0,0,0,0,0,male,Bangladesh Premier League,T20,Liton Das,0,Comilla Victorians,Fortune Barishal,2022-02-07,,6
0404d43c,1296710,7,1,4,0,1,0,0,0,0,2,0,0,0,0,0,0,0,male,Bangladesh Premier League,T20,Liton Das,caught,Comilla Victorians,Sylhet Sunrisers,2022-02-09,,6
0404d43c,1296711,41,1,17,4,3,0,0,0,0,4,0,0,0,0,0,0,0,male,Bangladesh Premier League,T20,Liton Das,0,Comilla Victorians,Khulna Tigers,2022-02-11,,6
0404d43c,1296716,38,1,36,4,0,0,0,0,0,13,0,0,0,0,0,0,0,male,Bangladesh Premier League,T20,Liton Das,0,Comilla Victorians,Fortune Barishal,2022-02-14,,6
0404d43c,1296717,0,1,1,0,0,0,0,0,1,1,0,0,0,0,0,0,0,male,Bangladesh Premier League,T20,Liton Das,0,Comilla Victorians,Chattogram Challengers,2022-02-16,,6
0404d43c,1296718,4,1,6,0,0,0,0,1,0,2,0,0,0,0,0,0,0,male,Bangladesh Premier League,T20,Liton Das,bowled,Comilla Victorians,Fortune Barishal,2022-02-18,,6
0404d43c,1299829,1,1,8,0,0,0,0,0,0,7,0,0,0,0,0,0,0,male,Afghanistan tour of Bangladesh,ODI,Liton Das,caught,Bangladesh,Afghanistan,2022-02-23,,6
0404d43c,1299830,136,1,130,16,2,0,0,0,0,63,0,0,0,0,0,0,0,male,Afghanistan tour of Bangladesh,ODI,Liton Das,caught,Bangladesh,Afghanistan,2022-02-25,,6
0404d43c,1299831,86,1,117,7,0,0,0,0,0,58,0,0,0,0,0,0,0,male,Afghanistan tour of Bangladesh,ODI,Liton Das,0,Bangladesh,Afghanistan,2022-02-28,,6
0404d43c,1299832,60,1,45,4,2,0,0,0,0,13,0,0,0,0,0,0,0,male,Afghanistan tour of Bangladesh,T20,Liton Das,caught,Bangladesh,Afghanistan,2022-03-03,,6
0404d43c,1299833,13,1,10,0,1,1,0,0,0,4,0,0,0,0,0,0,0,male,Afghanistan tour of Bangladesh,T20,Liton Das,caught,Bangladesh,Afghanistan,2022-03-05,,6
0404d43c,1277097,50,1,67,5,1,1,0,0,0,40,0,0,0,0,0,0,0,male,Bangladesh tour of South Africa,ODI,Liton Das,bowled,Bangladesh,South Africa,2022-03-18,,6
0404d43c,1277098,15,1,21,3,0,0,0,0,0,15,0,0,0,0,0,0,0,male,Bangladesh tour of South Africa,ODI,Liton Das,0,Bangladesh,South Africa,2022-03-20,,6
0404d43c,1277099,48,1,58,8,0,0,0,0,0,37,0,0,0,0,0,0,0,male,Bangladesh tour of South Africa,ODI,Liton Das,0,Bangladesh,South Africa,2022-03-23,,6
0404d43c,1277100,43,2,98,6,0,1,0,1,0,77,0,0,0,0,0,0,0,male,Bangladesh tour of South Africa,Test,Liton Das,bowled,Bangladesh,South Africa,2022-03-31,2022-04-01,6
0404d43c,1277101,38,2,47,7,0,2,0,0,1,32,0,0,0,0,0,0,0,male,Bangladesh tour of South Africa,Test,Liton Das,0,Bangladesh,South Africa,2022-04-08,2022-04-09,6
0404d43c,1308488,88,1,189,10,0,1,0,0,0,138,0,0,0,0,0,0,0,male,Sri Lanka tour of Bangladesh,Test,Liton Das,caught,Bangladesh,Sri Lanka,2022-05-15,2022-05-16,6
0404d43c,1308489,193,2,383,19,1,3,0,0,0,272,0,0,0,0,0,0,0,male,Sri Lanka tour of Bangladesh,Test,Liton Das,caught and bowled,Bangladesh,Sri Lanka,2022-05-23,2022-05-24,6
0404d43c,1317147,29,2,48,5,0,1,0,0,0,35,0,0,0,0,0,0,0,male,Bangladesh tour of West Indies,Test,Liton Das,caught,Bangladesh,West Indies,2022-06-16,2022-06-17,6
0404d43c,1317148,72,2,102,10,0,1,0,0,0,69,0,0,0,0,0,0,0,male,Bangladesh tour of West Indies,Test,Liton Das,lbw,Bangladesh,West Indies,2022-06-24,2022-06-25,6
0404d43c,1317149,9,1,14,2,0,0,0,0,0,11,0,0,0,0,0,0,0,male,Bangladesh tour of West Indies,T20,Liton Das,caught,Bangladesh,West Indies,2022-07-02,,6
0404d43c,1317150,5,1,4,1,0,0,0,0,0,2,0,0,0,0,0,0,0,male,Bangladesh tour of West Indies,T20,Liton Das,0,Bangladesh,West Indies,2022-07-03,,6
0404d43c,1317151,49,1,46,3,2,1,0,0,0,20,0,0,0,0,0,0,0,male,Bangladesh tour of West Indies,T20,Liton Das,0,Bangladesh,West Indies,2022-07-07,,6
0404d43c,1317152,1,1,9,0,0,0,0,0,0,8,0,0,0,0,0,0,0,male,Bangladesh tour of West Indies,ODI,Liton Das,lbw,Bangladesh,West Indies,2022-07-10,,6
0404d43c,1317153,32,0,27,6,0,0,0,0,0,16,0,0,0,0,0,0,0,male,Bangladesh tour of West Indies,ODI,Liton Das,0,Bangladesh,West Indies,2022-07-13,,6
0404d43c,1317154,50,1,65,5,1,0,0,0,0,37,0,0,0,0,0,0,0,male,Bangladesh tour of West Indies,ODI,Liton Das,0,Bangladesh,West Indies,2022-07-16,,6
0404d43c,1323295,32,1,21,6,0,0,0,0,0,8,0,0,0,0,0,0,0,male,Bangladesh tour of Zimbabwe,T20,Liton Das,run out,Bangladesh,Zimbabwe,2022-07-30,,6
0404d43c,1323296,56,1,33,6,2,1,0,0,0,8,0,0,0,0,0,0,0,male,Bangladesh tour of Zimbabwe,T20,Liton Das,0,Bangladesh,Zimbabwe,2022-07-31,,6
0404d43c,1323297,13,1,6,2,0,1,0,0,0,2,0,0,0,0,0,0,0,male,Bangladesh tour of Zimbabwe,T20,Liton Das,0,Bangladesh,Zimbabwe,2022-08-02,,6
0404d43c,1323292,81,1,90,10,1,0,0,0,0,45,0,0,0,0,0,0,0,male,Bangladesh tour of Zimbabwe,ODI,Liton Das,retired hurt,Bangladesh,Zimbabwe,2022-08-05,,6
0404d43c,1336031,13,1,10,3,0,0,0,0,0,6,0,0,0,0,0,0,0,male,Bangladesh tour of United Arab Emirates,T20,Liton Das,caught,Bangladesh,United Arab Emirates,2022-09-25,,6
0404d43c,1336032,25,1,20,4,0,0,0,0,0,7,0,0,0,0,0,0,0,male,Bangladesh tour of United Arab Emirates,T20,Liton Das,caught,Bangladesh,United Arab Emirates,2022-09-27,,6
0404d43c,1322334,35,1,26,4,1,0,0,0,0,9,0,0,0,0,0,0,0,male,New Zealand T20I Tri-Series,T20,Liton Das,caught,Bangladesh,Pakistan,2022-10-07,,6
0404d43c,1322336,15,1,16,2,0,0,0,0,0,8,0,0,0,0,0,0,0,male,New Zealand T20I Tri-Series,T20,Liton Das,caught and bowled,Bangladesh,New Zealand,2022-10-09,,6
0404d43c,1322338,23,1,17,3,1,0,0,0,0,8,0,0,0,0,0,0,0,male,New Zealand T20I Tri-Series,T20,Liton Das,caught,Bangladesh,New Zealand,2022-10-12,,6
0404d43c,1322339,69,1,42,6,2,0,0,0,0,10,0,0,0,0,0,0,0,male,New Zealand T20I Tri-Series,T20,Liton Das,0,Bangladesh,Pakistan,2022-10-13,,6
0404d43c,1298151,9,1,11,0,0,1,0,0,0,4,0,0,0,0,0,0,0,male,ICC Men's T20 World Cup,T20,Liton Das,caught,Bangladesh,Netherlands,2022-10-24,,6
0404d43c,1298156,34,1,31,1,1,2,0,0,0,8,0,0,0,0,0,0,0,male,ICC Men's T20 World Cup,T20,Liton Das,0,Bangladesh,South Africa,2022-10-27,,6
0404d43c,1298162,14,1,12,3,0,0,0,0,0,7,0,0,0,0,0,0,0,male,ICC Men's T20 World Cup,T20,Liton Das,caught,Bangladesh,Zimbabwe,2022-10-30,,6
0404d43c,1298169,60,0,27,7,3,0,0,0,0,7,0,0,0,0,0,0,0,male,ICC Men's T20 World Cup,T20,Liton Das,0,Bangladesh,India,2022-11-02,,6
0404d43c,1298175,10,1,8,0,1,0,1,0,0,3,0,0,0,0,0,0,0,male,ICC Men's T20 World Cup,T20,Liton Das,0,Bangladesh,Pakistan,2022-11-06,,6
0404d43c,1340845,41,1,64,3,1,1,0,0,0,41,0,0,0,0,0,0,0,male,India tour of Bangladesh,ODI,Liton Das,caught,Bangladesh,India,2022-12-04,,6
0404d43c,1340846,7,1,23,1,0,1,0,0,0,20,0,0,0,0,0,0,0,male,India tour of Bangladesh,ODI,Liton Das,0,Bangladesh,India,2022-12-07,,6
0404d43c,1340847,29,1,27,4,1,3,0,0,0,17,0,0,0,0,0,0,0,male,India tour of Bangladesh,ODI,Liton Das,caught,Bangladesh,India,2022-12-10,,6
0404d43c,1340848,43,2,89,7,0,0,0,0,0,70,0,13,0,0,0,0,5,male,India tour of Bangladesh,Test,Liton Das,caught,Bangladesh,India,2022-12-14,2022-12-15,6
0404d43c,1340849,98,2,124,9,1,1,0,0,0,74,0,0,0,0,0,0,0,male,India tour of Bangladesh,Test,Liton Das,0,Bangladesh,India,2022-12-22,2022-12-23,6
0404d43c,1351053,10,1,13,2,0,0,0,0,0,9,0,0,0,0,0,0,0,male,Bangladesh Premier League,T20,Liton Das,caught,Comilla Victorians,Rangpur Riders,2023-01-06,,6
0404d43c,1351056,8,1,5,2,0,2,0,0,1,3,0,0,0,0,0,0,0,male,Bangladesh Premier League,T20,Liton Das,caught,Comilla Victorians,Sylhet Strikers,2023-01-09,,6
0404d43c,1351062,32,1,26,1,3,1,0,0,0,12,0,0,0,0,0,0,0,male,Bangladesh Premier League,T20,Liton Das,run out,Comilla Victorians,Fortune Barishal,2023-01-14,,6
0404d43c,1351065,40,1,23,4,3,0,0,0,0,12,0,0,0,0,0,0,0,male,Bangladesh Premier League,T20,Liton Das,bowled,Comilla Victorians,Chattogram Challengers,2023-01-16,,6
0404d43c,1351067,70,1,42,7,4,1,0,0,0,15,0,0,0,0,0,0,0,male,Bangladesh Premier League,T20,Liton Das,caught,Comilla Victorians,Sylhet Strikers,2023-01-17,,6
0404d43c,1351068,0,1,2,0,0,0,0,0,1,2,0,0,0,0,0,0,0,male,Bangladesh Premier League,T20,Liton Das,caught,Comilla Victorians,Dhaka Dominators,2023-01-19,,6
0404d43c,1351073,20,1,20,3,0,3,0,0,0,11,0,0,0,0,0,0,0,male,Bangladesh Premier League,T20,Liton Das,caught,Comilla Victorians,Dhaka Dominators,2023-01-23,,6
0404d43c,1351078,50,1,42,9,0,1,0,1,0,21,0,0,0,0,0,0,0,male,Bangladesh Premier League,T20,Liton Das,caught,Comilla Victorians,Khulna Tigers,2023-01-28,,6
0404d43c,1351083,4,1,2,1,0,0,0,0,0,1,0,0,0,0,0,0,0,male,Bangladesh Premier League,T20,Liton Das,0,Comilla Victorians,Khulna Tigers,2023-01-31,,6
0404d43c,1351089,36,1,42,5,0,0,0,0,0,21,0,0,0,0,0,0,0,male,Bangladesh Premier League,T20,Liton Das,0,Comilla Victorians,Fortune Barishal,2023-02-07,,6
0404d43c,1351092,47,1,33,3,3,0,0,0,0,11,0,0,0,0,0,0,0,male,Bangladesh Premier League,T20,Liton Das,0,Comilla Victorians,Rangpur Riders,2023-02-10,,6
0404d43c,1351095,7,1,11,0,0,0,0,0,0,6,0,0,0,0,0,0,0,male,Bangladesh Premier League,T20,Liton Das,caught,Comilla Victorians,Sylhet Strikers,2023-02-12,,6
0404d43c,1351097,55,1,40,7,1,1,0,0,0,13,0,0,0,0,0,0,0,male,Bangladesh Premier League,T20,Liton Das,caught,Comilla Victorians,Sylhet Strikers,2023-02-16,,6
0404d43c,1351397,7,1,16,0,1,0,0,0,0,14,0,0,0,0,0,0,0,male,England tour of Bangladesh,ODI,Liton Das,lbw,Bangladesh,England,2023-03-01,,6
0404d43c,1351398,0,1,1,0,0,1,0,0,0,1,0,0,0,0,0,0,0,male,England tour of Bangladesh,ODI,Liton Das,caught,Bangladesh,England,2023-03-03,,6
0404d43c,1351399,0,1,3,0,0,1,0,0,0,3,0,0,0,0,0,0,0,male,England tour of Bangladesh,ODI,Liton Das,0,Bangladesh,England,2023-03-06,,6
0404d43c,1351400,12,1,11,2,0,1,0,0,0,5,0,0,0,0,0,0,0,male,England tour of Bangladesh,T20,Liton Das,0,Bangladesh,England,2023-03-09,,6
0404d43c,1351401,9,1,9,1,0,0,0,2,2,4,0,0,0,0,0,0,0,male,England tour of Bangladesh,T20,Liton Das,0,Bangladesh,England,2023-03-12,,6
0404d43c,1351402,73,1,60,10,1,1,0,0,1,27,0,0,0,0,0,0,0,male,England tour of Bangladesh,T20,Liton Das,caught,Bangladesh,England,2023-03-14,,6
0404d43c,1355717,26,1,32,2,1,0,0,0,0,17,0,0,0,0,0,0,0,male,Ireland tour of Bangladesh,ODI,Liton Das,0,Bangladesh,Ireland,2023-03-18,,6
0404d43c,1355718,70,1,72,3,3,0,0,0,0,34,0,0,0,0,0,0,0,male,Ireland tour of Bangladesh,ODI,Liton Das,caught,Bangladesh,Ireland,2023-03-20,,6
0404d43c,1355719,50,0,39,10,0,0,0,0,0,21,0,0,0,0,0,0,0,male,Ireland tour of Bangladesh,ODI,Liton Das,0,Bangladesh,Ireland,2023-03-23,,6
0404d43c,1355720,47,1,24,4,3,0,0,0,0,7,0,0,0,0,0,0,0,male,Ireland tour of Bangladesh,T20,Liton Das,0,Bangladesh,Ireland,2023-03-27,,6
0404d43c,1355721,83,1,42,10,3,3,0,0,0,9,0,0,0,0,0,0,0,male,Ireland tour of Bangladesh,T20,Liton Das,0,Bangladesh,Ireland,2023-03-29,,6
0404d43c,1355722,5,1,4,1,0,1,0,0,0,2,0,0,0,0,0,0,0,male,Ireland tour of Bangladesh,T20,Liton Das,0,Bangladesh,Ireland,2023-03-31,,6
0404d43c,1355723,66,2,61,11,1,4,0,0,1,34,0,0,0,0,0,0,0,male,Ireland tour of Bangladesh,Test,Liton Das,caught,Bangladesh,Ireland,2023-04-04,2023-04-05,6
0404d43c,1359502,4,1,4,1,0,0,0,0,0,3,0,0,0,0,0,0,0,male,Indian Premier League,T20,Liton Das,0,Kolkata Knight Riders,Delhi Capitals,2023-04-20,,6
0404d43c,1364124,0,1,1,0,0,0,0,0,0,1,0,0,0,0,0,0,0,male,Ireland v Bangladesh,ODI,Liton Das,lbw,Bangladesh,Ireland,2023-05-09,,6
0404d43c,1364125,21,1,21,2,1,1,0,0,0,11,0,0,0,0,0,0,0,male,ICC Men's Cricket World Cup Super League,ODI,Liton Das,caught,Bangladesh,Ireland,2023-05-12,,6
0404d43c,1365552,35,1,40,3,1,2,0,0,0,22,0,0,0,0,0,0,0,male,ICC Men's Cricket World Cup Super League,ODI,Liton Das,0,Bangladesh,Ireland,2023-05-14,,6
0404d43c,1377011,75,1,96,8,1,5,0,0,1,52,0,0,0,0,0,0,0,male,Afghanistan tour of Bangladesh,Test,Liton Das,caught,Bangladesh,Afghanistan,2023-06-14,2023-06-15,6
0404d43c,1377012,26,1,37,2,1,1,0,0,0,25,0,0,0,0,0,0,0,male,Afghanistan tour of Bangladesh,ODI,Liton Das,caught,Bangladesh,Afghanistan,2023-07-05,,6
0404d43c,1377013,13,1,15,3,0,1,0,0,0,11,0,0,0,0,0,0,0,male,Afghanistan tour of Bangladesh,ODI,Liton Das,0,Bangladesh,Afghanistan,2023-07-08,,6
0404d43c,1377014,53,0,60,3,2,0,0,0,0,29,0,0,0,0,0,0,0,male,Afghanistan tour of Bangladesh,ODI,Liton Das,0,Bangladesh,Afghanistan,2023-07-11,,6
0404d43c,1377015,18,1,20,2,0,2,0,0,0,11,0,0,0,0,0,0,0,male,Afghanistan tour of Bangladesh,T20,Liton Das,0,Bangladesh,Afghanistan,2023-07-14,,6
0404d43c,1377016,35,1,37,6,0,2,0,0,0,20,0,0,0,0,0,0,0,male,Afghanistan tour of Bangladesh,T20,Liton Das,0,Bangladesh,Afghanistan,2023-07-16,,6
0404d43c,1382897,1,1,4,0,0,1,0,0,0,3,0,0,0,0,0,0,0,male,Lanka Premier League,T20,Liton Das,caught,Galle Titans,Colombo Strikers,2023-08-15,,6
0404d43c,1382898,8,1,7,1,0,0,0,0,1,2,0,0,0,0,0,0,0,male,Lanka Premier League,T20,Liton Das,0,Galle Titans,Dambulla Aura,2023-08-17,,6
0404d43c,1382900,25,1,20,4,0,0,0,0,0,9,0,0,0,0,0,0,0,male,Lanka Premier League,T20,Liton Das,0,Galle Titans,B-Love Kandy,2023-08-19,,6
0404d43c,1388401,16,1,13,4,0,0,0,0,0,9,0,0,0,0,0,0,0,male,Asia Cup,ODI,Liton Das,caught,Bangladesh,Pakistan,2023-09-06,,6
0404d43c,1388403,15,1,25,1,0,0,0,0,0,14,0,0,0,0,0,0,0,male,Asia Cup,ODI,Liton Das,caught,Bangladesh,Sri Lanka,2023-09-09,,6
0404d43c,1388412,0,1,2,0,0,0,0,1,0,2,0,0,0,0,0,0,0,male,Asia Cup,ODI,Liton Das,bowled,Bangladesh,India,2023-09-15,,6
0404d43c,1395700,0,0,0,0,0,0,0,0,0,0,0,0,0,0,0,0,0,male,New Zealand tour of Bangladesh,ODI,Liton Das,0,Bangladesh,New Zealand,2023-09-21,,6
0404d43c,1395701,6,1,17,0,0,3,0,0,1,12,0,0,0,0,0,0,0,male,New Zealand tour of Bangladesh,ODI,Liton Das,0,Bangladesh,New Zealand,2023-09-23,,6
0404d43c,1384394,13,1,18,2,0,1,0,0,0,11,0,0,0,0,0,0,0,male,ICC Cricket World Cup,ODI,Liton Das,bowled,Bangladesh,Afghanistan,2023-10-07,,6
0404d43c,1384398,76,1,66,7,2,1,0,0,0,26,0,0,0,0,0,0,0,male,ICC Cricket World Cup,ODI,Liton Das,0,Bangladesh,England,2023-10-10,,6
0404d43c,1384402,0,1,1,0,0,0,0,0,0,1,0,0,0,0,0,0,0,male,ICC Cricket World Cup,ODI,Liton Das,caught,Bangladesh,New Zealand,2023-10-13,,6
0404d43c,1384408,66,1,83,7,0,0,0,0,0,43,0,0,0,0,0,0,0,male,ICC Cricket World Cup,ODI,Liton Das,0,Bangladesh,India,2023-10-19,,6
0404d43c,1384414,22,1,46,3,1,1,0,0,0,38,0,0,0,0,0,0,0,male,ICC Cricket World Cup,ODI,Liton Das,0,Bangladesh,South Africa,2023-10-24,,6
0404d43c,1384419,3,1,13,0,0,0,0,0,0,10,0,0,0,0,0,0,0,male,ICC Cricket World Cup,ODI,Liton Das,caught,Bangladesh,Netherlands,2023-10-28,,6
0404d43c,1384422,45,1,64,6,0,0,0,0,0,39,0,0,0,0,0,0,0,male,ICC Cricket World Cup,ODI,Liton Das,caught,Bangladesh,Pakistan,2023-10-31,,6
0404d43c,1384429,23,1,24,2,2,2,0,0,0,17,0,0,0,0,0,0,0,male,ICC Cricket World Cup,ODI,Liton Das,0,Bangladesh,Sri Lanka,2023-11-06,,6
0404d43c,1384434,36,1,48,5,0,0,0,0,0,30,0,0,0,0,0,0,0,male,ICC Cricket World Cup,ODI,Liton Das,caught,Bangladesh,Australia,2023-11-11,,6
0404d43c,1408102,22,1,20,1,1,0,0,0,0,7,0,0,0,0,0,0,0,male,Bangladesh tour of New Zealand,ODI,Liton Das,caught,Bangladesh,New Zealand,2023-12-17,,6
0404d43c,1388211,6,1,11,1,0,0,0,0,0,8,0,0,0,0,0,0,0,male,Bangladesh tour of New Zealand,ODI,Liton Das,0,Bangladesh,New Zealand,2023-12-20,,6
0404d43c,1388212,1,0,2,0,0,0,0,0,0,1,0,0,0,0,0,0,0,male,Bangladesh tour of New Zealand,ODI,Liton Das,0,Bangladesh,New Zealand,2023-12-23,,6
0404d43c,1388213,42,0,36,2,1,1,0,0,0,7,0,0,0,0,0,0,0,male,Bangladesh tour of New Zealand,T20,Liton Das,0,Bangladesh,New Zealand,2023-12-27,,6
0404d43c,1412274,13,1,17,1,1,1,0,0,0,12,0,0,0,0,0,0,0,male,Bangladesh Premier League,T20,Liton Das,caught,Comilla Victorians,Durdanto Dhaka,2024-01-19,,6
0404d43c,1412281,14,1,21,1,0,0,0,0,0,10,0,0,0,0,0,0,0,male,Bangladesh Premier League,T20,Liton Das,caught,Comilla Victorians,Fortune Barishal,2024-01-23,,6
0404d43c,1412283,8,1,4,2,0,1,0,0,1,2,0,0,0,0,0,0,0,male,Bangladesh Premier League,T20,Liton Das,0,Comilla Victorians,Sylhet Strikers,2024-01-26,,6
0404d43c,1412288,0,1,1,0,0,1,0,0,0,1,0,0,0,0,0,0,0,male,Bangladesh Premier League,T20,Liton Das,caught,Comilla Victorians,Rangpur Riders,2024-01-30,,6
0404d43c,1412291,2,1,13,0,0,2,0,0,0,11,0,0,0,0,0,0,0,male,Bangladesh Premier League,T20,Liton Das,caught,Comilla Victorians,Chattogram Challengers,2024-02-02,,6
0404d43c,1412296,45,1,31,2,4,1,0,0,0,13,0,0,0,0,0,0,0,male,Bangladesh Premier League,T20,Liton Das,bowled,Comilla Victorians,Khulna Tigers,2024-02-07,,6
0404d43c,1412299,8,1,5,0,1,1,0,0,0,3,0,0,0,0,0,0,0,male,Bangladesh Premier League,T20,Liton Das,0,Comilla Victorians,Durdanto Dhaka,2024-02-09,,6
0404d43c,1412302,60,1,32,9,3,0,0,0,0,15,0,0,0,0,0,0,0,male,Bangladesh Premier League,T20,Liton Das,0,Comilla Victorians,Chattogram Challengers,2024-02-13,,6
0404d43c,1412305,2,1,3,0,0,0,0,0,0,1,0,0,0,0,0,0,0,male,Bangladesh Premier League,T20,Liton Das,caught,Comilla Victorians,Khulna Tigers,2024-02-14,,6
0404d43c,1412310,85,1,61,7,3,1,0,0,0,18,0,0,0,0,0,0,0,male,Bangladesh Premier League,T20,Liton Das,0,Comilla Victorians,Sylhet Strikers,2024-02-19,,6
0404d43c,1412313,43,1,45,4,1,1,0,0,0,20,0,0,0,0,0,0,0,male,Bangladesh Premier League,T20,Liton Das,0,Comilla Victorians,Rangpur Riders,2024-02-20,,6
0404d43c,1412314,12,1,13,2,0,0,0,0,0,7,0,0,0,0,0,0,0,male,Bangladesh Premier League,T20,Liton Das,bowled,Comilla Victorians,Fortune Barishal,2024-02-23,,6
0404d43c,1412317,83,1,60,9,4,1,0,0,0,26,0,0,0,0,0,0,0,male,Bangladesh Premier League,T20,Liton Das,caught,Comilla Victorians,Rangpur Riders,2024-02-26,,6
0404d43c,1412319,16,1,12,3,0,0,0,0,0,5,0,0,0,0,0,0,0,male,Bangladesh Premier League,T20,Liton Das,0,Comilla Victorians,Fortune Barishal,2024-03-01,,6
0404d43c,1419824,0,1,3,0,0,1,0,0,0,3,0,0,0,0,0,0,0,male,Sri Lanka tour of Bangladesh,T20,Liton Das,caught,Bangladesh,Sri Lanka,2024-03-04,,6
0404d43c,1419825,36,1,24,5,1,1,0,0,0,8,0,0,0,0,0,0,0,male,Sri Lanka tour of Bangladesh,T20,Liton Das,0,Bangladesh,Sri Lanka,2024-03-06,,6
0404d43c,1419826,7,1,11,1,0,0,0,1,0,7,0,0,0,0,0,0,0,male,Sri Lanka tour of Bangladesh,T20,Liton Das,caught,Bangladesh,Sri Lanka,2024-03-09,,6
0404d43c,1419827,0,1,1,0,0,1,0,0,0,1,0,0,0,0,0,0,0,male,Sri Lanka tour of Bangladesh,ODI,Liton Das,bowled,Bangladesh,Sri Lanka,2024-03-13,,6
0404d43c,1419828,0,1,3,0,0,2,0,0,0,3,0,0,0,0,0,0,0,male,Sri Lanka tour of Bangladesh,ODI,Liton Das,caught,Bangladesh,Sri Lanka,2024-03-15,,6
0404d43c,1419830,25,2,44,4,0,6,0,0,0,32,0,0,0,0,0,0,0,male,Sri Lanka tour of Bangladesh,Test,Liton Das,0,Bangladesh,Sri Lanka,2024-03-22,2024-03-23,6
0404d43c,1419831,42,2,75,5,0,3,0,1,0,51,0,0,0,0,0,0,0,male,Sri Lanka tour of Bangladesh,Test,Liton Das,caught,Bangladesh,Sri Lanka,2024-03-30,2024-03-31,6
0404d43c,1425126,1,1,3,0,0,1,0,0,0,2,0,0,0,0,0,0,0,male,Zimbabwe tour of Bangladesh,T20,Liton Das,0,Bangladesh,Zimbabwe,2024-05-03,,6
0404d43c,1425127,23,1,25,2,1,2,0,0,0,13,0,0,0,0,0,0,0,male,Zimbabwe tour of Bangladesh,T20,Liton Das,0,Bangladesh,Zimbabwe,2024-05-05,,6
0404d43c,1425128,12,1,16,2,0,2,0,0,0,10,0,0,0,0,0,0,0,male,Zimbabwe tour of Bangladesh,T20,Liton Das,0,Bangladesh,Zimbabwe,2024-05-07,,6
0404d43c,1425131,14,1,15,1,1,0,0,0,0,9,0,0,0,0,0,0,0,male,Bangladesh tour of United States of America,T20,Liton Das,0,Bangladesh,United States of America,2024-05-21,,6
0404d43c,1425133,0,0,0,0,0,1,0,0,0,0,0,0,0,0,0,0,0,male,Bangladesh tour of United States of America,T20,Liton Das,0,Bangladesh,United States of America,2024-05-25,,6
0404d43c,1415715,36,1,40,2,1,1,0,0,1,19,0,0,0,0,0,0,0,male,ICC Men's T20 World Cup,T20,Liton Das,0,Bangladesh,Sri Lanka,2024-06-07,,6
0404d43c,1415721,9,1,14,1,0,0,0,0,0,9,0,0,0,0,0,0,0,male,ICC Men's T20 World Cup,T20,Liton Das,caught,Bangladesh,South Africa,2024-06-10,,6
0404d43c,1415727,1,1,2,0,0,0,0,0,2,1,0,0,0,0,0,0,0,male,ICC Men's T20 World Cup,T20,Liton Das,caught,Bangladesh,Netherlands,2024-06-13,,6
0404d43c,1415737,10,1,12,1,0,1,0,0,1,8,0,0,0,0,0,0,0,male,ICC Men's T20 World Cup,T20,Liton Das,0,Bangladesh,Nepal,2024-06-16,,6
0404d43c,1415744,16,1,26,2,0,0,0,0,0,17,0,0,0,0,0,0,0,male,ICC Men's T20 World Cup,T20,Liton Das,bowled,Bangladesh,Australia,2024-06-20,,6
0404d43c,1415747,13,1,10,1,1,1,0,0,0,5,0,0,0,0,0,0,0,male,ICC Men's T20 World Cup,T20,Liton Das,caught,Bangladesh,India,2024-06-22,,6
0404d43c,1415752,54,0,50,5,1,1,0,0,0,19,0,0,0,0,0,0,0,male,ICC Men's T20 World Cup,T20,Liton Das,0,Bangladesh,Afghanistan,2024-06-24,,6
0404d43c,1442213,56,1,78,8,1,4,0,0,2,54,0,0,0,0,0,0,0,male,Bangladesh tour of Pakistan,Test,Liton Das,0,Bangladesh,Pakistan,2024-08-21,2024-08-22,6
0404d43c,1442214,138,1,228,13,4,4,0,0,2,160,0,0,0,0,0,0,0,male,Bangladesh tour of Pakistan,Test,Liton Das,0,Bangladesh,Pakistan,2024-08-30,2024-08-31,6
0404d43c,1439891,23,2,52,3,0,5,0,0,0,38,0,0,0,0,0,0,0,male,Bangladesh tour of India,Test,Liton Das,0,Bangladesh,India,2024-09-19,2024-09-20,6
0404d43c,1439892,14,2,38,3,0,0,0,0,1,33,0,0,0,0,0,0,0,male,Bangladesh tour of India,Test,Liton Das,0,Bangladesh,India,2024-09-27,2024-09-28,6
0404d43c,1439893,4,1,2,1,0,0,0,0,0,1,0,0,0,0,0,0,0,male,Bangladesh tour of India,T20,Liton Das,caught,Bangladesh,India,2024-10-06,,6
0404d43c,1439894,14,1,11,0,1,1,0,0,0,4,0,0,0,0,0,0,0,male,Bangladesh tour of India,T20,Liton Das,0,Bangladesh,India,2024-10-09,,6
0404d43c,1439895,42,1,26,8,0,1,0,0,0,8,0,0,0,0,0,0,0,male,Bangladesh tour of India,T20,Liton Das,caught,Bangladesh,India,2024-10-12,,6
0404d43c,1453293,8,2,28,1,0,3,0,0,1,23,0,0,0,0,0,0,0,male,South Africa tour of Bangladesh,Test,Liton Das,caught,Bangladesh,South Africa,2024-10-21,2024-10-22,6
