player_id,match_id,runs_scored,player_out,balls_faced,fours_scored,sixes_scored,catches_taken,run_out_direct,run_out_throw,stumpings_done,dot_balls_as_batsman,order_seenballs_bowled,runs_conceded,wickets_taken,bowled_done,lbw_done,maidens,dot_balls_as_bowler,gender,series_name,match_type,name,out_kind,player_team,opposition_team,start_date,end_date,balls_per_over
5284c884,361759,0,0,0,0,0,0,0,0,0,0,0,55,1,1,0,1,46,male,New Zealand in Bangladesh Test Series,Test,Mahbubul Alam,0,Bangladesh,New Zealand,2008-10-25,2008-10-26,6
5284c884,350345,1,1,19,0,0,0,0,0,0,18,0,68,2,1,0,8,119,male,Bangladesh in South Africa Test Series,Test,Mahbubul Alam,0,Bangladesh,South Africa,2008-11-19,2008-11-20,6
5284c884,350346,2,1,34,0,0,0,0,0,0,32,0,86,1,0,1,4,120,male,Bangladesh in South Africa Test Series,Test,Mahbubul Alam,0,Bangladesh,South Africa,2008-11-26,2008-11-27,6
5284c884,378753,22,1,28,1,1,1,0,0,0,18,0,67,0,0,0,1,38,male,Tri-Nation Tournament in Bangladesh,ODI,Mahbubul Alam,caught,Bangladesh,Zimbabwe,2009-01-10,,6
5284c884,378755,0,0,0,0,0,0,0,0,0,0,0,25,1,1,0,0,14,male,Tri-Nation Tournament in Bangladesh,ODI,Mahbubul Alam,0,Bangladesh,Sri Lanka,2009-01-14,,6
5284c884,401075,0,0,0,0,0,0,0,0,0,0,0,42,2,0,1,0,29,male,Bangladesh in West Indies ODI Series,ODI,Mahbubul Alam,0,Bangladesh,West Indies,2009-07-31,,6
5284c884,410339,59,1,44,2,3,0,0,0,0,17,0,86,2,0,0,1,24,male,Bangladesh in Zimbabwe ODI Series,ODI,Mahbubul Alam,0,Bangladesh,Zimbabwe,2009-08-14,,6
5284c884,410340,0,0,0,0,0,0,0,0,0,0,0,64,2,1,0,0,29,male,Bangladesh in Zimbabwe ODI Series,ODI,Mahbubul Alam,0,Bangladesh,Zimbabwe,2009-08-16,,6
5284c884,599888,13,0,6,1,1,1,0,0,0,2,0,26,1,0,0,0,5,male,Bangladesh Premier League,T20,Mahbubul Alam,0,Dhaka Gladiators,Chittagong Kings,2013-02-02,,6
5284c884,599899,0,0,0,0,0,0,0,0,0,0,0,21,0,0,0,0,3,male,Bangladesh Premier League,T20,Mahbubul Alam,0,Dhaka Gladiators,Khulna Royal Bengals,2013-02-11,,6
5284c884,599902,6,1,3,0,1,1,0,0,0,2,0,0,0,0,0,0,0,male,Bangladesh Premier League,T20,Mahbubul Alam,caught,Dhaka Gladiators,Barisal Burners,2013-02-12,,6
