player_id,match_id,runs_scored,player_out,balls_faced,fours_scored,sixes_scored,catches_taken,run_out_direct,run_out_throw,stumpings_done,dot_balls_as_batsman,order_seenballs_bowled,runs_conceded,wickets_taken,bowled_done,lbw_done,maidens,dot_balls_as_bowler,gender,series_name,match_type,name,out_kind,player_team,opposition_team,start_date,end_date,balls_per_over
dac6aabc,1169389,4,0,4,0,0,0,0,1,0,0,0,0,0,0,0,0,0,male,Bangladesh Premier League,T20,Mahidul Islam Ankon,0,Khulna Titans,Chittagong Vikings,2019-01-12,,6
dac6aabc,1208068,2,1,9,0,0,1,0,0,1,7,0,0,0,0,0,0,0,male,Bangladesh Premier League,T20,Mahidul Islam Ankon,bowled,Cumilla Warriors,Rangpur Rangers,2019-12-11,,6
dac6aabc,1208072,37,1,27,1,2,1,0,1,0,6,0,0,0,0,0,0,0,male,Bangladesh Premier League,T20,Mahidul Islam Ankon,0,Cumilla Warriors,Dhaka Platoon,2019-12-13,,6
dac6aabc,1208077,0,0,0,0,0,0,0,1,0,0,0,0,0,0,0,0,0,male,Bangladesh Premier League,T20,Mahidul Islam Ankon,0,Cumilla Warriors,Rangpur Rangers,2019-12-18,,6
dac6aabc,1208080,13,1,7,2,0,0,0,0,0,1,0,0,0,0,0,0,0,male,Bangladesh Premier League,T20,Mahidul Islam Ankon,0,Cumilla Warriors,Chattogram Challengers,2019-12-20,,6
dac6aabc,1208083,0,0,0,0,0,1,0,0,0,0,0,0,0,0,0,0,0,male,Bangladesh Premier League,T20,Mahidul Islam Ankon,0,Cumilla Warriors,Dhaka Platoon,2019-12-23,,6
dac6aabc,1208086,4,1,7,0,0,0,0,0,0,3,0,0,0,0,0,0,0,male,Bangladesh Premier League,T20,Mahidul Islam Ankon,caught,Cumilla Warriors,Rajshahi Royals,2019-12-24,,6
dac6aabc,1208089,0,0,0,0,0,0,1,0,0,0,0,0,0,0,0,0,0,male,Bangladesh Premier League,T20,Mahidul Islam Ankon,0,Cumilla Warriors,Rajshahi Royals,2019-12-28,,6
dac6aabc,1208093,0,1,2,0,0,0,0,0,0,2,0,0,0,0,0,0,0,male,Bangladesh Premier League,T20,Mahidul Islam Ankon,caught,Cumilla Warriors,Chattogram Challengers,2019-12-31,,6
dac6aabc,1208096,19,0,14,0,1,2,0,2,0,2,0,0,0,0,0,0,0,male,Bangladesh Premier League,T20,Mahidul Islam Ankon,0,Cumilla Warriors,Sylhet Thunder,2020-01-02,,6
dac6aabc,1208101,11,1,9,0,1,1,0,0,1,3,0,0,0,0,0,0,0,male,Bangladesh Premier League,T20,Mahidul Islam Ankon,caught,Cumilla Warriors,Sylhet Thunder,2020-01-07,,6
dac6aabc,1208103,0,1,5,0,0,0,0,0,0,5,0,0,0,0,0,0,0,male,Bangladesh Premier League,T20,Mahidul Islam Ankon,0,Cumilla Warriors,Khulna Tigers,2020-01-08,,6
dac6aabc,1296687,9,0,14,0,0,2,0,1,0,6,0,0,0,0,0,0,0,male,Bangladesh Premier League,T20,Mahidul Islam Ankon,0,Comilla Victorians,Sylhet Sunrisers,2022-01-22,,6
dac6aabc,1296692,8,1,5,0,1,1,0,0,1,2,0,0,0,0,0,0,0,male,Bangladesh Premier League,T20,Mahidul Islam Ankon,0,Comilla Victorians,Fortune Barishal,2022-01-25,,6
dac6aabc,1296702,0,0,0,0,0,0,0,1,0,0,0,0,0,0,0,0,0,male,Bangladesh Premier League,T20,Mahidul Islam Ankon,0,Comilla Victorians,Chattogram Challengers,2022-02-03,,6
dac6aabc,1296711,12,0,7,0,1,1,0,0,0,2,0,0,0,0,0,0,0,male,Bangladesh Premier League,T20,Mahidul Islam Ankon,0,Comilla Victorians,Khulna Tigers,2022-02-11,,6
dac6aabc,1296714,20,0,11,0,2,0,0,0,0,1,0,0,0,0,0,0,0,male,Bangladesh Premier League,T20,Mahidul Islam Ankon,0,Comilla Victorians,Khulna Tigers,2022-02-12,,6
dac6aabc,1296716,1,1,2,0,0,2,0,1,1,1,0,0,0,0,0,0,0,male,Bangladesh Premier League,T20,Mahidul Islam Ankon,stumped,Comilla Victorians,Fortune Barishal,2022-02-14,,6
dac6aabc,1351086,0,0,0,0,0,0,0,0,0,0,0,0,0,0,0,0,0,male,Bangladesh Premier League,T20,Mahidul Islam Ankon,0,Comilla Victorians,Chattogram Challengers,2023-02-04,,6
dac6aabc,1412274,0,1,1,0,0,0,0,0,0,1,0,0,0,0,0,0,0,male,Bangladesh Premier League,T20,Mahidul Islam Ankon,caught,Comilla Victorians,Durdanto Dhaka,2024-01-19,,6
dac6aabc,1412288,63,1,56,4,3,0,0,0,0,23,0,0,0,0,0,0,0,male,Bangladesh Premier League,T20,Mahidul Islam Ankon,0,Comilla Victorians,Rangpur Riders,2024-01-30,,6
dac6aabc,1412291,5,1,7,1,0,1,1,0,0,5,0,0,0,0,0,0,0,male,Bangladesh Premier League,T20,Mahidul Islam Ankon,caught,Comilla Victorians,Chattogram Challengers,2024-02-02,,6
dac6aabc,1412296,10,1,7,1,1,0,0,0,0,5,0,0,0,0,0,0,0,male,Bangladesh Premier League,T20,Mahidul Islam Ankon,caught,Comilla Victorians,Khulna Tigers,2024-02-07,,6
dac6aabc,1412302,0,0,0,0,0,0,0,0,1,0,0,0,0,0,0,0,0,male,Bangladesh Premier League,T20,Mahidul Islam Ankon,0,Comilla Victorians,Chattogram Challengers,2024-02-13,,6
dac6aabc,1412313,39,1,30,4,1,0,0,0,0,11,0,0,0,0,0,0,0,male,Bangladesh Premier League,T20,Mahidul Islam Ankon,0,Comilla Victorians,Rangpur Riders,2024-02-20,,6
dac6aabc,1412314,1,1,6,0,0,1,0,0,1,5,0,0,0,0,0,0,0,male,Bangladesh Premier League,T20,Mahidul Islam Ankon,caught,Comilla Victorians,Fortune Barishal,2024-02-23,,6
dac6aabc,1412317,0,0,0,0,0,0,0,0,0,0,0,0,0,0,0,0,0,male,Bangladesh Premier League,T20,Mahidul Islam Ankon,0,Comilla Victorians,Rangpur Riders,2024-02-26,,6
dac6aabc,1412319,38,1,36,2,2,0,0,0,0,16,0,0,0,0,0,0,0,male,Bangladesh Premier League,T20,Mahidul Islam Ankon,0,Comilla Victorians,Fortune Barishal,2024-03-01,,6
dac6aabc,1453294,29,2,66,1,2,1,0,0,0,53,0,0,0,0,0,0,0,male,South Africa tour of Bangladesh,Test,Mahidul Islam Ankon,lbw,Bangladesh,South Africa,2024-10-29,2024-10-30,6
