player_id,match_id,runs_scored,player_out,balls_faced,fours_scored,sixes_scored,catches_taken,run_out_direct,run_out_throw,stumpings_done,dot_balls_as_batsman,order_seenballs_bowled,runs_conceded,wickets_taken,bowled_done,lbw_done,maidens,dot_balls_as_bowler,gender,series_name,match_type,name,out_kind,player_team,opposition_team,start_date,end_date,balls_per_over
2cfa6534,65239,0,0,4,0,0,0,0,0,0,4,0,32,1,0,0,2,33,male,ICC World Cup,ODI,Manjural Islam,0,Bangladesh,Canada,2003-02-11,,6
2cfa6534,65249,0,0,0,0,0,0,0,0,0,0,0,63,3,0,0,0,43,male,ICC World Cup,ODI,Manjural Islam,0,Bangladesh,West Indies,2003-02-18,,6
2cfa6534,65254,0,1,2,0,0,0,0,0,0,2,0,26,0,0,0,0,14,male,ICC World Cup,ODI,Manjural Islam,caught,Bangladesh,South Africa,2003-02-22,,6
2cfa6534,65261,0,0,0,0,0,0,0,0,0,0,0,37,0,0,0,1,27,male,ICC World Cup,ODI,Manjural Islam,0,Bangladesh,New Zealand,2003-02-26,,6
2cfa6534,65267,2,1,5,0,0,1,0,0,0,4,0,31,1,0,0,0,38,male,ICC World Cup,ODI,Manjural Islam,stumped,Bangladesh,Kenya,2003-03-01,,6
2cfa6534,64036,1,1,4,0,0,0,0,0,0,3,0,79,1,1,0,3,114,male,Bangladesh tour of Australia,Test,Manjural Islam,0,Bangladesh,Australia,2003-07-18,2003-07-19,6
2cfa6534,64045,5,1,16,0,0,0,0,0,0,14,0,106,2,0,0,5,158,male,Bangladesh tour of Pakistan,Test,Manjural Islam,0,Bangladesh,Pakistan,2003-09-03,2003-09-04,6
