player_id,match_id,runs_scored,player_out,balls_faced,fours_scored,sixes_scored,catches_taken,run_out_direct,run_out_throw,stumpings_done,dot_balls_as_batsman,order_seenballs_bowled,runs_conceded,wickets_taken,bowled_done,lbw_done,maidens,dot_balls_as_bowler,gender,series_name,match_type,name,out_kind,player_team,opposition_team,start_date,end_date,balls_per_over
c58b0108,1029825,2,2,13,0,0,0,0,1,0,11,0,148,7,2,1,6,272,male,England in Bangladesh Test Series,Test,Mehedi Hasan Miraz,lbw,Bangladesh,England,2016-10-20,2016-10-21,6
c58b0108,1029827,3,2,14,0,0,0,0,0,0,12,0,169,12,2,4,4,203,male,England in Bangladesh Test Series,Test,Mehedi Hasan Miraz,0,Bangladesh,England,2016-10-28,2016-10-29,6
c58b0108,1063055,0,0,0,0,0,0,0,0,0,0,0,15,1,1,0,0,12,male,Bangladesh Premier League,T20,Mehedi Hasan Miraz,0,Rajshahi Kings,Khulna Titans,2016-11-09,,6
c58b0108,1063058,0,0,0,0,0,0,0,0,0,0,0,24,1,1,0,0,11,male,Bangladesh Premier League,T20,Mehedi Hasan Miraz,0,Rajshahi Kings,Dhaka Dynamites,2016-11-11,,6
c58b0108,1063061,0,0,0,0,0,0,0,0,0,0,0,19,0,0,0,0,8,male,Bangladesh Premier League,T20,Mehedi Hasan Miraz,0,Rajshahi Kings,Barisal Bulls,2016-11-13,,6
c58b0108,1063065,2,1,3,0,0,0,0,0,0,1,0,18,1,0,1,0,6,male,Bangladesh Premier League,T20,Mehedi Hasan Miraz,bowled,Rajshahi Kings,Chittagong Vikings,2016-11-18,,6
c58b0108,1063068,5,1,10,0,0,1,0,0,0,5,0,29,1,0,0,0,8,male,Bangladesh Premier League,T20,Mehedi Hasan Miraz,caught,Rajshahi Kings,Comilla Victorians,2016-11-19,,6
c58b0108,1063069,6,0,3,1,0,0,0,0,0,0,0,44,0,0,0,0,5,male,Bangladesh Premier League,T20,Mehedi Hasan Miraz,0,Rajshahi Kings,Dhaka Dynamites,2016-11-21,,6
c58b0108,1063073,6,1,7,1,0,0,0,0,0,4,0,19,0,0,0,0,14,male,Bangladesh Premier League,T20,Mehedi Hasan Miraz,0,Rajshahi Kings,Rangpur Riders,2016-11-25,,6
c58b0108,1063076,1,0,1,0,0,0,0,0,0,0,0,28,1,0,0,0,4,male,Bangladesh Premier League,T20,Mehedi Hasan Miraz,0,Rajshahi Kings,Khulna Titans,2016-11-26,,6
c58b0108,1063051,41,0,33,3,1,0,0,0,0,9,0,12,1,0,0,0,7,male,Bangladesh Premier League,T20,Mehedi Hasan Miraz,0,Rajshahi Kings,Rangpur Riders,2016-11-28,,6
c58b0108,1063047,7,1,10,1,0,0,0,0,0,6,0,27,1,0,0,0,9,male,Bangladesh Premier League,T20,Mehedi Hasan Miraz,caught,Rajshahi Kings,Comilla Victorians,2016-11-30,,6
c58b0108,1063082,0,0,1,0,0,1,0,0,0,1,0,34,1,0,0,0,13,male,Bangladesh Premier League,T20,Mehedi Hasan Miraz,0,Rajshahi Kings,Barisal Bulls,2016-12-01,,6
c58b0108,1063086,0,0,0,0,0,0,0,0,0,0,0,15,1,1,0,0,9,male,Bangladesh Premier League,T20,Mehedi Hasan Miraz,0,Rajshahi Kings,Chittagong Vikings,2016-12-03,,6
c58b0108,1063089,10,1,10,1,0,3,0,0,0,4,0,36,0,0,0,0,10,male,Bangladesh Premier League,T20,Mehedi Hasan Miraz,run out,Rajshahi Kings,Chittagong Vikings,2016-12-06,,6
c58b0108,1063091,0,0,0,0,0,0,1,0,0,0,0,14,0,0,0,0,3,male,Bangladesh Premier League,T20,Mehedi Hasan Miraz,0,Rajshahi Kings,Khulna Titans,2016-12-07,,6
c58b0108,1063092,1,1,2,0,0,0,0,1,0,1,0,22,1,0,0,0,16,male,Bangladesh Premier League,T20,Mehedi Hasan Miraz,0,Rajshahi Kings,Dhaka Dynamites,2016-12-09,,6
c58b0108,1019985,1,2,21,0,0,2,0,0,0,20,0,187,2,1,0,5,195,male,Bangladesh in New Zealand Test Series,Test,Mehedi Hasan Miraz,run out,Bangladesh,New Zealand,2017-01-12,2017-01-13,6
c58b0108,1019987,14,2,36,3,0,1,0,0,0,31,0,86,2,1,0,3,102,male,Bangladesh in New Zealand Test Series,Test,Mehedi Hasan Miraz,bowled,Bangladesh,New Zealand,2017-01-20,2017-01-21,6
c58b0108,1041761,74,2,168,14,0,1,0,0,0,140,0,198,2,0,0,0,170,male,,Test,Mehedi Hasan Miraz,0,Bangladesh,India,2017-02-09,2017-02-10,6
c58b0108,1083444,69,2,125,8,1,2,0,0,0,95,0,195,6,2,1,2,156,male,Bangladesh in Sri Lanka Test Series,Test,Mehedi Hasan Miraz,lbw,Bangladesh,Sri Lanka,2017-03-07,2017-03-08,6
c58b0108,1083445,26,1,53,2,0,1,0,1,0,37,0,161,3,1,0,2,176,male,Bangladesh in Sri Lanka Test Series,Test,Mehedi Hasan Miraz,0,Bangladesh,Sri Lanka,2017-03-15,2017-03-16,6
c58b0108,1083446,0,0,0,0,0,0,0,0,0,0,0,45,2,0,0,0,33,male,Bangladesh in Sri Lanka ODI Series,ODI,Mehedi Hasan Miraz,0,Bangladesh,Sri Lanka,2017-03-25,,6
c58b0108,1083447,0,0,0,0,0,0,0,0,0,0,0,50,1,1,0,0,27,male,Bangladesh in Sri Lanka ODI Series,ODI,Mehedi Hasan Miraz,0,Bangladesh,Sri Lanka,2017-03-28,,6
c58b0108,1083448,51,1,75,6,0,0,0,0,0,44,0,49,1,0,0,1,31,male,Bangladesh in Sri Lanka ODI Series,ODI,Mehedi Hasan Miraz,0,Bangladesh,Sri Lanka,2017-04-01,,6
c58b0108,1083450,0,1,1,0,0,2,0,0,0,1,0,16,0,0,0,0,4,male,Bangladesh in Sri Lanka T20I Series,T20,Mehedi Hasan Miraz,0,Bangladesh,Sri Lanka,2017-04-06,,6
c58b0108,1033361,0,0,0,0,0,0,0,0,0,0,0,0,0,0,0,0,0,male,Ireland Tri-Nation Series,ODI,Mehedi Hasan Miraz,0,Bangladesh,Ireland,2017-05-12,,6
c58b0108,1033365,6,1,6,1,0,0,0,0,0,3,0,45,0,0,0,0,18,male,Ireland Tri-Nation Series,ODI,Mehedi Hasan Miraz,caught,Bangladesh,New Zealand,2017-05-17,,6
c58b0108,1022355,14,1,26,1,0,0,0,0,0,16,0,4,0,0,0,0,2,male,ICC Champions Trophy,ODI,Mehedi Hasan Miraz,bowled,Bangladesh,Australia,2017-06-05,,6
c58b0108,1104284,44,2,73,6,0,0,0,0,0,54,0,151,5,1,3,9,199,male,Australia tour of Bangladesh,Test,Mehedi Hasan Miraz,caught,Bangladesh,Australia,2017-08-27,2017-08-28,6
c58b0108,1104285,25,1,99,1,0,0,0,0,0,82,0,94,3,0,1,6,163,male,Australia tour of Bangladesh,Test,Mehedi Hasan Miraz,run out,Bangladesh,Australia,2017-09-04,2017-09-05,6
c58b0108,1075502,23,2,48,1,1,1,0,0,0,40,0,247,0,0,0,5,261,male,Bangladesh tour of South Africa,Test,Mehedi Hasan Miraz,0,Bangladesh,South Africa,2017-09-28,2017-09-29,6
c58b0108,1075506,15,1,39,1,0,0,0,0,0,31,0,59,2,0,0,0,22,male,Bangladesh tour of South Africa,ODI,Mehedi Hasan Miraz,0,Bangladesh,South Africa,2017-10-22,,6
c58b0108,1075507,14,1,8,1,1,0,0,0,0,2,0,31,2,1,0,0,5,male,Bangladesh tour of South Africa,T20,Mehedi Hasan Miraz,bowled,Bangladesh,South Africa,2017-10-26,,6
c58b0108,1075508,13,1,10,0,1,0,0,0,0,3,0,46,0,0,0,0,3,male,Bangladesh tour of South Africa,T20,Mehedi Hasan Miraz,0,Bangladesh,South Africa,2017-10-29,,6
c58b0108,1121246,15,1,5,3,0,0,0,0,0,0,0,31,1,0,0,0,9,male,Bangladesh Premier League,T20,Mehedi Hasan Miraz,run out,Rajshahi Kings,Rangpur Riders,2017-11-04,,6
c58b0108,1121250,8,1,7,1,0,0,0,1,0,2,0,21,0,0,0,0,5,male,Bangladesh Premier League,T20,Mehedi Hasan Miraz,0,Rajshahi Kings,Sylhet Sixers,2017-11-07,,6
c58b0108,1121253,0,0,0,0,0,1,0,0,0,0,0,23,1,0,0,0,16,male,Bangladesh Premier League,T20,Mehedi Hasan Miraz,0,Rajshahi Kings,Rangpur Riders,2017-11-11,,6
c58b0108,1121256,6,1,11,0,0,0,0,0,0,5,0,13,0,0,0,0,12,male,Bangladesh Premier League,T20,Mehedi Hasan Miraz,0,Rajshahi Kings,Comilla Victorians,2017-11-12,,6
c58b0108,1121261,0,0,0,0,0,1,0,0,0,0,0,12,1,1,0,0,17,male,Bangladesh Premier League,T20,Mehedi Hasan Miraz,0,Rajshahi Kings,Sylhet Sixers,2017-11-17,,6
c58b0108,1121263,10,1,12,1,0,0,0,0,0,6,0,32,2,2,0,0,9,male,Bangladesh Premier League,T20,Mehedi Hasan Miraz,bowled,Rajshahi Kings,Dhaka Dynamites,2017-11-18,,6
c58b0108,1121267,3,1,3,0,0,0,0,0,0,1,0,24,1,0,0,0,10,male,Bangladesh Premier League,T20,Mehedi Hasan Miraz,0,Rajshahi Kings,Khulna Titans,2017-11-21,,6
c58b0108,1121271,0,1,1,0,0,0,0,0,0,1,0,26,1,0,1,0,6,male,Bangladesh Premier League,T20,Mehedi Hasan Miraz,0,Rajshahi Kings,Comilla Victorians,2017-11-25,,6
c58b0108,1121274,29,1,23,1,2,0,0,0,0,8,0,43,0,0,0,0,7,male,Bangladesh Premier League,T20,Mehedi Hasan Miraz,caught,Rajshahi Kings,Khulna Titans,2017-11-27,,6
c58b0108,1121277,0,0,0,0,0,2,0,1,0,0,0,33,0,0,0,0,5,male,Bangladesh Premier League,T20,Mehedi Hasan Miraz,0,Rajshahi Kings,Chittagong Vikings,2017-11-29,,6
c58b0108,1121280,16,1,18,0,1,0,0,0,0,8,0,22,1,1,0,0,11,male,Bangladesh Premier League,T20,Mehedi Hasan Miraz,0,Rajshahi Kings,Dhaka Dynamites,2017-12-02,,6
c58b0108,1121284,6,1,6,1,0,0,0,0,0,4,0,19,2,1,0,0,11,male,Bangladesh Premier League,T20,Mehedi Hasan Miraz,0,Rajshahi Kings,Chittagong Vikings,2017-12-05,,6
c58b0108,1130743,5,1,14,0,0,0,0,0,0,9,0,53,1,0,0,0,37,male,Tri-Nation Tournament in Bangladesh,ODI,Mehedi Hasan Miraz,0,Bangladesh,Sri Lanka,2018-01-27,,6
c58b0108,1130744,20,0,19,1,1,0,0,0,0,10,0,181,3,0,0,4,187,male,Sri Lanka tour of Bangladesh,Test,Mehedi Hasan Miraz,0,Bangladesh,Sri Lanka,2018-01-31,2018-02-01,6
c58b0108,1130745,45,1,84,2,2,0,0,0,0,60,0,92,2,0,1,5,146,male,Sri Lanka tour of Bangladesh,Test,Mehedi Hasan Miraz,0,Bangladesh,Sri Lanka,2018-02-08,2018-02-09,6
c58b0108,1133818,3,1,5,0,0,1,0,0,0,2,0,22,0,0,0,0,11,male,Nidahas Trophy,T20,Mehedi Hasan Miraz,caught,Bangladesh,India,2018-03-08,,6
c58b0108,1133819,0,0,1,0,0,0,0,0,0,1,0,31,0,0,0,0,7,male,Nidahas Trophy,T20,Mehedi Hasan Miraz,0,Bangladesh,Sri Lanka,2018-03-10,,6
c58b0108,1133821,7,1,6,1,0,0,0,0,0,2,0,31,0,0,0,0,7,male,Nidahas Trophy,T20,Mehedi Hasan Miraz,caught,Bangladesh,India,2018-03-14,,6
c58b0108,1133822,0,1,1,0,0,1,0,0,0,1,0,16,1,0,0,0,12,male,Nidahas Trophy,T20,Mehedi Hasan Miraz,run out,Bangladesh,Sri Lanka,2018-03-16,,6
c58b0108,1133823,19,0,7,2,1,1,0,0,0,1,0,17,0,0,0,0,2,male,Nidahas Trophy,T20,Mehedi Hasan Miraz,0,Bangladesh,India,2018-03-18,,6
c58b0108,1145984,0,0,0,0,0,1,0,0,0,0,0,27,0,0,0,0,7,male,Afghanistan tour of India,T20,Mehedi Hasan Miraz,0,Bangladesh,Afghanistan,2018-06-07,,6
c58b0108,1146717,3,2,18,0,0,1,0,0,0,16,0,105,3,0,2,6,152,male,Bangladesh tour of West Indies and United States of America,Test,Mehedi Hasan Miraz,caught,Bangladesh,West Indies,2018-07-04,2018-07-05,6
c58b0108,1146718,13,2,26,1,0,1,0,0,0,20,0,152,6,1,2,8,172,male,Bangladesh tour of West Indies and United States of America,Test,Mehedi Hasan Miraz,caught,Bangladesh,West Indies,2018-07-12,2018-07-13,6
c58b0108,1146720,0,0,0,0,0,0,0,0,0,0,0,37,1,0,0,0,36,male,Bangladesh tour of West Indies and United States of America,ODI,Mehedi Hasan Miraz,0,Bangladesh,West Indies,2018-07-22,,6
c58b0108,1146721,0,0,0,0,0,0,0,0,0,0,0,41,1,0,1,3,39,male,Bangladesh tour of West Indies and United States of America,ODI,Mehedi Hasan Miraz,0,Bangladesh,West Indies,2018-07-25,,6
c58b0108,1146722,0,0,0,0,0,1,0,0,0,0,0,47,1,1,0,0,37,male,Bangladesh tour of West Indies and United States of America,ODI,Mehedi Hasan Miraz,0,Bangladesh,West Indies,2018-07-28,,6
c58b0108,1146723,11,1,13,1,0,0,0,0,0,6,0,10,0,0,0,0,2,male,Bangladesh tour of West Indies and United States of America,T20,Mehedi Hasan Miraz,0,Bangladesh,West Indies,2018-07-31,,6
c58b0108,1153243,15,1,23,0,0,0,0,0,0,13,0,22,2,0,1,0,26,male,Asia Cup,ODI,Mehedi Hasan Miraz,caught and bowled,Bangladesh,Sri Lanka,2018-09-15,,6
c58b0108,1153248,4,1,10,0,0,0,0,0,0,6,0,21,0,0,0,0,30,male,Asia Cup,ODI,Mehedi Hasan Miraz,caught,Bangladesh,Afghanistan,2018-09-20,,6
c58b0108,1153249,42,1,50,2,2,0,0,0,0,28,0,38,0,0,0,0,33,male,Asia Cup,ODI,Mehedi Hasan Miraz,0,Bangladesh,India,2018-09-21,,6
c58b0108,1153252,5,0,5,0,0,0,0,0,0,2,0,36,0,0,0,1,26,male,Asia Cup,ODI,Mehedi Hasan Miraz,0,Bangladesh,Afghanistan,2018-09-23,,6
c58b0108,1153254,12,1,11,1,0,0,0,0,0,2,0,28,1,0,0,1,33,male,Asia Cup,ODI,Mehedi Hasan Miraz,0,Bangladesh,Pakistan,2018-09-26,,6
c58b0108,1153255,32,1,60,3,0,0,0,0,0,40,0,28,0,0,0,0,11,male,Asia Cup,ODI,Mehedi Hasan Miraz,0,Bangladesh,India,2018-09-28,,6
c58b0108,1153635,1,1,4,0,0,0,0,0,0,3,0,46,3,1,1,0,40,male,Zimbabwe tour of Bangladesh,ODI,Mehedi Hasan Miraz,0,Bangladesh,Zimbabwe,2018-10-21,,6
c58b0108,1153636,0,0,0,0,0,1,0,0,0,0,0,49,1,0,0,0,17,male,Zimbabwe tour of Bangladesh,ODI,Mehedi Hasan Miraz,0,Bangladesh,Zimbabwe,2018-10-24,,6
c58b0108,1153639,28,2,48,3,0,2,0,0,0,33,0,94,3,1,2,14,227,male,Zimbabwe tour of Bangladesh,Test,Mehedi Hasan Miraz,caught and bowled,Bangladesh,Zimbabwe,2018-11-03,2018-11-04,6
c58b0108,1153640,95,0,137,7,1,2,0,0,0,83,0,102,8,0,0,7,165,male,Zimbabwe tour of Bangladesh,Test,Mehedi Hasan Miraz,0,Bangladesh,Zimbabwe,2018-11-11,2018-11-12,6
c58b0108,1153311,40,2,66,6,0,0,0,0,0,46,0,94,3,0,0,1,84,male,West Indies tour of Bangladesh,Test,Mehedi Hasan Miraz,caught,Bangladesh,West Indies,2018-11-22,2018-11-23,6
c58b0108,1153312,18,1,26,2,0,0,0,0,0,16,0,125,11,3,1,3,149,male,West Indies tour of Bangladesh,Test,Mehedi Hasan Miraz,caught,Bangladesh,West Indies,2018-11-30,2018-12-01,6
c58b0108,1153314,0,0,0,0,0,3,0,0,0,0,0,31,1,1,0,0,36,male,West Indies tour of Bangladesh,ODI,Mehedi Hasan Miraz,0,Bangladesh,West Indies,2018-12-09,,6
c58b0108,1153315,10,0,10,1,0,0,0,0,0,5,0,39,1,0,1,0,27,male,West Indies tour of Bangladesh,ODI,Mehedi Hasan Miraz,0,Bangladesh,West Indies,2018-12-11,,6
c58b0108,1153316,0,0,0,0,0,0,0,0,0,0,0,29,4,1,1,1,41,male,West Indies tour of Bangladesh,ODI,Mehedi Hasan Miraz,0,Bangladesh,West Indies,2018-12-14,,6
c58b0108,1153317,8,1,10,1,0,0,0,0,0,5,0,41,0,0,0,0,3,male,West Indies tour of Bangladesh,T20,Mehedi Hasan Miraz,0,Bangladesh,West Indies,2018-12-17,,6
c58b0108,1153318,0,0,0,0,0,0,0,0,0,0,0,23,1,0,0,0,7,male,West Indies tour of Bangladesh,T20,Mehedi Hasan Miraz,0,Bangladesh,West Indies,2018-12-20,,6
c58b0108,1153319,19,1,20,1,1,1,0,0,0,11,0,26,0,0,0,0,3,male,West Indies tour of Bangladesh,T20,Mehedi Hasan Miraz,0,Bangladesh,West Indies,2018-12-22,,6
c58b0108,1169380,1,1,3,0,0,0,0,0,0,2,0,38,1,0,0,0,7,male,Bangladesh Premier League,T20,Mehedi Hasan Miraz,caught,Rajshahi Kings,Dhaka Dynamites,2019-01-05,,6
c58b0108,1169386,51,1,48,6,1,0,0,0,0,23,0,19,0,0,0,0,6,male,Bangladesh Premier League,T20,Mehedi Hasan Miraz,bowled,Rajshahi Kings,Khulna Titans,2019-01-09,,6
c58b0108,1169388,30,1,20,6,0,0,0,0,0,9,0,33,1,0,0,0,10,male,Bangladesh Premier League,T20,Mehedi Hasan Miraz,0,Rajshahi Kings,Comilla Victorians,2019-01-11,,6
c58b0108,1169393,23,1,16,2,1,1,0,0,0,5,0,22,2,1,1,0,14,male,Bangladesh Premier League,T20,Mehedi Hasan Miraz,caught,Rajshahi Kings,Khulna Titans,2019-01-15,,6
c58b0108,1169395,1,1,11,0,0,0,0,0,0,10,0,19,2,0,1,0,11,male,Bangladesh Premier League,T20,Mehedi Hasan Miraz,0,Rajshahi Kings,Dhaka Dynamites,2019-01-16,,6
c58b0108,1169401,0,1,3,0,0,2,0,0,0,3,0,29,0,0,0,0,8,male,Bangladesh Premier League,T20,Mehedi Hasan Miraz,caught,Rajshahi Kings,Comilla Victorians,2019-01-21,,6
c58b0108,1169405,10,0,4,2,0,0,0,0,0,0,0,25,1,0,1,0,9,male,Bangladesh Premier League,T20,Mehedi Hasan Miraz,0,Rajshahi Kings,Chittagong Vikings,2019-01-23,,6
c58b0108,1169407,1,1,2,0,0,1,0,0,0,1,0,32,0,0,0,0,12,male,Bangladesh Premier League,T20,Mehedi Hasan Miraz,0,Rajshahi Kings,Sylhet Sixers,2019-01-25,,6
c58b0108,1169410,0,0,0,0,0,0,0,0,0,0,0,26,2,0,0,0,10,male,Bangladesh Premier League,T20,Mehedi Hasan Miraz,0,Rajshahi Kings,Chittagong Vikings,2019-01-26,,6
c58b0108,1169414,6,1,5,1,0,1,0,0,0,2,0,24,1,0,0,0,14,male,Bangladesh Premier League,T20,Mehedi Hasan Miraz,bowled,Rajshahi Kings,Rangpur Riders,2019-01-29,,6
c58b0108,1169416,0,0,0,0,0,0,0,0,0,0,0,32,1,0,0,0,13,male,Bangladesh Premier League,T20,Mehedi Hasan Miraz,0,Rajshahi Kings,Sylhet Sixers,2019-01-30,,6
c58b0108,1153844,26,1,28,3,1,0,0,0,0,17,0,42,1,1,0,1,21,male,Bangladesh tour of New Zealand,ODI,Mehedi Hasan Miraz,caught,Bangladesh,New Zealand,2019-02-13,,6
c58b0108,1153845,16,1,20,1,0,0,0,0,0,10,0,43,0,0,0,0,22,male,Bangladesh tour of New Zealand,ODI,Mehedi Hasan Miraz,0,Bangladesh,New Zealand,2019-02-16,,6
c58b0108,1153846,37,1,37,7,0,0,0,0,0,21,0,43,1,0,0,0,20,male,Bangladesh tour of New Zealand,ODI,Mehedi Hasan Miraz,0,Bangladesh,New Zealand,2019-02-20,,6
c58b0108,1153847,11,2,10,1,1,0,0,0,0,7,0,246,2,1,0,2,159,male,Bangladesh tour of New Zealand,Test,Mehedi Hasan Miraz,0,Bangladesh,New Zealand,2019-02-28,2019-03-01,6
c58b0108,1168509,0,0,0,0,0,0,0,0,0,0,0,39,1,0,0,0,28,male,Ireland Tri-Nation Series,ODI,Mehedi Hasan Miraz,0,Bangladesh,West Indies,2019-05-07,,6
c58b0108,1168512,0,0,0,0,0,0,0,0,0,0,0,41,1,0,1,0,28,male,Ireland Tri-Nation Series,ODI,Mehedi Hasan Miraz,0,Bangladesh,West Indies,2019-05-13,,6
c58b0108,1168514,0,0,0,0,0,0,0,0,0,0,0,23,1,0,0,0,9,male,Ireland Tri-Nation Series,ODI,Mehedi Hasan Miraz,0,Bangladesh,West Indies,2019-05-17,,6
c58b0108,1144487,5,0,3,1,0,1,0,0,0,1,0,44,1,1,0,0,27,male,World Cup,ODI,Mehedi Hasan Miraz,0,Bangladesh,South Africa,2019-06-02,,6
c58b0108,1144491,7,1,9,0,0,1,0,0,0,4,0,47,2,0,0,0,38,male,World Cup,ODI,Mehedi Hasan Miraz,0,Bangladesh,New Zealand,2019-06-05,,6
c58b0108,1144494,12,1,8,2,0,1,0,0,0,2,0,68,2,0,0,0,23,male,World Cup,ODI,Mehedi Hasan Miraz,0,Bangladesh,England,2019-06-08,,6
c58b0108,1144505,0,0,0,0,0,0,0,0,0,0,0,57,0,0,0,0,18,male,World Cup,ODI,Mehedi Hasan Miraz,0,Bangladesh,West Indies,2019-06-17,,6
c58b0108,1144508,6,1,7,0,0,0,0,0,0,2,0,59,0,0,0,0,23,male,World Cup,ODI,Mehedi Hasan Miraz,caught,Bangladesh,Australia,2019-06-20,,6
c58b0108,1144513,0,0,0,0,0,0,0,0,0,0,0,37,0,0,0,0,24,male,World Cup,ODI,Mehedi Hasan Miraz,0,Bangladesh,Afghanistan,2019-06-24,,6
c58b0108,1144525,7,0,6,1,0,1,0,0,0,2,0,30,1,0,0,0,39,male,World Cup,ODI,Mehedi Hasan Miraz,0,Bangladesh,Pakistan,2019-07-05,,6
c58b0108,1193504,2,1,5,0,0,0,0,0,0,3,0,56,1,0,0,0,19,male,Bangladesh tour of Sri Lanka,ODI,Mehedi Hasan Miraz,0,Bangladesh,Sri Lanka,2019-07-26,,6
c58b0108,1193505,43,1,52,6,0,0,0,0,0,28,0,52,1,1,0,0,28,male,Bangladesh tour of Sri Lanka,ODI,Mehedi Hasan Miraz,0,Bangladesh,Sri Lanka,2019-07-28,,6
c58b0108,1193506,8,1,6,2,0,0,0,0,0,4,0,59,0,0,0,0,19,male,Bangladesh tour of Sri Lanka,ODI,Mehedi Hasan Miraz,caught,Bangladesh,Sri Lanka,2019-07-31,,6
c58b0108,1197138,23,2,59,2,0,0,0,0,0,48,0,108,3,0,0,9,179,male,Afghanistan tour of Bangladesh,Test,Mehedi Hasan Miraz,lbw,Bangladesh,Afghanistan,2019-09-05,2019-09-06,6
c58b0108,1187016,38,2,56,5,1,0,0,0,0,41,0,125,1,0,0,0,106,male,Bangladesh in India Test Series,Test,Mehedi Hasan Miraz,0,Bangladesh,India,2019-11-14,2019-11-15,6
c58b0108,1187017,23,2,36,4,1,1,0,0,0,30,0,0,0,0,0,0,0,male,Bangladesh in India Test Series,Test,Mehedi Hasan Miraz,caught,Bangladesh,India,2019-11-22,2019-11-23,6
c58b0108,1208070,0,0,0,0,0,0,0,0,0,0,0,0,0,0,0,0,0,male,Bangladesh Premier League,T20,Mehedi Hasan Miraz,0,Khulna Tigers,Chattogram Challengers,2019-12-12,,6
c58b0108,1208075,0,0,0,0,0,0,0,0,0,0,0,17,0,0,0,0,4,male,Bangladesh Premier League,T20,Mehedi Hasan Miraz,0,Khulna Tigers,Rajshahi Royals,2019-12-17,,6
c58b0108,1208079,0,0,0,0,0,1,0,0,0,0,0,25,0,0,0,0,5,male,Bangladesh Premier League,T20,Mehedi Hasan Miraz,0,Khulna Tigers,Rangpur Rangers,2019-12-20,,6
c58b0108,1208081,4,1,6,0,0,0,0,0,0,2,0,10,0,0,0,0,1,male,Bangladesh Premier League,T20,Mehedi Hasan Miraz,0,Khulna Tigers,Sylhet Thunder,2019-12-21,,6
c58b0108,1208084,0,1,2,0,0,0,0,0,0,2,0,5,0,0,0,0,2,male,Bangladesh Premier League,T20,Mehedi Hasan Miraz,0,Khulna Tigers,Rajshahi Royals,2019-12-23,,6
c58b0108,1208088,12,1,7,3,0,1,0,0,0,4,0,23,0,0,0,0,12,male,Bangladesh Premier League,T20,Mehedi Hasan Miraz,caught,Khulna Tigers,Rangpur Rangers,2019-12-27,,6
c58b0108,1208090,87,0,65,9,3,1,0,0,0,25,0,0,0,0,0,0,0,male,Bangladesh Premier League,T20,Mehedi Hasan Miraz,0,Khulna Tigers,Sylhet Thunder,2019-12-28,,6
c58b0108,1208097,15,1,15,1,1,0,0,0,0,8,0,15,0,0,0,0,1,male,Bangladesh Premier League,T20,Mehedi Hasan Miraz,bowled,Khulna Tigers,Dhaka Platoon,2020-01-03,,6
c58b0108,1208099,4,1,9,0,0,0,0,0,0,6,0,10,1,0,0,0,1,male,Bangladesh Premier League,T20,Mehedi Hasan Miraz,lbw,Khulna Tigers,Chattogram Challengers,2020-01-04,,6
c58b0108,1208103,39,1,41,2,2,1,0,0,0,20,0,0,0,0,0,0,0,male,Bangladesh Premier League,T20,Mehedi Hasan Miraz,0,Khulna Tigers,Cumilla Warriors,2020-01-08,,6
c58b0108,1208106,74,1,48,5,3,0,0,0,0,6,0,0,0,0,0,0,0,male,Bangladesh Premier League,T20,Mehedi Hasan Miraz,retired hurt,Khulna Tigers,Cumilla Warriors,2020-01-10,,6
c58b0108,1208108,45,1,26,7,1,0,0,0,0,9,0,23,0,0,0,0,3,male,Bangladesh Premier League,T20,Mehedi Hasan Miraz,bowled,Khulna Tigers,Dhaka Platoon,2020-01-11,,6
c58b0108,1208110,8,1,8,0,1,0,0,0,0,5,0,8,1,1,0,0,5,male,Bangladesh Premier League,T20,Mehedi Hasan Miraz,0,Khulna Tigers,Rajshahi Royals,2020-01-13,,6
c58b0108,1208112,2,1,4,0,0,1,0,0,0,2,0,27,0,0,0,0,5,male,Bangladesh Premier League,T20,Mehedi Hasan Miraz,0,Khulna Tigers,Rajshahi Royals,2020-01-17,,6
c58b0108,1214667,7,1,4,0,1,0,0,0,0,2,0,33,2,0,0,1,29,male,Zimbabwe tour of Bangladesh,ODI,Mehedi Hasan Miraz,0,Bangladesh,Zimbabwe,2020-03-01,,6
c58b0108,1214668,5,1,6,0,0,0,0,0,0,3,0,29,1,0,1,0,26,male,Zimbabwe tour of Bangladesh,ODI,Mehedi Hasan Miraz,0,Bangladesh,Zimbabwe,2020-03-03,,6
c58b0108,1214669,0,0,0,0,0,1,0,0,0,0,0,47,0,0,0,0,21,male,Zimbabwe tour of Bangladesh,ODI,Mehedi Hasan Miraz,0,Bangladesh,Zimbabwe,2020-03-06,,6
c58b0108,1244022,0,0,0,0,0,0,0,0,0,0,0,29,1,0,0,1,26,male,ICC Men's Cricket World Cup Super League,ODI,Mehedi Hasan Miraz,0,Bangladesh,West Indies,2021-01-20,,6
c58b0108,1244023,0,0,0,0,0,1,0,0,0,0,0,25,3,1,1,0,41,male,ICC Men's Cricket World Cup Super League,ODI,Mehedi Hasan Miraz,0,Bangladesh,West Indies,2021-01-22,,6
c58b0108,1244024,0,0,0,0,0,0,0,0,0,0,0,18,2,0,1,2,47,male,West Indies tour of Bangladesh,ODI,Mehedi Hasan Miraz,0,Bangladesh,West Indies,2021-01-25,,6
c58b0108,1244025,110,2,179,13,0,0,0,0,0,120,0,172,8,1,3,12,271,male,West Indies tour of Bangladesh,Test,Mehedi Hasan Miraz,bowled,Bangladesh,West Indies,2021-02-03,2021-02-04,6
c58b0108,1244026,88,2,196,9,2,0,0,0,0,150,0,90,2,0,0,10,187,male,West Indies tour of Bangladesh,Test,Mehedi Hasan Miraz,caught,Bangladesh,West Indies,2021-02-11,2021-02-12,6
c58b0108,1233976,1,1,10,0,0,0,0,0,0,9,0,9,0,0,0,0,3,male,Bangladesh tour of New Zealand,ODI,Mehedi Hasan Miraz,0,Bangladesh,New Zealand,2021-03-20,,6
c58b0108,1233977,0,0,0,0,0,0,0,0,0,0,0,38,0,0,0,1,32,male,Bangladesh tour of New Zealand,ODI,Mehedi Hasan Miraz,0,Bangladesh,New Zealand,2021-03-23,,6
c58b0108,1233978,0,1,2,0,0,1,0,0,0,2,0,23,0,0,0,0,17,male,Bangladesh tour of New Zealand,ODI,Mehedi Hasan Miraz,caught,Bangladesh,New Zealand,2021-03-26,,6
c58b0108,1255828,3,1,16,0,0,0,0,1,0,15,0,162,1,0,1,6,243,male,Sri Lanka v Bangladesh,Test,Mehedi Hasan Miraz,0,Bangladesh,Sri Lanka,2021-04-21,2021-04-22,6
c58b0108,1255829,55,2,119,5,0,0,0,0,0,88,0,187,3,0,0,10,211,male,Bangladesh tour of Sri Lanka,Test,Mehedi Hasan Miraz,caught,Bangladesh,Sri Lanka,2021-04-29,2021-04-30,6
c58b0108,1262344,0,0,0,0,0,2,0,0,0,0,0,32,4,3,0,2,44,male,Sri Lanka tour of Bangladesh,ODI,Mehedi Hasan Miraz,0,Bangladesh,Sri Lanka,2021-05-23,,6
c58b0108,1262346,0,1,2,0,0,0,0,0,0,2,0,28,3,1,1,0,40,male,Sri Lanka tour of Bangladesh,ODI,Mehedi Hasan Miraz,bowled,Bangladesh,Sri Lanka,2021-05-25,,6
c58b0108,1262347,0,1,4,0,0,1,0,0,0,4,0,49,0,0,0,0,30,male,Sri Lanka tour of Bangladesh,ODI,Mehedi Hasan Miraz,caught,Bangladesh,Sri Lanka,2021-05-28,,6
c58b0108,1267676,0,1,1,0,0,1,0,0,0,1,0,151,9,3,2,15,291,male,Bangladesh tour of Zimbabwe,Test,Mehedi Hasan Miraz,0,Bangladesh,Zimbabwe,2021-07-07,2021-07-08,6
c58b0108,1267677,26,1,25,1,1,1,0,0,0,8,0,16,0,0,0,0,9,male,Bangladesh tour of Zimbabwe,ODI,Mehedi Hasan Miraz,caught,Bangladesh,Zimbabwe,2021-07-16,,6
c58b0108,1267678,6,1,15,0,0,0,0,0,0,10,0,35,1,1,0,0,20,male,Bangladesh tour of Zimbabwe,ODI,Mehedi Hasan Miraz,0,Bangladesh,Zimbabwe,2021-07-18,,6
c58b0108,1277977,49,1,112,7,0,0,0,0,0,89,0,130,2,1,1,11,225,male,Pakistan tour of Bangladesh,Test,Mehedi Hasan Miraz,lbw,Bangladesh,Pakistan,2021-11-26,2021-11-27,6
c58b0108,1277978,14,2,78,1,0,0,0,0,0,69,0,37,0,0,0,2,60,male,Pakistan tour of Bangladesh,Test,Mehedi Hasan Miraz,lbw,Bangladesh,Pakistan,2021-12-04,2021-12-05,6
c58b0108,1288979,47,1,89,8,0,0,0,0,0,70,0,133,4,0,0,15,252,male,Bangladesh tour of New Zealand,Test,Mehedi Hasan Miraz,caught,Bangladesh,New Zealand,2022-01-01,2022-01-02,6
c58b0108,1288980,8,2,64,0,0,0,1,0,0,59,0,125,0,0,0,2,110,male,Bangladesh tour of New Zealand,Test,Mehedi Hasan Miraz,0,Bangladesh,New Zealand,2022-01-09,2022-01-10,6
c58b0108,1296685,9,1,20,0,0,0,0,0,0,11,0,16,4,2,1,0,18,male,Bangladesh Premier League,T20,Mehedi Hasan Miraz,caught,Chattogram Challengers,Fortune Barishal,2022-01-21,,6
c58b0108,1296688,25,1,26,4,0,0,0,0,0,14,0,31,0,0,0,0,9,male,Bangladesh Premier League,T20,Mehedi Hasan Miraz,caught,Chattogram Challengers,Minister Group Dhaka,2022-01-22,,6
c58b0108,1296690,30,1,23,4,0,1,0,0,0,10,0,43,2,1,0,0,8,male,Bangladesh Premier League,T20,Mehedi Hasan Miraz,caught,Chattogram Challengers,Khulna Tigers,2022-01-24,,6
c58b0108,1296693,6,1,11,1,0,0,0,0,0,8,0,24,2,0,0,0,9,male,Bangladesh Premier League,T20,Mehedi Hasan Miraz,caught,Chattogram Challengers,Khulna Tigers,2022-01-28,,6
c58b0108,1296696,13,0,4,0,2,0,0,0,0,1,0,31,1,1,0,0,4,male,Bangladesh Premier League,T20,Mehedi Hasan Miraz,0,Chattogram Challengers,Sylhet Sunrisers,2022-01-29,,6
c58b0108,1296697,10,1,9,1,1,0,0,0,0,7,0,30,0,0,0,0,3,male,Bangladesh Premier League,T20,Mehedi Hasan Miraz,0,Chattogram Challengers,Comilla Victorians,2022-01-31,,6
c58b0108,1296700,26,1,14,3,1,2,0,0,0,4,0,25,0,0,0,0,11,male,Bangladesh Premier League,T20,Mehedi Hasan Miraz,0,Chattogram Challengers,Fortune Barishal,2022-02-01,,6
c58b0108,1296702,4,1,6,0,0,0,0,0,0,3,0,31,0,0,0,0,5,male,Bangladesh Premier League,T20,Mehedi Hasan Miraz,0,Chattogram Challengers,Comilla Victorians,2022-02-03,,6
c58b0108,1296707,2,1,3,0,0,0,0,0,0,1,0,29,1,0,0,0,5,male,Bangladesh Premier League,T20,Mehedi Hasan Miraz,caught,Chattogram Challengers,Minister Group Dhaka,2022-02-08,,6
c58b0108,1296713,2,1,4,0,0,2,0,0,0,2,0,36,1,1,0,0,11,male,Bangladesh Premier League,T20,Mehedi Hasan Miraz,caught,Chattogram Challengers,Sylhet Sunrisers,2022-02-12,,6
c58b0108,1296715,36,1,31,2,1,0,0,0,0,9,0,41,2,0,0,0,9,male,Bangladesh Premier League,T20,Mehedi Hasan Miraz,bowled,Chattogram Challengers,Khulna Tigers,2022-02-14,,6
c58b0108,1296717,44,1,38,3,2,0,0,0,0,15,0,23,0,0,0,0,1,male,Bangladesh Premier League,T20,Mehedi Hasan Miraz,caught,Chattogram Challengers,Comilla Victorians,2022-02-16,,6
c58b0108,1299829,81,0,120,9,0,0,0,0,0,70,0,29,0,0,0,2,43,male,Afghanistan tour of Bangladesh,ODI,Mehedi Hasan Miraz,0,Bangladesh,Afghanistan,2022-02-23,,6
c58b0108,1299830,0,0,0,0,0,0,0,0,0,0,0,52,1,0,0,0,30,male,Afghanistan tour of Bangladesh,ODI,Mehedi Hasan Miraz,0,Bangladesh,Afghanistan,2022-02-25,,6
c58b0108,1299831,6,1,12,0,0,0,0,0,0,6,0,37,1,0,1,1,24,male,Afghanistan tour of Bangladesh,ODI,Mehedi Hasan Miraz,0,Bangladesh,Afghanistan,2022-02-28,,6
c58b0108,1277097,19,0,16,0,2,1,0,0,0,8,0,65,3,0,0,0,23,male,Bangladesh tour of South Africa,ODI,Mehedi Hasan Miraz,0,Bangladesh,South Africa,2022-03-18,,6
c58b0108,1277098,38,1,50,1,2,0,0,0,0,27,0,56,1,1,0,0,30,male,Bangladesh tour of South Africa,ODI,Mehedi Hasan Miraz,0,Bangladesh,South Africa,2022-03-20,,6
c58b0108,1277099,0,0,0,0,0,1,0,0,0,0,0,27,1,0,0,0,18,male,Bangladesh tour of South Africa,ODI,Mehedi Hasan Miraz,0,Bangladesh,South Africa,2022-03-23,,6
c58b0108,1277100,29,2,85,4,1,0,1,0,0,73,0,196,6,2,1,14,341,male,Bangladesh tour of South Africa,Test,Mehedi Hasan Miraz,caught,Bangladesh,South Africa,2022-03-31,2022-04-01,6
c58b0108,1277101,31,2,60,3,1,0,0,0,0,46,0,121,3,1,2,7,159,male,Bangladesh tour of South Africa,Test,Mehedi Hasan Miraz,0,Bangladesh,South Africa,2022-04-08,2022-04-09,6
c58b0108,1317147,4,2,28,0,0,1,0,0,0,26,0,69,4,0,2,8,120,male,Bangladesh tour of West Indies,Test,Mehedi Hasan Miraz,0,Bangladesh,West Indies,2022-06-16,2022-06-17,6
c58b0108,1317148,13,2,52,3,0,0,0,0,0,48,0,94,3,1,2,8,186,male,Bangladesh tour of West Indies,Test,Mehedi Hasan Miraz,caught,Bangladesh,West Indies,2022-06-24,2022-06-25,6
c58b0108,1317152,0,0,0,0,0,1,1,0,0,0,0,36,3,2,1,2,37,male,Bangladesh tour of West Indies,ODI,Mehedi Hasan Miraz,0,Bangladesh,West Indies,2022-07-10,,6
c58b0108,1317153,0,0,0,0,0,0,0,0,0,0,0,29,4,2,1,1,32,male,Bangladesh tour of West Indies,ODI,Mehedi Hasan Miraz,0,Bangladesh,West Indies,2022-07-13,,6
c58b0108,1317154,16,0,36,0,0,0,0,0,0,22,0,62,0,0,0,0,24,male,Bangladesh tour of West Indies,ODI,Mehedi Hasan Miraz,0,Bangladesh,West Indies,2022-07-16,,6
c58b0108,1323292,0,0,0,0,0,0,0,1,0,0,0,59,1,0,0,0,21,male,Bangladesh tour of Zimbabwe,ODI,Mehedi Hasan Miraz,0,Bangladesh,Zimbabwe,2022-08-05,,6
c58b0108,1323293,15,1,12,2,0,0,0,0,0,5,0,51,2,0,1,0,26,male,Bangladesh tour of Zimbabwe,ODI,Mehedi Hasan Miraz,lbw,Bangladesh,Zimbabwe,2022-08-07,,6
c58b0108,1323294,14,1,24,2,0,2,0,0,0,16,0,16,1,1,0,0,7,male,Bangladesh tour of Zimbabwe,ODI,Mehedi Hasan Miraz,0,Bangladesh,Zimbabwe,2022-08-10,,6
c58b0108,1327273,38,1,26,2,2,0,0,0,0,11,0,11,0,0,0,0,0,male,Asia Cup,T20,Mehedi Hasan Miraz,bowled,Bangladesh,Sri Lanka,2022-09-01,,6
c58b0108,1336031,12,1,16,2,0,1,0,0,0,11,0,17,2,0,0,0,8,male,Bangladesh tour of United Arab Emirates,T20,Mehedi Hasan Miraz,caught and bowled,Bangladesh,United Arab Emirates,2022-09-25,,6
c58b0108,1336032,46,1,37,5,0,0,0,0,0,11,0,12,0,0,0,0,1,male,Bangladesh tour of United Arab Emirates,T20,Mehedi Hasan Miraz,lbw,Bangladesh,United Arab Emirates,2022-09-27,,6
c58b0108,1322334,10,1,11,0,1,0,0,0,0,6,0,12,1,0,0,0,5,male,New Zealand T20I Tri-Series,T20,Mehedi Hasan Miraz,caught,Bangladesh,Pakistan,2022-10-07,,6
c58b0108,1322336,5,1,5,1,0,0,0,0,0,3,0,12,0,0,0,0,4,male,New Zealand T20I Tri-Series,T20,Mehedi Hasan Miraz,caught,Bangladesh,New Zealand,2022-10-09,,6
c58b0108,1298156,11,1,14,0,0,0,0,0,0,5,0,32,0,0,0,0,4,male,ICC Men's T20 World Cup,T20,Mehedi Hasan Miraz,0,Bangladesh,South Africa,2022-10-27,,6
c58b0108,1340845,38,0,40,4,2,0,0,0,0,26,0,43,1,1,0,1,31,male,India tour of Bangladesh,ODI,Mehedi Hasan Miraz,0,Bangladesh,India,2022-12-04,,6
c58b0108,1340846,100,0,86,8,4,1,0,0,0,39,0,46,2,0,1,0,17,male,India tour of Bangladesh,ODI,Mehedi Hasan Miraz,0,Bangladesh,India,2022-12-07,,6
c58b0108,1340847,3,1,5,0,0,1,0,0,0,2,0,76,1,0,1,0,24,male,India tour of Bangladesh,ODI,Mehedi Hasan Miraz,0,Bangladesh,India,2022-12-10,,6
c58b0108,1340848,38,2,130,5,1,0,0,0,0,114,0,195,4,1,1,6,188,male,India tour of Bangladesh,Test,Mehedi Hasan Miraz,caught,Bangladesh,India,2022-12-14,2022-12-15,6
c58b0108,1340849,15,2,56,3,0,0,0,0,0,51,0,125,4,1,1,6,154,male,India tour of Bangladesh,Test,Mehedi Hasan Miraz,0,Bangladesh,India,2022-12-22,2022-12-23,6
c58b0108,1351055,1,1,2,0,0,0,0,0,0,1,0,35,0,0,0,0,5,male,Bangladesh Premier League,T20,Mehedi Hasan Miraz,0,Fortune Barishal,Sylhet Strikers,2023-01-07,,6
c58b0108,1351058,43,1,32,5,0,0,0,0,0,8,0,21,2,0,0,0,10,male,Bangladesh Premier League,T20,Mehedi Hasan Miraz,0,Fortune Barishal,Rangpur Riders,2023-01-10,,6
c58b0108,1351060,24,1,12,3,1,0,0,0,0,4,0,20,0,0,0,0,7,male,Bangladesh Premier League,T20,Mehedi Hasan Miraz,0,Fortune Barishal,Chattogram Challengers,2023-01-13,,6
c58b0108,1351062,6,1,10,1,0,1,0,0,0,7,0,25,0,0,0,0,1,male,Bangladesh Premier League,T20,Mehedi Hasan Miraz,caught,Fortune Barishal,Comilla Victorians,2023-01-14,,6
c58b0108,1351069,24,1,21,0,3,0,0,1,0,13,0,26,2,1,0,0,12,male,Bangladesh Premier League,T20,Mehedi Hasan Miraz,0,Fortune Barishal,Rangpur Riders,2023-01-19,,6
c58b0108,1351071,17,1,14,2,1,0,0,0,0,8,0,6,0,0,0,0,3,male,Bangladesh Premier League,T20,Mehedi Hasan Miraz,0,Fortune Barishal,Dhaka Dominators,2023-01-20,,6
c58b0108,1351074,7,0,4,0,1,0,0,0,0,2,0,15,0,0,0,0,10,male,Bangladesh Premier League,T20,Mehedi Hasan Miraz,0,Fortune Barishal,Sylhet Strikers,2023-01-24,,6
c58b0108,1351089,17,1,20,1,1,0,0,0,0,11,0,8,0,0,0,0,1,male,Bangladesh Premier League,T20,Mehedi Hasan Miraz,caught,Fortune Barishal,Comilla Victorians,2023-02-07,,6
c58b0108,1351093,0,1,1,0,0,0,0,1,0,1,0,11,0,0,0,0,0,male,Bangladesh Premier League,T20,Mehedi Hasan Miraz,0,Fortune Barishal,Khulna Tigers,2023-02-10,,6
c58b0108,1351094,69,1,50,9,1,0,0,0,0,15,0,27,0,0,0,0,4,male,Bangladesh Premier League,T20,Mehedi Hasan Miraz,caught,Fortune Barishal,Rangpur Riders,2023-02-12,,6
c58b0108,1351397,7,1,20,0,0,0,0,0,0,13,0,35,2,1,0,2,40,male,England tour of Bangladesh,ODI,Mehedi Hasan Miraz,caught,Bangladesh,England,2023-03-01,,6
c58b0108,1351398,7,1,14,0,0,0,0,0,0,9,0,73,2,0,1,0,24,male,England tour of Bangladesh,ODI,Mehedi Hasan Miraz,0,Bangladesh,England,2023-03-03,,6
c58b0108,1351399,5,1,6,1,0,1,0,0,0,4,0,46,1,0,0,0,23,male,England tour of Bangladesh,ODI,Mehedi Hasan Miraz,caught and bowled,Bangladesh,England,2023-03-06,,6
c58b0108,1351401,20,1,18,0,2,0,0,0,0,8,0,12,2,0,0,0,13,male,England tour of Bangladesh,T20,Mehedi Hasan Miraz,0,Bangladesh,England,2023-03-12,,6
c58b0108,1351402,0,0,0,0,0,1,1,0,0,0,0,18,0,0,0,0,5,male,England tour of Bangladesh,T20,Mehedi Hasan Miraz,0,Bangladesh,England,2023-03-14,,6
c58b0108,1355719,0,0,0,0,0,0,0,0,0,0,0,3,0,0,0,0,3,male,Ireland tour of Bangladesh,ODI,Mehedi Hasan Miraz,0,Bangladesh,Ireland,2023-03-23,,6
c58b0108,1355720,4,0,2,1,0,1,0,0,0,1,0,0,0,0,0,0,0,male,Ireland tour of Bangladesh,T20,Mehedi Hasan Miraz,0,Bangladesh,Ireland,2023-03-27,,6
c58b0108,1355721,0,0,0,0,0,0,0,0,0,0,0,9,0,0,0,0,2,male,Ireland tour of Bangladesh,T20,Mehedi Hasan Miraz,0,Bangladesh,Ireland,2023-03-29,,6
c58b0108,1355723,55,1,80,6,2,0,0,0,0,55,0,101,2,2,0,13,229,male,Ireland tour of Bangladesh,Test,Mehedi Hasan Miraz,stumped,Bangladesh,Ireland,2023-04-04,2023-04-05,6
c58b0108,1364124,27,1,37,4,0,1,0,0,0,22,0,0,0,0,0,0,0,male,Ireland v Bangladesh,ODI,Mehedi Hasan Miraz,0,Bangladesh,Ireland,2023-05-09,,6
c58b0108,1364125,19,1,14,3,0,1,0,0,0,6,0,13,0,0,0,0,1,male,ICC Men's Cricket World Cup Super League,ODI,Mehedi Hasan Miraz,lbw,Bangladesh,Ireland,2023-05-12,,6
c58b0108,1365552,37,1,41,3,0,0,0,0,0,18,0,38,1,0,0,1,36,male,ICC Men's Cricket World Cup Super League,ODI,Mehedi Hasan Miraz,0,Bangladesh,Ireland,2023-05-14,,6
c58b0108,1377011,48,1,80,8,0,2,0,0,0,58,0,20,2,0,1,1,53,male,Afghanistan tour of Bangladesh,Test,Mehedi Hasan Miraz,caught,Bangladesh,Afghanistan,2023-06-14,2023-06-15,6
c58b0108,1377012,5,1,23,0,0,0,0,0,0,18,0,0,0,0,0,0,0,male,Afghanistan tour of Bangladesh,ODI,Mehedi Hasan Miraz,0,Bangladesh,Afghanistan,2023-07-05,,6
c58b0108,1377013,25,1,50,2,0,1,0,0,0,32,0,60,2,1,0,0,28,male,Afghanistan tour of Bangladesh,ODI,Mehedi Hasan Miraz,0,Bangladesh,Afghanistan,2023-07-08,,6
c58b0108,1377014,0,0,0,0,0,0,0,0,0,0,0,36,1,0,0,1,36,male,Afghanistan tour of Bangladesh,ODI,Mehedi Hasan Miraz,0,Bangladesh,Afghanistan,2023-07-11,,6
c58b0108,1377015,8,1,6,1,0,1,0,0,0,1,0,13,1,0,0,0,6,male,Afghanistan tour of Bangladesh,T20,Mehedi Hasan Miraz,0,Bangladesh,Afghanistan,2023-07-14,,6
c58b0108,1377016,0,0,0,0,0,0,0,0,0,0,0,0,0,0,0,0,0,male,Afghanistan tour of Bangladesh,T20,Mehedi Hasan Miraz,0,Bangladesh,Afghanistan,2023-07-16,,6
c58b0108,1388393,5,1,11,0,0,0,0,0,0,7,0,26,0,0,0,0,12,male,Asia Cup,ODI,Mehedi Hasan Miraz,0,Bangladesh,Sri Lanka,2023-08-31,,6
c58b0108,1388397,112,1,121,7,3,0,0,0,0,52,0,41,1,1,0,0,23,male,Asia Cup,ODI,Mehedi Hasan Miraz,retired hurt,Bangladesh,Afghanistan,2023-09-03,,6
c58b0108,1388401,0,1,1,0,0,0,0,0,0,1,0,52,1,1,0,0,28,male,Asia Cup,ODI,Mehedi Hasan Miraz,caught,Bangladesh,Pakistan,2023-09-06,,6
c58b0108,1388403,28,1,29,4,0,0,0,0,0,15,0,14,0,0,0,0,9,male,Asia Cup,ODI,Mehedi Hasan Miraz,caught,Bangladesh,Sri Lanka,2023-09-09,,6
c58b0108,1388412,13,1,28,1,0,1,0,0,0,22,0,29,1,0,1,0,14,male,Asia Cup,ODI,Mehedi Hasan Miraz,caught,Bangladesh,India,2023-09-15,,6
c58b0108,1384394,57,1,73,5,0,0,0,0,0,37,0,25,3,2,0,3,39,male,ICC Cricket World Cup,ODI,Mehedi Hasan Miraz,caught,Bangladesh,Afghanistan,2023-10-07,,6
c58b0108,1384398,8,1,7,1,0,0,0,0,0,4,0,55,0,0,0,0,10,male,ICC Cricket World Cup,ODI,Mehedi Hasan Miraz,0,Bangladesh,England,2023-10-10,,6
c58b0108,1384402,30,1,48,4,0,0,0,0,0,33,0,58,0,0,0,0,18,male,ICC Cricket World Cup,ODI,Mehedi Hasan Miraz,caught,Bangladesh,New Zealand,2023-10-13,,6
c58b0108,1384408,3,1,13,0,0,0,0,0,0,10,0,47,2,0,0,0,25,male,ICC Cricket World Cup,ODI,Mehedi Hasan Miraz,0,Bangladesh,India,2023-10-19,,6
c58b0108,1384414,11,1,20,1,0,0,0,0,0,12,0,44,1,0,1,0,31,male,ICC Cricket World Cup,ODI,Mehedi Hasan Miraz,0,Bangladesh,South Africa,2023-10-24,,6
c58b0108,1384419,35,1,40,5,1,2,0,0,0,26,0,17,0,0,0,0,10,male,ICC Cricket World Cup,ODI,Mehedi Hasan Miraz,caught,Bangladesh,Netherlands,2023-10-28,,6
c58b0108,1384422,25,1,30,1,1,0,0,0,0,14,0,60,3,0,1,0,25,male,ICC Cricket World Cup,ODI,Mehedi Hasan Miraz,0,Bangladesh,Pakistan,2023-10-31,,6
c58b0108,1384429,3,1,7,0,0,0,0,0,0,4,0,49,0,0,0,0,30,male,ICC Cricket World Cup,ODI,Mehedi Hasan Miraz,0,Bangladesh,Sri Lanka,2023-11-06,,6
c58b0108,1384434,29,1,21,4,0,0,0,0,0,5,0,47,0,0,0,0,13,male,ICC Cricket World Cup,ODI,Mehedi Hasan Miraz,caught,Bangladesh,Australia,2023-11-11,,6
c58b0108,1395703,70,1,106,7,0,0,0,0,0,65,0,108,2,0,0,7,158,male,New Zealand tour of Bangladesh,Test,Mehedi Hasan Miraz,0,Bangladesh,New Zealand,2023-11-28,2023-11-29,6
c58b0108,1395704,23,2,49,2,0,2,0,0,0,32,0,109,6,1,2,3,109,male,New Zealand tour of Bangladesh,Test,Mehedi Hasan Miraz,0,Bangladesh,New Zealand,2023-12-06,2023-12-07,6
c58b0108,1408102,28,0,21,1,2,0,0,1,0,6,0,53,1,1,0,0,11,male,Bangladesh tour of New Zealand,ODI,Mehedi Hasan Miraz,0,Bangladesh,New Zealand,2023-12-17,,6
c58b0108,1388211,19,1,26,0,0,0,0,0,0,12,0,46,0,0,0,1,32,male,Bangladesh tour of New Zealand,ODI,Mehedi Hasan Miraz,caught,Bangladesh,New Zealand,2023-12-20,,6
c58b0108,1388212,0,0,0,0,0,2,0,0,0,0,0,3,0,0,0,0,3,male,Bangladesh tour of New Zealand,ODI,Mehedi Hasan Miraz,0,Bangladesh,New Zealand,2023-12-23,,6
c58b0108,1412276,20,1,18,1,1,0,0,0,0,7,0,13,2,1,0,0,6,male,Bangladesh Premier League,T20,Mehedi Hasan Miraz,0,Fortune Barishal,Rangpur Riders,2024-01-20,,6
c58b0108,1412279,0,0,0,0,0,0,0,0,0,0,0,31,0,0,0,0,6,male,Bangladesh Premier League,T20,Mehedi Hasan Miraz,0,Fortune Barishal,Khulna Tigers,2024-01-22,,6
c58b0108,1412281,0,1,1,0,0,0,0,0,0,1,0,26,0,0,0,0,9,male,Bangladesh Premier League,T20,Mehedi Hasan Miraz,0,Fortune Barishal,Comilla Victorians,2024-01-23,,6
c58b0108,1412284,35,1,17,3,2,0,0,0,0,4,0,0,0,0,0,0,0,male,Bangladesh Premier League,T20,Mehedi Hasan Miraz,0,Fortune Barishal,Chattogram Challengers,2024-01-27,,6
c58b0108,1412289,15,0,6,1,1,1,0,0,0,0,0,21,2,0,0,0,8,male,Bangladesh Premier League,T20,Mehedi Hasan Miraz,0,Fortune Barishal,Sylhet Strikers,2024-01-30,,6
c58b0108,1412292,31,0,16,1,3,1,0,0,0,5,0,23,0,0,0,0,10,male,Bangladesh Premier League,T20,Mehedi Hasan Miraz,0,Fortune Barishal,Khulna Tigers,2024-02-03,,6
c58b0108,1412295,0,1,4,0,0,0,0,0,0,4,0,8,0,0,0,0,3,male,Bangladesh Premier League,T20,Mehedi Hasan Miraz,0,Fortune Barishal,Chattogram Challengers,2024-02-06,,6
c58b0108,1412301,0,0,0,0,0,0,0,0,0,0,0,17,2,1,0,0,9,male,Bangladesh Premier League,T20,Mehedi Hasan Miraz,0,Fortune Barishal,Durdanto Dhaka,2024-02-10,,6
c58b0108,1412304,0,1,3,0,0,1,0,0,0,3,0,11,0,0,0,0,2,male,Bangladesh Premier League,T20,Mehedi Hasan Miraz,caught,Fortune Barishal,Durdanto Dhaka,2024-02-14,,6
c58b0108,1412308,15,1,7,0,2,0,0,0,0,2,0,18,1,1,0,0,6,male,Bangladesh Premier League,T20,Mehedi Hasan Miraz,0,Fortune Barishal,Sylhet Strikers,2024-02-17,,6
c58b0108,1412311,3,1,8,0,0,0,0,0,0,5,0,24,2,0,0,1,11,male,Bangladesh Premier League,T20,Mehedi Hasan Miraz,0,Fortune Barishal,Rangpur Riders,2024-02-19,,6
c58b0108,1412314,0,0,0,0,0,0,0,0,0,0,0,13,0,0,0,0,3,male,Bangladesh Premier League,T20,Mehedi Hasan Miraz,0,Fortune Barishal,Comilla Victorians,2024-02-23,,6
c58b0108,1412316,0,0,0,0,0,0,0,0,0,0,0,0,0,0,0,0,0,male,Bangladesh Premier League,T20,Mehedi Hasan Miraz,0,Fortune Barishal,Chattogram Challengers,2024-02-26,,6
c58b0108,1412318,8,1,17,0,0,0,0,0,0,10,0,9,1,0,0,0,9,male,Bangladesh Premier League,T20,Mehedi Hasan Miraz,lbw,Fortune Barishal,Rangpur Riders,2024-02-28,,6
c58b0108,1412319,29,1,27,1,2,0,1,0,0,12,0,0,0,0,0,0,0,male,Bangladesh Premier League,T20,Mehedi Hasan Miraz,caught,Fortune Barishal,Comilla Victorians,2024-03-01,,6
c58b0108,1419827,0,0,0,0,0,0,0,0,0,0,0,33,1,1,0,1,37,male,Sri Lanka tour of Bangladesh,ODI,Mehedi Hasan Miraz,0,Bangladesh,Sri Lanka,2024-03-13,,6
c58b0108,1419828,12,1,18,1,0,1,0,0,0,10,0,58,1,0,0,0,29,male,Sri Lanka tour of Bangladesh,ODI,Mehedi Hasan Miraz,bowled,Bangladesh,Sri Lanka,2024-03-15,,6
c58b0108,1419829,25,1,43,3,0,0,0,0,0,29,0,38,2,1,0,1,34,male,Sri Lanka tour of Bangladesh,ODI,Mehedi Hasan Miraz,0,Bangladesh,Sri Lanka,2024-03-18,,6
c58b0108,1419830,44,2,84,7,0,5,0,0,0,66,0,99,4,1,2,9,180,male,Sri Lanka tour of Bangladesh,Test,Mehedi Hasan Miraz,0,Bangladesh,Sri Lanka,2024-03-22,2024-03-23,6
c58b0108,1419831,88,1,141,14,0,3,0,0,0,102,0,150,1,1,0,7,191,male,Sri Lanka tour of Bangladesh,Test,Mehedi Hasan Miraz,lbw,Bangladesh,Sri Lanka,2024-03-30,2024-03-31,6
c58b0108,1442213,77,1,180,6,0,2,0,0,0,132,0,101,4,1,2,4,128,male,Bangladesh tour of Pakistan,Test,Mehedi Hasan Miraz,0,Bangladesh,Pakistan,2024-08-21,2024-08-22,6
c58b0108,1442214,78,1,124,12,1,1,0,0,0,90,0,88,3,0,1,2,127,male,Bangladesh tour of Pakistan,Test,Mehedi Hasan Miraz,0,Bangladesh,Pakistan,2024-08-30,2024-08-31,6
c58b0108,1439891,35,1,62,3,1,0,0,0,0,43,0,180,3,0,1,5,193,male,Bangladesh tour of India,Test,Mehedi Hasan Miraz,0,Bangladesh,India,2024-09-19,2024-09-20,6
c58b0108,1439892,29,2,59,5,0,0,0,0,0,48,0,85,5,1,1,0,53,male,Bangladesh tour of India,Test,Mehedi Hasan Miraz,0,Bangladesh,India,2024-09-27,2024-09-28,6
c58b0108,1439893,35,1,33,3,0,0,0,0,0,9,0,7,1,0,0,0,3,male,Bangladesh tour of India,T20,Mehedi Hasan Miraz,0,Bangladesh,India,2024-10-06,,6
c58b0108,1439894,16,1,17,1,0,2,0,0,0,5,0,47,0,0,0,0,4,male,Bangladesh tour of India,T20,Mehedi Hasan Miraz,0,Bangladesh,India,2024-10-09,,6
c58b0108,1453293,110,2,215,13,1,0,0,0,0,158,0,76,1,0,1,0,63,male,South Africa tour of Bangladesh,Test,Mehedi Hasan Miraz,caught,Bangladesh,South Africa,2024-10-21,2024-10-22,6
c58b0108,1453294,7,2,22,1,0,0,0,0,0,18,0,175,0,0,0,2,147,male,South Africa tour of Bangladesh,Test,Mehedi Hasan Miraz,caught,Bangladesh,South Africa,2024-10-29,2024-10-30,6
c58b0108,1453070,28,1,54,0,1,0,0,0,0,34,0,30,0,0,0,0,34,male,Afghanistan v Bangladesh,ODI,Mehedi Hasan Miraz,0,Bangladesh,Afghanistan,2024-11-06,,6
c58b0108,1453071,22,1,36,0,0,1,0,0,0,16,0,37,1,1,0,1,35,male,Afghanistan v Bangladesh,ODI,Mehedi Hasan Miraz,bowled,Bangladesh,Afghanistan,2024-11-09,,6
c58b0108,1453072,66,1,120,4,0,0,0,0,0,71,0,56,1,0,0,0,32,male,Afghanistan v Bangladesh,ODI,Mehedi Hasan Miraz,0,Bangladesh,Afghanistan,2024-11-11,,6
