player_id,match_id,runs_scored,player_out,balls_faced,fours_scored,sixes_scored,catches_taken,run_out_direct,run_out_throw,stumpings_done,dot_balls_as_batsman,order_seenballs_bowled,runs_conceded,wickets_taken,bowled_done,lbw_done,maidens,dot_balls_as_bowler,gender,series_name,match_type,name,out_kind,player_team,opposition_team,start_date,end_date,balls_per_over
86cd782f,249743,0,0,0,0,0,0,0,0,0,0,0,13,0,0,0,0,6,male,ICC Champions Trophy,ODI,Mehrab Hossain jnr,0,Bangladesh,Zimbabwe,2006-10-13,,6
86cd782f,264068,54,1,113,4,0,0,0,0,0,78,0,0,0,0,0,0,0,male,Zimbabwe in Bangladesh ODI Series,ODI,Mehrab Hossain jnr,0,Bangladesh,Zimbabwe,2006-12-03,,6
86cd782f,264069,38,1,79,5,0,0,0,0,0,57,0,0,0,0,0,0,0,male,Zimbabwe in Bangladesh ODI Series,ODI,Mehrab Hossain jnr,bowled,Bangladesh,Zimbabwe,2006-12-05,,6
86cd782f,264070,13,1,24,1,0,1,0,0,0,16,0,6,0,0,0,0,7,male,Zimbabwe in Bangladesh ODI Series,ODI,Mehrab Hossain jnr,caught,Bangladesh,Zimbabwe,2006-12-08,,6
86cd782f,264071,45,1,111,6,0,0,0,0,0,87,0,30,2,0,0,0,19,male,Zimbabwe in Bangladesh ODI Series,ODI,Mehrab Hossain jnr,bowled,Bangladesh,Zimbabwe,2006-12-09,,6
86cd782f,293479,14,2,22,2,0,0,0,0,0,17,0,30,2,1,0,0,28,male,Bangladesh tour of Sri Lanka,Test,Mehrab Hossain jnr,0,Bangladesh,Sri Lanka,2007-07-03,2007-07-04,6
86cd782f,300426,3,1,14,0,0,1,0,0,0,11,0,0,0,0,0,0,0,male,Bangladesh in New Zealand ODI Series,ODI,Mehrab Hossain jnr,caught,Bangladesh,New Zealand,2007-12-26,,6
86cd782f,336201,0,1,8,0,0,1,0,0,0,8,0,0,0,0,0,0,0,male,Bangladesh in Australia ODI Series,ODI,Mehrab Hossain jnr,lbw,Bangladesh,Australia,2008-08-30,,6
86cd782f,336202,1,1,10,0,0,0,0,0,0,9,0,0,0,0,0,0,0,male,Bangladesh in Australia ODI Series,ODI,Mehrab Hossain jnr,0,Bangladesh,Australia,2008-09-03,,6
86cd782f,361759,7,1,23,1,0,1,0,0,0,19,0,31,0,0,0,0,27,male,New Zealand in Bangladesh Test Series,Test,Mehrab Hossain jnr,lbw,Bangladesh,New Zealand,2008-10-25,2008-10-26,6
86cd782f,350347,6,0,8,0,0,0,0,0,0,2,0,0,0,0,0,0,0,male,,T20,Mehrab Hossain jnr,0,Bangladesh,South Africa,2008-11-05,,6
86cd782f,350345,55,2,87,8,0,1,0,0,0,60,0,24,0,0,0,0,30,male,Bangladesh in South Africa Test Series,Test,Mehrab Hossain jnr,0,Bangladesh,South Africa,2008-11-19,2008-11-20,6
86cd782f,350346,3,1,24,0,0,0,0,0,0,21,0,52,0,0,0,1,38,male,Bangladesh in South Africa Test Series,Test,Mehrab Hossain jnr,0,Bangladesh,South Africa,2008-11-26,2008-11-27,6
86cd782f,378751,23,2,53,4,0,0,0,0,0,43,0,75,0,0,0,0,49,male,Sri Lanka in Bangladesh Test Series,Test,Mehrab Hossain jnr,lbw,Bangladesh,Sri Lanka,2009-01-03,2009-01-04,6
86cd782f,378753,2,1,4,0,0,0,0,0,0,2,0,7,0,0,0,0,8,male,Tri-Nation Tournament in Bangladesh,ODI,Mehrab Hossain jnr,stumped,Bangladesh,Zimbabwe,2009-01-10,,6
86cd782f,378759,2,1,27,0,0,1,0,0,0,25,0,0,0,0,0,0,0,male,Zimbabwe in Bangladesh ODI Series,ODI,Mehrab Hossain jnr,run out,Bangladesh,Zimbabwe,2009-01-23,,6
86cd782f,401076,10,1,19,1,0,0,0,0,0,12,0,20,0,0,0,0,9,male,,T20,Mehrab Hossain jnr,0,Bangladesh,West Indies,2009-08-02,,6
86cd782f,410339,25,1,41,1,0,1,0,1,0,21,0,56,0,0,0,0,18,male,Bangladesh in Zimbabwe ODI Series,ODI,Mehrab Hossain jnr,0,Bangladesh,Zimbabwe,2009-08-14,,6
86cd782f,410341,0,0,0,0,0,0,0,0,0,0,0,43,1,0,1,0,16,male,Bangladesh in Zimbabwe ODI Series,ODI,Mehrab Hossain jnr,0,Bangladesh,Zimbabwe,2009-08-18,,6
86cd782f,551061,8,0,6,0,1,1,0,0,0,3,0,0,0,0,0,0,0,male,Bangladesh Premier League,T20,Mehrab Hossain jnr,0,Dhaka Gladiators,Khulna Royal Bengals,2012-02-19,,6
86cd782f,551067,3,1,6,0,0,0,0,0,0,4,0,0,0,0,0,0,0,male,Bangladesh Premier League,T20,Mehrab Hossain jnr,0,Dhaka Gladiators,Chittagong Kings,2012-02-24,,6
86cd782f,551073,10,1,18,0,0,0,0,0,0,9,0,0,0,0,0,0,0,male,Bangladesh Premier League,T20,Mehrab Hossain jnr,caught,Dhaka Gladiators,Duronto Rajshahi,2012-02-27,,6
86cd782f,599867,18,1,18,2,0,0,0,0,0,8,0,0,0,0,0,0,0,male,Bangladesh Premier League,T20,Mehrab Hossain jnr,0,Chittagong Kings,Duronto Rajshahi,2013-01-19,,6
86cd782f,599875,4,0,5,0,0,0,1,0,0,1,0,0,0,0,0,0,0,male,Bangladesh Premier League,T20,Mehrab Hossain jnr,0,Chittagong Kings,Barisal Burners,2013-01-24,,6
86cd782f,599888,6,1,8,0,0,0,0,0,0,4,0,11,0,0,0,0,1,male,Bangladesh Premier League,T20,Mehrab Hossain jnr,0,Chittagong Kings,Dhaka Gladiators,2013-02-02,,6
86cd782f,599906,6,1,6,0,0,0,0,0,0,2,0,0,0,0,0,0,0,male,Bangladesh Premier League,T20,Mehrab Hossain jnr,0,Chittagong Kings,Dhaka Gladiators,2013-02-14,,6
