player_id,match_id,runs_scored,player_out,balls_faced,fours_scored,sixes_scored,catches_taken,run_out_direct,run_out_throw,stumpings_done,dot_balls_as_batsman,order_seenballs_bowled,runs_conceded,wickets_taken,bowled_done,lbw_done,maidens,dot_balls_as_bowler,gender,series_name,match_type,name,out_kind,player_team,opposition_team,start_date,end_date,balls_per_over
1ec36a1e,282692,30,2,94,3,0,0,0,0,0,81,0,112,0,0,0,2,101,male,India tour of Bangladesh,Test,Mohammad Sharif,caught and bowled,Bangladesh,India,2007-05-25,2007-05-26,6
1ec36a1e,293479,6,1,28,0,0,0,0,0,0,22,0,87,0,0,0,4,106,male,Bangladesh tour of Sri Lanka,Test,Mohammad Sharif,0,Bangladesh,Sri Lanka,2007-07-03,2007-07-04,6
1ec36a1e,599878,3,0,2,0,0,0,0,0,0,0,0,23,3,0,0,0,15,male,Bangladesh Premier League,T20,Mohammad Sharif,0,Rangpur Riders,Khulna Royal Bengals,2013-01-25,,6
1ec36a1e,599882,2,1,2,0,0,1,0,0,0,1,0,15,1,0,0,0,5,male,Bangladesh Premier League,T20,Mohammad Sharif,bowled,Rangpur Riders,Khulna Royal Bengals,2013-01-29,,6
1ec36a1e,599883,6,1,6,1,0,0,0,0,0,4,0,21,0,0,0,0,0,male,Bangladesh Premier League,T20,Mohammad Sharif,bowled,Rangpur Riders,Sylhet Royals,2013-01-31,,6
1ec36a1e,599892,21,1,24,1,0,1,0,0,0,8,0,35,0,0,0,0,3,male,Bangladesh Premier League,T20,Mohammad Sharif,bowled,Rangpur Riders,Dhaka Gladiators,2013-02-05,,6
1ec36a1e,599894,0,0,0,0,0,0,0,0,0,0,0,28,1,0,0,0,5,male,Bangladesh Premier League,T20,Mohammad Sharif,0,Rangpur Riders,Sylhet Royals,2013-02-07,,6
1ec36a1e,599897,0,0,0,0,0,1,0,0,0,0,0,22,0,0,0,0,7,male,Bangladesh Premier League,T20,Mohammad Sharif,0,Rangpur Riders,Chittagong Kings,2013-02-09,,6
1ec36a1e,1063054,2,0,6,0,0,1,0,0,0,4,0,33,0,0,0,0,3,male,Bangladesh Premier League,T20,Mohammad Sharif,0,Comilla Victorians,Chittagong Vikings,2016-11-08,,6
1ec36a1e,1063057,1,0,1,0,0,0,0,0,0,0,0,31,1,0,0,0,6,male,Bangladesh Premier League,T20,Mohammad Sharif,0,Comilla Victorians,Barisal Bulls,2016-11-11,,6
1ec36a1e,1063068,0,0,0,0,0,0,0,0,0,0,0,25,0,0,0,0,8,male,Bangladesh Premier League,T20,Mohammad Sharif,0,Comilla Victorians,Rajshahi Kings,2016-11-19,,6
1ec36a1e,1063070,0,0,0,0,0,0,0,0,0,0,0,32,0,0,0,0,4,male,Bangladesh Premier League,T20,Mohammad Sharif,0,Comilla Victorians,Chittagong Vikings,2016-11-21,,6
1ec36a1e,1063075,2,0,2,0,0,0,0,0,0,0,0,41,0,0,0,0,4,male,Bangladesh Premier League,T20,Mohammad Sharif,0,Comilla Victorians,Dhaka Dynamites,2016-11-26,,6
1ec36a1e,1063087,0,0,0,0,0,0,0,0,0,0,0,53,0,0,0,0,7,male,Bangladesh Premier League,T20,Mohammad Sharif,0,Comilla Victorians,Rangpur Riders,2016-12-04,,6
1ec36a1e,1121252,0,0,0,0,0,0,0,0,0,0,0,27,0,0,0,0,3,male,Bangladesh Premier League,T20,Mohammad Sharif,0,Sylhet Sixers,Khulna Titans,2017-11-08,,6
1ec36a1e,1121254,0,1,4,0,0,0,0,0,0,4,0,0,0,0,0,0,0,male,Bangladesh Premier League,T20,Mohammad Sharif,0,Sylhet Sixers,Dhaka Dynamites,2017-11-11,,6
1ec36a1e,1121286,14,0,12,1,1,0,0,0,0,6,0,25,0,0,0,0,8,male,Bangladesh Premier League,T20,Mohammad Sharif,0,Sylhet Sixers,Comilla Victorians,2017-12-06,,6
