player_id,match_id,runs_scored,player_out,balls_faced,fours_scored,sixes_scored,catches_taken,run_out_direct,run_out_throw,stumpings_done,dot_balls_as_batsman,order_seenballs_bowled,runs_conceded,wickets_taken,bowled_done,lbw_done,maidens,dot_balls_as_bowler,gender,series_name,match_type,name,out_kind,player_team,opposition_team,start_date,end_date,balls_per_over
4a491652,551060,16,0,9,1,1,2,1,0,0,3,0,0,0,0,0,0,0,male,Bangladesh Premier League,T20,Muktar Ali,0,Duronto Rajshahi,Chittagong Kings,2012-02-18,,6
4a491652,551063,0,0,0,0,0,0,0,0,0,0,0,18,0,0,0,0,1,male,Bangladesh Premier League,T20,Muktar Ali,0,Duronto Rajshahi,Barisal Burners,2012-02-20,,6
4a491652,551068,1,1,2,0,0,0,0,0,0,1,0,12,0,0,0,0,1,male,Bangladesh Premier League,T20,Muktar Ali,0,Duronto Rajshahi,Sylhet Royals,2012-02-24,,6
4a491652,599867,22,0,32,0,0,2,0,0,0,13,0,0,0,0,0,0,0,male,Bangladesh Premier League,T20,Muktar Ali,0,Duronto Rajshahi,Chittagong Kings,2013-01-19,,6
4a491652,599870,6,1,4,1,0,0,0,0,0,2,0,0,0,0,0,0,0,male,Bangladesh Premier League,T20,Muktar Ali,caught,Duronto Rajshahi,Sylhet Royals,2013-01-20,,6
4a491652,599887,10,0,4,2,0,0,0,0,0,0,0,7,0,0,0,0,1,male,Bangladesh Premier League,T20,Muktar Ali,0,Duronto Rajshahi,Barisal Burners,2013-02-02,,6
4a491652,599889,0,0,0,0,0,0,0,0,0,0,0,24,0,0,0,0,6,male,Bangladesh Premier League,T20,Muktar Ali,0,Duronto Rajshahi,Rangpur Riders,2013-02-04,,6
4a491652,599895,41,0,30,4,2,0,0,0,0,12,0,15,0,0,0,0,2,male,Bangladesh Premier League,T20,Muktar Ali,0,Duronto Rajshahi,Khulna Royal Bengals,2013-02-08,,6
4a491652,599900,33,1,31,2,1,0,0,0,0,13,0,26,3,0,0,0,11,male,Bangladesh Premier League,T20,Muktar Ali,0,Duronto Rajshahi,Rangpur Riders,2013-02-11,,6
4a491652,599903,6,0,13,0,0,1,0,0,0,7,0,40,1,0,0,0,9,male,Bangladesh Premier League,T20,Muktar Ali,0,Duronto Rajshahi,Chittagong Kings,2013-02-13,,6
4a491652,935289,0,1,1,0,0,0,0,0,0,1,0,17,0,0,0,0,4,male,Bangladesh Premier League,T20,Muktar Ali,caught,Rangpur Riders,Barisal Bulls,2015-11-23,,6
4a491652,935311,0,0,0,0,0,0,0,0,0,0,0,10,0,0,0,0,3,male,Bangladesh Premier League,T20,Muktar Ali,0,Rangpur Riders,Chittagong Vikings,2015-12-01,,6
4a491652,935319,9,0,10,1,0,0,0,0,0,5,0,11,0,0,0,0,2,male,Bangladesh Premier League,T20,Muktar Ali,0,Rangpur Riders,Barisal Bulls,2015-12-03,,6
4a491652,935325,0,0,0,0,0,0,0,0,0,0,0,6,0,0,0,0,1,male,Bangladesh Premier League,T20,Muktar Ali,0,Rangpur Riders,Dhaka Dynamites,2015-12-06,,6
4a491652,935329,0,0,0,0,0,2,0,0,0,0,0,0,0,0,0,0,0,male,Bangladesh Premier League,T20,Muktar Ali,0,Rangpur Riders,Sylhet Super Stars,2015-12-07,,6
4a491652,958419,19,0,15,1,1,0,0,0,0,5,0,17,0,0,0,0,3,male,Walton T20 Cricket Series,T20,Muktar Ali,0,Bangladesh,Zimbabwe,2016-01-20,,6
4a491652,1063056,0,0,0,0,0,0,0,0,0,0,0,0,0,0,0,0,0,male,Bangladesh Premier League,T20,Muktar Ali,0,Rangpur Riders,Chittagong Vikings,2016-11-09,,6
4a491652,1063048,0,0,0,0,0,0,0,0,0,0,0,0,0,0,0,0,0,male,Bangladesh Premier League,T20,Muktar Ali,0,Rangpur Riders,Khulna Titans,2016-11-10,,6
4a491652,1063060,10,1,9,2,0,0,0,0,0,6,0,16,0,0,0,0,6,male,Bangladesh Premier League,T20,Muktar Ali,caught,Rangpur Riders,Dhaka Dynamites,2016-11-12,,6
4a491652,1063073,0,0,0,0,0,0,0,0,0,0,0,5,1,1,0,0,2,male,Bangladesh Premier League,T20,Muktar Ali,0,Rangpur Riders,Rajshahi Kings,2016-11-25,,6
4a491652,1063078,4,1,11,0,0,0,0,0,0,7,0,5,0,0,0,0,1,male,Bangladesh Premier League,T20,Muktar Ali,run out,Rangpur Riders,Chittagong Vikings,2016-11-27,,6
4a491652,1063051,5,1,16,0,0,0,0,0,0,11,0,0,0,0,0,0,0,male,Bangladesh Premier League,T20,Muktar Ali,0,Rangpur Riders,Rajshahi Kings,2016-11-28,,6
4a491652,1063081,4,0,3,0,0,0,0,0,0,0,0,10,0,0,0,0,3,male,Bangladesh Premier League,T20,Muktar Ali,0,Rangpur Riders,Dhaka Dynamites,2016-11-30,,6
4a491652,1208067,0,0,0,0,0,0,0,0,0,0,0,22,0,0,0,0,9,male,Bangladesh Premier League,T20,Muktar Ali,0,Chattogram Challengers,Sylhet Thunder,2019-12-11,,6
4a491652,1208070,29,0,18,0,4,0,0,0,0,10,0,20,1,0,0,0,2,male,Bangladesh Premier League,T20,Muktar Ali,0,Chattogram Challengers,Khulna Tigers,2019-12-12,,6
4a491652,1208073,0,0,0,0,0,2,0,1,0,0,0,0,0,0,0,0,0,male,Bangladesh Premier League,T20,Muktar Ali,0,Chattogram Challengers,Rangpur Rangers,2019-12-14,,6
4a491652,1208076,0,1,3,0,0,0,0,0,0,3,0,28,1,1,0,0,9,male,Bangladesh Premier League,T20,Muktar Ali,lbw,Chattogram Challengers,Sylhet Thunder,2019-12-17,,6
4a491652,1208078,0,0,0,0,0,0,0,0,0,0,0,42,3,0,0,0,6,male,Bangladesh Premier League,T20,Muktar Ali,0,Chattogram Challengers,Dhaka Platoon,2019-12-18,,6
4a491652,1208080,0,0,0,0,0,1,0,0,0,0,0,55,1,1,0,0,5,male,Bangladesh Premier League,T20,Muktar Ali,0,Chattogram Challengers,Cumilla Warriors,2019-12-20,,6
4a491652,1208082,12,1,10,0,1,0,0,0,0,4,0,43,0,0,0,0,5,male,Bangladesh Premier League,T20,Muktar Ali,caught,Chattogram Challengers,Rangpur Rangers,2019-12-21,,6
4a491652,1208087,0,0,0,0,0,1,0,0,0,0,0,18,2,0,0,0,13,male,Bangladesh Premier League,T20,Muktar Ali,0,Chattogram Challengers,Dhaka Platoon,2019-12-27,,6
4a491652,1208102,0,0,0,0,0,1,1,0,0,0,0,41,0,0,0,0,5,male,Bangladesh Premier League,T20,Muktar Ali,0,Chattogram Challengers,Rajshahi Royals,2020-01-07,,6
4a491652,1296687,0,1,3,0,0,1,0,0,0,3,0,0,0,0,0,0,0,male,Bangladesh Premier League,T20,Muktar Ali,0,Sylhet Sunrisers,Comilla Victorians,2022-01-22,,6
4a491652,1296691,0,0,0,0,0,0,0,0,0,0,0,12,0,0,0,0,0,male,Bangladesh Premier League,T20,Muktar Ali,0,Sylhet Sunrisers,Minister Group Dhaka,2022-01-25,,6
4a491652,1296694,0,0,0,0,0,0,0,0,0,0,0,15,0,0,0,0,2,male,Bangladesh Premier League,T20,Muktar Ali,0,Sylhet Sunrisers,Minister Group Dhaka,2022-01-28,,6
4a491652,1296696,8,0,7,0,1,1,0,0,0,4,0,26,1,0,0,0,2,male,Bangladesh Premier League,T20,Muktar Ali,0,Sylhet Sunrisers,Chattogram Challengers,2022-01-29,,6
4a491652,1296701,5,0,6,0,0,0,0,0,0,1,0,31,0,0,0,0,6,male,Bangladesh Premier League,T20,Muktar Ali,0,Sylhet Sunrisers,Khulna Tigers,2022-02-03,,6
4a491652,1296710,0,0,0,0,0,0,0,0,0,0,0,22,0,0,0,0,2,male,Bangladesh Premier League,T20,Muktar Ali,0,Sylhet Sunrisers,Comilla Victorians,2022-02-09,,6
4a491652,1351054,0,0,0,0,0,0,0,0,0,0,0,16,0,0,0,0,10,male,Bangladesh Premier League,T20,Muktar Ali,0,Dhaka Dominators,Khulna Tigers,2023-01-07,,6
4a491652,1351059,0,0,0,0,0,0,0,0,0,0,0,0,0,0,0,0,0,male,Bangladesh Premier League,T20,Muktar Ali,0,Dhaka Dominators,Sylhet Strikers,2023-01-10,,6
4a491652,1351068,0,0,0,0,0,0,0,0,0,0,0,32,0,0,0,0,2,male,Bangladesh Premier League,T20,Muktar Ali,0,Dhaka Dominators,Comilla Victorians,2023-01-19,,6
4a491652,1351071,0,0,0,0,0,0,0,0,0,0,0,31,1,1,0,0,5,male,Bangladesh Premier League,T20,Muktar Ali,0,Dhaka Dominators,Fortune Barishal,2023-01-20,,6
4a491652,1351073,9,1,10,1,0,0,0,0,0,4,0,36,0,0,0,0,5,male,Bangladesh Premier League,T20,Muktar Ali,0,Dhaka Dominators,Comilla Victorians,2023-01-23,,6
4a491652,1351082,0,0,0,0,0,0,0,0,0,0,0,28,1,0,0,0,10,male,Bangladesh Premier League,T20,Muktar Ali,0,Dhaka Dominators,Fortune Barishal,2023-01-31,,6
4a491652,1351085,7,1,10,0,1,0,0,0,0,8,0,23,0,0,0,0,1,male,Bangladesh Premier League,T20,Muktar Ali,caught,Dhaka Dominators,Rangpur Riders,2023-02-03,,6
