player_id,match_id,runs_scored,player_out,balls_faced,fours_scored,sixes_scored,catches_taken,run_out_direct,run_out_throw,stumpings_done,dot_balls_as_batsman,order_seenballs_bowled,runs_conceded,wickets_taken,bowled_done,lbw_done,maidens,dot_balls_as_bowler,gender,series_name,match_type,name,out_kind,player_team,opposition_team,start_date,end_date,balls_per_over
712bbd92,1144435,1,1,2,0,0,0,0,0,0,1,0,0,0,0,0,0,0,female,Bangladesh Women tour of South Africa,ODI,Murshida Khatun,0,Bangladesh,South Africa,2018-05-04,,6
712bbd92,1144436,1,1,16,0,0,0,0,0,0,15,0,0,0,0,0,0,0,female,Bangladesh Women tour of South Africa,ODI,Murshida Khatun,0,Bangladesh,South Africa,2018-05-06,,6
712bbd92,1144439,5,1,24,0,0,0,0,0,0,22,0,0,0,0,0,0,0,female,Bangladesh Women tour of South Africa,ODI,Murshida Khatun,0,Bangladesh,South Africa,2018-05-14,,6
712bbd92,1144442,1,1,2,0,0,0,0,0,0,1,0,0,0,0,0,0,0,female,Bangladesh Women tour of South Africa,T20,Murshida Khatun,0,Bangladesh,South Africa,2018-05-20,,6
712bbd92,1197057,26,1,30,2,0,0,0,0,0,13,0,0,0,0,0,0,0,female,ICC Women's T20 World Cup Qualifier,T20,Murshida Khatun,stumped,Bangladesh,Scotland,2019-09-03,,6
712bbd92,1197059,13,1,18,1,0,1,0,0,0,10,0,0,0,0,0,0,0,female,ICC Women's T20 World Cup Qualifier,T20,Murshida Khatun,caught,Bangladesh,Ireland,2019-09-05,,6
712bbd92,1197065,33,1,35,4,0,0,0,0,0,18,0,0,0,0,0,0,0,female,ICC Women's T20 World Cup Qualifier,T20,Murshida Khatun,bowled,Bangladesh,Thailand,2019-09-07,,6
712bbd92,1208806,23,0,25,4,0,1,0,0,0,14,0,0,0,0,0,0,0,female,South Asian Games Women's Cricket Competition,T20,Murshida Khatun,0,Bangladesh,Nepal,2019-12-04,,6
712bbd92,1173053,30,1,26,4,0,0,0,0,0,11,0,0,0,0,0,0,0,female,ICC Women's T20 World Cup,T20,Murshida Khatun,caught,Bangladesh,India,2020-02-24,,6
712bbd92,1173057,8,1,16,1,0,0,0,0,0,11,0,0,0,0,0,0,0,female,ICC Women's T20 World Cup,T20,Murshida Khatun,0,Bangladesh,Australia,2020-02-27,,6
712bbd92,1173060,11,1,16,2,0,0,0,0,0,11,0,0,0,0,0,0,0,female,ICC Women's T20 World Cup,T20,Murshida Khatun,0,Bangladesh,New Zealand,2020-02-29,,6
712bbd92,1173064,3,1,7,0,0,0,0,0,0,4,0,0,0,0,0,0,0,female,ICC Women's T20 World Cup,T20,Murshida Khatun,caught,Bangladesh,Sri Lanka,2020-03-02,,6
712bbd92,1288322,39,0,54,5,0,0,0,0,0,35,0,0,0,0,0,0,0,female,Bangladesh Women in Zimbabwe ODI Series,ODI,Murshida Khatun,0,Bangladesh,Zimbabwe,2021-11-15,,6
712bbd92,1286901,9,1,19,1,0,0,0,0,0,14,0,0,0,0,0,0,0,female,ICC Women's Cricket World Cup Qualifier,ODI,Murshida Khatun,0,Bangladesh,Pakistan,2021-11-21,,6
712bbd92,1286908,47,1,57,5,0,0,1,0,0,34,0,0,0,0,0,0,0,female,ICC Women's Cricket World Cup Qualifier,ODM,Murshida Khatun,0,Bangladesh,United States of America,2021-11-23,,6
712bbd92,1286910,46,1,81,5,0,0,0,0,0,54,0,0,0,0,0,0,0,female,ICC Women's Cricket World Cup Qualifier,ODM,Murshida Khatun,0,Bangladesh,Thailand,2021-11-25,,6
712bbd92,1296027,14,1,17,1,0,0,0,0,0,7,0,0,0,0,0,0,0,female,Commonwealth Games Women's Cricket Competition Qualifiers,T20,Murshida Khatun,0,Bangladesh,Malaysia,2022-01-18,,6
712bbd92,1296029,26,1,24,4,0,0,1,0,0,13,0,0,0,0,0,0,0,female,Bangladesh Women tour of Malaysia,T20,Murshida Khatun,0,Bangladesh,Kenya,2022-01-19,,6
712bbd92,1296034,50,0,59,6,1,0,0,0,0,36,0,0,0,0,0,0,0,female,Bangladesh Women tour of Malaysia,T20,Murshida Khatun,0,Bangladesh,Scotland,2022-01-23,,6
712bbd92,1296036,36,1,37,3,0,0,0,0,0,15,0,0,0,0,0,0,0,female,Commonwealth Games Women's Cricket Competition Qualifiers,T20,Murshida Khatun,lbw,Bangladesh,Sri Lanka,2022-01-24,,6
712bbd92,1243909,0,1,2,0,0,0,0,0,0,2,0,0,0,0,0,0,0,female,ICC Women's World Cup,ODI,Murshida Khatun,caught,Bangladesh,South Africa,2022-03-05,,6
712bbd92,1243929,19,1,54,1,1,0,0,0,0,45,0,0,0,0,0,0,0,female,ICC Women's World Cup,ODI,Murshida Khatun,caught,Bangladesh,India,2022-03-22,,6
712bbd92,1243932,12,1,19,1,0,0,0,0,0,10,0,0,0,0,0,0,0,female,ICC Women's World Cup,ODI,Murshida Khatun,0,Bangladesh,Australia,2022-03-25,,6
712bbd92,1331385,16,1,19,3,0,0,0,0,0,13,0,0,0,0,0,0,0,female,ICC Women's T20 World Cup Qualifier,T20,Murshida Khatun,0,Bangladesh,Ireland,2022-09-18,,6
712bbd92,1331389,15,1,18,2,0,0,0,1,0,11,0,0,0,0,0,0,0,female,ICC Women's T20 World Cup Qualifier,T20,Murshida Khatun,0,Bangladesh,Scotland,2022-09-19,,6
712bbd92,1331392,77,0,73,9,0,0,0,0,0,31,0,0,0,0,0,0,0,female,ICC Women's T20 World Cup Qualifier,T20,Murshida Khatun,0,Bangladesh,United States of America,2022-09-21,,6
712bbd92,1331398,26,0,36,2,0,0,0,0,0,20,0,0,0,0,0,0,0,female,ICC Women's T20 World Cup Qualifier,T20,Murshida Khatun,0,Bangladesh,Thailand,2022-09-23,,6
712bbd92,1331401,6,1,13,0,0,0,0,0,0,8,0,0,0,0,0,0,0,female,ICC Women's T20 World Cup Qualifier,T20,Murshida Khatun,0,Bangladesh,Ireland,2022-09-25,,6
712bbd92,1335795,56,0,54,6,0,0,0,0,0,21,0,0,0,0,0,0,0,female,Women's Asia Cup,T20,Murshida Khatun,0,Bangladesh,Malaysia,2022-10-06,,6
712bbd92,1335799,21,1,26,2,0,0,0,0,0,14,0,0,0,0,0,0,0,female,Women's Asia Cup,T20,Murshida Khatun,0,Bangladesh,India,2022-10-08,,6
712bbd92,1335802,1,1,4,0,0,1,0,0,0,3,0,0,0,0,0,0,0,female,Women's Asia Cup,T20,Murshida Khatun,stumped,Bangladesh,Sri Lanka,2022-10-10,,6
712bbd92,1344619,3,1,9,0,0,0,0,0,0,6,0,0,0,0,0,0,0,female,Bangladesh Women tour of New Zealand,T20,Murshida Khatun,0,Bangladesh,New Zealand,2022-12-02,,6
712bbd92,1344620,3,1,6,0,0,1,0,0,0,4,0,0,0,0,0,0,0,female,Bangladesh Women tour of New Zealand,T20,Murshida Khatun,stumped,Bangladesh,New Zealand,2022-12-04,,6
712bbd92,1344621,2,1,6,0,0,0,0,0,0,4,0,0,0,0,0,0,0,female,Bangladesh Women tour of New Zealand,T20,Murshida Khatun,0,Bangladesh,New Zealand,2022-12-07,,6
712bbd92,1322341,1,1,14,0,0,0,0,0,0,13,0,0,0,0,0,0,0,female,Bangladesh Women tour of New Zealand,ODI,Murshida Khatun,caught,Bangladesh,New Zealand,2022-12-11,,6
712bbd92,1322343,0,0,0,0,0,0,0,0,0,0,0,0,0,0,0,0,0,female,Bangladesh Women tour of New Zealand,ODI,Murshida Khatun,0,Bangladesh,New Zealand,2022-12-17,,6
712bbd92,1338044,0,1,1,0,0,0,0,0,0,1,0,0,0,0,0,0,0,female,ICC Women's T20 World Cup,T20,Murshida Khatun,run out,Bangladesh,Sri Lanka,2023-02-12,,6
712bbd92,1338047,7,1,8,1,0,0,0,0,0,4,0,0,0,0,0,0,0,female,ICC Women's T20 World Cup,T20,Murshida Khatun,0,Bangladesh,Australia,2023-02-14,,6
712bbd92,1338051,30,1,40,3,0,0,0,0,0,21,0,0,0,0,0,0,0,female,ICC Women's T20 World Cup,T20,Murshida Khatun,caught,Bangladesh,New Zealand,2023-02-17,,6
712bbd92,1338059,0,1,6,0,0,0,0,0,0,6,0,0,0,0,0,0,0,female,ICC Women's T20 World Cup,T20,Murshida Khatun,caught,Bangladesh,South Africa,2023-02-21,,6
712bbd92,1368849,0,0,0,0,0,0,0,0,0,0,0,0,0,0,0,0,0,female,Bangladesh Women tour of Sri Lanka,ODI,Murshida Khatun,0,Bangladesh,Sri Lanka,2023-04-29,,6
712bbd92,1368851,16,1,24,2,0,0,0,0,0,15,0,0,0,0,0,0,0,female,Bangladesh Women tour of Sri Lanka,ODI,Murshida Khatun,0,Bangladesh,Sri Lanka,2023-05-04,,6
712bbd92,1371604,0,0,0,0,0,0,0,0,0,0,0,0,0,0,0,0,0,female,Bangladesh Women tour of Sri Lanka,T20,Murshida Khatun,0,Bangladesh,Sri Lanka,2023-05-09,,6
712bbd92,1371605,14,1,11,0,1,0,0,0,0,3,0,0,0,0,0,0,0,female,Bangladesh Women tour of Sri Lanka,T20,Murshida Khatun,caught,Bangladesh,Sri Lanka,2023-05-11,,6
712bbd92,1371606,8,1,14,0,0,0,0,0,0,6,0,0,0,0,0,0,0,female,Bangladesh Women tour of Sri Lanka,T20,Murshida Khatun,stumped,Bangladesh,Sri Lanka,2023-05-12,,6
712bbd92,1382164,4,1,15,0,0,0,0,0,0,11,0,0,0,0,0,0,0,female,India Women tour of Bangladesh,T20,Murshida Khatun,0,Bangladesh,India,2023-07-11,,6
712bbd92,1382166,13,1,30,2,0,2,0,0,0,24,0,0,0,0,0,0,0,female,ICC Women's Championship,ODI,Murshida Khatun,caught,Bangladesh,India,2023-07-16,,6
712bbd92,1382167,12,1,19,3,0,1,0,0,0,16,0,0,0,0,0,0,0,female,ICC Women's Championship,ODI,Murshida Khatun,0,Bangladesh,India,2023-07-19,,6
712bbd92,1405121,23,1,40,2,0,0,0,0,0,24,0,0,0,0,0,0,0,female,Pakistan Women tour of Bangladesh,T20,Murshida Khatun,0,Bangladesh,Pakistan,2023-10-25,,6
712bbd92,1405122,20,1,29,2,0,0,0,0,0,16,0,0,0,0,0,0,0,female,Pakistan Women tour of Bangladesh,T20,Murshida Khatun,0,Bangladesh,Pakistan,2023-10-27,,6
712bbd92,1405125,12,1,18,2,0,0,0,0,0,13,0,0,0,0,0,0,0,female,Pakistan Women tour of Bangladesh,ODI,Murshida Khatun,0,Bangladesh,Pakistan,2023-11-07,,6
712bbd92,1405126,54,1,110,6,0,1,0,0,0,80,0,0,0,0,0,0,0,female,Pakistan Women tour of Bangladesh,ODI,Murshida Khatun,caught,Bangladesh,Pakistan,2023-11-10,,6
712bbd92,1398254,62,0,61,6,1,0,0,0,0,26,0,0,0,0,0,0,0,female,Bangladesh Women tour of South Africa,T20,Murshida Khatun,0,Bangladesh,South Africa,2023-12-03,,6
712bbd92,1398255,2,0,2,0,0,0,0,0,0,0,0,0,0,0,0,0,0,female,Bangladesh Women tour of South Africa,T20,Murshida Khatun,0,Bangladesh,South Africa,2023-12-06,,6
712bbd92,1398256,2,1,8,0,0,0,0,0,0,7,0,0,0,0,0,0,0,female,Bangladesh Women tour of South Africa,T20,Murshida Khatun,0,Bangladesh,South Africa,2023-12-08,,6
712bbd92,1398258,91,0,103,12,0,0,0,0,0,54,0,0,0,0,0,0,0,female,Bangladesh Women tour of South Africa,ODI,Murshida Khatun,0,Bangladesh,South Africa,2023-12-16,,6
712bbd92,1398259,8,1,14,2,0,0,0,0,0,12,0,0,0,0,0,0,0,female,Bangladesh Women tour of South Africa,ODI,Murshida Khatun,caught,Bangladesh,South Africa,2023-12-20,,6
712bbd92,1398260,8,1,8,2,0,0,0,0,0,6,0,0,0,0,0,0,0,female,Bangladesh Women tour of South Africa,ODI,Murshida Khatun,0,Bangladesh,South Africa,2023-12-23,,6
712bbd92,1425061,10,1,27,2,0,0,0,0,0,23,0,0,0,0,0,0,0,female,Australia Women tour of Bangladesh,ODI,Murshida Khatun,0,Bangladesh,Australia,2024-03-21,,6
712bbd92,1425062,5,1,24,0,0,0,0,0,0,19,0,0,0,0,0,0,0,female,Australia Women tour of Bangladesh,ODI,Murshida Khatun,caught,Bangladesh,Australia,2024-03-24,,6
712bbd92,1425063,8,1,24,1,0,0,0,0,0,21,0,0,0,0,0,0,0,female,Australia Women tour of Bangladesh,ODI,Murshida Khatun,caught,Bangladesh,Australia,2024-03-27,,6
712bbd92,1425064,20,1,28,1,0,0,0,0,0,14,0,0,0,0,0,0,0,female,Australia Women tour of Bangladesh,T20,Murshida Khatun,0,Bangladesh,Australia,2024-03-31,,6
712bbd92,1425065,8,1,14,1,0,2,0,0,0,9,0,0,0,0,0,0,0,female,Australia Women tour of Bangladesh,T20,Murshida Khatun,0,Bangladesh,Australia,2024-04-02,,6
712bbd92,1425066,1,1,2,0,0,0,0,0,0,1,0,0,0,0,0,0,0,female,Australia Women tour of Bangladesh,T20,Murshida Khatun,caught,Bangladesh,Australia,2024-04-04,,6
712bbd92,1429393,13,1,18,1,0,2,0,0,0,10,0,0,0,0,0,0,0,female,India Women tour of Bangladesh,T20,Murshida Khatun,0,Bangladesh,India,2024-04-28,,6
712bbd92,1429394,46,1,50,5,0,0,0,0,0,22,0,0,0,0,0,0,0,female,India Women tour of Bangladesh,T20,Murshida Khatun,0,Bangladesh,India,2024-04-30,,6
712bbd92,1429395,9,1,16,0,0,0,0,0,0,8,0,0,0,0,0,0,0,female,India Women tour of Bangladesh,T20,Murshida Khatun,run out,Bangladesh,India,2024-05-02,,6
712bbd92,1429396,1,1,5,0,0,0,0,0,0,4,0,0,0,0,0,0,0,female,India Women tour of Bangladesh,T20,Murshida Khatun,caught,Bangladesh,India,2024-05-06,,6
712bbd92,1426763,50,1,57,8,0,0,0,0,0,33,0,0,0,0,0,0,0,female,Women's Asia Cup,T20,Murshida Khatun,caught,Bangladesh,Thailand,2024-07-22,,6
712bbd92,1426766,80,1,65,10,1,0,0,0,0,25,0,0,0,0,0,0,0,female,Women's Asia Cup,T20,Murshida Khatun,caught,Bangladesh,Malaysia,2024-07-24,,6
712bbd92,1426768,4,1,9,0,0,0,0,0,0,5,0,0,0,0,0,0,0,female,Women's Asia Cup,T20,Murshida Khatun,caught,Bangladesh,India,2024-07-26,,6
712bbd92,1432422,12,1,14,1,0,0,0,0,0,8,0,0,0,0,0,0,0,female,ICC Women's T20 World Cup,T20,Murshida Khatun,caught,Bangladesh,Scotland,2024-10-03,,6
712bbd92,1432437,0,0,0,0,0,0,0,0,0,0,0,0,0,0,0,0,0,female,ICC Women's T20 World Cup,T20,Murshida Khatun,0,Bangladesh,South Africa,2024-10-12,,6
