player_id,match_id,runs_scored,player_out,balls_faced,fours_scored,sixes_scored,catches_taken,run_out_direct,run_out_throw,stumpings_done,dot_balls_as_batsman,order_seenballs_bowled,runs_conceded,wickets_taken,bowled_done,lbw_done,maidens,dot_balls_as_bowler,gender,series_name,match_type,name,out_kind,player_team,opposition_team,start_date,end_date,balls_per_over
02e83ac5,350347,15,1,17,1,0,0,0,0,0,8,0,20,0,0,0,0,2,male,,T20,Naeem Islam,0,Bangladesh,South Africa,2008-11-05,,6
02e83ac5,350348,25,0,36,3,1,1,0,1,0,26,0,62,3,0,0,0,23,male,Bangladesh in South Africa ODI Series,ODI,Naeem Islam,0,Bangladesh,South Africa,2008-11-07,,6
02e83ac5,350345,11,2,16,2,0,0,0,0,0,12,0,19,0,0,0,0,19,male,Bangladesh in South Africa Test Series,Test,Naeem Islam,caught,Bangladesh,South Africa,2008-11-19,2008-11-20,6
02e83ac5,378753,21,1,55,1,0,0,0,0,0,38,0,32,3,0,0,0,39,male,Tri-Nation Tournament in Bangladesh,ODI,Naeem Islam,run out,Bangladesh,Zimbabwe,2009-01-10,,6
02e83ac5,378755,12,0,6,1,1,1,0,0,0,2,0,24,1,0,0,0,19,male,Tri-Nation Tournament in Bangladesh,ODI,Naeem Islam,0,Bangladesh,Sri Lanka,2009-01-14,,6
02e83ac5,378759,0,0,0,0,0,0,0,0,0,0,0,13,0,0,0,0,14,male,Zimbabwe in Bangladesh ODI Series,ODI,Naeem Islam,0,Bangladesh,Zimbabwe,2009-01-23,,6
02e83ac5,355994,28,1,19,0,3,0,0,0,0,8,0,32,2,1,0,0,5,male,ICC World Twenty20,T20,Naeem Islam,0,Bangladesh,India,2009-06-06,,6
02e83ac5,355997,7,1,10,0,0,0,0,0,0,4,0,9,0,0,0,0,6,male,ICC World Twenty20,T20,Naeem Islam,0,Bangladesh,Ireland,2009-06-08,,6
02e83ac5,401073,7,0,7,0,0,0,0,0,0,2,0,28,1,0,0,0,23,male,Bangladesh in West Indies ODI Series,ODI,Naeem Islam,0,Bangladesh,West Indies,2009-07-26,,6
02e83ac5,401074,3,0,8,0,0,1,1,0,0,5,0,27,1,0,0,0,29,male,Bangladesh in West Indies ODI Series,ODI,Naeem Islam,0,Bangladesh,West Indies,2009-07-28,,6
02e83ac5,401075,26,1,22,3,1,0,0,0,0,10,0,48,1,0,0,1,37,male,Bangladesh in West Indies ODI Series,ODI,Naeem Islam,caught,Bangladesh,West Indies,2009-07-31,,6
02e83ac5,401076,27,1,18,2,2,0,0,0,0,8,0,21,0,0,0,0,5,male,,T20,Naeem Islam,0,Bangladesh,West Indies,2009-08-02,,6
02e83ac5,410337,0,0,0,0,0,1,0,0,0,0,0,13,0,0,0,0,5,male,Bangladesh in Zimbabwe ODI Series,ODI,Naeem Islam,0,Bangladesh,Zimbabwe,2009-08-09,,6
02e83ac5,410338,0,1,1,0,0,1,0,0,0,1,0,29,0,0,0,0,10,male,Bangladesh in Zimbabwe ODI Series,ODI,Naeem Islam,0,Bangladesh,Zimbabwe,2009-08-11,,6
02e83ac5,410339,4,1,3,1,0,0,0,0,0,2,0,0,0,0,0,0,0,male,Bangladesh in Zimbabwe ODI Series,ODI,Naeem Islam,0,Bangladesh,Zimbabwe,2009-08-14,,6
02e83ac5,410340,4,0,4,0,0,1,0,0,0,1,0,29,1,1,0,0,13,male,Bangladesh in Zimbabwe ODI Series,ODI,Naeem Islam,0,Bangladesh,Zimbabwe,2009-08-16,,6
02e83ac5,410341,4,0,7,1,0,0,0,0,0,6,0,25,0,0,0,0,13,male,Bangladesh in Zimbabwe ODI Series,ODI,Naeem Islam,0,Bangladesh,Zimbabwe,2009-08-18,,6
02e83ac5,422626,21,1,47,0,1,0,0,0,0,33,0,7,0,0,0,0,2,male,Zimbabwe in Bangladesh ODI Series,ODI,Naeem Islam,caught,Bangladesh,Zimbabwe,2009-10-27,,6
02e83ac5,422627,0,0,0,0,0,0,0,0,0,0,0,45,2,0,1,0,19,male,Zimbabwe in Bangladesh ODI Series,ODI,Naeem Islam,0,Bangladesh,Zimbabwe,2009-10-29,,6
02e83ac5,422628,4,0,2,1,0,2,0,0,0,1,0,13,1,0,0,0,5,male,Zimbabwe in Bangladesh ODI Series,ODI,Naeem Islam,0,Bangladesh,Zimbabwe,2009-10-31,,6
02e83ac5,422629,0,1,3,0,0,0,0,0,0,3,0,0,0,0,0,0,0,male,Zimbabwe in Bangladesh ODI Series,ODI,Naeem Islam,0,Bangladesh,Zimbabwe,2009-11-03,,6
02e83ac5,422630,73,1,94,4,4,0,0,0,0,56,0,15,0,0,0,0,1,male,Zimbabwe in Bangladesh ODI Series,ODI,Naeem Islam,run out,Bangladesh,Zimbabwe,2009-11-05,,6
02e83ac5,434258,22,1,9,1,2,1,0,0,0,2,0,39,0,0,0,0,16,male,Tri-Nation Tournament in Bangladesh,ODI,Naeem Islam,run out,Bangladesh,Sri Lanka,2010-01-04,,6
02e83ac5,434260,14,0,15,0,0,0,0,0,0,4,0,16,0,0,0,0,1,male,Tri-Nation Tournament in Bangladesh,ODI,Naeem Islam,0,Bangladesh,India,2010-01-07,,6
02e83ac5,434261,5,1,3,1,0,0,0,0,0,1,0,35,1,0,0,0,13,male,Tri-Nation Tournament in Bangladesh,ODI,Naeem Islam,bowled,Bangladesh,Sri Lanka,2010-01-08,,6
02e83ac5,434263,22,0,14,2,1,0,0,0,0,3,0,36,2,1,1,0,24,male,Tri-Nation Tournament in Bangladesh,ODI,Naeem Islam,0,Bangladesh,India,2010-01-11,,6
02e83ac5,423782,5,1,11,0,0,0,0,0,0,6,0,0,0,0,0,0,0,male,,T20,Naeem Islam,0,Bangladesh,New Zealand,2010-02-03,,6
02e83ac5,423783,15,1,50,0,0,0,0,0,0,35,0,51,1,0,0,0,22,male,Bangladesh in New Zealand ODI Series,ODI,Naeem Islam,caught,Bangladesh,New Zealand,2010-02-05,,6
02e83ac5,423784,43,1,81,4,0,0,0,0,0,52,0,14,0,0,0,0,2,male,Bangladesh in New Zealand ODI Series,ODI,Naeem Islam,bowled,Bangladesh,New Zealand,2010-02-08,,6
02e83ac5,423785,10,1,7,1,0,0,0,0,0,1,0,32,1,0,0,0,26,male,Bangladesh in New Zealand ODI Series,ODI,Naeem Islam,0,Bangladesh,New Zealand,2010-02-11,,6
02e83ac5,426420,25,1,33,2,0,0,0,0,0,14,0,49,2,0,1,0,33,male,England in Bangladesh ODI Series,ODI,Naeem Islam,caught,Bangladesh,England,2010-02-28,,6
02e83ac5,426421,18,0,15,2,0,0,0,0,0,3,0,43,0,0,0,0,15,male,England in Bangladesh ODI Series,ODI,Naeem Islam,0,Bangladesh,England,2010-03-02,,6
02e83ac5,426422,18,1,32,0,0,0,0,0,0,17,0,36,0,0,0,0,18,male,England in Bangladesh ODI Series,ODI,Naeem Islam,caught,Bangladesh,England,2010-03-05,,6
02e83ac5,426423,74,1,161,9,3,0,0,0,0,132,0,60,0,0,0,1,59,male,England in Bangladesh Test Series,Test,Naeem Islam,0,Bangladesh,England,2010-03-12,2010-03-13,6
02e83ac5,426424,62,1,198,8,0,0,0,0,0,168,0,48,0,0,0,0,30,male,England in Bangladesh Test Series,Test,Naeem Islam,0,Bangladesh,England,2010-03-20,2010-03-21,6
02e83ac5,412680,10,0,10,1,0,0,0,0,0,3,0,18,0,0,0,0,2,male,ICC World Twenty20,T20,Naeem Islam,0,Bangladesh,Pakistan,2010-05-01,,6
02e83ac5,412688,7,1,6,0,1,0,0,0,0,4,0,0,0,0,0,0,0,male,ICC World Twenty20,T20,Naeem Islam,caught,Bangladesh,Australia,2010-05-05,,6
02e83ac5,455232,3,1,14,0,0,0,0,0,0,12,0,0,0,0,0,0,0,male,Asia Cup,ODI,Naeem Islam,caught,Bangladesh,India,2010-06-16,,6
02e83ac5,455233,15,1,34,2,0,0,0,0,0,25,0,21,0,0,0,0,5,male,Asia Cup,ODI,Naeem Islam,lbw,Bangladesh,Sri Lanka,2010-06-18,,6
02e83ac5,476596,9,1,22,1,0,0,0,0,0,16,0,32,2,0,1,0,28,male,New Zealand in Bangladesh ODI Series,ODI,Naeem Islam,0,Bangladesh,New Zealand,2010-10-05,,6
02e83ac5,486522,0,0,0,0,0,1,0,0,0,0,0,27,0,0,0,1,38,male,Zimbabwe in Bangladesh ODI Series,ODI,Naeem Islam,0,Bangladesh,Zimbabwe,2010-12-03,,6
02e83ac5,486523,23,0,25,2,0,0,0,0,0,10,0,0,0,0,0,0,0,male,Zimbabwe in Bangladesh ODI Series,ODI,Naeem Islam,0,Bangladesh,Zimbabwe,2010-12-06,,6
02e83ac5,486526,0,0,0,0,0,0,0,0,0,0,0,30,0,0,0,0,30,male,Zimbabwe in Bangladesh ODI Series,ODI,Naeem Islam,0,Bangladesh,Zimbabwe,2010-12-12,,6
02e83ac5,433558,2,1,8,0,0,0,0,0,0,6,0,54,0,0,0,0,8,male,ICC Cricket World Cup,ODI,Naeem Islam,0,Bangladesh,India,2011-02-19,,6
02e83ac5,433566,29,1,39,3,0,0,0,0,0,21,0,36,1,1,0,1,31,male,ICC Cricket World Cup,ODI,Naeem Islam,caught,Bangladesh,Ireland,2011-02-25,,6
02e83ac5,433576,1,1,4,0,0,0,0,0,0,3,0,16,1,1,0,1,28,male,ICC Cricket World Cup,ODI,Naeem Islam,0,Bangladesh,West Indies,2011-03-04,,6
02e83ac5,433585,0,1,5,0,0,2,0,0,0,5,0,29,2,0,0,0,28,male,ICC Cricket World Cup,ODI,Naeem Islam,bowled,Bangladesh,England,2011-03-11,,6
02e83ac5,433597,8,1,21,1,0,0,0,0,0,17,0,42,0,0,0,0,17,male,ICC Cricket World Cup,ODI,Naeem Islam,0,Bangladesh,South Africa,2011-03-19,,6
02e83ac5,531982,10,1,9,1,0,1,0,0,0,4,0,23,1,0,0,0,11,male,,T20,Naeem Islam,0,Bangladesh,West Indies,2011-10-11,,6
02e83ac5,531983,52,1,83,4,0,0,0,0,0,48,0,16,1,0,0,0,5,male,West Indies in Bangladesh ODI Series,ODI,Naeem Islam,caught,Bangladesh,West Indies,2011-10-13,,6
02e83ac5,531984,30,1,43,3,0,0,0,0,0,23,0,7,0,0,0,1,11,male,West Indies in Bangladesh ODI Series,ODI,Naeem Islam,caught and bowled,Bangladesh,West Indies,2011-10-15,,6
02e83ac5,531985,0,0,0,0,0,0,0,0,0,0,0,0,0,0,0,0,0,male,West Indies in Bangladesh ODI Series,ODI,Naeem Islam,0,Bangladesh,West Indies,2011-10-18,,6
02e83ac5,531986,36,0,131,3,1,0,0,0,0,111,0,4,0,0,0,0,9,male,West Indies in Bangladesh Test Series,Test,Naeem Islam,0,Bangladesh,West Indies,2011-10-21,2011-10-22,6
02e83ac5,531987,48,1,143,5,0,1,1,0,0,112,0,52,0,0,0,2,63,male,West Indies in Bangladesh Test Series,Test,Naeem Islam,0,Bangladesh,West Indies,2011-10-29,2011-10-30,6
02e83ac5,538068,3,1,9,0,0,0,0,0,0,7,0,0,0,0,0,0,0,male,,T20,Naeem Islam,lbw,Bangladesh,Pakistan,2011-11-29,,6
02e83ac5,538069,5,1,13,1,0,0,0,0,0,11,0,0,0,0,0,0,0,male,Pakistan in Bangladesh ODI Series,ODI,Naeem Islam,caught,Bangladesh,Pakistan,2011-12-01,,6
02e83ac5,551053,9,0,7,1,0,1,0,0,0,2,0,15,1,0,0,0,1,male,Bangladesh Premier League,T20,Naeem Islam,0,Sylhet Royals,Duronto Rajshahi,2012-02-14,,6
02e83ac5,551059,9,1,6,0,1,1,0,0,0,2,0,0,0,0,0,0,0,male,Bangladesh Premier League,T20,Naeem Islam,stumped,Sylhet Royals,Khulna Royal Bengals,2012-02-18,,6
02e83ac5,551062,22,0,18,2,0,0,0,0,0,2,0,0,0,0,0,0,0,male,Bangladesh Premier League,T20,Naeem Islam,0,Sylhet Royals,Barisal Burners,2012-02-19,,6
02e83ac5,551070,0,0,0,0,0,0,1,0,0,0,0,0,0,0,0,0,0,male,Bangladesh Premier League,T20,Naeem Islam,0,Sylhet Royals,Chittagong Kings,2012-02-25,,6
02e83ac5,587469,134,2,320,20,0,0,0,0,0,252,0,46,0,0,0,1,62,male,West Indies in Bangladesh Test Series,Test,Naeem Islam,0,Bangladesh,West Indies,2012-11-13,2012-11-14,6
02e83ac5,587470,18,2,25,1,0,0,0,0,0,15,0,55,0,0,0,2,68,male,West Indies in Bangladesh Test Series,Test,Naeem Islam,bowled,Bangladesh,West Indies,2012-11-21,2012-11-22,6
02e83ac5,587471,50,0,80,6,0,1,0,0,0,50,0,17,0,0,0,0,1,male,West Indies in Bangladesh ODI Series,ODI,Naeem Islam,0,Bangladesh,West Indies,2012-11-30,,6
02e83ac5,587472,6,1,11,1,0,0,0,0,0,8,0,28,1,1,0,0,27,male,West Indies in Bangladesh ODI Series,ODI,Naeem Islam,caught,Bangladesh,West Indies,2012-12-02,,6
02e83ac5,587473,4,1,2,1,0,1,0,0,0,1,0,21,1,0,0,1,18,male,West Indies in Bangladesh ODI Series,ODI,Naeem Islam,0,Bangladesh,West Indies,2012-12-05,,6
02e83ac5,587474,0,1,1,0,0,0,0,0,0,1,0,0,0,0,0,0,0,male,West Indies in Bangladesh ODI Series,ODI,Naeem Islam,0,Bangladesh,West Indies,2012-12-07,,6
02e83ac5,599867,2,1,7,0,0,0,1,0,0,5,0,0,0,0,0,0,0,male,Bangladesh Premier League,T20,Naeem Islam,0,Chittagong Kings,Duronto Rajshahi,2013-01-19,,6
185cbde3,599870,5,0,4,1,0,0,0,0,0,2,0,17,1,0,1,0,12,male,Bangladesh Premier League,T20,Naeem Islam,0,Duronto Rajshahi,Sylhet Royals,2013-01-20,,6
185cbde3,599872,0,0,0,0,0,1,0,0,0,0,0,24,1,1,0,0,12,male,Bangladesh Premier League,T20,Naeem Islam,0,Duronto Rajshahi,Dhaka Gladiators,2013-01-22,,6
02e83ac5,599875,19,1,20,3,0,0,0,0,0,11,0,0,0,0,0,0,0,male,Bangladesh Premier League,T20,Naeem Islam,caught,Chittagong Kings,Barisal Burners,2013-01-24,,6
185cbde3,599876,9,0,12,0,0,0,0,0,0,3,0,30,0,0,0,0,13,male,Bangladesh Premier League,T20,Naeem Islam,0,Duronto Rajshahi,Khulna Royal Bengals,2013-01-24,,6
185cbde3,599880,0,0,0,0,0,0,0,0,0,0,0,46,1,0,0,0,7,male,Bangladesh Premier League,T20,Naeem Islam,0,Duronto Rajshahi,Barisal Burners,2013-01-28,,6
02e83ac5,599884,14,1,11,2,0,0,0,0,0,3,0,0,0,0,0,0,0,male,Bangladesh Premier League,T20,Naeem Islam,caught,Chittagong Kings,Barisal Burners,2013-01-31,,6
185cbde3,599885,0,1,5,0,0,0,0,0,0,5,0,37,2,0,0,0,13,male,Bangladesh Premier League,T20,Naeem Islam,caught,Duronto Rajshahi,Dhaka Gladiators,2013-02-01,,6
02e83ac5,599888,50,1,41,6,1,2,0,0,0,17,0,0,0,0,0,0,0,male,Bangladesh Premier League,T20,Naeem Islam,caught,Chittagong Kings,Dhaka Gladiators,2013-02-02,,6
185cbde3,599889,0,0,0,0,0,0,0,0,0,0,0,28,0,0,0,0,8,male,Bangladesh Premier League,T20,Naeem Islam,0,Duronto Rajshahi,Rangpur Riders,2013-02-04,,6
02e83ac5,599893,0,1,6,0,0,2,0,0,0,6,0,0,0,0,0,0,0,male,Bangladesh Premier League,T20,Naeem Islam,0,Chittagong Kings,Khulna Royal Bengals,2013-02-07,,6
185cbde3,599895,3,1,6,0,0,0,0,0,0,3,0,0,0,0,0,0,0,male,Bangladesh Premier League,T20,Naeem Islam,lbw,Duronto Rajshahi,Khulna Royal Bengals,2013-02-08,,6
02e83ac5,599897,29,1,30,3,0,0,0,0,0,11,0,0,0,0,0,0,0,male,Bangladesh Premier League,T20,Naeem Islam,caught,Chittagong Kings,Rangpur Riders,2013-02-09,,6
02e83ac5,599903,0,1,7,0,0,0,0,0,0,7,0,0,0,0,0,0,0,male,Bangladesh Premier League,T20,Naeem Islam,0,Chittagong Kings,Duronto Rajshahi,2013-02-13,,6
02e83ac5,605286,31,1,28,2,1,0,0,0,0,12,0,0,0,0,0,0,0,male,Bangladesh Premier League,T20,Naeem Islam,0,Chittagong Kings,Sylhet Royals,2013-02-18,,6
02e83ac5,668953,84,1,117,12,0,0,0,0,0,70,0,0,0,0,0,0,0,male,New Zealand in Bangladesh ODI Series,ODI,Naeem Islam,caught,Bangladesh,New Zealand,2013-10-29,,6
02e83ac5,668955,16,1,19,1,1,1,0,0,0,11,0,0,0,0,0,0,0,male,New Zealand in Bangladesh ODI Series,ODI,Naeem Islam,0,Bangladesh,New Zealand,2013-10-31,,6
02e83ac5,668957,63,1,76,5,0,0,0,0,0,33,0,0,0,0,0,0,0,male,New Zealand in Bangladesh ODI Series,ODI,Naeem Islam,0,Bangladesh,New Zealand,2013-11-03,,6
02e83ac5,668959,18,1,10,3,1,1,0,0,0,6,0,0,0,0,0,0,0,male,,T20,Naeem Islam,caught,Bangladesh,New Zealand,2013-11-06,,6
02e83ac5,690359,32,1,56,1,0,0,0,0,0,30,0,7,0,0,0,0,1,male,Sri Lanka in Bangladesh ODI Series,ODI,Naeem Islam,0,Bangladesh,Sri Lanka,2014-02-22,,6
02e83ac5,710293,14,1,19,1,0,0,0,0,0,8,0,15,0,0,0,0,4,male,Asia Cup,ODI,Naeem Islam,caught,Bangladesh,India,2014-02-26,,6
02e83ac5,710299,35,1,52,2,0,0,1,0,0,26,0,0,0,0,0,0,0,male,Asia Cup,ODI,Naeem Islam,0,Bangladesh,Afghanistan,2014-03-01,,6
02e83ac5,935301,29,0,38,2,1,0,0,0,0,21,0,7,3,2,0,0,11,male,Bangladesh Premier League,T20,Naeem Islam,0,Chittagong Vikings,Dhaka Dynamites,2015-11-26,,6
02e83ac5,935307,38,1,41,3,0,0,0,0,0,16,0,0,0,0,0,0,0,male,Bangladesh Premier League,T20,Naeem Islam,bowled,Chittagong Vikings,Barisal Bulls,2015-11-30,,6
02e83ac5,935311,16,0,16,1,0,0,0,0,0,5,0,24,0,0,0,0,13,male,Bangladesh Premier League,T20,Naeem Islam,0,Chittagong Vikings,Rangpur Riders,2015-12-01,,6
02e83ac5,935337,4,1,9,0,0,0,0,0,0,5,0,14,0,0,0,0,6,male,Bangladesh Premier League,T20,Naeem Islam,0,Chittagong Vikings,Barisal Bulls,2015-12-09,,6
185cbde3,935339,0,0,0,0,0,1,0,0,0,0,0,23,1,0,0,0,4,male,Bangladesh Premier League,T20,Naeem Islam,0,Comilla Victorians,Sylhet Super Stars,2015-12-10,,6
185cbde3,935349,0,0,0,0,0,0,0,0,0,0,0,9,0,0,0,0,2,male,Bangladesh Premier League,T20,Naeem Islam,0,Comilla Victorians,Barisal Bulls,2015-12-15,,6
02e83ac5,1063056,0,0,0,0,0,0,0,0,0,0,0,0,0,0,0,0,0,male,Bangladesh Premier League,T20,Naeem Islam,0,Rangpur Riders,Chittagong Vikings,2016-11-09,,6
02e83ac5,1063048,0,0,0,0,0,0,0,0,0,0,0,0,0,0,0,0,0,male,Bangladesh Premier League,T20,Naeem Islam,0,Rangpur Riders,Khulna Titans,2016-11-10,,6
02e83ac5,1063060,26,1,29,1,0,0,0,0,0,8,0,7,0,0,0,0,2,male,Bangladesh Premier League,T20,Naeem Islam,caught,Rangpur Riders,Dhaka Dynamites,2016-11-12,,6
02e83ac5,1063064,0,0,0,0,0,0,0,0,0,0,0,0,0,0,0,0,0,male,Bangladesh Premier League,T20,Naeem Islam,0,Rangpur Riders,Barisal Bulls,2016-11-17,,6
02e83ac5,1063066,0,0,0,0,0,0,0,0,0,0,0,0,0,0,0,0,0,male,Bangladesh Premier League,T20,Naeem Islam,0,Rangpur Riders,Comilla Victorians,2016-11-18,,6
02e83ac5,1063071,0,0,0,0,0,1,0,0,0,0,0,0,0,0,0,0,0,male,Bangladesh Premier League,T20,Naeem Islam,0,Rangpur Riders,Khulna Titans,2016-11-22,,6
02e83ac5,1063073,14,0,10,0,1,0,0,0,0,2,0,0,0,0,0,0,0,male,Bangladesh Premier League,T20,Naeem Islam,0,Rangpur Riders,Rajshahi Kings,2016-11-25,,6
02e83ac5,1063078,3,0,4,0,0,0,0,0,0,1,0,0,0,0,0,0,0,male,Bangladesh Premier League,T20,Naeem Islam,0,Rangpur Riders,Chittagong Vikings,2016-11-27,,6
02e83ac5,1063083,0,0,0,0,0,1,0,0,0,0,0,14,1,0,1,0,4,male,Bangladesh Premier League,T20,Naeem Islam,0,Rangpur Riders,Barisal Bulls,2016-12-03,,6
02e83ac5,1063087,14,1,13,2,0,0,0,0,0,5,0,0,0,0,0,0,0,male,Bangladesh Premier League,T20,Naeem Islam,bowled,Rangpur Riders,Comilla Victorians,2016-12-04,,6
185cbde3,1063091,0,1,3,0,0,0,0,0,0,3,0,16,0,0,0,0,2,male,Bangladesh Premier League,T20,Naeem Islam,lbw,Khulna Titans,Rajshahi Kings,2016-12-07,,6
185cbde3,1121267,1,0,3,0,0,0,0,0,0,2,0,20,0,0,0,0,4,male,Bangladesh Premier League,T20,Naeem Islam,0,Rajshahi Kings,Khulna Titans,2017-11-21,,6
02e83ac5,1296685,15,1,18,0,1,0,0,0,0,9,0,0,0,0,0,0,0,male,Bangladesh Premier League,T20,Naeem Islam,caught,Chattogram Challengers,Fortune Barishal,2022-01-21,,6
02e83ac5,1296688,0,1,3,0,0,1,0,0,0,3,0,8,0,0,0,0,3,male,Bangladesh Premier League,T20,Naeem Islam,caught,Chattogram Challengers,Minister Group Dhaka,2022-01-22,,6
02e83ac5,1296690,15,1,6,0,2,1,0,0,0,1,0,0,0,0,0,0,0,male,Bangladesh Premier League,T20,Naeem Islam,run out,Chattogram Challengers,Khulna Tigers,2022-01-24,,6
02e83ac5,1296693,25,0,21,2,1,0,0,0,0,7,0,0,0,0,0,0,0,male,Bangladesh Premier League,T20,Naeem Islam,0,Chattogram Challengers,Khulna Tigers,2022-01-28,,6
02e83ac5,1296696,8,1,7,1,0,0,0,0,0,2,0,0,0,0,0,0,0,male,Bangladesh Premier League,T20,Naeem Islam,caught,Chattogram Challengers,Sylhet Sunrisers,2022-01-29,,6
02e83ac5,1296697,8,1,5,0,1,0,0,0,0,2,0,0,0,0,0,0,0,male,Bangladesh Premier League,T20,Naeem Islam,0,Chattogram Challengers,Comilla Victorians,2022-01-31,,6
02e83ac5,1296700,0,1,1,0,0,0,0,0,0,1,0,0,0,0,0,0,0,male,Bangladesh Premier League,T20,Naeem Islam,lbw,Chattogram Challengers,Fortune Barishal,2022-02-01,,6
02e83ac5,1296702,3,1,5,0,0,0,0,0,0,2,0,0,0,0,0,0,0,male,Bangladesh Premier League,T20,Naeem Islam,0,Chattogram Challengers,Comilla Victorians,2022-02-03,,6
