player_id,match_id,runs_scored,player_out,balls_faced,fours_scored,sixes_scored,catches_taken,run_out_direct,run_out_throw,stumpings_done,dot_balls_as_batsman,order_seenballs_bowled,runs_conceded,wickets_taken,bowled_done,lbw_done,maidens,dot_balls_as_bowler,gender,series_name,match_type,name,out_kind,player_team,opposition_team,start_date,end_date,balls_per_over
c5b87d8c,64843,9,1,19,0,0,0,0,0,0,14,0,0,0,0,0,0,0,male,England tour of Bangladesh,ODI,Nafees Iqbal,0,Bangladesh,England,2003-11-07,,6
c5b87d8c,64844,4,1,21,0,0,0,0,0,0,18,0,0,0,0,0,0,0,male,England tour of Bangladesh,ODI,Nafees Iqbal,0,Bangladesh,England,2003-11-10,,6
c5b87d8c,66203,2,1,12,0,0,0,0,0,0,11,0,0,0,0,0,0,0,male,ICC Champions Trophy,ODI,Nafees Iqbal,bowled,Bangladesh,West Indies,2004-09-15,,6
c5b87d8c,64104,22,2,67,4,0,0,0,0,0,57,0,0,0,0,0,0,0,male,New Zealand tour of Bangladesh,Test,Nafees Iqbal,caught,Bangladesh,New Zealand,2004-10-26,2004-10-27,6
c5b87d8c,64111,74,2,139,11,0,0,0,0,0,112,0,0,0,0,0,0,0,male,India tour of Bangladesh,Test,Nafees Iqbal,lbw,Bangladesh,India,2004-12-10,2004-12-11,6
c5b87d8c,64914,9,1,54,0,0,0,0,0,0,46,0,0,0,0,0,0,0,male,India tour of Bangladesh,ODI,Nafees Iqbal,0,Bangladesh,India,2004-12-23,,6
c5b87d8c,64917,10,1,22,2,0,0,0,0,0,18,0,0,0,0,0,0,0,male,India tour of Bangladesh,ODI,Nafees Iqbal,0,Bangladesh,India,2004-12-27,,6
c5b87d8c,64919,58,1,82,6,0,0,0,0,0,44,0,0,0,0,0,0,0,male,Zimbabwe tour of Bangladesh,ODI,Nafees Iqbal,lbw,Bangladesh,Zimbabwe,2005-01-24,,6
c5b87d8c,64923,9,1,10,2,0,0,0,0,0,7,0,0,0,0,0,0,0,male,Zimbabwe tour of Bangladesh,ODI,Nafees Iqbal,0,Bangladesh,Zimbabwe,2005-01-31,,6
c5b87d8c,210366,22,2,47,2,0,0,0,0,0,36,0,0,0,0,0,0,0,male,Bangladesh tour of England,Test,Nafees Iqbal,0,Bangladesh,England,2005-06-03,2005-06-04,6
c5b87d8c,211244,19,1,29,1,0,0,0,0,0,18,0,0,0,0,0,0,0,male,NatWest Challenge,ODI,Nafees Iqbal,0,Bangladesh,England,2005-06-16,,6
c5b87d8c,211364,8,1,21,1,0,1,0,0,0,18,0,0,0,0,0,0,0,male,NatWest Challenge,ODI,Nafees Iqbal,caught,Bangladesh,Australia,2005-06-18,,6
c5b87d8c,219612,35,2,58,4,0,0,0,0,0,38,0,0,0,0,0,0,0,male,Bangladesh tour of Sri Lanka,Test,Nafees Iqbal,caught,Bangladesh,Sri Lanka,2005-09-20,2005-09-21,6
c5b87d8c,238167,40,2,152,5,0,0,0,0,0,131,0,0,0,0,0,0,0,male,Sri Lanka tour of Bangladesh,Test,Nafees Iqbal,0,Bangladesh,Sri Lanka,2006-02-28,2006-03-01,6
c5b87d8c,238168,28,2,63,5,0,1,0,0,0,52,0,0,0,0,0,0,0,male,Sri Lanka tour of Bangladesh,Test,Nafees Iqbal,0,Bangladesh,Sri Lanka,2006-03-08,2006-03-09,6
