player_id,match_id,runs_scored,player_out,balls_faced,fours_scored,sixes_scored,catches_taken,run_out_direct,run_out_throw,stumpings_done,dot_balls_as_batsman,order_seenballs_bowled,runs_conceded,wickets_taken,bowled_done,lbw_done,maidens,dot_balls_as_bowler,gender,series_name,match_type,name,out_kind,player_team,opposition_team,start_date,end_date,balls_per_over
4aef496b,306987,43,1,38,3,2,0,0,0,0,17,0,0,0,0,0,0,0,male,Twenty20 Quadrangular (in Kenya),T20,Nazimuddin,0,Bangladesh,Kenya,2007-09-01,,6
4aef496b,306989,81,1,52,8,5,0,0,0,0,22,0,0,0,0,0,0,0,male,Twenty20 Quadrangular (in Kenya),T20,Nazimuddin,bowled,Bangladesh,Pakistan,2007-09-02,,6
4aef496b,287857,1,1,4,0,0,0,0,0,0,3,0,0,0,0,0,0,0,male,ICC World Twenty20,T20,Nazimuddin,caught,Bangladesh,West Indies,2007-09-13,,6
4aef496b,287864,0,1,1,0,0,0,0,0,0,1,0,0,0,0,0,0,0,male,ICC World Twenty20,T20,Nazimuddin,lbw,Bangladesh,South Africa,2007-09-15,,6
4aef496b,287866,11,1,18,2,0,0,0,0,0,13,0,0,0,0,0,0,0,male,ICC World Twenty20,T20,Nazimuddin,caught,Bangladesh,Australia,2007-09-16,,6
4aef496b,287871,0,1,1,0,0,0,0,0,0,1,0,0,0,0,0,0,0,male,ICC World Twenty20,T20,Nazimuddin,0,Bangladesh,Sri Lanka,2007-09-18,,6
4aef496b,323950,11,1,13,2,0,0,0,0,0,10,0,0,0,0,0,0,0,male,South Africa in Bangladesh ODI Series,ODI,Nazimuddin,lbw,Bangladesh,South Africa,2008-03-12,,6
4aef496b,323951,20,1,32,3,0,0,0,0,0,23,0,0,0,0,0,0,0,male,South Africa in Bangladesh ODI Series,ODI,Nazimuddin,0,Bangladesh,South Africa,2008-03-14,,6
4aef496b,343764,42,1,50,0,3,0,0,0,0,24,0,0,0,0,0,0,0,male,,T20,Nazimuddin,0,Bangladesh,Pakistan,2008-04-20,,6
4aef496b,335346,2,1,13,0,0,0,0,0,0,12,0,0,0,0,0,0,0,male,Asia Cup,ODI,Nazimuddin,caught,Bangladesh,United Arab Emirates,2008-06-24,,6
4aef496b,335348,1,1,5,0,0,0,0,0,0,4,0,0,0,0,0,0,0,male,Asia Cup,ODI,Nazimuddin,0,Bangladesh,Sri Lanka,2008-06-25,,6
4aef496b,335352,6,1,9,1,0,0,0,0,0,6,0,0,0,0,0,0,0,male,Asia Cup,ODI,Nazimuddin,caught,Bangladesh,India,2008-06-28,,6
4aef496b,335354,47,0,59,7,1,0,0,0,0,40,0,0,0,0,0,0,0,male,Asia Cup,ODI,Nazimuddin,0,Bangladesh,Sri Lanka,2008-06-30,,6
4aef496b,335357,3,1,7,0,0,0,0,0,0,5,0,0,0,0,0,0,0,male,Asia Cup,ODI,Nazimuddin,caught,Bangladesh,Pakistan,2008-07-04,,6
4aef496b,538072,109,2,265,14,2,0,0,0,0,220,0,0,0,0,0,0,0,male,Pakistan in Bangladesh Test Series,Test,Nazimuddin,caught,Bangladesh,Pakistan,2011-12-09,2011-12-10,6
4aef496b,538073,12,2,48,2,0,1,0,0,0,43,0,0,0,0,0,0,0,male,Pakistan in Bangladesh Test Series,Test,Nazimuddin,bowled,Bangladesh,Pakistan,2011-12-17,2011-12-18,6
4aef496b,551073,26,1,24,2,1,0,0,0,0,12,0,0,0,0,0,0,0,male,Bangladesh Premier League,T20,Nazimuddin,bowled,Dhaka Gladiators,Duronto Rajshahi,2012-02-27,,6
4aef496b,551077,13,1,12,2,0,0,0,0,0,6,0,0,0,0,0,0,0,male,Bangladesh Premier League,T20,Nazimuddin,caught,Dhaka Gladiators,Barisal Burners,2012-02-29,,6
4aef496b,535794,30,1,33,4,1,0,0,0,0,20,0,0,0,0,0,0,0,male,Asia Cup,ODI,Nazimuddin,0,Bangladesh,Pakistan,2012-03-11,,6
4aef496b,535797,5,1,15,0,0,0,0,0,0,10,0,0,0,0,0,0,0,male,Asia Cup,ODI,Nazimuddin,0,Bangladesh,India,2012-03-16,,6
4aef496b,535799,6,1,7,1,0,1,0,0,0,4,0,0,0,0,0,0,0,male,Asia Cup,ODI,Nazimuddin,bowled,Bangladesh,Sri Lanka,2012-03-20,,6
4aef496b,535800,16,1,53,0,0,0,0,0,0,38,0,0,0,0,0,0,0,male,Asia Cup,ODI,Nazimuddin,0,Bangladesh,Pakistan,2012-03-22,,6
4aef496b,587470,4,2,7,1,0,0,0,0,0,6,0,0,0,0,0,0,0,male,West Indies in Bangladesh Test Series,Test,Nazimuddin,caught,Bangladesh,West Indies,2012-11-21,2012-11-22,6
4aef496b,599865,27,1,18,3,1,0,0,0,0,9,0,0,0,0,0,0,0,male,Bangladesh Premier League,T20,Nazimuddin,bowled,Khulna Royal Bengals,Dhaka Gladiators,2013-01-18,,6
4aef496b,599869,0,1,1,0,0,0,0,0,0,1,0,0,0,0,0,0,0,male,Bangladesh Premier League,T20,Nazimuddin,0,Khulna Royal Bengals,Barisal Burners,2013-01-20,,6
4aef496b,599876,0,0,0,0,0,1,0,0,0,0,0,0,0,0,0,0,0,male,Bangladesh Premier League,T20,Nazimuddin,0,Khulna Royal Bengals,Duronto Rajshahi,2013-01-24,,6
4aef496b,599878,2,1,10,0,0,0,0,0,0,8,0,0,0,0,0,0,0,male,Bangladesh Premier League,T20,Nazimuddin,0,Khulna Royal Bengals,Rangpur Riders,2013-01-25,,6
4aef496b,599890,33,1,32,2,2,0,0,0,0,19,0,0,0,0,0,0,0,male,Bangladesh Premier League,T20,Nazimuddin,caught,Khulna Royal Bengals,Barisal Burners,2013-02-04,,6
4aef496b,599893,4,1,4,1,0,0,0,0,0,3,0,0,0,0,0,0,0,male,Bangladesh Premier League,T20,Nazimuddin,caught,Khulna Royal Bengals,Chittagong Kings,2013-02-07,,6
4aef496b,599899,1,1,3,0,0,0,0,0,0,2,0,0,0,0,0,0,0,male,Bangladesh Premier League,T20,Nazimuddin,0,Khulna Royal Bengals,Dhaka Gladiators,2013-02-11,,6
