player_id,match_id,runs_scored,player_out,balls_faced,fours_scored,sixes_scored,catches_taken,run_out_direct,run_out_throw,stumpings_done,dot_balls_as_batsman,order_seenballs_bowled,runs_conceded,wickets_taken,bowled_done,lbw_done,maidens,dot_balls_as_bowler,gender,series_name,match_type,name,out_kind,player_team,opposition_team,start_date,end_date,balls_per_over
1274d7ab,1063054,54,0,47,6,0,0,1,0,0,19,0,0,0,0,0,0,0,male,Bangladesh Premier League,T20,Nazmul Hossain Shanto,0,Comilla Victorians,Chittagong Vikings,2016-11-08,,6
1274d7ab,1063057,16,0,16,2,0,0,0,0,0,7,0,0,0,0,0,0,0,male,Bangladesh Premier League,T20,Nazmul Hossain Shanto,0,Comilla Victorians,Barisal Bulls,2016-11-11,,6
1274d7ab,1063062,10,1,9,1,0,1,0,0,0,3,0,9,2,0,0,0,7,male,Bangladesh Premier League,T20,Nazmul Hossain Shanto,0,Comilla Victorians,Khulna Titans,2016-11-13,,6
1274d7ab,1063050,16,1,13,2,0,0,0,0,0,3,0,0,0,0,0,0,0,male,Bangladesh Premier League,T20,Nazmul Hossain Shanto,0,Comilla Victorians,Dhaka Dynamites,2016-11-14,,6
1274d7ab,1063066,5,0,6,0,0,0,0,0,0,1,0,0,0,0,0,0,0,male,Bangladesh Premier League,T20,Nazmul Hossain Shanto,0,Comilla Victorians,Rangpur Riders,2016-11-18,,6
1274d7ab,1063068,41,1,41,4,0,1,0,0,0,17,0,15,0,0,0,0,10,male,Bangladesh Premier League,T20,Nazmul Hossain Shanto,0,Comilla Victorians,Rajshahi Kings,2016-11-19,,6
1274d7ab,1063070,17,1,16,2,0,0,0,0,0,7,0,13,0,0,0,0,1,male,Bangladesh Premier League,T20,Nazmul Hossain Shanto,0,Comilla Victorians,Chittagong Vikings,2016-11-21,,6
1274d7ab,1063075,17,1,19,2,0,0,0,0,0,10,0,10,0,0,0,0,2,male,Bangladesh Premier League,T20,Nazmul Hossain Shanto,caught,Comilla Victorians,Dhaka Dynamites,2016-11-26,,6
1274d7ab,1063079,0,0,0,0,0,0,0,0,0,0,0,17,0,0,0,0,2,male,Bangladesh Premier League,T20,Nazmul Hossain Shanto,0,Comilla Victorians,Barisal Bulls,2016-11-29,,6
1274d7ab,1063047,0,0,0,0,0,0,0,0,0,0,0,11,0,0,0,0,4,male,Bangladesh Premier League,T20,Nazmul Hossain Shanto,0,Comilla Victorians,Rajshahi Kings,2016-11-30,,6
1274d7ab,1063087,0,0,0,0,0,2,0,0,0,0,0,0,0,0,0,0,0,male,Bangladesh Premier League,T20,Nazmul Hossain Shanto,0,Comilla Victorians,Rangpur Riders,2016-12-04,,6
1274d7ab,1019987,30,2,116,4,0,0,0,0,0,100,0,13,0,0,0,0,1,male,Bangladesh in New Zealand Test Series,Test,Nazmul Hossain Shanto,caught,Bangladesh,New Zealand,2017-01-20,2017-01-21,6
1274d7ab,1121248,5,1,7,0,0,0,0,0,0,4,0,0,0,0,0,0,0,male,Bangladesh Premier League,T20,Nazmul Hossain Shanto,0,Khulna Titans,Dhaka Dynamites,2017-11-05,,6
1274d7ab,1121252,7,1,9,1,0,0,0,0,0,5,0,0,0,0,0,0,0,male,Bangladesh Premier League,T20,Nazmul Hossain Shanto,bowled,Khulna Titans,Sylhet Sixers,2017-11-08,,6
1274d7ab,1121255,9,1,12,1,0,1,0,0,0,6,0,0,0,0,0,0,0,male,Bangladesh Premier League,T20,Nazmul Hossain Shanto,0,Khulna Titans,Chittagong Vikings,2017-11-12,,6
1274d7ab,1121257,24,1,25,3,0,0,0,0,0,11,0,0,0,0,0,0,0,male,Bangladesh Premier League,T20,Nazmul Hossain Shanto,0,Khulna Titans,Dhaka Dynamites,2017-11-14,,6
1274d7ab,1121262,9,1,11,1,0,0,0,0,0,5,0,0,0,0,0,0,0,male,Bangladesh Premier League,T20,Nazmul Hossain Shanto,caught and bowled,Khulna Titans,Chittagong Vikings,2017-11-17,,6
1274d7ab,1121267,4,1,4,0,0,2,0,0,0,1,0,0,0,0,0,0,0,male,Bangladesh Premier League,T20,Nazmul Hossain Shanto,0,Khulna Titans,Rajshahi Kings,2017-11-21,,6
1274d7ab,1121269,20,1,20,3,0,0,0,0,0,9,0,0,0,0,0,0,0,male,Bangladesh Premier League,T20,Nazmul Hossain Shanto,caught,Khulna Titans,Rangpur Riders,2017-11-24,,6
1274d7ab,1121274,49,1,31,5,2,0,0,0,0,12,0,0,0,0,0,0,0,male,Bangladesh Premier League,T20,Nazmul Hossain Shanto,0,Khulna Titans,Rajshahi Kings,2017-11-27,,6
1274d7ab,1121276,8,1,6,1,0,0,0,0,0,3,0,0,0,0,0,0,0,male,Bangladesh Premier League,T20,Nazmul Hossain Shanto,bowled,Khulna Titans,Comilla Victorians,2017-11-28,,6
1274d7ab,1121282,20,1,19,1,1,0,0,0,0,7,0,0,0,0,0,0,0,male,Bangladesh Premier League,T20,Nazmul Hossain Shanto,0,Khulna Titans,Rangpur Riders,2017-12-03,,6
1274d7ab,1121283,37,1,21,4,2,0,0,0,0,7,0,0,0,0,0,0,0,male,Bangladesh Premier League,T20,Nazmul Hossain Shanto,0,Khulna Titans,Comilla Victorians,2017-12-05,,6
1274d7ab,1121287,15,1,16,3,0,0,0,0,0,10,0,12,0,0,0,0,0,male,Bangladesh Premier League,T20,Nazmul Hossain Shanto,caught and bowled,Khulna Titans,Rangpur Riders,2017-12-08,,6
1274d7ab,1153248,7,1,13,0,0,0,0,0,0,10,0,0,0,0,0,0,0,male,Asia Cup,ODI,Nazmul Hossain Shanto,caught,Bangladesh,Afghanistan,2018-09-20,,6
1274d7ab,1153249,7,1,14,0,0,0,0,0,0,9,0,0,0,0,0,0,0,male,Asia Cup,ODI,Nazmul Hossain Shanto,caught,Bangladesh,India,2018-09-21,,6
1274d7ab,1153252,6,1,18,0,0,2,0,0,0,14,0,0,0,0,0,0,0,male,Asia Cup,ODI,Nazmul Hossain Shanto,0,Bangladesh,Afghanistan,2018-09-23,,6
1274d7ab,1153639,18,2,37,2,0,2,0,0,0,27,0,0,0,0,0,0,0,male,Zimbabwe tour of Bangladesh,Test,Nazmul Hossain Shanto,caught,Bangladesh,Zimbabwe,2018-11-03,2018-11-04,6
1274d7ab,1169382,1,1,2,0,0,1,0,0,0,1,0,0,0,0,0,0,0,male,Bangladesh Premier League,T20,Nazmul Hossain Shanto,0,Khulna Titans,Rangpur Riders,2019-01-06,,6
1274d7ab,1169383,13,1,16,0,1,0,0,0,0,8,0,0,0,0,0,0,0,male,Bangladesh Premier League,T20,Nazmul Hossain Shanto,0,Khulna Titans,Dhaka Dynamites,2019-01-08,,6
1274d7ab,1169389,6,1,4,1,0,1,0,0,0,2,0,0,0,0,0,0,0,male,Bangladesh Premier League,T20,Nazmul Hossain Shanto,0,Khulna Titans,Chittagong Vikings,2019-01-12,,6
1274d7ab,1169393,11,0,13,0,0,0,0,1,0,3,0,0,0,0,0,0,0,male,Bangladesh Premier League,T20,Nazmul Hossain Shanto,0,Khulna Titans,Rajshahi Kings,2019-01-15,,6
1274d7ab,1169398,1,0,5,0,0,3,0,0,0,4,0,0,0,0,0,0,0,male,Bangladesh Premier League,T20,Nazmul Hossain Shanto,0,Khulna Titans,Comilla Victorians,2019-01-18,,6
1274d7ab,1169403,48,1,35,2,3,0,0,0,0,11,0,0,0,0,0,0,0,male,Bangladesh Premier League,T20,Nazmul Hossain Shanto,0,Khulna Titans,Rangpur Riders,2019-01-22,,6
1274d7ab,1169406,17,1,16,1,1,1,0,0,0,8,0,0,0,0,0,0,0,male,Bangladesh Premier League,T20,Nazmul Hossain Shanto,0,Khulna Titans,Sylhet Sixers,2019-01-23,,6
1274d7ab,1169409,3,1,7,0,0,0,0,0,0,5,0,0,0,0,0,0,0,male,Bangladesh Premier League,T20,Nazmul Hossain Shanto,caught,Khulna Titans,Sylhet Sixers,2019-01-26,,6
1274d7ab,1169411,14,1,12,2,0,1,0,0,0,4,0,0,0,0,0,0,0,male,Bangladesh Premier League,T20,Nazmul Hossain Shanto,caught,Khulna Titans,Comilla Victorians,2019-01-28,,6
1274d7ab,1169420,24,1,20,1,1,0,0,0,0,6,0,0,0,0,0,0,0,male,Bangladesh Premier League,T20,Nazmul Hossain Shanto,0,Khulna Titans,Dhaka Dynamites,2019-02-02,,6
1274d7ab,1197143,11,1,10,1,0,1,0,0,0,4,0,0,0,0,0,0,0,male,Bangladesh Twenty20 Tri-Series,T20,Nazmul Hossain Shanto,0,Bangladesh,Zimbabwe,2019-09-18,,6
1274d7ab,1197145,5,1,8,0,0,1,0,0,0,3,0,0,0,0,0,0,0,male,Bangladesh Twenty20 Tri-Series,T20,Nazmul Hossain Shanto,caught,Bangladesh,Afghanistan,2019-09-21,,6
1274d7ab,1208070,4,1,4,1,0,0,0,2,0,3,0,0,0,0,0,0,0,male,Bangladesh Premier League,T20,Nazmul Hossain Shanto,0,Khulna Tigers,Chattogram Challengers,2019-12-12,,6
1274d7ab,1208075,0,1,3,0,0,1,0,0,0,3,0,0,0,0,0,0,0,male,Bangladesh Premier League,T20,Nazmul Hossain Shanto,bowled,Khulna Tigers,Rajshahi Royals,2019-12-17,,6
1274d7ab,1208079,1,1,6,0,0,0,0,1,0,5,0,0,0,0,0,0,0,male,Bangladesh Premier League,T20,Nazmul Hossain Shanto,0,Khulna Tigers,Rangpur Rangers,2019-12-20,,6
1274d7ab,1208084,0,1,1,0,0,1,0,0,0,1,0,0,0,0,0,0,0,male,Bangladesh Premier League,T20,Nazmul Hossain Shanto,0,Khulna Tigers,Rajshahi Royals,2019-12-23,,6
1274d7ab,1208088,30,1,24,3,1,1,0,0,0,8,0,0,0,0,0,0,0,male,Bangladesh Premier League,T20,Nazmul Hossain Shanto,caught,Khulna Tigers,Rangpur Rangers,2019-12-27,,6
1274d7ab,1208090,41,1,34,5,0,1,0,0,0,13,0,0,0,0,0,0,0,male,Bangladesh Premier League,T20,Nazmul Hossain Shanto,0,Khulna Tigers,Sylhet Thunder,2019-12-28,,6
1274d7ab,1208103,38,1,30,4,1,0,0,0,0,11,0,0,0,0,0,0,0,male,Bangladesh Premier League,T20,Nazmul Hossain Shanto,0,Khulna Tigers,Cumilla Warriors,2020-01-08,,6
1274d7ab,1208106,1,1,3,0,0,0,0,0,0,2,0,0,0,0,0,0,0,male,Bangladesh Premier League,T20,Nazmul Hossain Shanto,0,Khulna Tigers,Cumilla Warriors,2020-01-10,,6
1274d7ab,1208108,115,0,58,8,7,0,0,0,0,9,0,0,0,0,0,0,0,male,Bangladesh Premier League,T20,Nazmul Hossain Shanto,0,Khulna Tigers,Dhaka Platoon,2020-01-11,,6
1274d7ab,1208110,78,0,58,7,4,1,0,0,0,21,0,0,0,0,0,0,0,male,Bangladesh Premier League,T20,Nazmul Hossain Shanto,0,Khulna Tigers,Rajshahi Royals,2020-01-13,,6
1274d7ab,1208112,0,1,2,0,0,2,0,0,0,2,0,0,0,0,0,0,0,male,Bangladesh Premier League,T20,Nazmul Hossain Shanto,0,Khulna Tigers,Rajshahi Royals,2020-01-17,,6
1274d7ab,1213062,82,2,197,9,1,1,0,0,0,155,0,0,0,0,0,0,0,male,Bangladesh in Pakistan Test Series,Test,Nazmul Hossain Shanto,caught,Bangladesh,Pakistan,2020-02-07,2020-02-08,6
1274d7ab,1214666,71,1,141,7,0,0,0,0,0,104,0,0,0,0,0,0,0,male,Zimbabwe tour of Bangladesh,Test,Nazmul Hossain Shanto,caught,Bangladesh,Zimbabwe,2020-02-22,2020-02-23,6
1274d7ab,1214667,29,1,41,1,2,0,0,0,0,25,0,0,0,0,0,0,0,male,Zimbabwe tour of Bangladesh,ODI,Nazmul Hossain Shanto,0,Bangladesh,Zimbabwe,2020-03-01,,6
1274d7ab,1214668,6,1,10,1,0,0,0,0,0,7,0,0,0,0,0,0,0,male,Zimbabwe tour of Bangladesh,ODI,Nazmul Hossain Shanto,0,Bangladesh,Zimbabwe,2020-03-03,,6
1274d7ab,1244022,1,1,10,0,0,0,0,0,0,9,0,0,0,0,0,0,0,male,ICC Men's Cricket World Cup Super League,ODI,Nazmul Hossain Shanto,0,Bangladesh,West Indies,2021-01-20,,6
1274d7ab,1244023,17,1,26,2,0,0,0,0,0,15,0,0,0,0,0,0,0,male,ICC Men's Cricket World Cup Super League,ODI,Nazmul Hossain Shanto,caught,Bangladesh,West Indies,2021-01-22,,6
1274d7ab,1244024,20,1,30,3,0,0,0,0,0,21,0,4,0,0,0,0,2,male,West Indies tour of Bangladesh,ODI,Nazmul Hossain Shanto,lbw,Bangladesh,West Indies,2021-01-25,,6
1274d7ab,1244025,25,1,60,3,0,1,0,0,0,47,0,0,0,0,0,0,0,male,West Indies tour of Bangladesh,Test,Nazmul Hossain Shanto,0,Bangladesh,West Indies,2021-02-03,2021-02-04,6
1274d7ab,1244026,15,2,33,3,0,2,0,0,0,27,0,0,0,0,0,0,0,male,West Indies tour of Bangladesh,Test,Nazmul Hossain Shanto,caught,Bangladesh,West Indies,2021-02-11,2021-02-12,6
1274d7ab,1233981,8,1,6,1,0,0,0,0,0,2,0,0,0,0,0,0,0,male,Bangladesh tour of New Zealand,T20,Nazmul Hossain Shanto,0,Bangladesh,New Zealand,2021-04-01,,6
1274d7ab,1255828,163,2,388,17,1,1,0,0,0,297,0,0,0,0,0,0,0,male,Sri Lanka v Bangladesh,Test,Nazmul Hossain Shanto,bowled,Bangladesh,Sri Lanka,2021-04-21,2021-04-22,6
1274d7ab,1255829,26,2,48,4,0,3,0,0,0,35,0,0,0,0,0,0,0,male,Bangladesh tour of Sri Lanka,Test,Nazmul Hossain Shanto,bowled,Bangladesh,Sri Lanka,2021-04-29,2021-04-30,6
1274d7ab,1267676,119,1,128,5,6,1,0,0,0,66,0,0,0,0,0,0,0,male,Bangladesh tour of Zimbabwe,Test,Nazmul Hossain Shanto,0,Bangladesh,Zimbabwe,2021-07-07,2021-07-08,6
1274d7ab,1277974,7,1,14,0,0,0,0,0,0,8,0,0,0,0,0,0,0,male,Pakistan tour of Bangladesh,T20,Nazmul Hossain Shanto,0,Bangladesh,Pakistan,2021-11-19,,6
1274d7ab,1277975,40,1,36,5,0,0,0,0,0,13,0,3,0,0,0,0,6,male,Pakistan tour of Bangladesh,T20,Nazmul Hossain Shanto,0,Bangladesh,Pakistan,2021-11-20,,6
1274d7ab,1277976,5,1,6,1,0,1,0,0,0,4,0,0,0,0,0,0,0,male,Pakistan tour of Bangladesh,T20,Nazmul Hossain Shanto,bowled,Bangladesh,Pakistan,2021-11-22,,6
1274d7ab,1277977,14,2,39,2,0,0,0,0,0,33,0,0,0,0,0,0,0,male,Pakistan tour of Bangladesh,Test,Nazmul Hossain Shanto,caught,Bangladesh,Pakistan,2021-11-26,2021-11-27,6
1274d7ab,1277978,36,2,61,5,0,0,0,0,0,46,0,0,0,0,0,0,0,male,Pakistan tour of Bangladesh,Test,Nazmul Hossain Shanto,caught,Bangladesh,Pakistan,2021-12-04,2021-12-05,6
1274d7ab,1288979,81,2,152,10,1,0,0,1,0,115,0,11,0,0,0,0,6,male,Bangladesh tour of New Zealand,Test,Nazmul Hossain Shanto,caught,Bangladesh,New Zealand,2022-01-01,2022-01-02,6
1274d7ab,1288980,33,2,48,5,1,0,0,0,0,38,0,15,0,0,0,0,11,male,Bangladesh tour of New Zealand,Test,Nazmul Hossain Shanto,0,Bangladesh,New Zealand,2022-01-09,2022-01-10,6
1274d7ab,1296685,1,1,6,0,0,1,0,0,0,5,0,0,0,0,0,0,0,male,Bangladesh Premier League,T20,Nazmul Hossain Shanto,0,Fortune Barishal,Chattogram Challengers,2022-01-21,,6
1274d7ab,1296689,5,1,10,1,0,0,0,0,0,8,0,0,0,0,0,0,0,male,Bangladesh Premier League,T20,Nazmul Hossain Shanto,0,Fortune Barishal,Minister Group Dhaka,2022-01-24,,6
1274d7ab,1296692,36,1,47,2,0,1,0,0,0,17,0,0,0,0,0,0,0,male,Bangladesh Premier League,T20,Nazmul Hossain Shanto,0,Fortune Barishal,Comilla Victorians,2022-01-25,,6
1274d7ab,1296695,19,1,15,2,0,0,0,0,0,3,0,0,0,0,0,0,0,male,Bangladesh Premier League,T20,Nazmul Hossain Shanto,bowled,Fortune Barishal,Khulna Tigers,2022-01-29,,6
1274d7ab,1296698,45,1,42,3,2,1,0,0,0,17,0,0,0,0,0,0,0,male,Bangladesh Premier League,T20,Nazmul Hossain Shanto,caught,Fortune Barishal,Khulna Tigers,2022-01-31,,6
1274d7ab,1296700,28,1,30,2,1,1,0,0,0,14,0,0,0,0,0,0,0,male,Bangladesh Premier League,T20,Nazmul Hossain Shanto,0,Fortune Barishal,Chattogram Challengers,2022-02-01,,6
1274d7ab,1296705,1,1,4,0,0,1,0,0,0,3,0,6,1,0,0,0,7,male,Bangladesh Premier League,T20,Nazmul Hossain Shanto,caught,Fortune Barishal,Comilla Victorians,2022-02-07,,6
1274d7ab,1296708,0,0,0,0,0,0,0,0,0,0,0,2,2,0,0,0,4,male,Bangladesh Premier League,T20,Nazmul Hossain Shanto,0,Fortune Barishal,Sylhet Sunrisers,2022-02-08,,6
1274d7ab,1296712,28,0,28,2,0,0,0,0,0,9,0,9,0,0,0,0,3,male,Bangladesh Premier League,T20,Nazmul Hossain Shanto,0,Fortune Barishal,Minister Group Dhaka,2022-02-11,,6
1274d7ab,1296716,13,1,12,1,0,0,0,0,0,4,0,14,0,0,0,0,1,male,Bangladesh Premier League,T20,Nazmul Hossain Shanto,caught,Fortune Barishal,Comilla Victorians,2022-02-14,,6
1274d7ab,1296718,12,1,15,0,1,1,0,0,0,8,0,0,0,0,0,0,0,male,Bangladesh Premier League,T20,Nazmul Hossain Shanto,0,Fortune Barishal,Comilla Victorians,2022-02-18,,6
1274d7ab,1277100,64,2,139,3,3,0,0,0,0,106,0,3,0,0,0,0,3,male,Bangladesh tour of South Africa,Test,Nazmul Hossain Shanto,0,Bangladesh,South Africa,2022-03-31,2022-04-01,6
1274d7ab,1277101,40,2,84,7,0,1,0,0,0,67,0,9,0,0,0,0,12,male,Bangladesh tour of South Africa,Test,Nazmul Hossain Shanto,0,Bangladesh,South Africa,2022-04-08,2022-04-09,6
1274d7ab,1308488,1,1,22,0,0,0,0,0,0,21,0,2,0,0,0,0,4,male,Sri Lanka tour of Bangladesh,Test,Nazmul Hossain Shanto,caught,Bangladesh,Sri Lanka,2022-05-15,2022-05-16,6
1274d7ab,1308489,10,2,32,1,0,1,0,0,0,26,0,0,0,0,0,0,0,male,Sri Lanka tour of Bangladesh,Test,Nazmul Hossain Shanto,0,Bangladesh,Sri Lanka,2022-05-23,2022-05-24,6
1274d7ab,1317147,17,2,50,3,0,0,0,0,0,44,0,10,0,0,0,1,10,male,Bangladesh tour of West Indies,Test,Nazmul Hossain Shanto,caught,Bangladesh,West Indies,2022-06-16,2022-06-17,6
1274d7ab,1317148,68,2,164,12,0,0,0,0,0,137,0,0,0,0,0,0,0,male,Bangladesh tour of West Indies,Test,Nazmul Hossain Shanto,caught,Bangladesh,West Indies,2022-06-24,2022-06-25,6
1274d7ab,1317152,37,1,51,5,0,0,0,0,0,30,0,0,0,0,0,0,0,male,Bangladesh tour of West Indies,ODI,Nazmul Hossain Shanto,0,Bangladesh,West Indies,2022-07-10,,6
1274d7ab,1317153,20,1,39,2,0,0,0,0,0,28,0,0,0,0,0,0,0,male,Bangladesh tour of West Indies,ODI,Nazmul Hossain Shanto,0,Bangladesh,West Indies,2022-07-13,,6
1274d7ab,1317154,1,1,13,0,0,0,0,0,0,12,0,0,0,0,0,0,0,male,Bangladesh tour of West Indies,ODI,Nazmul Hossain Shanto,0,Bangladesh,West Indies,2022-07-16,,6
1274d7ab,1323295,37,1,26,3,1,1,0,0,0,7,0,0,0,0,0,0,0,male,Bangladesh tour of Zimbabwe,T20,Nazmul Hossain Shanto,caught,Bangladesh,Zimbabwe,2022-07-30,,6
1274d7ab,1323296,19,0,22,1,0,0,0,0,0,9,0,0,0,0,0,0,0,male,Bangladesh tour of Zimbabwe,T20,Nazmul Hossain Shanto,0,Bangladesh,Zimbabwe,2022-07-31,,6
1274d7ab,1323297,16,1,20,0,0,1,0,0,0,7,0,0,0,0,0,0,0,male,Bangladesh tour of Zimbabwe,T20,Nazmul Hossain Shanto,0,Bangladesh,Zimbabwe,2022-08-02,,6
1274d7ab,1323293,38,1,55,5,0,0,0,0,0,33,0,0,0,0,0,0,0,male,Bangladesh tour of Zimbabwe,ODI,Nazmul Hossain Shanto,caught,Bangladesh,Zimbabwe,2022-08-07,,6
1274d7ab,1323294,0,1,1,0,0,0,0,0,0,1,0,0,0,0,0,0,0,male,Bangladesh tour of Zimbabwe,ODI,Nazmul Hossain Shanto,0,Bangladesh,Zimbabwe,2022-08-10,,6
1274d7ab,1322336,33,1,30,4,0,1,0,0,0,16,0,0,0,0,0,0,0,male,New Zealand T20I Tri-Series,T20,Nazmul Hossain Shanto,caught,Bangladesh,New Zealand,2022-10-09,,6
1274d7ab,1322338,11,1,12,2,0,2,0,0,0,7,0,0,0,0,0,0,0,male,New Zealand T20I Tri-Series,T20,Nazmul Hossain Shanto,bowled,Bangladesh,New Zealand,2022-10-12,,6
1274d7ab,1322339,12,1,16,2,0,1,0,0,0,10,0,0,0,0,0,0,0,male,New Zealand T20I Tri-Series,T20,Nazmul Hossain Shanto,0,Bangladesh,Pakistan,2022-10-13,,6
1274d7ab,1298151,25,1,23,4,0,0,0,1,0,11,0,0,0,0,0,0,0,male,ICC Men's T20 World Cup,T20,Nazmul Hossain Shanto,caught,Bangladesh,Netherlands,2022-10-24,,6
1274d7ab,1298156,9,1,9,1,0,0,0,0,0,5,0,0,0,0,0,0,0,male,ICC Men's T20 World Cup,T20,Nazmul Hossain Shanto,0,Bangladesh,South Africa,2022-10-27,,6
1274d7ab,1298162,71,1,56,7,1,0,0,0,0,16,0,0,0,0,0,0,0,male,ICC Men's T20 World Cup,T20,Nazmul Hossain Shanto,caught,Bangladesh,Zimbabwe,2022-10-30,,6
1274d7ab,1298169,21,1,25,1,1,0,0,0,0,13,0,0,0,0,0,0,0,male,ICC Men's T20 World Cup,T20,Nazmul Hossain Shanto,caught,Bangladesh,India,2022-11-02,,6
1274d7ab,1298175,54,1,48,7,0,2,0,0,0,20,0,0,0,0,0,0,0,male,ICC Men's T20 World Cup,T20,Nazmul Hossain Shanto,0,Bangladesh,Pakistan,2022-11-06,,6
1274d7ab,1340845,0,1,1,0,0,0,0,0,0,1,0,0,0,0,0,0,0,male,India tour of Bangladesh,ODI,Nazmul Hossain Shanto,caught,Bangladesh,India,2022-12-04,,6
1274d7ab,1340846,21,1,36,3,0,1,0,0,0,26,0,0,0,0,0,0,0,male,India tour of Bangladesh,ODI,Nazmul Hossain Shanto,0,Bangladesh,India,2022-12-07,,6
1274d7ab,1340848,67,2,157,7,0,0,0,0,0,121,0,19,0,0,0,0,12,male,India tour of Bangladesh,Test,Nazmul Hossain Shanto,caught,Bangladesh,India,2022-12-14,2022-12-15,6
1274d7ab,1340849,29,2,88,4,0,1,0,0,0,74,0,0,0,0,0,0,0,male,India tour of Bangladesh,Test,Nazmul Hossain Shanto,0,Bangladesh,India,2022-12-22,2022-12-23,6
1274d7ab,1351052,43,0,47,3,1,0,0,0,0,23,0,0,0,0,0,0,0,male,Bangladesh Premier League,T20,Nazmul Hossain Shanto,0,Sylhet Strikers,Chattogram Challengers,2023-01-06,,6
1274d7ab,1351055,48,1,41,5,1,1,0,0,0,18,0,0,0,0,0,0,0,male,Bangladesh Premier League,T20,Nazmul Hossain Shanto,0,Sylhet Strikers,Fortune Barishal,2023-01-07,,6
1274d7ab,1351056,19,1,22,2,1,1,0,0,0,15,0,0,0,0,0,0,0,male,Bangladesh Premier League,T20,Nazmul Hossain Shanto,0,Sylhet Strikers,Comilla Victorians,2023-01-09,,6
1274d7ab,1351059,57,1,42,7,2,0,0,0,0,19,0,7,1,0,0,0,5,male,Bangladesh Premier League,T20,Nazmul Hossain Shanto,0,Sylhet Strikers,Dhaka Dominators,2023-01-10,,6
1274d7ab,1351064,12,1,22,2,0,1,0,0,0,16,0,0,0,0,0,0,0,male,Bangladesh Premier League,T20,Nazmul Hossain Shanto,0,Sylhet Strikers,Dhaka Dominators,2023-01-16,,6
1274d7ab,1351067,13,1,19,1,0,0,0,0,0,9,0,7,0,0,0,0,0,male,Bangladesh Premier League,T20,Nazmul Hossain Shanto,0,Sylhet Strikers,Comilla Victorians,2023-01-17,,6
1274d7ab,1351074,89,0,67,11,1,1,0,0,0,20,0,0,0,0,0,0,0,male,Bangladesh Premier League,T20,Nazmul Hossain Shanto,0,Sylhet Strikers,Fortune Barishal,2023-01-24,,6
1274d7ab,1351076,9,1,9,0,1,0,0,0,0,6,0,0,0,0,0,0,0,male,Bangladesh Premier League,T20,Nazmul Hossain Shanto,caught,Sylhet Strikers,Rangpur Riders,2023-01-27,,6
1274d7ab,1351079,60,1,45,6,3,0,0,0,0,19,0,0,0,0,0,0,0,male,Bangladesh Premier League,T20,Nazmul Hossain Shanto,stumped,Sylhet Strikers,Chattogram Challengers,2023-01-28,,6
1274d7ab,1351081,6,1,12,0,0,0,0,0,0,6,0,0,0,0,0,0,0,male,Bangladesh Premier League,T20,Nazmul Hossain Shanto,0,Sylhet Strikers,Khulna Tigers,2023-01-30,,6
1274d7ab,1351087,15,1,22,2,0,0,0,0,0,14,0,0,0,0,0,0,0,male,Bangladesh Premier League,T20,Nazmul Hossain Shanto,0,Sylhet Strikers,Rangpur Riders,2023-02-04,,6
1274d7ab,1351090,3,1,5,0,0,0,0,0,0,3,0,0,0,0,0,0,0,male,Bangladesh Premier League,T20,Nazmul Hossain Shanto,0,Sylhet Strikers,Khulna Tigers,2023-02-08,,6
1274d7ab,1351095,38,1,30,4,1,0,0,0,0,12,0,0,0,0,0,0,0,male,Bangladesh Premier League,T20,Nazmul Hossain Shanto,bowled,Sylhet Strikers,Comilla Victorians,2023-02-12,,6
1274d7ab,1351096,40,1,30,5,1,0,0,0,0,12,0,0,0,0,0,0,0,male,Bangladesh Premier League,T20,Nazmul Hossain Shanto,0,Sylhet Strikers,Rangpur Riders,2023-02-14,,6
1274d7ab,1351097,64,1,46,10,1,1,0,0,0,20,0,0,0,0,0,0,0,male,Bangladesh Premier League,T20,Nazmul Hossain Shanto,bowled,Sylhet Strikers,Comilla Victorians,2023-02-16,,6
1274d7ab,1351397,58,1,86,6,0,1,0,0,0,49,0,9,0,0,0,0,4,male,England tour of Bangladesh,ODI,Nazmul Hossain Shanto,caught,Bangladesh,England,2023-03-01,,6
1274d7ab,1351398,0,1,1,0,0,1,0,0,0,1,0,0,0,0,0,0,0,male,England tour of Bangladesh,ODI,Nazmul Hossain Shanto,0,Bangladesh,England,2023-03-03,,6
1274d7ab,1351399,53,1,72,5,0,0,0,0,0,38,0,0,0,0,0,0,0,male,England tour of Bangladesh,ODI,Nazmul Hossain Shanto,0,Bangladesh,England,2023-03-06,,6
1274d7ab,1351400,51,1,30,8,0,3,0,0,0,8,0,0,0,0,0,0,0,male,England tour of Bangladesh,T20,Nazmul Hossain Shanto,0,Bangladesh,England,2023-03-09,,6
1274d7ab,1351401,46,0,48,3,0,1,0,0,0,15,0,9,0,0,0,0,0,male,England tour of Bangladesh,T20,Nazmul Hossain Shanto,0,Bangladesh,England,2023-03-12,,6
1274d7ab,1351402,47,0,37,1,2,0,0,0,0,8,0,0,0,0,0,0,0,male,England tour of Bangladesh,T20,Nazmul Hossain Shanto,0,Bangladesh,England,2023-03-14,,6
1274d7ab,1355717,25,1,35,1,0,0,0,0,0,19,0,0,0,0,0,0,0,male,Ireland tour of Bangladesh,ODI,Nazmul Hossain Shanto,0,Bangladesh,Ireland,2023-03-18,,6
1274d7ab,1355718,73,1,79,3,2,0,0,0,0,32,0,0,0,0,0,0,0,male,Ireland tour of Bangladesh,ODI,Nazmul Hossain Shanto,caught,Bangladesh,Ireland,2023-03-20,,6
1274d7ab,1355719,0,0,0,0,0,1,0,0,0,0,0,0,0,0,0,0,0,male,Ireland tour of Bangladesh,ODI,Nazmul Hossain Shanto,0,Bangladesh,Ireland,2023-03-23,,6
1274d7ab,1355720,14,1,15,0,1,0,0,0,0,8,0,0,0,0,0,0,0,male,Ireland tour of Bangladesh,T20,Nazmul Hossain Shanto,0,Bangladesh,Ireland,2023-03-27,,6
1274d7ab,1355721,2,0,2,0,0,0,0,0,0,1,0,0,0,0,0,0,0,male,Ireland tour of Bangladesh,T20,Nazmul Hossain Shanto,0,Bangladesh,Ireland,2023-03-29,,6
1274d7ab,1355722,4,1,8,0,0,1,0,0,0,5,0,0,0,0,0,0,0,male,Ireland tour of Bangladesh,T20,Nazmul Hossain Shanto,0,Bangladesh,Ireland,2023-03-31,,6
1274d7ab,1355723,4,2,10,1,0,1,0,0,0,9,0,0,0,0,0,0,0,male,Ireland tour of Bangladesh,Test,Nazmul Hossain Shanto,bowled,Bangladesh,Ireland,2023-04-04,2023-04-05,6
1274d7ab,1364124,44,1,67,7,0,0,0,0,0,47,0,0,0,0,0,0,0,male,Ireland v Bangladesh,ODI,Nazmul Hossain Shanto,caught,Bangladesh,Ireland,2023-05-09,,6
1274d7ab,1364125,117,1,96,12,3,0,0,0,0,35,0,0,0,0,0,0,0,male,ICC Men's Cricket World Cup Super League,ODI,Nazmul Hossain Shanto,caught,Bangladesh,Ireland,2023-05-12,,6
1274d7ab,1365552,35,1,34,7,0,0,0,0,0,22,0,11,1,0,0,0,9,male,ICC Men's Cricket World Cup Super League,ODI,Nazmul Hossain Shanto,0,Bangladesh,Ireland,2023-05-14,,6
1274d7ab,1377011,270,2,329,38,2,0,0,0,0,196,0,0,0,0,0,0,0,male,Afghanistan tour of Bangladesh,Test,Nazmul Hossain Shanto,caught,Bangladesh,Afghanistan,2023-06-14,2023-06-15,6
1274d7ab,1377012,12,1,18,2,0,1,0,0,0,12,0,0,0,0,0,0,0,male,Afghanistan tour of Bangladesh,ODI,Nazmul Hossain Shanto,0,Bangladesh,Afghanistan,2023-07-05,,6
1274d7ab,1377013,1,1,5,0,0,1,0,0,0,4,0,17,0,0,0,0,3,male,Afghanistan tour of Bangladesh,ODI,Nazmul Hossain Shanto,0,Bangladesh,Afghanistan,2023-07-08,,6
1274d7ab,1377014,11,1,17,2,0,0,0,0,0,13,0,0,0,0,0,0,0,male,Afghanistan tour of Bangladesh,ODI,Nazmul Hossain Shanto,0,Bangladesh,Afghanistan,2023-07-11,,6
1274d7ab,1377015,14,1,12,0,1,2,0,0,0,4,0,0,0,0,0,0,0,male,Afghanistan tour of Bangladesh,T20,Nazmul Hossain Shanto,0,Bangladesh,Afghanistan,2023-07-14,,6
1274d7ab,1377016,4,1,6,0,0,1,0,0,0,3,0,0,0,0,0,0,0,male,Afghanistan tour of Bangladesh,T20,Nazmul Hossain Shanto,0,Bangladesh,Afghanistan,2023-07-16,,6
1274d7ab,1388393,89,1,125,7,0,0,0,0,0,64,0,0,0,0,0,0,0,male,Asia Cup,ODI,Nazmul Hossain Shanto,0,Bangladesh,Sri Lanka,2023-08-31,,6
1274d7ab,1388397,104,1,106,9,2,0,0,0,0,45,0,0,0,0,0,0,0,male,Asia Cup,ODI,Nazmul Hossain Shanto,run out,Bangladesh,Afghanistan,2023-09-03,,6
1274d7ab,1395702,76,1,85,10,0,0,0,0,0,42,0,0,0,0,0,0,0,male,New Zealand tour of Bangladesh,ODI,Nazmul Hossain Shanto,lbw,Bangladesh,New Zealand,2023-09-26,,6
1274d7ab,1384394,59,0,85,3,1,0,0,0,0,44,0,0,0,0,0,0,0,male,ICC Cricket World Cup,ODI,Nazmul Hossain Shanto,0,Bangladesh,Afghanistan,2023-10-07,,6
1274d7ab,1384398,0,1,1,0,0,2,0,0,0,1,0,0,0,0,0,0,0,male,ICC Cricket World Cup,ODI,Nazmul Hossain Shanto,0,Bangladesh,England,2023-10-10,,6
1274d7ab,1384402,7,1,8,1,0,0,0,0,0,5,0,0,0,0,0,0,0,male,ICC Cricket World Cup,ODI,Nazmul Hossain Shanto,caught,Bangladesh,New Zealand,2023-10-13,,6
1274d7ab,1384408,8,1,17,0,0,0,0,0,0,9,0,0,0,0,0,0,0,male,ICC Cricket World Cup,ODI,Nazmul Hossain Shanto,0,Bangladesh,India,2023-10-19,,6
1274d7ab,1384414,0,1,1,0,0,0,0,0,0,1,0,0,0,0,0,0,0,male,ICC Cricket World Cup,ODI,Nazmul Hossain Shanto,caught,Bangladesh,South Africa,2023-10-24,,6
1274d7ab,1384419,9,1,18,2,0,0,0,0,0,15,0,0,0,0,0,0,0,male,ICC Cricket World Cup,ODI,Nazmul Hossain Shanto,caught,Bangladesh,Netherlands,2023-10-28,,6
1274d7ab,1384422,4,1,3,1,0,0,0,0,0,2,0,5,0,0,0,0,4,male,ICC Cricket World Cup,ODI,Nazmul Hossain Shanto,caught,Bangladesh,Pakistan,2023-10-31,,6
1274d7ab,1384429,90,1,103,12,0,0,0,0,0,53,0,0,0,0,0,0,0,male,ICC Cricket World Cup,ODI,Nazmul Hossain Shanto,0,Bangladesh,Sri Lanka,2023-11-06,,6
1274d7ab,1384434,45,1,58,6,0,1,0,0,0,31,0,0,0,0,0,0,0,male,ICC Cricket World Cup,ODI,Nazmul Hossain Shanto,run out,Bangladesh,Australia,2023-11-11,,6
1274d7ab,1395703,142,2,233,12,3,1,0,0,0,152,0,0,0,0,0,0,0,male,New Zealand tour of Bangladesh,Test,Nazmul Hossain Shanto,0,Bangladesh,New Zealand,2023-11-28,2023-11-29,6
1274d7ab,1395704,24,2,38,3,0,3,0,0,0,27,0,0,0,0,0,0,0,male,New Zealand tour of Bangladesh,Test,Nazmul Hossain Shanto,lbw,Bangladesh,New Zealand,2023-12-06,2023-12-07,6
1274d7ab,1408102,15,1,13,2,0,0,0,1,0,6,0,0,0,0,0,0,0,male,Bangladesh tour of New Zealand,ODI,Nazmul Hossain Shanto,bowled,Bangladesh,New Zealand,2023-12-17,,6
1274d7ab,1388211,6,1,9,1,0,0,0,0,0,6,0,30,0,0,0,0,12,male,Bangladesh tour of New Zealand,ODI,Nazmul Hossain Shanto,0,Bangladesh,New Zealand,2023-12-20,,6
1274d7ab,1388212,51,0,43,8,0,1,0,0,0,22,0,0,0,0,0,0,0,male,Bangladesh tour of New Zealand,ODI,Nazmul Hossain Shanto,0,Bangladesh,New Zealand,2023-12-23,,6
1274d7ab,1388213,19,1,14,4,0,0,0,0,0,7,0,0,0,0,0,0,0,male,Bangladesh tour of New Zealand,T20,Nazmul Hossain Shanto,0,Bangladesh,New Zealand,2023-12-27,,6
1274d7ab,1388214,0,0,0,0,0,1,0,0,0,0,0,0,0,0,0,0,0,male,Bangladesh tour of New Zealand,T20,Nazmul Hossain Shanto,0,Bangladesh,New Zealand,2023-12-29,,6
1274d7ab,1388215,17,1,18,4,0,1,0,0,0,13,0,14,0,0,0,0,0,male,Bangladesh tour of New Zealand,T20,Nazmul Hossain Shanto,0,Bangladesh,New Zealand,2023-12-31,,6
1274d7ab,1412275,36,1,32,7,0,0,0,0,0,18,0,0,0,0,0,0,0,male,Bangladesh Premier League,T20,Nazmul Hossain Shanto,0,Sylhet Strikers,Chattogram Challengers,2024-01-19,,6
1274d7ab,1412283,5,1,5,1,0,1,0,0,0,3,0,0,0,0,0,0,0,male,Bangladesh Premier League,T20,Nazmul Hossain Shanto,lbw,Sylhet Strikers,Comilla Victorians,2024-01-26,,6
1274d7ab,1412286,5,1,8,1,0,0,0,0,0,6,0,0,0,0,0,0,0,male,Bangladesh Premier League,T20,Nazmul Hossain Shanto,lbw,Sylhet Strikers,Chattogram Challengers,2024-01-29,,6
1274d7ab,1412289,9,1,7,2,0,0,0,0,0,4,0,0,0,0,0,0,0,male,Bangladesh Premier League,T20,Nazmul Hossain Shanto,0,Sylhet Strikers,Fortune Barishal,2024-01-30,,6
1274d7ab,1412290,3,1,12,0,0,0,0,0,0,9,0,0,0,0,0,0,0,male,Bangladesh Premier League,T20,Nazmul Hossain Shanto,bowled,Sylhet Strikers,Durdanto Dhaka,2024-02-02,,6
1274d7ab,1412293,1,1,3,0,0,0,0,0,0,2,0,0,0,0,0,0,0,male,Bangladesh Premier League,T20,Nazmul Hossain Shanto,caught,Sylhet Strikers,Rangpur Riders,2024-02-03,,6
1274d7ab,1412297,33,1,27,6,0,0,0,0,0,14,0,0,0,0,0,0,0,male,Bangladesh Premier League,T20,Nazmul Hossain Shanto,caught and bowled,Sylhet Strikers,Durdanto Dhaka,2024-02-07,,6
1274d7ab,1412298,18,1,17,3,0,0,0,0,0,8,0,0,0,0,0,0,0,male,Bangladesh Premier League,T20,Nazmul Hossain Shanto,caught,Sylhet Strikers,Khulna Tigers,2024-02-09,,6
1274d7ab,1412308,0,1,3,0,0,1,0,0,0,3,0,0,0,0,0,0,0,male,Bangladesh Premier League,T20,Nazmul Hossain Shanto,caught,Sylhet Strikers,Fortune Barishal,2024-02-17,,6
1274d7ab,1412310,12,1,18,2,0,0,0,0,0,12,0,0,0,0,0,0,0,male,Bangladesh Premier League,T20,Nazmul Hossain Shanto,0,Sylhet Strikers,Comilla Victorians,2024-02-19,,6
1274d7ab,1412315,39,1,38,2,0,1,0,0,0,13,0,19,0,0,0,0,4,male,Bangladesh Premier League,T20,Nazmul Hossain Shanto,bowled,Sylhet Strikers,Khulna Tigers,2024-02-23,,6
1274d7ab,1419824,20,1,23,3,0,0,0,0,0,12,0,0,0,0,0,0,0,male,Sri Lanka tour of Bangladesh,T20,Nazmul Hossain Shanto,caught,Bangladesh,Sri Lanka,2024-03-04,,6
1274d7ab,1419825,53,0,41,4,2,0,0,0,0,11,0,0,0,0,0,0,0,male,Sri Lanka tour of Bangladesh,T20,Nazmul Hossain Shanto,0,Bangladesh,Sri Lanka,2024-03-06,,6
1274d7ab,1419826,1,1,7,0,0,0,0,0,0,6,0,0,0,0,0,0,0,male,Sri Lanka tour of Bangladesh,T20,Nazmul Hossain Shanto,bowled,Bangladesh,Sri Lanka,2024-03-09,,6
1274d7ab,1419827,122,0,131,13,2,1,0,0,0,65,0,0,0,0,0,0,0,male,Sri Lanka tour of Bangladesh,ODI,Nazmul Hossain Shanto,0,Bangladesh,Sri Lanka,2024-03-13,,6
1274d7ab,1419828,40,1,40,6,0,0,0,0,0,21,0,0,0,0,0,0,0,male,Sri Lanka tour of Bangladesh,ODI,Nazmul Hossain Shanto,caught,Bangladesh,Sri Lanka,2024-03-15,,6
1274d7ab,1419829,1,1,5,0,0,0,0,0,0,4,0,0,0,0,0,0,0,male,Sri Lanka tour of Bangladesh,ODI,Nazmul Hossain Shanto,0,Bangladesh,Sri Lanka,2024-03-18,,6
1274d7ab,1419830,11,2,15,1,0,0,1,0,0,11,0,5,0,0,0,0,4,male,Sri Lanka tour of Bangladesh,Test,Nazmul Hossain Shanto,0,Bangladesh,Sri Lanka,2024-03-22,2024-03-23,6
1274d7ab,1419831,21,2,66,2,0,0,1,0,0,52,0,0,0,0,0,0,0,male,Sri Lanka tour of Bangladesh,Test,Nazmul Hossain Shanto,caught,Bangladesh,Sri Lanka,2024-03-30,2024-03-31,6
1274d7ab,1425126,21,1,24,1,0,0,1,0,0,9,0,0,0,0,0,0,0,male,Zimbabwe tour of Bangladesh,T20,Nazmul Hossain Shanto,0,Bangladesh,Zimbabwe,2024-05-03,,6
1274d7ab,1425127,16,1,15,0,1,1,0,0,0,7,0,0,0,0,0,0,0,male,Zimbabwe tour of Bangladesh,T20,Nazmul Hossain Shanto,0,Bangladesh,Zimbabwe,2024-05-05,,6
1274d7ab,1425128,6,1,4,1,0,0,0,0,0,1,0,0,0,0,0,0,0,male,Zimbabwe tour of Bangladesh,T20,Nazmul Hossain Shanto,0,Bangladesh,Zimbabwe,2024-05-07,,6
1274d7ab,1425129,2,1,7,0,0,1,0,0,0,5,0,0,0,0,0,0,0,male,Zimbabwe tour of Bangladesh,T20,Nazmul Hossain Shanto,0,Bangladesh,Zimbabwe,2024-05-10,,6
1274d7ab,1425130,36,1,29,5,1,0,0,0,0,13,0,0,0,0,0,0,0,male,Zimbabwe tour of Bangladesh,T20,Nazmul Hossain Shanto,0,Bangladesh,Zimbabwe,2024-05-12,,6
1274d7ab,1425131,3,1,11,0,0,1,0,0,0,8,0,0,0,0,0,0,0,male,Bangladesh tour of United States of America,T20,Nazmul Hossain Shanto,stumped,Bangladesh,United States of America,2024-05-21,,6
1274d7ab,1425132,36,0,35,2,1,0,0,0,0,14,0,0,0,0,0,0,0,male,Bangladesh tour of United States of America,T20,Nazmul Hossain Shanto,0,Bangladesh,United States of America,2024-05-23,,6
1274d7ab,1425133,0,0,0,0,0,0,0,0,0,0,0,0,0,0,0,0,0,male,Bangladesh tour of United States of America,T20,Nazmul Hossain Shanto,0,Bangladesh,United States of America,2024-05-25,,6
1274d7ab,1415715,7,1,15,0,0,1,0,0,0,8,0,0,0,0,0,0,0,male,ICC Men's T20 World Cup,T20,Nazmul Hossain Shanto,0,Bangladesh,Sri Lanka,2024-06-07,,6
1274d7ab,1415721,14,1,24,0,1,0,0,0,0,18,0,0,0,0,0,0,0,male,ICC Men's T20 World Cup,T20,Nazmul Hossain Shanto,caught,Bangladesh,South Africa,2024-06-10,,6
1274d7ab,1415727,1,1,4,0,0,0,0,0,0,3,0,0,0,0,0,0,0,male,ICC Men's T20 World Cup,T20,Nazmul Hossain Shanto,caught,Bangladesh,Netherlands,2024-06-13,,6
1274d7ab,1415737,4,1,5,0,0,2,0,0,0,2,0,0,0,0,0,0,0,male,ICC Men's T20 World Cup,T20,Nazmul Hossain Shanto,0,Bangladesh,Nepal,2024-06-16,,6
1274d7ab,1415744,41,1,40,5,1,0,0,0,0,20,0,0,0,0,0,0,0,male,ICC Men's T20 World Cup,T20,Nazmul Hossain Shanto,lbw,Bangladesh,Australia,2024-06-20,,6
1274d7ab,1415747,40,1,33,1,3,0,0,0,0,12,0,0,0,0,0,0,0,male,ICC Men's T20 World Cup,T20,Nazmul Hossain Shanto,caught,Bangladesh,India,2024-06-22,,6
1274d7ab,1415752,5,1,5,1,0,1,0,0,0,3,0,0,0,0,0,0,0,male,ICC Men's T20 World Cup,T20,Nazmul Hossain Shanto,0,Bangladesh,Afghanistan,2024-06-24,,6
1274d7ab,1442213,16,1,42,2,0,0,0,0,0,34,0,0,0,0,0,0,0,male,Bangladesh tour of Pakistan,Test,Nazmul Hossain Shanto,0,Bangladesh,Pakistan,2024-08-21,2024-08-22,6
1274d7ab,1442214,42,2,88,6,0,4,0,0,0,70,0,0,0,0,0,0,0,male,Bangladesh tour of Pakistan,Test,Nazmul Hossain Shanto,0,Bangladesh,Pakistan,2024-08-30,2024-08-31,6
1274d7ab,1439891,102,2,157,11,3,3,0,0,0,113,0,0,0,0,0,0,0,male,Bangladesh tour of India,Test,Nazmul Hossain Shanto,caught,Bangladesh,India,2024-09-19,2024-09-20,6
1274d7ab,1439892,50,2,94,8,0,1,0,0,0,71,0,0,0,0,0,0,0,male,Bangladesh tour of India,Test,Nazmul Hossain Shanto,0,Bangladesh,India,2024-09-27,2024-09-28,6
1274d7ab,1439893,27,1,25,1,1,0,0,0,0,7,0,0,0,0,0,0,0,male,Bangladesh tour of India,T20,Nazmul Hossain Shanto,caught and bowled,Bangladesh,India,2024-10-06,,6
1274d7ab,1439894,11,1,7,2,0,2,0,0,0,2,0,0,0,0,0,0,0,male,Bangladesh tour of India,T20,Nazmul Hossain Shanto,0,Bangladesh,India,2024-10-09,,6
1274d7ab,1439895,14,1,13,1,1,0,0,0,0,7,0,0,0,0,0,0,0,male,Bangladesh tour of India,T20,Nazmul Hossain Shanto,caught,Bangladesh,India,2024-10-12,,6
1274d7ab,1453293,30,2,56,3,1,0,0,0,0,43,0,0,0,0,0,0,0,male,South Africa tour of Bangladesh,Test,Nazmul Hossain Shanto,lbw,Bangladesh,South Africa,2024-10-21,2024-10-22,6
1274d7ab,1453294,45,2,72,6,1,0,0,0,0,52,0,0,0,0,0,0,0,male,South Africa tour of Bangladesh,Test,Nazmul Hossain Shanto,caught,Bangladesh,South Africa,2024-10-29,2024-10-30,6
1274d7ab,1453070,47,1,69,4,2,0,0,0,0,46,0,0,0,0,0,0,0,male,Afghanistan v Bangladesh,ODI,Nazmul Hossain Shanto,0,Bangladesh,Afghanistan,2024-11-06,,6
1274d7ab,1453071,76,1,124,6,1,0,0,0,0,78,0,0,0,0,0,0,0,male,Afghanistan v Bangladesh,ODI,Nazmul Hossain Shanto,caught,Bangladesh,Afghanistan,2024-11-09,,6
