player_id,match_id,runs_scored,player_out,balls_faced,fours_scored,sixes_scored,catches_taken,run_out_direct,run_out_throw,stumpings_done,dot_balls_as_batsman,order_seenballs_bowled,runs_conceded,wickets_taken,bowled_done,lbw_done,maidens,dot_balls_as_bowler,gender,series_name,match_type,name,out_kind,player_team,opposition_team,start_date,end_date,balls_per_over
005f0561,584923,1,1,7,0,0,1,0,0,0,6,0,5,1,0,0,2,20,female,Asian Cricket Council Women's Twenty20 Asia Cup,T20,Panna Ghosh,0,Bangladesh,Sri Lanka,2012-10-28,,6
005f0561,584928,2,0,2,0,0,0,0,0,0,0,0,7,1,0,0,0,14,female,Asian Cricket Council Women's Twenty20 Asia Cup,T20,Panna Ghosh,0,Bangladesh,Pakistan,2012-10-30,,6
005f0561,664293,0,0,0,0,0,0,0,0,0,0,0,10,0,0,0,0,3,female,Bangladesh Women in South Africa T20I Series,T20,Panna Ghosh,0,Bangladesh,South Africa,2013-09-14,,6
005f0561,664295,0,0,0,0,0,0,0,0,0,0,0,15,0,0,0,1,14,female,Bangladesh Women in South Africa T20I Series,T20,Panna Ghosh,0,Bangladesh,South Africa,2013-09-15,,6
005f0561,664299,0,0,0,0,0,0,0,0,0,0,0,16,0,0,0,0,5,female,Bangladesh Women in South Africa ODI Series,ODI,Panna Ghosh,0,Bangladesh,South Africa,2013-09-20,,6
005f0561,664303,4,1,6,1,0,0,0,0,0,5,0,13,0,0,0,0,7,female,Bangladesh Women in South Africa ODI Series,ODI,Panna Ghosh,0,Bangladesh,South Africa,2013-09-24,,6
005f0561,682979,1,1,3,0,0,1,0,0,0,2,0,18,0,0,0,0,4,female,Women's World T20,T20,Panna Ghosh,0,Bangladesh,West Indies,2014-03-26,,6
005f0561,682995,2,1,8,0,0,0,0,0,0,7,0,17,0,0,0,0,4,female,Women's World T20,T20,Panna Ghosh,bowled,Bangladesh,India,2014-03-30,,6
005f0561,683003,0,0,1,0,0,0,0,0,0,1,0,19,3,1,0,0,12,female,Women's World T20,T20,Panna Ghosh,0,Bangladesh,Sri Lanka,2014-04-01,,6
005f0561,718467,4,0,4,0,0,0,1,0,0,1,0,26,3,0,0,0,8,female,Women's World T20,T20,Panna Ghosh,0,Bangladesh,Ireland,2014-04-03,,6
005f0561,778011,0,0,0,0,0,0,0,0,0,0,0,10,5,0,1,1,18,female,Asian Games Women's Cricket Competition,IT20,Panna Ghosh,0,Bangladesh,Sri Lanka,2014-09-25,,6
005f0561,778015,1,1,2,0,0,0,0,1,0,1,0,18,0,0,0,0,6,female,Asian Games Women's Cricket Competition,IT20,Panna Ghosh,caught and bowled,Bangladesh,Pakistan,2014-09-26,,6
005f0561,923321,0,0,0,0,0,0,0,0,0,0,0,14,0,0,0,0,9,female,Bangladesh Women in Pakistan T20I Series,T20,Panna Ghosh,0,Bangladesh,Pakistan,2015-09-30,,6
005f0561,940409,0,0,0,0,0,0,0,0,0,0,0,12,1,1,0,0,11,female,Zimbabwe Women tour of Bangladesh,IT20,Panna Ghosh,0,Bangladesh,Zimbabwe,2015-11-17,,6
005f0561,940413,0,0,0,0,0,0,0,0,0,0,0,10,1,1,0,0,20,female,Zimbabwe Women tour of Bangladesh,IT20,Panna Ghosh,0,Bangladesh,Zimbabwe,2015-11-19,,6
005f0561,881723,0,0,0,0,0,0,0,0,0,0,0,7,0,0,0,0,12,female,ICC Women's World Twenty20 Qualifier,IT20,Panna Ghosh,0,Bangladesh,Thailand,2015-11-28,,6
005f0561,951403,1,0,3,0,0,0,0,0,0,2,0,17,0,0,0,0,7,female,Women's World T20,T20,Panna Ghosh,0,Bangladesh,Pakistan,2016-03-24,,6
005f0561,962023,0,0,0,0,0,0,0,0,0,0,0,7,1,0,0,0,6,female,Bangladesh Women in Ireland T20I Series,T20,Panna Ghosh,0,Bangladesh,Ireland,2016-09-05,,6
005f0561,1041523,3,1,5,0,0,0,0,0,0,3,0,36,0,0,0,0,12,female,South Africa Women in Bangladesh ODI Series,ODI,Panna Ghosh,0,Bangladesh,South Africa,2017-01-18,,6
005f0561,1041525,8,0,36,1,0,0,0,0,0,32,0,0,0,0,0,0,0,female,South Africa Women in Bangladesh ODI Series,ODI,Panna Ghosh,0,Bangladesh,South Africa,2017-01-20,,6
005f0561,1073404,0,0,0,0,0,0,0,0,0,0,0,25,2,1,0,1,29,female,ICC Women's World Cup Qualifier,ODM,Panna Ghosh,0,Bangladesh,Papua New Guinea,2017-02-07,,6
005f0561,1073408,9,0,21,0,0,0,0,1,0,15,0,35,0,0,0,0,27,female,ICC Women's World Cup Qualifier,ODI,Panna Ghosh,0,Bangladesh,Pakistan,2017-02-08,,6
005f0561,1073410,0,0,0,0,0,0,0,0,0,0,0,39,1,0,0,1,36,female,ICC Women's World Cup Qualifier,ODM,Panna Ghosh,0,Bangladesh,Scotland,2017-02-10,,6
005f0561,1073423,0,0,0,0,0,0,0,0,0,0,0,17,2,0,1,3,39,female,ICC Women's World Cup Qualifier,ODI,Panna Ghosh,0,Bangladesh,Ireland,2017-02-15,,6
005f0561,1073425,0,0,0,0,0,0,0,0,0,0,0,17,0,0,0,3,37,female,ICC Women's World Cup Qualifier,ODI,Panna Ghosh,0,Bangladesh,India,2017-02-17,,6
005f0561,1073428,0,0,0,0,0,0,0,0,0,0,0,39,1,1,0,0,38,female,ICC Women's World Cup Qualifier,ODI,Panna Ghosh,0,Bangladesh,Sri Lanka,2017-02-19,,6
005f0561,1144435,23,1,29,4,0,1,0,0,0,18,0,41,0,0,0,1,22,female,Bangladesh Women tour of South Africa,ODI,Panna Ghosh,caught,Bangladesh,South Africa,2018-05-04,,6
005f0561,1144436,20,0,55,2,0,0,0,0,0,41,0,11,0,0,0,0,7,female,Bangladesh Women tour of South Africa,ODI,Panna Ghosh,0,Bangladesh,South Africa,2018-05-06,,6
005f0561,1144437,12,1,41,1,0,0,0,0,0,32,0,11,0,0,0,0,7,female,Bangladesh Women tour of South Africa,ODI,Panna Ghosh,0,Bangladesh,South Africa,2018-05-09,,6
005f0561,1144438,6,1,14,0,0,1,0,0,0,9,0,29,1,0,0,1,33,female,Bangladesh Women tour of South Africa,ODI,Panna Ghosh,caught,Bangladesh,South Africa,2018-05-11,,6
005f0561,1144441,14,0,12,1,0,0,0,0,0,4,0,32,2,0,0,0,12,female,Bangladesh Women tour of South Africa,T20,Panna Ghosh,0,Bangladesh,South Africa,2018-05-19,,6
005f0561,1144442,2,0,4,0,0,0,0,0,0,2,0,13,0,0,0,0,2,female,Bangladesh Women tour of South Africa,T20,Panna Ghosh,0,Bangladesh,South Africa,2018-05-20,,6
005f0561,1145896,0,0,0,0,0,0,0,0,0,0,0,29,1,0,0,0,8,female,Bangladesh Women tour of Ireland,T20,Panna Ghosh,0,Bangladesh,Ireland,2018-07-01,,6
005f0561,1147720,0,0,0,0,0,0,0,0,0,0,0,15,2,1,0,0,18,female,ICC Women's T20 Qualifier,T20,Panna Ghosh,0,Bangladesh,Papua New Guinea,2018-07-07,,6
005f0561,1147723,0,0,0,0,0,0,0,0,0,0,0,14,2,1,0,0,16,female,ICC Women's T20 Qualifier,T20,Panna Ghosh,0,Bangladesh,Netherlands,2018-07-08,,6
005f0561,1147727,0,0,0,0,0,0,0,0,0,0,0,5,0,0,0,0,7,female,ICC Women's T20 Qualifier,T20,Panna Ghosh,0,Bangladesh,United Arab Emirates,2018-07-10,,6
005f0561,1147731,0,0,0,0,0,0,0,0,0,0,0,9,0,0,0,0,6,female,ICC Women's T20 Qualifier,T20,Panna Ghosh,0,Bangladesh,Scotland,2018-07-12,,6
005f0561,1147736,0,1,1,0,0,0,0,0,0,1,0,17,5,3,0,1,17,female,ICC Women's T20 Qualifier,T20,Panna Ghosh,bowled,Bangladesh,Ireland,2018-07-14,,6
005f0561,1204726,0,0,0,0,0,1,0,0,0,0,0,24,1,0,0,0,14,female,Bangladesh Women tour of Pakistan,T20,Panna Ghosh,0,Bangladesh,Pakistan,2019-10-26,,6
005f0561,1173053,0,0,0,0,0,0,0,0,0,0,0,25,2,0,0,0,12,female,ICC Women's T20 World Cup,T20,Panna Ghosh,0,Bangladesh,India,2020-02-24,,6
005f0561,1173060,5,0,8,0,0,0,0,0,0,3,0,16,0,0,0,0,10,female,ICC Women's T20 World Cup,T20,Panna Ghosh,0,Bangladesh,New Zealand,2020-02-29,,6
005f0561,1173064,0,0,0,0,0,0,0,0,0,0,0,18,0,0,0,0,5,female,ICC Women's T20 World Cup,T20,Panna Ghosh,0,Bangladesh,Sri Lanka,2020-03-02,,6
