player_id,match_id,runs_scored,player_out,balls_faced,fours_scored,sixes_scored,catches_taken,run_out_direct,run_out_throw,stumpings_done,dot_balls_as_batsman,order_seenballs_bowled,runs_conceded,wickets_taken,bowled_done,lbw_done,maidens,dot_balls_as_bowler,gender,series_name,match_type,name,out_kind,player_team,opposition_team,start_date,end_date,balls_per_over
489aaf0a,1296714,7,1,7,0,1,0,0,0,0,5,0,0,0,0,0,0,0,male,Bangladesh Premier League,T20,Parvez Hossain Emon,0,Comilla Victorians,Khulna Tigers,2022-02-12,,6
489aaf0a,1323297,2,1,6,0,0,0,0,0,0,4,0,0,0,0,0,0,0,male,Bangladesh tour of Zimbabwe,T20,Parvez Hossain Emon,0,Bangladesh,Zimbabwe,2022-08-02,,6
489aaf0a,1351066,25,1,25,3,1,0,0,0,0,15,0,0,0,0,0,0,0,male,Bangladesh Premier League,T20,Parvez Hossain Emon,caught,Rangpur Riders,Khulna Tigers,2023-01-17,,6
489aaf0a,1351069,1,1,2,0,0,0,0,0,0,1,0,0,0,0,0,0,0,male,Bangladesh Premier League,T20,Parvez Hossain Emon,0,Rangpur Riders,Fortune Barishal,2023-01-19,,6
489aaf0a,1351072,6,1,10,1,0,0,0,0,0,7,0,0,0,0,0,0,0,male,Bangladesh Premier League,T20,Parvez Hossain Emon,caught,Rangpur Riders,Chattogram Challengers,2023-01-23,,6
489aaf0a,1399116,0,1,8,0,0,1,0,0,0,8,0,0,0,0,0,0,0,male,Asian Games Men's Cricket Competition,T20,Parvez Hossain Emon,0,Bangladesh,Malaysia,2023-10-04,,6
489aaf0a,1399117,23,1,34,0,2,0,0,0,0,21,0,0,0,0,0,0,0,male,Asian Games Men's Cricket Competition,T20,Parvez Hossain Emon,caught,Bangladesh,India,2023-10-06,,6
489aaf0a,1412292,33,1,25,4,1,0,0,0,0,11,0,0,0,0,0,0,0,male,Bangladesh Premier League,T20,Parvez Hossain Emon,lbw,Khulna Tigers,Fortune Barishal,2024-02-03,,6
489aaf0a,1412296,0,1,3,0,0,0,0,0,0,3,0,0,0,0,0,0,0,male,Bangladesh Premier League,T20,Parvez Hossain Emon,caught,Khulna Tigers,Comilla Victorians,2024-02-07,,6
489aaf0a,1412306,40,1,30,2,4,0,1,0,0,17,0,0,0,0,0,0,0,male,Bangladesh Premier League,T20,Parvez Hossain Emon,caught,Khulna Tigers,Durdanto Dhaka,2024-02-16,,6
489aaf0a,1412312,6,1,8,1,0,0,0,0,0,5,0,0,0,0,0,0,0,male,Bangladesh Premier League,T20,Parvez Hossain Emon,caught,Khulna Tigers,Chattogram Challengers,2024-02-20,,6
489aaf0a,1439893,8,1,9,0,1,0,0,0,0,6,0,0,0,0,0,0,0,male,Bangladesh tour of India,T20,Parvez Hossain Emon,bowled,Bangladesh,India,2024-10-06,,6
489aaf0a,1439894,16,1,12,3,0,1,0,0,0,6,0,0,0,0,0,0,0,male,Bangladesh tour of India,T20,Parvez Hossain Emon,0,Bangladesh,India,2024-10-09,,6
489aaf0a,1439895,0,1,1,0,0,0,0,0,0,1,0,0,0,0,0,0,0,male,Bangladesh tour of India,T20,Parvez Hossain Emon,caught,Bangladesh,India,2024-10-12,,6
