player_id,match_id,runs_scored,player_out,balls_faced,fours_scored,sixes_scored,catches_taken,run_out_direct,run_out_throw,stumpings_done,dot_balls_as_batsman,order_seenballs_bowled,runs_conceded,wickets_taken,bowled_done,lbw_done,maidens,dot_balls_as_bowler,gender,series_name,match_type,name,out_kind,player_team,opposition_team,start_date,end_date,balls_per_over
5935d694,1208073,1,1,1,0,0,1,0,0,0,0,0,29,0,0,0,0,5,male,Bangladesh Premier League,T20,Rishad Hossain,0,Rangpur Rangers,Chattogram Challengers,2019-12-14,,6
5935d694,1355722,8,1,8,0,1,0,0,0,0,5,0,19,1,0,0,0,5,male,Ireland tour of Bangladesh,T20,Rishad Hossain,0,Bangladesh,Ireland,2023-03-31,,6
5935d694,1399116,0,0,0,0,0,0,0,0,0,0,0,22,1,1,0,0,9,male,Asian Games Men's Cricket Competition,T20,Rishad Hossain,0,Bangladesh,Malaysia,2023-10-04,,6
5935d694,1399119,0,0,0,0,0,0,0,0,0,0,0,0,0,0,0,0,0,male,Asian Games Men's Cricket Competition,T20,Rishad Hossain,0,Bangladesh,Pakistan,2023-10-07,,6
5935d694,1388211,6,1,4,0,1,2,0,0,0,3,0,63,0,0,0,0,20,male,Bangladesh tour of New Zealand,ODI,Rishad Hossain,caught,Bangladesh,New Zealand,2023-12-20,,6
5935d694,1388212,0,0,0,0,0,0,0,0,0,0,0,5,0,0,0,0,14,male,Bangladesh tour of New Zealand,ODI,Rishad Hossain,0,Bangladesh,New Zealand,2023-12-23,,6
5935d694,1388213,0,0,0,0,0,0,0,0,0,0,0,24,1,0,0,0,7,male,Bangladesh tour of New Zealand,T20,Rishad Hossain,0,Bangladesh,New Zealand,2023-12-27,,6
5935d694,1388214,0,0,0,0,0,1,0,0,0,0,0,10,0,0,0,0,9,male,Bangladesh tour of New Zealand,T20,Rishad Hossain,0,Bangladesh,New Zealand,2023-12-29,,6
5935d694,1388215,10,1,18,0,0,0,0,0,0,8,0,19,0,0,0,0,4,male,Bangladesh tour of New Zealand,T20,Rishad Hossain,bowled,Bangladesh,New Zealand,2023-12-31,,6
5935d694,1412302,0,0,0,0,0,0,0,0,0,0,0,22,4,0,0,0,13,male,Bangladesh Premier League,T20,Rishad Hossain,0,Comilla Victorians,Chattogram Challengers,2024-02-13,,6
5935d694,1412305,0,0,0,0,0,1,0,0,0,0,0,16,0,0,0,0,2,male,Bangladesh Premier League,T20,Rishad Hossain,0,Comilla Victorians,Khulna Tigers,2024-02-14,,6
5935d694,1412310,0,0,0,0,0,0,0,0,0,0,0,37,2,1,0,0,9,male,Bangladesh Premier League,T20,Rishad Hossain,0,Comilla Victorians,Sylhet Strikers,2024-02-19,,6
5935d694,1412313,0,0,0,0,0,0,0,0,0,0,0,0,0,0,0,0,0,male,Bangladesh Premier League,T20,Rishad Hossain,0,Comilla Victorians,Rangpur Riders,2024-02-20,,6
5935d694,1419824,0,1,2,0,0,0,0,0,0,2,0,32,1,0,0,0,9,male,Sri Lanka tour of Bangladesh,T20,Rishad Hossain,caught,Bangladesh,Sri Lanka,2024-03-04,,6
5935d694,1419825,0,0,0,0,0,0,0,1,0,0,0,21,0,0,0,0,7,male,Sri Lanka tour of Bangladesh,T20,Rishad Hossain,0,Bangladesh,Sri Lanka,2024-03-06,,6
5935d694,1419826,53,1,32,0,7,0,0,1,0,16,0,35,2,0,0,0,8,male,Sri Lanka tour of Bangladesh,T20,Rishad Hossain,caught,Bangladesh,Sri Lanka,2024-03-09,,6
5935d694,1419829,48,0,18,5,4,0,0,0,0,5,0,51,1,0,0,0,30,male,Sri Lanka tour of Bangladesh,ODI,Rishad Hossain,0,Bangladesh,Sri Lanka,2024-03-18,,6
5935d694,1425126,0,0,0,0,0,1,0,0,0,0,0,37,0,0,0,0,8,male,Zimbabwe tour of Bangladesh,T20,Rishad Hossain,0,Bangladesh,Zimbabwe,2024-05-03,,6
5935d694,1425127,0,0,0,0,0,0,0,0,0,0,0,33,2,0,0,0,5,male,Zimbabwe tour of Bangladesh,T20,Rishad Hossain,0,Bangladesh,Zimbabwe,2024-05-05,,6
5935d694,1425128,6,0,4,1,0,0,0,0,0,1,0,38,2,0,1,0,7,male,Zimbabwe tour of Bangladesh,T20,Rishad Hossain,0,Bangladesh,Zimbabwe,2024-05-07,,6
5935d694,1425129,2,1,4,0,0,1,0,0,0,2,0,6,1,0,1,0,7,male,Zimbabwe tour of Bangladesh,T20,Rishad Hossain,bowled,Bangladesh,Zimbabwe,2024-05-10,,6
5935d694,1425130,0,0,0,0,0,1,0,0,0,0,0,33,0,0,0,0,8,male,Zimbabwe tour of Bangladesh,T20,Rishad Hossain,0,Bangladesh,Zimbabwe,2024-05-12,,6
5935d694,1425131,0,0,0,0,0,0,0,0,0,0,0,16,1,0,0,0,5,male,Bangladesh tour of United States of America,T20,Rishad Hossain,0,Bangladesh,United States of America,2024-05-21,,6
5935d694,1425132,9,1,5,2,0,0,0,0,0,2,0,22,2,0,0,0,12,male,Bangladesh tour of United States of America,T20,Rishad Hossain,0,Bangladesh,United States of America,2024-05-23,,6
5935d694,1425133,0,0,0,0,0,2,0,0,0,0,0,7,1,0,0,1,17,male,Bangladesh tour of United States of America,T20,Rishad Hossain,0,Bangladesh,United States of America,2024-05-25,,6
5935d694,1415715,1,1,4,0,0,0,0,0,0,3,0,22,2,0,0,0,10,male,ICC Men's T20 World Cup,T20,Rishad Hossain,0,Bangladesh,Sri Lanka,2024-06-07,,6
5935d694,1415721,0,0,1,0,0,0,0,0,0,1,0,32,1,1,0,0,10,male,ICC Men's T20 World Cup,T20,Rishad Hossain,0,Bangladesh,South Africa,2024-06-10,,6
5935d694,1415727,0,0,0,0,0,0,0,0,0,0,0,33,2,0,0,0,11,male,ICC Men's T20 World Cup,T20,Rishad Hossain,0,Bangladesh,Netherlands,2024-06-13,,6
5935d694,1415737,13,1,7,1,1,2,0,0,0,2,0,17,0,0,0,0,14,male,ICC Men's T20 World Cup,T20,Rishad Hossain,0,Bangladesh,Nepal,2024-06-16,,6
5935d694,1415744,2,1,4,0,0,0,0,0,0,2,0,23,2,1,1,0,7,male,ICC Men's T20 World Cup,T20,Rishad Hossain,caught,Bangladesh,Australia,2024-06-20,,6
5935d694,1415747,24,1,10,1,3,0,0,0,0,4,0,43,2,1,0,0,6,male,ICC Men's T20 World Cup,T20,Rishad Hossain,0,Bangladesh,India,2024-06-22,,6
5935d694,1415752,0,1,1,0,0,0,0,0,0,1,0,26,3,0,0,0,14,male,ICC Men's T20 World Cup,T20,Rishad Hossain,0,Bangladesh,Afghanistan,2024-06-24,,6
5935d694,1439893,11,1,5,1,1,1,0,0,0,2,0,26,0,0,0,0,6,male,Bangladesh tour of India,T20,Rishad Hossain,caught,Bangladesh,India,2024-10-06,,6
5935d694,1439894,9,1,10,2,0,0,0,0,0,7,0,56,3,0,0,0,7,male,Bangladesh tour of India,T20,Rishad Hossain,0,Bangladesh,India,2024-10-09,,6
5935d694,1439895,0,1,4,0,0,2,0,0,0,4,0,46,0,0,0,0,2,male,Bangladesh tour of India,T20,Rishad Hossain,caught,Bangladesh,India,2024-10-12,,6
5935d694,1453070,1,1,2,0,0,0,0,0,0,1,0,46,0,0,0,0,19,male,Afghanistan v Bangladesh,ODI,Rishad Hossain,lbw,Bangladesh,Afghanistan,2024-11-06,,6
