player_id,match_id,runs_scored,player_out,balls_faced,fours_scored,sixes_scored,catches_taken,run_out_direct,run_out_throw,stumpings_done,dot_balls_as_batsman,order_seenballs_bowled,runs_conceded,wickets_taken,bowled_done,lbw_done,maidens,dot_balls_as_bowler,gender,series_name,match_type,name,out_kind,player_team,opposition_team,start_date,end_date,balls_per_over
d876610c,426401,9,0,17,1,0,0,0,0,0,13,0,122,0,0,0,2,91,male,Bangladesh in England Test Series,Test,Robiul Islam,0,Bangladesh,England,2010-05-27,2010-05-28,6
d876610c,522245,12,2,10,3,0,2,0,0,0,7,0,163,3,1,0,5,190,male,,Test,Robiul Islam,lbw,Bangladesh,Zimbabwe,2011-08-04,2011-08-05,6
d876610c,538073,0,2,4,0,0,0,0,0,0,4,0,87,1,0,1,3,111,male,Pakistan in Bangladesh Test Series,Test,Robiul Islam,0,Bangladesh,Pakistan,2011-12-17,2011-12-18,6
d876610c,602473,11,1,13,0,1,0,0,0,0,8,0,97,4,1,1,1,123,male,Bangladesh in Sri Lanka Test Series,Test,Robiul Islam,0,Bangladesh,Sri Lanka,2013-03-16,2013-03-17,6
d876610c,623576,0,1,3,0,0,0,0,0,0,3,0,157,9,2,3,12,269,male,Bangladesh in Zimbabwe Test Series,Test,Robiul Islam,caught,Bangladesh,Zimbabwe,2013-04-17,2013-04-18,6
d876610c,623577,28,0,25,3,2,1,0,0,0,17,0,151,6,1,2,14,262,male,Bangladesh in Zimbabwe Test Series,Test,Robiul Islam,0,Bangladesh,Zimbabwe,2013-04-25,2013-04-26,6
d876610c,623573,0,0,0,0,0,0,0,0,0,0,0,21,1,0,1,2,21,male,Bangladesh in Zimbabwe ODI Series,ODI,Robiul Islam,0,Bangladesh,Zimbabwe,2013-05-03,,6
d876610c,623574,0,0,1,0,0,0,0,0,0,1,0,52,0,0,0,0,32,male,Bangladesh in Zimbabwe ODI Series,ODI,Robiul Islam,0,Bangladesh,Zimbabwe,2013-05-05,,6
d876610c,623575,0,0,0,0,0,0,0,0,0,0,0,50,1,0,0,0,29,male,Bangladesh in Zimbabwe ODI Series,ODI,Robiul Islam,0,Bangladesh,Zimbabwe,2013-05-08,,6
d876610c,623572,0,0,0,0,0,0,1,0,0,0,0,13,0,0,0,0,1,male,Bangladesh in Zimbabwe T20I Series,T20,Robiul Islam,0,Bangladesh,Zimbabwe,2013-05-12,,6
d876610c,668949,33,1,75,5,0,0,0,0,0,58,0,34,0,0,0,3,80,male,New Zealand in Bangladesh Test Series,Test,Robiul Islam,0,Bangladesh,New Zealand,2013-10-09,2013-10-10,6
d876610c,690347,6,2,31,1,0,1,0,0,0,28,0,113,0,0,0,1,119,male,Sri Lanka in Bangladesh Test Series,Test,Robiul Islam,lbw,Bangladesh,Sri Lanka,2014-01-27,2014-01-28,6
d876610c,730297,0,2,25,0,0,0,0,0,0,25,0,112,2,1,0,10,191,male,Bangladesh in West Indies Test Series,Test,Robiul Islam,0,Bangladesh,West Indies,2014-09-13,2014-09-14,6
