player_id,match_id,runs_scored,player_out,balls_faced,fours_scored,sixes_scored,catches_taken,run_out_direct,run_out_throw,stumpings_done,dot_balls_as_batsman,order_seenballs_bowled,runs_conceded,wickets_taken,bowled_done,lbw_done,maidens,dot_balls_as_bowler,gender,series_name,match_type,name,out_kind,player_team,opposition_team,start_date,end_date,balls_per_over
8bd614b2,817205,21,1,22,0,1,0,0,0,0,7,0,0,0,0,0,0,0,male,South Africa in Bangladesh T20I Series,T20,Rony Talukdar,bowled,Bangladesh,South Africa,2015-07-07,,6
8bd614b2,935289,1,1,5,0,0,0,0,0,0,4,0,0,0,0,0,0,0,male,Bangladesh Premier League,T20,Rony Talukdar,caught,Barisal Bulls,Rangpur Riders,2015-11-23,,6
8bd614b2,935293,20,1,15,2,0,0,0,0,0,4,0,0,0,0,0,0,0,male,Bangladesh Premier League,T20,Rony Talukdar,0,Barisal Bulls,Sylhet Super Stars,2015-11-24,,6
8bd614b2,935297,17,1,22,2,0,0,0,0,0,12,0,0,0,0,0,0,0,male,Bangladesh Premier League,T20,Rony Talukdar,bowled,Barisal Bulls,Comilla Victorians,2015-11-25,,6
8bd614b2,935307,0,1,2,0,0,1,0,0,0,2,0,0,0,0,0,0,0,male,Bangladesh Premier League,T20,Rony Talukdar,0,Barisal Bulls,Chittagong Vikings,2015-11-30,,6
8bd614b2,935313,38,1,34,3,1,1,0,0,2,12,0,0,0,0,0,0,0,male,Bangladesh Premier League,T20,Rony Talukdar,0,Barisal Bulls,Dhaka Dynamites,2015-12-01,,6
8bd614b2,935319,23,1,20,3,1,1,0,0,0,12,0,0,0,0,0,0,0,male,Bangladesh Premier League,T20,Rony Talukdar,0,Barisal Bulls,Rangpur Riders,2015-12-03,,6
8bd614b2,935323,3,1,4,0,0,0,0,0,0,2,0,0,0,0,0,0,0,male,Bangladesh Premier League,T20,Rony Talukdar,0,Barisal Bulls,Sylhet Super Stars,2015-12-06,,6
8bd614b2,935327,19,1,23,2,0,1,0,0,1,10,0,0,0,0,0,0,0,male,Bangladesh Premier League,T20,Rony Talukdar,0,Barisal Bulls,Comilla Victorians,2015-12-07,,6
8bd614b2,935337,1,0,2,0,0,4,0,0,0,1,0,0,0,0,0,0,0,male,Bangladesh Premier League,T20,Rony Talukdar,0,Barisal Bulls,Chittagong Vikings,2015-12-09,,6
8bd614b2,935341,4,1,3,1,0,0,0,0,0,2,0,0,0,0,0,0,0,male,Bangladesh Premier League,T20,Rony Talukdar,caught,Barisal Bulls,Dhaka Dynamites,2015-12-10,,6
8bd614b2,935345,4,1,6,1,0,1,0,0,0,5,0,0,0,0,0,0,0,male,Bangladesh Premier League,T20,Rony Talukdar,caught,Barisal Bulls,Dhaka Dynamites,2015-12-12,,6
8bd614b2,935347,2,1,6,0,0,0,1,1,0,4,0,0,0,0,0,0,0,male,Bangladesh Premier League,T20,Rony Talukdar,0,Barisal Bulls,Rangpur Riders,2015-12-13,,6
8bd614b2,935349,0,0,0,0,0,0,1,0,0,0,0,0,0,0,0,0,0,male,Bangladesh Premier League,T20,Rony Talukdar,0,Barisal Bulls,Comilla Victorians,2015-12-15,,6
8bd614b2,1063058,14,1,9,2,1,0,0,0,0,6,0,0,0,0,0,0,0,male,Bangladesh Premier League,T20,Rony Talukdar,0,Rajshahi Kings,Dhaka Dynamites,2016-11-11,,6
8bd614b2,1121246,47,1,38,3,2,0,0,0,0,14,0,0,0,0,0,0,0,male,Bangladesh Premier League,T20,Rony Talukdar,bowled,Rajshahi Kings,Rangpur Riders,2017-11-04,,6
8bd614b2,1121250,0,1,2,0,0,0,0,1,0,2,0,0,0,0,0,0,0,male,Bangladesh Premier League,T20,Rony Talukdar,caught,Rajshahi Kings,Sylhet Sixers,2017-11-07,,6
8bd614b2,1121253,10,0,4,2,0,0,0,0,0,0,0,0,0,0,0,0,0,male,Bangladesh Premier League,T20,Rony Talukdar,0,Rajshahi Kings,Rangpur Riders,2017-11-11,,6
8bd614b2,1121256,0,1,2,0,0,0,0,0,0,2,0,0,0,0,0,0,0,male,Bangladesh Premier League,T20,Rony Talukdar,0,Rajshahi Kings,Comilla Victorians,2017-11-12,,6
8bd614b2,1121261,24,1,22,2,1,0,0,0,0,10,0,0,0,0,0,0,0,male,Bangladesh Premier League,T20,Rony Talukdar,stumped,Rajshahi Kings,Sylhet Sixers,2017-11-17,,6
8bd614b2,1121263,0,1,2,0,0,0,0,0,0,2,0,0,0,0,0,0,0,male,Bangladesh Premier League,T20,Rony Talukdar,lbw,Rajshahi Kings,Dhaka Dynamites,2017-11-18,,6
8bd614b2,1121274,36,1,23,5,1,0,0,0,0,10,0,0,0,0,0,0,0,male,Bangladesh Premier League,T20,Rony Talukdar,caught,Rajshahi Kings,Khulna Titans,2017-11-27,,6
8bd614b2,1121284,6,1,9,1,0,0,0,0,0,6,0,0,0,0,0,0,0,male,Bangladesh Premier League,T20,Rony Talukdar,caught,Rajshahi Kings,Chittagong Vikings,2017-12-05,,6
8bd614b2,1169380,0,0,0,0,0,1,0,1,0,0,0,0,0,0,0,0,0,male,Bangladesh Premier League,T20,Rony Talukdar,0,Dhaka Dynamites,Rajshahi Kings,2019-01-05,,6
8bd614b2,1169383,28,1,19,3,2,0,0,0,0,10,0,0,0,0,0,0,0,male,Bangladesh Premier League,T20,Rony Talukdar,0,Dhaka Dynamites,Khulna Titans,2019-01-08,,6
8bd614b2,1169387,18,1,8,2,1,0,0,0,0,2,0,0,0,0,0,0,0,male,Bangladesh Premier League,T20,Rony Talukdar,0,Dhaka Dynamites,Rangpur Riders,2019-01-11,,6
8bd614b2,1169390,58,1,35,5,3,1,0,0,0,11,0,0,0,0,0,0,0,male,Bangladesh Premier League,T20,Rony Talukdar,0,Dhaka Dynamites,Sylhet Sixers,2019-01-12,,6
8bd614b2,1169395,14,1,27,1,0,0,0,0,0,17,0,0,0,0,0,0,0,male,Bangladesh Premier League,T20,Rony Talukdar,bowled,Dhaka Dynamites,Rajshahi Kings,2019-01-16,,6
8bd614b2,1169397,13,1,13,1,1,1,0,0,0,9,0,0,0,0,0,0,0,male,Bangladesh Premier League,T20,Rony Talukdar,bowled,Dhaka Dynamites,Sylhet Sixers,2019-01-18,,6
8bd614b2,1169402,0,1,3,0,0,0,0,0,0,3,0,0,0,0,0,0,0,male,Bangladesh Premier League,T20,Rony Talukdar,bowled,Dhaka Dynamites,Chittagong Vikings,2019-01-21,,6
8bd614b2,1169404,6,1,11,1,0,2,0,0,0,8,0,0,0,0,0,0,0,male,Bangladesh Premier League,T20,Rony Talukdar,caught,Dhaka Dynamites,Comilla Victorians,2019-01-22,,6
8bd614b2,1169412,52,1,33,6,1,0,0,0,0,8,0,0,0,0,0,0,0,male,Bangladesh Premier League,T20,Rony Talukdar,caught,Dhaka Dynamites,Rangpur Riders,2019-01-28,,6
8bd614b2,1169415,6,1,3,1,0,0,0,0,0,1,0,0,0,0,0,0,0,male,Bangladesh Premier League,T20,Rony Talukdar,lbw,Dhaka Dynamites,Chittagong Vikings,2019-01-30,,6
8bd614b2,1169417,1,1,3,0,0,0,0,1,0,2,0,0,0,0,0,0,0,male,Bangladesh Premier League,T20,Rony Talukdar,bowled,Dhaka Dynamites,Comilla Victorians,2019-02-01,,6
8bd614b2,1169420,0,0,0,0,0,0,0,0,0,0,0,0,0,0,0,0,0,male,Bangladesh Premier League,T20,Rony Talukdar,0,Dhaka Dynamites,Khulna Titans,2019-02-02,,6
8bd614b2,1169421,20,1,13,1,1,0,0,0,0,2,0,0,0,0,0,0,0,male,Bangladesh Premier League,T20,Rony Talukdar,lbw,Dhaka Dynamites,Chittagong Vikings,2019-02-04,,6
8bd614b2,1169423,35,0,24,4,0,0,0,0,0,6,0,0,0,0,0,0,0,male,Bangladesh Premier League,T20,Rony Talukdar,0,Dhaka Dynamites,Rangpur Riders,2019-02-06,,6
8bd614b2,1169424,66,1,38,6,4,0,0,0,0,11,0,0,0,0,0,0,0,male,Bangladesh Premier League,T20,Rony Talukdar,0,Dhaka Dynamites,Comilla Victorians,2019-02-08,,6
8bd614b2,1208067,5,1,8,1,0,0,0,0,0,6,0,0,0,0,0,0,0,male,Bangladesh Premier League,T20,Rony Talukdar,caught,Sylhet Thunder,Chattogram Challengers,2019-12-11,,6
8bd614b2,1208071,19,1,17,1,1,0,0,0,0,9,0,0,0,0,0,0,0,male,Bangladesh Premier League,T20,Rony Talukdar,0,Sylhet Thunder,Rajshahi Royals,2019-12-13,,6
8bd614b2,1208074,14,1,12,3,0,0,0,0,0,7,0,0,0,0,0,0,0,male,Bangladesh Premier League,T20,Rony Talukdar,caught,Sylhet Thunder,Dhaka Platoon,2019-12-14,,6
8bd614b2,1208076,2,1,9,0,0,0,0,0,0,7,0,0,0,0,0,0,0,male,Bangladesh Premier League,T20,Rony Talukdar,0,Sylhet Thunder,Chattogram Challengers,2019-12-17,,6
8bd614b2,1208096,2,1,5,0,0,1,0,0,0,3,0,0,0,0,0,0,0,male,Bangladesh Premier League,T20,Rony Talukdar,0,Sylhet Thunder,Cumilla Warriors,2020-01-02,,6
8bd614b2,1208098,0,1,2,0,0,2,0,0,0,2,0,0,0,0,0,0,0,male,Bangladesh Premier League,T20,Rony Talukdar,caught,Sylhet Thunder,Rangpur Rangers,2020-01-03,,6
8bd614b2,1296686,61,1,44,7,1,0,0,0,0,16,0,0,0,0,0,0,0,male,Bangladesh Premier League,T20,Rony Talukdar,0,Khulna Tigers,Minister Group Dhaka,2022-01-21,,6
8bd614b2,1296690,7,1,6,1,0,0,0,0,0,3,0,0,0,0,0,0,0,male,Bangladesh Premier League,T20,Rony Talukdar,0,Khulna Tigers,Chattogram Challengers,2022-01-24,,6
8bd614b2,1296693,17,1,18,2,0,0,0,0,0,7,0,0,0,0,0,0,0,male,Bangladesh Premier League,T20,Rony Talukdar,caught,Khulna Tigers,Chattogram Challengers,2022-01-28,,6
8bd614b2,1296695,14,1,16,0,1,0,0,0,0,8,0,0,0,0,0,0,0,male,Bangladesh Premier League,T20,Rony Talukdar,caught,Khulna Tigers,Fortune Barishal,2022-01-29,,6
8bd614b2,1296698,6,1,12,1,0,0,0,0,0,10,0,0,0,0,0,0,0,male,Bangladesh Premier League,T20,Rony Talukdar,bowled,Khulna Tigers,Fortune Barishal,2022-01-31,,6
8bd614b2,1296711,0,1,2,0,0,0,0,0,0,2,0,0,0,0,0,0,0,male,Bangladesh Premier League,T20,Rony Talukdar,0,Khulna Tigers,Comilla Victorians,2022-02-11,,6
8bd614b2,1351053,67,1,31,11,1,0,0,0,0,7,0,0,0,0,0,0,0,male,Bangladesh Premier League,T20,Rony Talukdar,0,Rangpur Riders,Comilla Victorians,2023-01-06,,6
8bd614b2,1351058,40,1,29,5,1,0,0,0,0,15,0,0,0,0,0,0,0,male,Bangladesh Premier League,T20,Rony Talukdar,0,Rangpur Riders,Fortune Barishal,2023-01-10,,6
8bd614b2,1351061,1,1,7,0,0,0,0,0,0,6,0,0,0,0,0,0,0,male,Bangladesh Premier League,T20,Rony Talukdar,bowled,Rangpur Riders,Khulna Tigers,2023-01-13,,6
8bd614b2,1351066,0,1,2,0,0,0,0,0,0,2,0,0,0,0,0,0,0,male,Bangladesh Premier League,T20,Rony Talukdar,stumped,Rangpur Riders,Khulna Tigers,2023-01-17,,6
8bd614b2,1351069,11,1,13,2,0,1,0,0,0,8,0,0,0,0,0,0,0,male,Bangladesh Premier League,T20,Rony Talukdar,0,Rangpur Riders,Fortune Barishal,2023-01-19,,6
8bd614b2,1351076,41,0,38,2,2,0,0,0,0,16,0,0,0,0,0,0,0,male,Bangladesh Premier League,T20,Rony Talukdar,0,Rangpur Riders,Sylhet Strikers,2023-01-27,,6
8bd614b2,1351080,29,1,29,5,0,0,0,0,0,16,0,0,0,0,0,0,0,male,Bangladesh Premier League,T20,Rony Talukdar,caught,Rangpur Riders,Dhaka Dominators,2023-01-30,,6
8bd614b2,1351085,34,1,39,3,0,0,0,0,0,19,0,0,0,0,0,0,0,male,Bangladesh Premier League,T20,Rony Talukdar,0,Rangpur Riders,Dhaka Dominators,2023-02-03,,6
8bd614b2,1351087,66,1,36,8,3,0,0,0,0,12,0,0,0,0,0,0,0,male,Bangladesh Premier League,T20,Rony Talukdar,0,Rangpur Riders,Sylhet Strikers,2023-02-04,,6
8bd614b2,1351091,28,1,27,5,0,0,0,0,0,14,0,0,0,0,0,0,0,male,Bangladesh Premier League,T20,Rony Talukdar,caught,Rangpur Riders,Chattogram Challengers,2023-02-08,,6
8bd614b2,1351092,13,1,13,1,1,0,0,0,0,8,0,0,0,0,0,0,0,male,Bangladesh Premier League,T20,Rony Talukdar,0,Rangpur Riders,Comilla Victorians,2023-02-10,,6
8bd614b2,1351094,29,1,17,2,2,1,0,0,0,6,0,0,0,0,0,0,0,male,Bangladesh Premier League,T20,Rony Talukdar,caught,Rangpur Riders,Fortune Barishal,2023-02-12,,6
8bd614b2,1351096,66,1,53,7,2,0,0,0,0,19,0,0,0,0,0,0,0,male,Bangladesh Premier League,T20,Rony Talukdar,0,Rangpur Riders,Sylhet Strikers,2023-02-14,,6
8bd614b2,1351400,21,1,14,4,0,0,0,0,0,6,0,0,0,0,0,0,0,male,England tour of Bangladesh,T20,Rony Talukdar,0,Bangladesh,England,2023-03-09,,6
8bd614b2,1351401,9,1,14,1,0,1,0,0,0,8,0,0,0,0,0,0,0,male,England tour of Bangladesh,T20,Rony Talukdar,0,Bangladesh,England,2023-03-12,,6
8bd614b2,1351402,24,1,24,3,0,0,0,0,0,11,0,0,0,0,0,0,0,male,England tour of Bangladesh,T20,Rony Talukdar,caught and bowled,Bangladesh,England,2023-03-14,,6
8bd614b2,1355720,67,1,40,7,3,0,0,0,0,14,0,0,0,0,0,0,0,male,Ireland tour of Bangladesh,T20,Rony Talukdar,0,Bangladesh,Ireland,2023-03-27,,6
8bd614b2,1355721,44,1,25,3,2,1,0,0,0,5,0,0,0,0,0,0,0,male,Ireland tour of Bangladesh,T20,Rony Talukdar,0,Bangladesh,Ireland,2023-03-29,,6
8bd614b2,1355722,14,1,10,3,0,0,0,0,0,5,0,0,0,0,0,0,0,male,Ireland tour of Bangladesh,T20,Rony Talukdar,0,Bangladesh,Ireland,2023-03-31,,6
8bd614b2,1365552,4,1,15,1,0,1,0,0,0,14,0,0,0,0,0,0,0,male,ICC Men's Cricket World Cup Super League,ODI,Rony Talukdar,0,Bangladesh,Ireland,2023-05-14,,6
8bd614b2,1377015,4,1,5,1,0,0,0,0,0,4,0,0,0,0,0,0,0,male,Afghanistan tour of Bangladesh,T20,Rony Talukdar,0,Bangladesh,Afghanistan,2023-07-14,,6
8bd614b2,1388213,10,1,8,0,1,0,0,0,0,5,0,0,0,0,0,0,0,male,Bangladesh tour of New Zealand,T20,Rony Talukdar,0,Bangladesh,New Zealand,2023-12-27,,6
8bd614b2,1388214,0,0,0,0,0,0,0,0,0,0,0,0,0,0,0,0,0,male,Bangladesh tour of New Zealand,T20,Rony Talukdar,0,Bangladesh,New Zealand,2023-12-29,,6
8bd614b2,1388215,10,1,10,2,0,0,0,0,1,6,0,0,0,0,0,0,0,male,Bangladesh tour of New Zealand,T20,Rony Talukdar,0,Bangladesh,New Zealand,2023-12-31,,6
8bd614b2,1412276,5,1,7,1,0,0,0,0,0,5,0,0,0,0,0,0,0,male,Bangladesh Premier League,T20,Rony Talukdar,0,Rangpur Riders,Fortune Barishal,2024-01-20,,6
8bd614b2,1412282,15,1,26,0,0,2,0,0,0,11,0,0,0,0,0,0,0,male,Bangladesh Premier League,T20,Rony Talukdar,caught,Rangpur Riders,Khulna Tigers,2024-01-26,,6
8bd614b2,1412285,11,1,7,1,0,0,0,0,0,4,0,0,0,0,0,0,0,male,Bangladesh Premier League,T20,Rony Talukdar,caught,Rangpur Riders,Durdanto Dhaka,2024-01-27,,6
8bd614b2,1412294,39,1,24,6,1,0,0,0,0,9,0,0,0,0,0,0,0,male,Bangladesh Premier League,T20,Rony Talukdar,0,Rangpur Riders,Durdanto Dhaka,2024-02-06,,6
8bd614b2,1412300,24,1,20,3,1,0,0,0,0,11,0,0,0,0,0,0,0,male,Bangladesh Premier League,T20,Rony Talukdar,0,Rangpur Riders,Chattogram Challengers,2024-02-10,,6
8bd614b2,1412303,5,1,7,1,0,0,0,0,0,5,0,0,0,0,0,0,0,male,Bangladesh Premier League,T20,Rony Talukdar,0,Rangpur Riders,Khulna Tigers,2024-02-13,,6
8bd614b2,1412307,25,1,21,2,2,0,0,0,0,12,0,0,0,0,0,0,0,male,Bangladesh Premier League,T20,Rony Talukdar,bowled,Rangpur Riders,Chattogram Challengers,2024-02-16,,6
8bd614b2,1412313,14,1,9,1,1,1,0,0,0,5,0,0,0,0,0,0,0,male,Bangladesh Premier League,T20,Rony Talukdar,lbw,Rangpur Riders,Comilla Victorians,2024-02-20,,6
8bd614b2,1412317,13,1,11,2,0,0,0,0,0,6,0,0,0,0,0,0,0,male,Bangladesh Premier League,T20,Rony Talukdar,0,Rangpur Riders,Comilla Victorians,2024-02-26,,6
8bd614b2,1412318,8,1,12,0,0,1,0,0,0,5,0,0,0,0,0,0,0,male,Bangladesh Premier League,T20,Rony Talukdar,0,Rangpur Riders,Fortune Barishal,2024-02-28,,6
