player_id,match_id,runs_scored,player_out,balls_faced,fours_scored,sixes_scored,catches_taken,run_out_direct,run_out_throw,stumpings_done,dot_balls_as_batsman,order_seenballs_bowled,runs_conceded,wickets_taken,bowled_done,lbw_done,maidens,dot_balls_as_bowler,gender,series_name,match_type,name,out_kind,player_team,opposition_team,start_date,end_date,balls_per_over
b3f7066c,1382163,22,1,26,4,0,0,0,0,0,17,0,0,0,0,0,0,0,female,India Women tour of Bangladesh,T20,S Rani,bowled,Bangladesh,India,2023-07-09,,6
b3f7066c,1382164,5,1,7,1,0,0,0,0,0,5,0,0,0,0,0,0,0,female,India Women tour of Bangladesh,T20,S Rani,0,Bangladesh,India,2023-07-11,,6
b3f7066c,1382165,10,1,11,1,0,0,0,0,0,6,0,0,0,0,0,0,0,female,India Women tour of Bangladesh,T20,S Rani,caught,Bangladesh,India,2023-07-13,,6
b3f7066c,1399059,0,1,1,0,0,0,0,0,0,1,0,0,0,0,0,0,0,female,Asian Games Women's Cricket Competition,T20,S Rani,caught,Bangladesh,India,2023-09-24,,6
b3f7066c,1399061,13,1,19,2,0,1,0,0,0,12,0,0,0,0,0,0,0,female,Asian Games Women's Cricket Competition,T20,S Rani,caught,Bangladesh,Pakistan,2023-09-25,,6
b3f7066c,1432422,29,1,33,3,0,0,0,0,0,13,0,0,0,0,0,0,0,female,ICC Women's T20 World Cup,T20,S Rani,caught,Bangladesh,Scotland,2024-10-03,,6
b3f7066c,1432427,7,1,10,1,0,0,0,0,0,7,0,0,0,0,0,0,0,female,ICC Women's T20 World Cup,T20,S Rani,0,Bangladesh,England,2024-10-05,,6
b3f7066c,1432434,9,1,12,1,0,0,0,0,0,7,0,0,0,0,0,0,0,female,ICC Women's T20 World Cup,T20,S Rani,0,Bangladesh,West Indies,2024-10-10,,6
b3f7066c,1432437,19,1,31,1,1,0,0,0,0,22,0,0,0,0,0,0,0,female,ICC Women's T20 World Cup,T20,S Rani,0,Bangladesh,South Africa,2024-10-12,,6
