player_id,match_id,runs_scored,player_out,balls_faced,fours_scored,sixes_scored,catches_taken,run_out_direct,run_out_throw,stumpings_done,dot_balls_as_batsman,order_seenballs_bowled,runs_conceded,wickets_taken,bowled_done,lbw_done,maidens,dot_balls_as_bowler,gender,series_name,match_type,name,out_kind,player_team,opposition_team,start_date,end_date,balls_per_over
7147f314,551048,15,0,17,0,1,0,0,0,0,8,0,0,0,0,0,0,0,male,Bangladesh Premier League,T20,Sabbir Rahman,0,Duronto Rajshahi,Barisal Burners,2012-02-11,,6
7147f314,551053,0,1,1,0,0,1,0,0,0,1,0,0,0,0,0,0,0,male,Bangladesh Premier League,T20,Sabbir Rahman,0,Duronto Rajshahi,Sylhet Royals,2012-02-14,,6
7147f314,551060,17,1,12,1,1,0,0,0,0,5,0,8,1,0,0,0,1,male,Bangladesh Premier League,T20,Sabbir Rahman,caught,Duronto Rajshahi,Chittagong Kings,2012-02-18,,6
7147f314,551063,0,0,0,0,0,0,0,0,0,0,0,18,1,0,0,0,6,male,Bangladesh Premier League,T20,Sabbir Rahman,0,Duronto Rajshahi,Barisal Burners,2012-02-20,,6
7147f314,551068,6,1,8,0,0,0,0,0,0,3,0,4,0,0,0,0,2,male,Bangladesh Premier League,T20,Sabbir Rahman,0,Duronto Rajshahi,Sylhet Royals,2012-02-24,,6
7147f314,551071,0,0,0,0,0,1,0,0,0,0,0,0,0,0,0,0,0,male,Bangladesh Premier League,T20,Sabbir Rahman,0,Duronto Rajshahi,Khulna Royal Bengals,2012-02-26,,6
7147f314,551073,9,1,10,0,1,0,0,0,0,6,0,0,0,0,0,0,0,male,Bangladesh Premier League,T20,Sabbir Rahman,0,Duronto Rajshahi,Dhaka Gladiators,2012-02-27,,6
7147f314,599866,1,1,4,0,0,1,0,0,0,3,0,0,0,0,0,0,0,male,Bangladesh Premier League,T20,Sabbir Rahman,0,Barisal Burners,Sylhet Royals,2013-01-18,,6
7147f314,599869,0,0,0,0,0,0,1,0,0,0,0,0,0,0,0,0,0,male,Bangladesh Premier League,T20,Sabbir Rahman,0,Barisal Burners,Khulna Royal Bengals,2013-01-20,,6
7147f314,599873,69,1,36,4,5,0,0,0,0,8,0,15,0,0,0,0,3,male,Bangladesh Premier League,T20,Sabbir Rahman,0,Barisal Burners,Rangpur Riders,2013-01-23,,6
7147f314,599875,5,1,7,0,0,1,0,0,0,3,0,0,0,0,0,0,0,male,Bangladesh Premier League,T20,Sabbir Rahman,0,Barisal Burners,Chittagong Kings,2013-01-24,,6
7147f314,599880,28,1,13,4,1,0,0,0,0,4,0,0,0,0,0,0,0,male,Bangladesh Premier League,T20,Sabbir Rahman,0,Barisal Burners,Duronto Rajshahi,2013-01-28,,6
7147f314,599884,40,1,29,5,2,0,0,0,0,15,0,0,0,0,0,0,0,male,Bangladesh Premier League,T20,Sabbir Rahman,0,Barisal Burners,Chittagong Kings,2013-01-31,,6
7147f314,599887,29,1,25,4,0,1,0,0,0,11,0,0,0,0,0,0,0,male,Bangladesh Premier League,T20,Sabbir Rahman,stumped,Barisal Burners,Duronto Rajshahi,2013-02-02,,6
7147f314,599890,8,1,6,1,0,1,0,0,0,2,0,0,0,0,0,0,0,male,Bangladesh Premier League,T20,Sabbir Rahman,caught,Barisal Burners,Khulna Royal Bengals,2013-02-04,,6
7147f314,599898,18,1,14,3,0,0,0,0,0,6,0,0,0,0,0,0,0,male,Bangladesh Premier League,T20,Sabbir Rahman,lbw,Barisal Burners,Dhaka Gladiators,2013-02-09,,6
7147f314,599902,25,0,21,1,1,0,0,0,0,6,0,0,0,0,0,0,0,male,Bangladesh Premier League,T20,Sabbir Rahman,0,Barisal Burners,Dhaka Gladiators,2013-02-12,,6
7147f314,599904,18,1,14,2,0,1,0,0,0,4,0,0,0,0,0,0,0,male,Bangladesh Premier League,T20,Sabbir Rahman,0,Barisal Burners,Sylhet Royals,2013-02-13,,6
7147f314,599905,0,1,2,0,0,1,0,0,0,2,0,0,0,0,0,0,0,male,Bangladesh Premier League,T20,Sabbir Rahman,caught,Barisal Burners,Rangpur Riders,2013-02-14,,6
7147f314,690353,26,1,37,2,0,0,0,0,0,20,0,0,0,0,0,0,0,male,Sri Lanka in Bangladesh T20I Series,T20,Sabbir Rahman,caught,Bangladesh,Sri Lanka,2014-02-14,,6
7147f314,682897,0,0,0,0,0,1,1,0,0,0,0,1,0,0,0,0,5,male,World T20,T20,Sabbir Rahman,0,Bangladesh,Afghanistan,2014-03-16,,6
7147f314,682907,21,0,20,1,1,0,0,0,0,8,0,0,0,0,0,0,0,male,World T20,T20,Sabbir Rahman,0,Bangladesh,Nepal,2014-03-18,,6
7147f314,682915,2,1,5,0,0,0,0,0,0,4,0,3,1,1,0,0,4,male,World T20,T20,Sabbir Rahman,0,Bangladesh,Hong Kong,2014-03-20,,6
7147f314,682935,1,1,3,0,0,0,0,0,0,2,0,12,0,0,0,0,2,male,World T20,T20,Sabbir Rahman,0,Bangladesh,West Indies,2014-03-25,,6
7147f314,778039,27,0,25,2,1,0,0,0,0,10,0,0,0,0,0,0,0,male,Asian Games Men's Cricket Competition,IT20,Sabbir Rahman,0,Bangladesh,Sri Lanka,2014-10-02,,6
7147f314,778041,11,1,13,0,0,1,0,0,0,5,0,0,0,0,0,0,0,male,Asian Games Men's Cricket Competition,IT20,Sabbir Rahman,0,Bangladesh,Hong Kong,2014-10-03,,6
7147f314,760787,44,0,27,3,3,1,0,0,0,11,0,6,0,0,0,0,2,male,Zimbabwe in Bangladesh ODI Series,ODI,Sabbir Rahman,0,Bangladesh,Zimbabwe,2014-11-21,,6
7147f314,760789,0,1,2,0,0,0,1,0,0,2,0,14,0,0,0,0,9,male,Zimbabwe in Bangladesh ODI Series,ODI,Sabbir Rahman,0,Bangladesh,Zimbabwe,2014-11-23,,6
7147f314,760791,22,1,13,3,0,0,0,0,0,3,0,16,0,0,0,0,5,male,Zimbabwe in Bangladesh ODI Series,ODI,Sabbir Rahman,caught,Bangladesh,Zimbabwe,2014-11-26,,6
7147f314,760793,4,1,10,1,0,0,0,1,0,9,0,0,0,0,0,0,0,male,Zimbabwe in Bangladesh ODI Series,ODI,Sabbir Rahman,caught,Bangladesh,Zimbabwe,2014-11-28,,6
7147f314,760795,13,0,17,1,0,0,0,0,0,10,0,0,0,0,0,0,0,male,Zimbabwe in Bangladesh ODI Series,ODI,Sabbir Rahman,0,Bangladesh,Zimbabwe,2014-12-01,,6
7147f314,656411,3,1,8,0,0,1,0,1,0,5,0,4,0,0,0,0,3,male,ICC Cricket World Cup,ODI,Sabbir Rahman,0,Bangladesh,Afghanistan,2015-02-18,,6
7147f314,656433,53,1,63,7,0,0,0,0,0,37,0,27,0,0,0,0,9,male,ICC Cricket World Cup,ODI,Sabbir Rahman,0,Bangladesh,Sri Lanka,2015-02-26,,6
7147f314,656451,42,0,40,4,2,1,0,0,0,23,0,47,1,0,0,0,13,male,ICC Cricket World Cup,ODI,Sabbir Rahman,0,Bangladesh,Scotland,2015-03-05,,6
7147f314,656463,14,1,12,0,1,0,0,0,0,4,0,13,0,0,0,0,2,male,ICC Cricket World Cup,ODI,Sabbir Rahman,0,Bangladesh,England,2015-03-09,,6
7147f314,656471,40,1,23,5,2,0,0,0,0,9,0,14,0,0,0,0,4,male,ICC Cricket World Cup,ODI,Sabbir Rahman,0,Bangladesh,New Zealand,2015-03-13,,6
7147f314,656485,30,1,41,2,0,0,0,0,0,19,0,0,0,0,0,0,0,male,ICC Cricket World Cup,ODI,Sabbir Rahman,0,Bangladesh,India,2015-03-19,,6
7147f314,858485,15,1,8,1,1,0,1,0,0,2,0,0,0,0,0,0,0,male,Pakistan in Bangladesh ODI Series,ODI,Sabbir Rahman,0,Bangladesh,Pakistan,2015-04-17,,6
7147f314,858487,0,0,0,0,0,0,0,0,0,0,0,0,0,0,0,0,0,male,Pakistan in Bangladesh ODI Series,ODI,Sabbir Rahman,0,Bangladesh,Pakistan,2015-04-19,,6
7147f314,858489,0,0,0,0,0,0,0,0,0,0,0,17,0,0,0,0,3,male,Pakistan in Bangladesh ODI Series,ODI,Sabbir Rahman,0,Bangladesh,Pakistan,2015-04-22,,6
7147f314,858491,51,0,33,7,1,0,0,1,0,11,0,0,0,0,0,0,0,male,,T20,Sabbir Rahman,0,Bangladesh,Pakistan,2015-04-24,,6
7147f314,870731,41,1,46,5,1,0,0,0,0,25,0,0,0,0,0,0,0,male,India in Bangladesh ODI Series,ODI,Sabbir Rahman,bowled,Bangladesh,India,2015-06-18,,6
7147f314,870733,22,0,24,3,0,1,0,0,0,11,0,0,0,0,0,0,0,male,India in Bangladesh ODI Series,ODI,Sabbir Rahman,0,Bangladesh,India,2015-06-21,,6
7147f314,870735,43,1,39,6,0,0,0,0,0,18,0,0,0,0,0,0,0,male,India in Bangladesh ODI Series,ODI,Sabbir Rahman,0,Bangladesh,India,2015-06-24,,6
7147f314,817203,4,1,7,0,0,0,0,0,0,4,0,0,0,0,0,0,0,male,South Africa in Bangladesh T20I Series,T20,Sabbir Rahman,caught,Bangladesh,South Africa,2015-07-05,,6
7147f314,817205,1,1,3,0,0,1,0,0,0,2,0,0,0,0,0,0,0,male,South Africa in Bangladesh T20I Series,T20,Sabbir Rahman,0,Bangladesh,South Africa,2015-07-07,,6
7147f314,817207,5,1,13,0,0,1,0,0,0,9,0,4,0,0,0,0,0,male,South Africa in Bangladesh ODI Series,ODI,Sabbir Rahman,0,Bangladesh,South Africa,2015-07-10,,6
7147f314,817209,0,0,0,0,0,2,0,0,0,0,0,0,0,0,0,0,0,male,South Africa in Bangladesh ODI Series,ODI,Sabbir Rahman,0,Bangladesh,South Africa,2015-07-12,,6
7147f314,817211,0,0,0,0,0,2,0,0,0,0,0,0,0,0,0,0,0,male,South Africa in Bangladesh ODI Series,ODI,Sabbir Rahman,0,Bangladesh,South Africa,2015-07-15,,6
7147f314,931390,57,0,60,4,2,0,0,0,0,27,0,0,0,0,0,0,0,male,Zimbabwe in Bangladesh ODI Series,ODI,Sabbir Rahman,0,Bangladesh,Zimbabwe,2015-11-07,,6
7147f314,931392,33,1,43,4,0,0,0,0,0,22,0,0,0,0,0,0,0,male,Zimbabwe in Bangladesh ODI Series,ODI,Sabbir Rahman,caught,Bangladesh,Zimbabwe,2015-11-09,,6
7147f314,931394,1,1,3,0,0,3,0,0,0,2,0,13,1,1,0,0,6,male,Zimbabwe in Bangladesh ODI Series,ODI,Sabbir Rahman,caught,Bangladesh,Zimbabwe,2015-11-11,,6
7147f314,931396,18,1,17,3,0,0,0,0,0,8,0,0,0,0,0,0,0,male,Zimbabwe in Bangladesh T20I Series,T20,Sabbir Rahman,caught,Bangladesh,Zimbabwe,2015-11-13,,6
7147f314,931398,17,1,18,1,0,2,0,0,0,5,0,0,0,0,0,0,0,male,Zimbabwe in Bangladesh T20I Series,T20,Sabbir Rahman,0,Bangladesh,Zimbabwe,2015-11-15,,6
7147f314,935289,11,1,8,2,0,0,0,0,0,4,0,0,0,0,0,0,0,male,Bangladesh Premier League,T20,Sabbir Rahman,lbw,Barisal Bulls,Rangpur Riders,2015-11-23,,6
7147f314,935293,15,1,14,0,1,0,0,0,0,5,0,0,0,0,0,0,0,male,Bangladesh Premier League,T20,Sabbir Rahman,caught,Barisal Bulls,Sylhet Super Stars,2015-11-24,,6
7147f314,935297,10,1,16,1,0,1,0,0,0,9,0,5,0,0,0,0,2,male,Bangladesh Premier League,T20,Sabbir Rahman,caught,Barisal Bulls,Comilla Victorians,2015-11-25,,6
7147f314,935307,0,1,5,0,0,0,0,0,0,5,0,0,0,0,0,0,0,male,Bangladesh Premier League,T20,Sabbir Rahman,0,Barisal Bulls,Chittagong Vikings,2015-11-30,,6
7147f314,935313,0,0,0,0,0,0,0,0,0,0,0,0,0,0,0,0,0,male,Bangladesh Premier League,T20,Sabbir Rahman,0,Barisal Bulls,Dhaka Dynamites,2015-12-01,,6
7147f314,935319,0,0,0,0,0,0,0,0,0,0,0,0,0,0,0,0,0,male,Bangladesh Premier League,T20,Sabbir Rahman,0,Barisal Bulls,Rangpur Riders,2015-12-03,,6
7147f314,935323,3,1,9,0,0,0,0,0,0,7,0,7,0,0,0,0,1,male,Bangladesh Premier League,T20,Sabbir Rahman,0,Barisal Bulls,Sylhet Super Stars,2015-12-06,,6
7147f314,935327,17,1,21,1,0,1,0,0,0,10,0,0,0,0,0,0,0,male,Bangladesh Premier League,T20,Sabbir Rahman,0,Barisal Bulls,Comilla Victorians,2015-12-07,,6
7147f314,935337,0,0,0,0,0,1,0,0,0,0,0,0,0,0,0,0,0,male,Bangladesh Premier League,T20,Sabbir Rahman,0,Barisal Bulls,Chittagong Vikings,2015-12-09,,6
7147f314,935341,4,1,5,0,0,0,0,0,0,2,0,0,0,0,0,0,0,male,Bangladesh Premier League,T20,Sabbir Rahman,lbw,Barisal Bulls,Dhaka Dynamites,2015-12-10,,6
7147f314,935345,41,1,39,3,3,0,0,0,0,24,0,0,0,0,0,0,0,male,Bangladesh Premier League,T20,Sabbir Rahman,caught,Barisal Bulls,Dhaka Dynamites,2015-12-12,,6
7147f314,935347,79,1,50,7,3,0,0,0,0,13,0,0,0,0,0,0,0,male,Bangladesh Premier League,T20,Sabbir Rahman,0,Barisal Bulls,Rangpur Riders,2015-12-13,,6
7147f314,935349,9,1,19,0,0,1,0,0,0,10,0,0,0,0,0,0,0,male,Bangladesh Premier League,T20,Sabbir Rahman,0,Barisal Bulls,Comilla Victorians,2015-12-15,,6
7147f314,958415,46,1,38,4,1,0,0,1,0,12,0,16,0,0,0,0,5,male,Walton T20 Cricket Series,T20,Sabbir Rahman,caught,Bangladesh,Zimbabwe,2016-01-15,,6
7147f314,958417,43,0,30,1,3,0,0,0,0,9,0,11,3,0,0,0,7,male,Walton T20 Cricket Series,T20,Sabbir Rahman,0,Bangladesh,Zimbabwe,2016-01-17,,6
7147f314,958419,50,1,33,9,0,3,0,0,0,12,0,0,0,0,0,0,0,male,Walton T20 Cricket Series,T20,Sabbir Rahman,caught,Bangladesh,Zimbabwe,2016-01-20,,6
7147f314,958421,1,1,4,0,0,0,0,0,0,3,0,11,0,0,0,0,0,male,Walton T20 Cricket Series,T20,Sabbir Rahman,caught,Bangladesh,Zimbabwe,2016-01-22,,6
7147f314,966745,44,1,33,2,2,0,0,0,0,9,0,0,0,0,0,0,0,male,Asia Cup,T20,Sabbir Rahman,caught,Bangladesh,India,2016-02-24,,6
7147f314,966749,6,1,12,0,0,0,0,0,0,6,0,0,0,0,0,0,0,male,Asia Cup,T20,Sabbir Rahman,caught,Bangladesh,United Arab Emirates,2016-02-26,,6
7147f314,966753,80,1,55,10,3,1,0,0,0,21,0,0,0,0,0,0,0,male,Asia Cup,T20,Sabbir Rahman,caught,Bangladesh,Sri Lanka,2016-02-28,,6
7147f314,966759,14,1,15,1,0,3,0,0,0,8,0,0,0,0,0,0,0,male,Asia Cup,T20,Sabbir Rahman,0,Bangladesh,Pakistan,2016-03-02,,6
7147f314,966765,32,0,30,2,0,0,0,0,0,6,0,0,0,0,0,0,0,male,Asia Cup,T20,Sabbir Rahman,0,Bangladesh,India,2016-03-06,,6
7147f314,951309,15,1,16,1,1,1,0,0,0,9,0,0,0,0,0,0,0,male,World T20,T20,Sabbir Rahman,0,Bangladesh,Netherlands,2016-03-09,,6
7147f314,951319,13,0,9,0,1,0,0,0,0,1,0,0,0,0,0,0,0,male,World T20,T20,Sabbir Rahman,0,Bangladesh,Ireland,2016-03-11,,6
7147f314,951327,44,1,26,5,1,1,0,0,0,4,0,5,1,0,0,0,3,male,World T20,T20,Sabbir Rahman,0,Bangladesh,Oman,2016-03-13,,6
7147f314,951333,25,1,20,5,0,0,0,0,0,10,0,11,1,0,0,0,6,male,World T20,T20,Sabbir Rahman,bowled,Bangladesh,Pakistan,2016-03-16,,6
7147f314,951347,12,1,18,2,0,0,0,1,0,13,0,0,0,0,0,0,0,male,World T20,T20,Sabbir Rahman,caught,Bangladesh,Australia,2016-03-21,,6
7147f314,951353,26,1,16,3,1,2,0,0,0,6,0,0,0,0,0,0,0,male,World T20,T20,Sabbir Rahman,stumped,Bangladesh,India,2016-03-23,,6
7147f314,951359,12,1,18,1,0,0,0,0,0,10,0,0,0,0,0,0,0,male,World T20,T20,Sabbir Rahman,0,Bangladesh,New Zealand,2016-03-26,,6
7147f314,1051297,2,1,5,0,0,2,0,0,0,3,0,0,0,0,0,0,0,male,Afghanistan in Bangladesh ODI Series,ODI,Sabbir Rahman,lbw,Bangladesh,Afghanistan,2016-09-25,,6
7147f314,1051299,4,1,18,0,0,1,0,0,0,14,0,8,0,0,0,0,7,male,Afghanistan in Bangladesh ODI Series,ODI,Sabbir Rahman,lbw,Bangladesh,Afghanistan,2016-09-28,,6
7147f314,1051301,65,1,79,6,3,2,0,0,0,48,0,0,0,0,0,0,0,male,Afghanistan in Bangladesh ODI Series,ODI,Sabbir Rahman,0,Bangladesh,Afghanistan,2016-10-01,,6
7147f314,1029819,18,1,11,3,0,2,1,0,0,5,0,0,0,0,0,0,0,male,England in Bangladesh ODI Series,ODI,Sabbir Rahman,caught,Bangladesh,England,2016-10-07,,6
7147f314,1029821,3,1,21,0,0,0,0,0,0,18,0,0,0,0,0,0,0,male,England in Bangladesh ODI Series,ODI,Sabbir Rahman,0,Bangladesh,England,2016-10-09,,6
7147f314,1029823,49,1,48,5,0,0,0,0,0,18,0,0,0,0,0,0,0,male,England in Bangladesh ODI Series,ODI,Sabbir Rahman,0,Bangladesh,England,2016-10-12,,6
7147f314,1029825,83,1,134,6,2,2,0,0,0,89,0,11,0,0,0,0,11,male,England in Bangladesh Test Series,Test,Sabbir Rahman,0,Bangladesh,England,2016-10-20,2016-10-21,6
7147f314,1029827,15,2,23,3,0,0,0,0,0,18,0,12,0,0,0,0,22,male,England in Bangladesh Test Series,Test,Sabbir Rahman,0,Bangladesh,England,2016-10-28,2016-10-29,6
7147f314,1063055,4,1,4,1,0,0,0,0,0,3,0,0,0,0,0,0,0,male,Bangladesh Premier League,T20,Sabbir Rahman,bowled,Rajshahi Kings,Khulna Titans,2016-11-09,,6
7147f314,1063058,31,1,42,3,0,0,0,0,0,21,0,0,0,0,0,0,0,male,Bangladesh Premier League,T20,Sabbir Rahman,0,Rajshahi Kings,Dhaka Dynamites,2016-11-11,,6
7147f314,1063061,122,1,62,9,9,0,1,0,0,19,0,0,0,0,0,0,0,male,Bangladesh Premier League,T20,Sabbir Rahman,caught,Rajshahi Kings,Barisal Bulls,2016-11-13,,6
7147f314,1063065,46,1,30,1,4,0,0,0,0,8,0,0,0,0,0,0,0,male,Bangladesh Premier League,T20,Sabbir Rahman,caught,Rajshahi Kings,Chittagong Vikings,2016-11-18,,6
7147f314,1063068,0,1,1,0,0,0,0,0,0,1,0,0,0,0,0,0,0,male,Bangladesh Premier League,T20,Sabbir Rahman,caught,Rajshahi Kings,Comilla Victorians,2016-11-19,,6
7147f314,1063069,7,1,9,1,0,1,0,0,0,6,0,0,0,0,0,0,0,male,Bangladesh Premier League,T20,Sabbir Rahman,0,Rajshahi Kings,Dhaka Dynamites,2016-11-21,,6
7147f314,1063073,31,1,25,4,1,0,0,0,0,12,0,0,0,0,0,0,0,male,Bangladesh Premier League,T20,Sabbir Rahman,0,Rajshahi Kings,Rangpur Riders,2016-11-25,,6
7147f314,1063076,16,1,18,1,1,0,0,1,0,10,0,0,0,0,0,0,0,male,Bangladesh Premier League,T20,Sabbir Rahman,lbw,Rajshahi Kings,Khulna Titans,2016-11-26,,6
7147f314,1063051,16,1,21,2,0,0,0,0,0,13,0,0,0,0,0,0,0,male,Bangladesh Premier League,T20,Sabbir Rahman,caught and bowled,Rajshahi Kings,Rangpur Riders,2016-11-28,,6
7147f314,1063047,8,1,12,0,0,1,0,0,0,6,0,0,0,0,0,0,0,male,Bangladesh Premier League,T20,Sabbir Rahman,caught,Rajshahi Kings,Comilla Victorians,2016-11-30,,6
7147f314,1063082,8,1,6,2,0,0,0,0,0,4,0,0,0,0,0,0,0,male,Bangladesh Premier League,T20,Sabbir Rahman,caught,Rajshahi Kings,Barisal Bulls,2016-12-01,,6
7147f314,1063086,8,1,9,1,0,1,0,0,0,4,0,0,0,0,0,0,0,male,Bangladesh Premier League,T20,Sabbir Rahman,lbw,Rajshahi Kings,Chittagong Vikings,2016-12-03,,6
7147f314,1063089,11,1,13,0,1,0,1,0,0,8,0,0,0,0,0,0,0,male,Bangladesh Premier League,T20,Sabbir Rahman,0,Rajshahi Kings,Chittagong Vikings,2016-12-06,,6
7147f314,1063091,43,0,53,2,1,0,0,0,0,26,0,0,0,0,0,0,0,male,Bangladesh Premier League,T20,Sabbir Rahman,0,Rajshahi Kings,Khulna Titans,2016-12-07,,6
7147f314,1063092,26,0,23,2,0,0,0,0,0,6,0,0,0,0,0,0,0,male,Bangladesh Premier League,T20,Sabbir Rahman,0,Rajshahi Kings,Dhaka Dynamites,2016-12-09,,6
7147f314,1019973,16,1,11,0,1,0,0,0,0,3,0,0,0,0,0,0,0,male,Bangladesh in New Zealand ODI Series,ODI,Sabbir Rahman,0,Bangladesh,New Zealand,2016-12-26,,6
7147f314,1019975,38,0,50,2,3,0,0,0,0,34,0,0,0,0,0,0,0,male,Bangladesh in New Zealand ODI Series,ODI,Sabbir Rahman,0,Bangladesh,New Zealand,2016-12-29,,6
7147f314,1019977,19,1,16,4,0,0,0,0,0,10,0,21,0,0,0,0,5,male,Bangladesh in New Zealand ODI Series,ODI,Sabbir Rahman,0,Bangladesh,New Zealand,2016-12-31,,6
7147f314,1019979,16,1,16,1,1,0,0,0,0,9,0,0,0,0,0,0,0,male,Bangladesh in New Zealand T20I Series,T20,Sabbir Rahman,caught,Bangladesh,New Zealand,2017-01-03,,6
7147f314,1019981,48,1,37,3,3,0,0,0,0,18,0,0,0,0,0,0,0,male,Bangladesh in New Zealand T20I Series,T20,Sabbir Rahman,caught,Bangladesh,New Zealand,2017-01-06,,6
7147f314,1019983,18,1,17,2,0,0,0,0,0,5,0,0,0,0,0,0,0,male,Bangladesh in New Zealand T20I Series,T20,Sabbir Rahman,bowled,Bangladesh,New Zealand,2017-01-08,,6
7147f314,1019985,104,1,187,16,0,0,0,0,0,146,0,0,0,0,0,0,0,male,Bangladesh in New Zealand Test Series,Test,Sabbir Rahman,caught,Bangladesh,New Zealand,2017-01-12,2017-01-13,6
7147f314,1019987,7,2,19,1,0,0,0,0,0,16,0,0,0,0,0,0,0,male,Bangladesh in New Zealand Test Series,Test,Sabbir Rahman,caught,Bangladesh,New Zealand,2017-01-20,2017-01-21,6
7147f314,1041761,38,2,96,5,1,0,0,0,0,81,0,10,0,0,0,0,9,male,,Test,Sabbir Rahman,0,Bangladesh,India,2017-02-09,2017-02-10,6
7147f314,1083445,83,2,131,10,0,0,0,0,0,87,0,0,0,0,0,0,0,male,Bangladesh in Sri Lanka Test Series,Test,Sabbir Rahman,caught,Bangladesh,Sri Lanka,2017-03-15,2017-03-16,6
7147f314,1083446,54,1,59,10,0,1,0,0,0,36,0,0,0,0,0,0,0,male,Bangladesh in Sri Lanka ODI Series,ODI,Sabbir Rahman,0,Bangladesh,Sri Lanka,2017-03-25,,6
7147f314,1083447,0,0,0,0,0,0,0,0,0,0,0,0,0,0,0,0,0,male,Bangladesh in Sri Lanka ODI Series,ODI,Sabbir Rahman,0,Bangladesh,Sri Lanka,2017-03-28,,6
7147f314,1083448,0,1,3,0,0,0,0,0,0,3,0,0,0,0,0,0,0,male,Bangladesh in Sri Lanka ODI Series,ODI,Sabbir Rahman,0,Bangladesh,Sri Lanka,2017-04-01,,6
7147f314,1083449,16,1,15,2,0,0,1,0,0,7,0,0,0,0,0,0,0,male,Bangladesh in Sri Lanka T20I Series,T20,Sabbir Rahman,run out,Bangladesh,Sri Lanka,2017-04-04,,6
7147f314,1083450,19,1,19,0,1,0,0,0,0,7,0,0,0,0,0,0,0,male,Bangladesh in Sri Lanka T20I Series,T20,Sabbir Rahman,0,Bangladesh,Sri Lanka,2017-04-06,,6
7147f314,1033361,0,1,3,0,0,0,0,0,0,3,0,0,0,0,0,0,0,male,Ireland Tri-Nation Series,ODI,Sabbir Rahman,caught,Bangladesh,Ireland,2017-05-12,,6
7147f314,1033365,1,1,4,0,0,0,1,0,0,3,0,0,0,0,0,0,0,male,Ireland Tri-Nation Series,ODI,Sabbir Rahman,bowled,Bangladesh,New Zealand,2017-05-17,,6
7147f314,1033367,35,1,34,3,1,1,0,0,0,19,0,0,0,0,0,0,0,male,Ireland Tri-Nation Series,ODI,Sabbir Rahman,caught,Bangladesh,Ireland,2017-05-19,,6
7147f314,1033371,65,1,85,9,0,0,0,0,0,53,0,0,0,0,0,0,0,male,Ireland Tri-Nation Series,ODI,Sabbir Rahman,0,Bangladesh,New Zealand,2017-05-24,,6
7147f314,1022347,24,1,15,3,0,0,0,0,0,3,0,13,1,0,0,0,1,male,ICC Champions Trophy,ODI,Sabbir Rahman,0,Bangladesh,England,2017-06-01,,6
7147f314,1022355,8,1,14,0,0,0,0,0,0,7,0,0,0,0,0,0,0,male,ICC Champions Trophy,ODI,Sabbir Rahman,caught,Bangladesh,Australia,2017-06-05,,6
7147f314,1022363,8,1,9,2,0,0,0,0,0,7,0,0,0,0,0,0,0,male,ICC Champions Trophy,ODI,Sabbir Rahman,0,Bangladesh,New Zealand,2017-06-09,,6
7147f314,1022373,19,1,21,4,0,0,0,0,0,15,0,11,0,0,0,0,2,male,ICC Champions Trophy,ODI,Sabbir Rahman,caught,Bangladesh,India,2017-06-15,,6
7147f314,1104284,22,2,37,2,1,0,0,0,0,27,0,0,0,0,0,0,0,male,Australia tour of Bangladesh,Test,Sabbir Rahman,caught,Bangladesh,Australia,2017-08-27,2017-08-28,6
7147f314,1104285,90,2,172,8,1,0,0,0,0,124,0,9,0,0,0,0,2,male,Australia tour of Bangladesh,Test,Sabbir Rahman,stumped,Bangladesh,Australia,2017-09-04,2017-09-05,6
7147f314,1075502,34,2,54,5,1,0,0,0,0,41,0,41,0,0,0,1,32,male,Bangladesh tour of South Africa,Test,Sabbir Rahman,0,Bangladesh,South Africa,2017-09-28,2017-09-29,6
7147f314,1075503,4,2,18,1,0,0,0,0,0,17,0,16,0,0,0,0,3,male,Bangladesh tour of South Africa,Test,Sabbir Rahman,caught,Bangladesh,South Africa,2017-10-06,2017-10-07,6
7147f314,1075504,19,1,21,1,1,0,0,0,0,11,0,0,0,0,0,0,0,male,Bangladesh tour of South Africa,ODI,Sabbir Rahman,caught,Bangladesh,South Africa,2017-10-15,,6
7147f314,1075505,17,1,18,2,0,1,0,0,0,7,0,11,0,0,0,0,1,male,Bangladesh tour of South Africa,ODI,Sabbir Rahman,0,Bangladesh,South Africa,2017-10-18,,6
7147f314,1075506,39,1,50,6,0,0,0,0,0,31,0,8,0,0,0,0,1,male,Bangladesh tour of South Africa,ODI,Sabbir Rahman,0,Bangladesh,South Africa,2017-10-22,,6
7147f314,1075507,19,1,18,0,2,0,0,0,0,9,0,0,0,0,0,0,0,male,Bangladesh tour of South Africa,T20,Sabbir Rahman,caught,Bangladesh,South Africa,2017-10-26,,6
7147f314,1075508,5,1,5,1,0,0,0,0,0,3,0,0,0,0,0,0,0,male,Bangladesh tour of South Africa,T20,Sabbir Rahman,0,Bangladesh,South Africa,2017-10-29,,6
7147f314,1121245,2,0,3,0,0,1,0,0,0,1,0,0,0,0,0,0,0,male,Bangladesh Premier League,T20,Sabbir Rahman,0,Sylhet Sixers,Dhaka Dynamites,2017-11-04,,6
7147f314,1121247,3,1,5,0,0,1,0,0,0,2,0,0,0,0,0,0,0,male,Bangladesh Premier League,T20,Sabbir Rahman,0,Sylhet Sixers,Comilla Victorians,2017-11-05,,6
7147f314,1121250,16,1,15,0,1,4,0,0,0,5,0,0,0,0,0,0,0,male,Bangladesh Premier League,T20,Sabbir Rahman,0,Sylhet Sixers,Rajshahi Kings,2017-11-07,,6
7147f314,1121252,0,1,6,0,0,0,0,0,0,6,0,0,0,0,0,0,0,male,Bangladesh Premier League,T20,Sabbir Rahman,caught,Sylhet Sixers,Khulna Titans,2017-11-08,,6
7147f314,1121254,1,1,5,0,0,0,0,0,0,4,0,0,0,0,0,0,0,male,Bangladesh Premier League,T20,Sabbir Rahman,0,Sylhet Sixers,Dhaka Dynamites,2017-11-11,,6
7147f314,1121261,41,1,27,1,4,0,0,0,0,11,0,0,0,0,0,0,0,male,Bangladesh Premier League,T20,Sabbir Rahman,caught,Sylhet Sixers,Rajshahi Kings,2017-11-17,,6
7147f314,1121266,70,1,49,7,2,1,0,0,0,14,0,0,0,0,0,0,0,male,Bangladesh Premier League,T20,Sabbir Rahman,caught,Sylhet Sixers,Rangpur Riders,2017-11-20,,6
7147f314,1121270,3,1,4,0,0,0,0,0,0,2,0,0,0,0,0,0,0,male,Bangladesh Premier League,T20,Sabbir Rahman,0,Sylhet Sixers,Chittagong Vikings,2017-11-24,,6
7147f314,1121275,44,1,40,5,0,0,0,0,0,13,0,0,0,0,0,0,0,male,Bangladesh Premier League,T20,Sabbir Rahman,0,Sylhet Sixers,Rangpur Riders,2017-11-28,,6
7147f314,1121281,0,0,0,0,0,1,0,0,0,0,0,0,0,0,0,0,0,male,Bangladesh Premier League,T20,Sabbir Rahman,0,Sylhet Sixers,Chittagong Vikings,2017-12-03,,6
7147f314,1121286,31,1,20,4,1,1,0,0,0,8,0,0,0,0,0,0,0,male,Bangladesh Premier League,T20,Sabbir Rahman,caught,Sylhet Sixers,Comilla Victorians,2017-12-06,,6
7147f314,1130737,0,0,0,0,0,2,0,0,0,0,0,0,0,0,0,0,0,male,Tri-Nation Tournament in Bangladesh,ODI,Sabbir Rahman,0,Bangladesh,Zimbabwe,2018-01-15,,6
7147f314,1130739,24,0,12,3,1,0,0,0,0,2,0,0,0,0,0,0,0,male,Tri-Nation Tournament in Bangladesh,ODI,Sabbir Rahman,0,Bangladesh,Sri Lanka,2018-01-19,,6
7147f314,1130741,6,1,11,0,0,3,0,0,0,6,0,0,0,0,0,0,0,male,Tri-Nation Tournament in Bangladesh,ODI,Sabbir Rahman,caught,Bangladesh,Zimbabwe,2018-01-23,,6
7147f314,1130742,10,1,12,2,0,0,0,0,0,8,0,0,0,0,0,0,0,male,Tri-Nation Tournament in Bangladesh,ODI,Sabbir Rahman,caught,Bangladesh,Sri Lanka,2018-01-25,,6
7147f314,1130743,2,1,10,0,0,1,0,0,0,8,0,0,0,0,0,0,0,male,Tri-Nation Tournament in Bangladesh,ODI,Sabbir Rahman,0,Bangladesh,Sri Lanka,2018-01-27,,6
7147f314,1130745,1,2,5,0,0,1,0,0,0,4,0,0,0,0,0,0,0,male,Sri Lanka tour of Bangladesh,Test,Sabbir Rahman,0,Bangladesh,Sri Lanka,2018-02-08,2018-02-09,6
7147f314,1130746,1,1,3,0,0,0,0,0,0,2,0,0,0,0,0,0,0,male,Sri Lanka tour of Bangladesh,T20,Sabbir Rahman,0,Bangladesh,Sri Lanka,2018-02-15,,6
7147f314,1128827,11,1,11,1,0,3,0,0,0,5,0,0,0,0,0,0,0,male,Pakistan Super League,T20,Sabbir Rahman,caught,Peshawar Zalmi,Quetta Gladiators,2018-03-01,,6
7147f314,1128831,0,0,0,0,0,0,0,0,0,0,0,0,0,0,0,0,0,male,Pakistan Super League,T20,Sabbir Rahman,0,Peshawar Zalmi,Lahore Qalandars,2018-03-03,,6
7147f314,1133818,30,1,31,3,1,0,0,0,0,16,0,0,0,0,0,0,0,male,Nidahas Trophy,T20,Sabbir Rahman,caught,Bangladesh,India,2018-03-08,,6
7147f314,1133819,0,1,2,0,0,3,0,0,0,2,0,0,0,0,0,0,0,male,Nidahas Trophy,T20,Sabbir Rahman,0,Bangladesh,Sri Lanka,2018-03-10,,6
7147f314,1133821,27,1,23,2,1,0,0,0,0,10,0,0,0,0,0,0,0,male,Nidahas Trophy,T20,Sabbir Rahman,bowled,Bangladesh,India,2018-03-14,,6
7147f314,1133822,13,1,8,3,0,1,0,0,0,4,0,0,0,0,0,0,0,male,Nidahas Trophy,T20,Sabbir Rahman,0,Bangladesh,Sri Lanka,2018-03-16,,6
7147f314,1133823,77,1,51,7,4,2,0,0,0,17,0,0,0,0,0,0,0,male,Nidahas Trophy,T20,Sabbir Rahman,0,Bangladesh,India,2018-03-18,,6
7147f314,1145982,0,1,1,0,0,0,0,0,0,1,0,0,0,0,0,0,0,male,Afghanistan tour of India,T20,Sabbir Rahman,lbw,Bangladesh,Afghanistan,2018-06-03,,6
7147f314,1145983,13,1,9,3,0,0,0,0,0,5,0,0,0,0,0,0,0,male,Afghanistan tour of India,T20,Sabbir Rahman,0,Bangladesh,Afghanistan,2018-06-05,,6
7147f314,1146720,3,1,4,0,0,0,0,0,0,1,0,0,0,0,0,0,0,male,Bangladesh tour of West Indies and United States of America,ODI,Sabbir Rahman,0,Bangladesh,West Indies,2018-07-22,,6
7147f314,1146721,12,1,11,1,0,1,0,0,0,3,0,0,0,0,0,0,0,male,Bangladesh tour of West Indies and United States of America,ODI,Sabbir Rahman,0,Bangladesh,West Indies,2018-07-25,,6
7147f314,1146722,12,1,9,2,0,0,0,0,0,3,0,0,0,0,0,0,0,male,Bangladesh tour of West Indies and United States of America,ODI,Sabbir Rahman,caught,Bangladesh,West Indies,2018-07-28,,6
7147f314,1169381,7,1,6,0,1,1,0,0,0,4,0,0,0,0,0,0,0,male,Bangladesh Premier League,T20,Sabbir Rahman,caught,Sylhet Sixers,Comilla Victorians,2019-01-06,,6
7147f314,1169385,0,1,6,0,0,1,0,0,0,6,0,0,0,0,0,0,0,male,Bangladesh Premier League,T20,Sabbir Rahman,0,Sylhet Sixers,Chittagong Vikings,2019-01-09,,6
7147f314,1169390,12,1,12,2,0,0,0,0,0,6,0,0,0,0,0,0,0,male,Bangladesh Premier League,T20,Sabbir Rahman,caught,Sylhet Sixers,Dhaka Dynamites,2019-01-12,,6
7147f314,1169394,6,1,12,1,0,0,0,0,0,9,0,0,0,0,0,0,0,male,Bangladesh Premier League,T20,Sabbir Rahman,lbw,Sylhet Sixers,Comilla Victorians,2019-01-15,,6
7147f314,1169396,20,1,20,1,1,1,0,0,0,8,0,0,0,0,0,0,0,male,Bangladesh Premier League,T20,Sabbir Rahman,0,Sylhet Sixers,Rangpur Riders,2019-01-16,,6
7147f314,1169397,11,1,16,1,0,2,0,0,0,9,0,0,0,0,0,0,0,male,Bangladesh Premier League,T20,Sabbir Rahman,caught,Sylhet Sixers,Dhaka Dynamites,2019-01-18,,6
7147f314,1169399,85,1,54,5,6,1,0,0,0,16,0,0,0,0,0,0,0,male,Bangladesh Premier League,T20,Sabbir Rahman,0,Sylhet Sixers,Rangpur Riders,2019-01-19,,6
7147f314,1169406,13,1,12,1,1,1,0,0,0,7,0,0,0,0,0,0,0,male,Bangladesh Premier League,T20,Sabbir Rahman,caught,Sylhet Sixers,Khulna Titans,2019-01-23,,6
7147f314,1169407,1,1,3,0,0,0,0,0,0,2,0,0,0,0,0,0,0,male,Bangladesh Premier League,T20,Sabbir Rahman,lbw,Sylhet Sixers,Rajshahi Kings,2019-01-25,,6
7147f314,1169409,44,0,32,4,2,1,0,0,0,10,0,0,0,0,0,0,0,male,Bangladesh Premier League,T20,Sabbir Rahman,0,Sylhet Sixers,Khulna Titans,2019-01-26,,6
7147f314,1169416,45,1,40,4,2,1,0,0,0,18,0,0,0,0,0,0,0,male,Bangladesh Premier League,T20,Sabbir Rahman,caught,Sylhet Sixers,Rajshahi Kings,2019-01-30,,6
7147f314,1169418,32,1,28,2,2,0,0,0,0,14,0,0,0,0,0,0,0,male,Bangladesh Premier League,T20,Sabbir Rahman,0,Sylhet Sixers,Chittagong Vikings,2019-02-01,,6
7147f314,1153844,13,1,21,2,0,0,0,0,0,14,0,41,0,0,0,0,15,male,Bangladesh tour of New Zealand,ODI,Sabbir Rahman,stumped,Bangladesh,New Zealand,2019-02-13,,6
7147f314,1153845,43,1,68,7,0,0,0,0,0,46,0,28,0,0,0,0,7,male,Bangladesh tour of New Zealand,ODI,Sabbir Rahman,0,Bangladesh,New Zealand,2019-02-16,,6
7147f314,1153846,102,1,113,12,2,0,0,0,0,58,0,0,0,0,0,0,0,male,Bangladesh tour of New Zealand,ODI,Sabbir Rahman,0,Bangladesh,New Zealand,2019-02-20,,6
7147f314,1168509,0,0,0,0,0,1,0,0,0,0,0,0,0,0,0,0,0,male,Ireland Tri-Nation Series,ODI,Sabbir Rahman,0,Bangladesh,West Indies,2019-05-07,,6
7147f314,1168512,0,0,1,0,0,1,0,0,0,1,0,0,0,0,0,0,0,male,Ireland Tri-Nation Series,ODI,Sabbir Rahman,0,Bangladesh,West Indies,2019-05-13,,6
7147f314,1168513,7,0,8,1,0,0,0,0,0,4,0,0,0,0,0,0,0,male,Ireland Tri-Nation Series,ODI,Sabbir Rahman,0,Bangladesh,Ireland,2019-05-15,,6
7147f314,1168514,0,1,2,0,0,0,0,0,0,2,0,13,0,0,0,0,5,male,Ireland Tri-Nation Series,ODI,Sabbir Rahman,lbw,Bangladesh,West Indies,2019-05-17,,6
7147f314,1144508,0,1,1,0,0,0,0,0,0,1,0,0,0,0,0,0,0,male,World Cup,ODI,Sabbir Rahman,bowled,Bangladesh,Australia,2019-06-20,,6
7147f314,1144522,36,1,40,5,0,0,0,0,0,20,0,0,0,0,0,0,0,male,World Cup,ODI,Sabbir Rahman,bowled,Bangladesh,India,2019-07-02,,6
7147f314,1193504,60,1,59,7,0,2,0,0,0,27,0,0,0,0,0,0,0,male,Bangladesh tour of Sri Lanka,ODI,Sabbir Rahman,0,Bangladesh,Sri Lanka,2019-07-26,,6
7147f314,1193505,11,1,19,2,0,0,0,0,0,14,0,20,0,0,0,0,8,male,Bangladesh tour of Sri Lanka,ODI,Sabbir Rahman,0,Bangladesh,Sri Lanka,2019-07-28,,6
7147f314,1193506,7,1,17,0,0,3,0,0,0,11,0,0,0,0,0,0,0,male,Bangladesh tour of Sri Lanka,ODI,Sabbir Rahman,caught,Bangladesh,Sri Lanka,2019-07-31,,6
7147f314,1197140,15,1,16,1,0,1,0,0,0,6,0,0,0,0,0,0,0,male,Bangladesh Twenty20 Tri-Series,T20,Sabbir Rahman,0,Bangladesh,Zimbabwe,2019-09-13,,6
7147f314,1197142,24,1,28,1,0,2,0,0,0,11,0,0,0,0,0,0,0,male,Bangladesh Twenty20 Tri-Series,T20,Sabbir Rahman,0,Bangladesh,Afghanistan,2019-09-15,,6
7147f314,1197145,1,1,2,0,0,0,0,0,0,1,0,0,0,0,0,0,0,male,Bangladesh Twenty20 Tri-Series,T20,Sabbir Rahman,caught,Bangladesh,Afghanistan,2019-09-21,,6
7147f314,1208068,19,1,17,3,0,1,0,0,0,8,0,4,0,0,0,0,5,male,Bangladesh Premier League,T20,Sabbir Rahman,0,Cumilla Warriors,Rangpur Rangers,2019-12-11,,6
7147f314,1208072,4,1,4,1,0,1,0,0,0,3,0,0,0,0,0,0,0,male,Bangladesh Premier League,T20,Sabbir Rahman,0,Cumilla Warriors,Dhaka Platoon,2019-12-13,,6
7147f314,1208077,49,1,41,3,2,1,1,0,0,12,0,0,0,0,0,0,0,male,Bangladesh Premier League,T20,Sabbir Rahman,caught,Cumilla Warriors,Rangpur Rangers,2019-12-18,,6
7147f314,1208080,5,1,5,1,0,1,0,0,0,3,0,0,0,0,0,0,0,male,Bangladesh Premier League,T20,Sabbir Rahman,0,Cumilla Warriors,Chattogram Challengers,2019-12-20,,6
7147f314,1208083,0,1,7,0,0,0,0,0,0,7,0,0,0,0,0,0,0,male,Bangladesh Premier League,T20,Sabbir Rahman,0,Cumilla Warriors,Dhaka Platoon,2019-12-23,,6
7147f314,1208086,5,1,6,1,0,0,0,0,0,4,0,0,0,0,0,0,0,male,Bangladesh Premier League,T20,Sabbir Rahman,0,Cumilla Warriors,Rajshahi Royals,2019-12-24,,6
7147f314,1208089,25,1,24,1,1,0,0,0,0,9,0,0,0,0,0,0,0,male,Bangladesh Premier League,T20,Sabbir Rahman,0,Cumilla Warriors,Rajshahi Royals,2019-12-28,,6
7147f314,1208093,18,1,15,2,0,1,0,0,0,3,0,0,0,0,0,0,0,male,Bangladesh Premier League,T20,Sabbir Rahman,caught,Cumilla Warriors,Chattogram Challengers,2019-12-31,,6
7147f314,1208096,17,1,25,0,0,1,0,0,0,8,0,0,0,0,0,0,0,male,Bangladesh Premier League,T20,Sabbir Rahman,0,Cumilla Warriors,Sylhet Thunder,2020-01-02,,6
7147f314,1208103,62,1,41,7,2,0,0,0,0,12,0,0,0,0,0,0,0,male,Bangladesh Premier League,T20,Sabbir Rahman,caught,Cumilla Warriors,Khulna Tigers,2020-01-08,,6
7147f314,1208106,0,1,1,0,0,1,0,0,0,1,0,0,0,0,0,0,0,male,Bangladesh Premier League,T20,Sabbir Rahman,0,Cumilla Warriors,Khulna Tigers,2020-01-10,,6
7147f314,1296685,8,1,10,2,0,0,0,0,0,8,0,0,0,0,0,0,0,male,Bangladesh Premier League,T20,Sabbir Rahman,lbw,Chattogram Challengers,Fortune Barishal,2022-01-21,,6
7147f314,1296688,29,1,18,2,2,0,0,1,0,5,0,0,0,0,0,0,0,male,Bangladesh Premier League,T20,Sabbir Rahman,bowled,Chattogram Challengers,Minister Group Dhaka,2022-01-22,,6
7147f314,1296690,32,1,34,0,1,0,0,0,0,10,0,0,0,0,0,0,0,male,Bangladesh Premier League,T20,Sabbir Rahman,caught,Chattogram Challengers,Khulna Tigers,2022-01-24,,6
7147f314,1296693,4,1,4,1,0,0,0,0,0,3,0,0,0,0,0,0,0,male,Bangladesh Premier League,T20,Sabbir Rahman,0,Chattogram Challengers,Khulna Tigers,2022-01-28,,6
7147f314,1296696,31,1,29,4,0,0,0,0,0,11,0,0,0,0,0,0,0,male,Bangladesh Premier League,T20,Sabbir Rahman,caught,Chattogram Challengers,Sylhet Sunrisers,2022-01-29,,6
7147f314,1296697,5,1,7,1,0,2,0,0,0,5,0,0,0,0,0,0,0,male,Bangladesh Premier League,T20,Sabbir Rahman,0,Chattogram Challengers,Comilla Victorians,2022-01-31,,6
7147f314,1327273,5,1,6,1,0,0,0,0,0,4,0,0,0,0,0,0,0,male,Asia Cup,T20,Sabbir Rahman,caught,Bangladesh,Sri Lanka,2022-09-01,,6
7147f314,1336031,0,1,3,0,0,0,0,0,0,3,0,0,0,0,0,0,0,male,Bangladesh tour of United Arab Emirates,T20,Sabbir Rahman,caught,Bangladesh,United Arab Emirates,2022-09-25,,6
7147f314,1336032,12,1,9,1,1,0,0,0,0,5,0,9,0,0,0,0,0,male,Bangladesh tour of United Arab Emirates,T20,Sabbir Rahman,lbw,Bangladesh,United Arab Emirates,2022-09-27,,6
7147f314,1322334,14,1,21,1,0,0,0,0,0,12,0,0,0,0,0,0,0,male,New Zealand T20I Tri-Series,T20,Sabbir Rahman,caught and bowled,Bangladesh,Pakistan,2022-10-07,,6
7147f314,1351054,11,0,11,0,0,0,0,0,0,2,0,0,0,0,0,0,0,male,Bangladesh Premier League,T20,Sabbir Rahman,0,Khulna Tigers,Dhaka Dominators,2023-01-07,,6
7147f314,1351057,10,1,7,0,1,0,0,0,0,2,0,0,0,0,0,0,0,male,Bangladesh Premier League,T20,Sabbir Rahman,0,Khulna Tigers,Chattogram Challengers,2023-01-09,,6
7147f314,1351061,1,1,2,0,0,0,0,0,0,1,0,0,0,0,0,0,0,male,Bangladesh Premier League,T20,Sabbir Rahman,0,Khulna Tigers,Rangpur Riders,2023-01-13,,6
7147f314,1351090,6,1,9,0,0,0,0,0,0,5,0,0,0,0,0,0,0,male,Bangladesh Premier League,T20,Sabbir Rahman,caught,Khulna Tigers,Sylhet Strikers,2023-02-08,,6
7147f314,1351093,2,1,6,0,0,0,0,0,0,4,0,9,0,0,0,0,3,male,Bangladesh Premier League,T20,Sabbir Rahman,lbw,Khulna Tigers,Fortune Barishal,2023-02-10,,6
