player_id,match_id,runs_scored,player_out,balls_faced,fours_scored,sixes_scored,catches_taken,run_out_direct,run_out_throw,stumpings_done,dot_balls_as_batsman,order_seenballs_bowled,runs_conceded,wickets_taken,bowled_done,lbw_done,maidens,dot_balls_as_bowler,gender,series_name,match_type,name,out_kind,player_team,opposition_team,start_date,end_date,balls_per_over
bb95564b,1208081,20,1,20,2,0,0,0,0,0,6,0,0,0,0,0,0,0,male,Bangladesh Premier League,T20,Saif Hassan,run out,Khulna Tigers,Sylhet Thunder,2019-12-21,,6
bb95564b,1213062,16,2,27,4,0,0,0,0,0,23,0,0,0,0,0,0,0,male,Bangladesh in Pakistan Test Series,Test,Saif Hassan,caught,Bangladesh,Pakistan,2020-02-07,2020-02-08,6
bb95564b,1214666,8,1,12,2,0,0,0,0,0,10,0,0,0,0,0,0,0,male,Zimbabwe tour of Bangladesh,Test,Saif Hassan,caught,Bangladesh,Zimbabwe,2020-02-22,2020-02-23,6
bb95564b,1255828,1,2,14,0,0,0,0,0,0,13,0,5,0,0,0,0,7,male,Sri Lanka v Bangladesh,Test,Saif Hassan,caught,Bangladesh,Sri Lanka,2021-04-21,2021-04-22,6
bb95564b,1255829,59,2,108,9,2,0,0,0,0,90,0,22,1,0,0,0,8,male,Bangladesh tour of Sri Lanka,Test,Saif Hassan,caught,Bangladesh,Sri Lanka,2021-04-29,2021-04-30,6
bb95564b,1267676,43,2,101,6,0,0,0,0,0,79,0,0,0,0,0,0,0,male,Bangladesh tour of Zimbabwe,Test,Saif Hassan,caught,Bangladesh,Zimbabwe,2021-07-07,2021-07-08,6
bb95564b,1277974,1,1,10,0,0,0,0,0,0,9,0,0,0,0,0,0,0,male,Pakistan tour of Bangladesh,T20,Saif Hassan,0,Bangladesh,Pakistan,2021-11-19,,6
bb95564b,1277975,0,1,1,0,0,1,0,0,0,1,0,1,0,0,0,0,0,male,Pakistan tour of Bangladesh,T20,Saif Hassan,0,Bangladesh,Pakistan,2021-11-20,,6
bb95564b,1277977,32,2,46,6,0,0,0,0,0,34,0,0,0,0,0,0,0,male,Pakistan tour of Bangladesh,Test,Saif Hassan,caught and bowled,Bangladesh,Pakistan,2021-11-26,2021-11-27,6
bb95564b,1351071,10,1,6,2,0,0,0,0,0,2,0,0,0,0,0,0,0,male,Bangladesh Premier League,T20,Saif Hassan,0,Fortune Barishal,Dhaka Dominators,2023-01-20,,6
bb95564b,1351074,31,1,19,0,4,1,0,0,0,9,0,0,0,0,0,0,0,male,Bangladesh Premier League,T20,Saif Hassan,0,Fortune Barishal,Sylhet Strikers,2023-01-24,,6
bb95564b,1351077,10,1,9,2,0,0,0,0,0,5,0,0,0,0,0,0,0,male,Bangladesh Premier League,T20,Saif Hassan,caught and bowled,Fortune Barishal,Chattogram Challengers,2023-01-27,,6
bb95564b,1351082,15,1,19,3,0,0,0,0,0,13,0,0,0,0,0,0,0,male,Bangladesh Premier League,T20,Saif Hassan,0,Fortune Barishal,Dhaka Dominators,2023-01-31,,6
bb95564b,1399116,50,0,57,1,3,0,0,0,0,28,0,21,0,0,0,0,20,male,Asian Games Men's Cricket Competition,T20,Saif Hassan,0,Bangladesh,Malaysia,2023-10-04,,6
bb95564b,1399117,1,1,2,0,0,0,0,0,0,1,0,10,0,0,0,0,2,male,Asian Games Men's Cricket Competition,T20,Saif Hassan,caught,Bangladesh,India,2023-10-06,,6
bb95564b,1399119,0,1,1,0,0,0,0,0,0,1,0,0,0,0,0,0,0,male,Asian Games Men's Cricket Competition,T20,Saif Hassan,0,Bangladesh,Pakistan,2023-10-07,,6
bb95564b,1412274,7,1,8,0,0,0,0,0,0,3,0,0,0,0,0,0,0,male,Bangladesh Premier League,T20,Saif Hassan,0,Durdanto Dhaka,Comilla Victorians,2024-01-19,,6
bb95564b,1412278,9,1,9,2,0,0,0,0,0,6,0,0,0,0,0,0,0,male,Bangladesh Premier League,T20,Saif Hassan,0,Durdanto Dhaka,Chattogram Challengers,2024-01-22,,6
bb95564b,1412290,17,1,19,2,0,0,0,0,0,9,0,0,0,0,0,0,0,male,Bangladesh Premier League,T20,Saif Hassan,run out,Durdanto Dhaka,Sylhet Strikers,2024-02-02,,6
bb95564b,1412297,41,1,32,6,1,0,0,0,0,15,0,14,0,0,0,0,4,male,Bangladesh Premier League,T20,Saif Hassan,0,Durdanto Dhaka,Sylhet Strikers,2024-02-07,,6
bb95564b,1412299,57,1,44,4,3,1,0,0,0,15,0,20,0,0,0,0,3,male,Bangladesh Premier League,T20,Saif Hassan,caught,Durdanto Dhaka,Comilla Victorians,2024-02-09,,6
bb95564b,1412301,12,1,14,1,1,0,0,0,0,10,0,0,0,0,0,0,0,male,Bangladesh Premier League,T20,Saif Hassan,0,Durdanto Dhaka,Fortune Barishal,2024-02-10,,6
bb95564b,1412304,2,1,4,0,0,1,0,0,0,3,0,0,0,0,0,0,0,male,Bangladesh Premier League,T20,Saif Hassan,0,Durdanto Dhaka,Fortune Barishal,2024-02-14,,6
bb95564b,1412306,0,1,1,0,0,0,0,0,0,1,0,0,0,0,0,0,0,male,Bangladesh Premier League,T20,Saif Hassan,bowled,Durdanto Dhaka,Khulna Tigers,2024-02-16,,6
