player_id,match_id,runs_scored,player_out,balls_faced,fours_scored,sixes_scored,catches_taken,run_out_direct,run_out_throw,stumpings_done,dot_balls_as_batsman,order_seenballs_bowled,runs_conceded,wickets_taken,bowled_done,lbw_done,maidens,dot_balls_as_bowler,gender,series_name,match_type,name,out_kind,player_team,opposition_team,start_date,end_date,balls_per_over
037f2b86,584923,2,1,3,0,0,0,0,1,0,1,0,6,3,2,0,1,18,female,Asian Cricket Council Women's Twenty20 Asia Cup,T20,Salma Khatun,caught,Bangladesh,Sri Lanka,2012-10-28,,6
037f2b86,584928,14,1,19,0,0,0,0,0,0,6,0,13,0,0,0,0,10,female,Asian Cricket Council Women's Twenty20 Asia Cup,T20,Salma Khatun,0,Bangladesh,Pakistan,2012-10-30,,6
037f2b86,664293,12,1,11,1,0,0,0,0,0,4,0,13,0,0,0,0,5,female,Bangladesh Women in South Africa T20I Series,T20,Salma Khatun,caught,Bangladesh,South Africa,2013-09-14,,6
037f2b86,664295,1,1,3,0,0,0,0,0,0,2,0,7,2,0,0,1,19,female,Bangladesh Women in South Africa T20I Series,T20,Salma Khatun,0,Bangladesh,South Africa,2013-09-15,,6
037f2b86,664299,26,1,41,1,0,0,0,0,0,22,0,17,0,0,0,0,30,female,Bangladesh Women in South Africa ODI Series,ODI,Salma Khatun,caught,Bangladesh,South Africa,2013-09-20,,6
037f2b86,664303,2,1,9,0,0,2,0,0,0,7,0,27,0,0,0,1,21,female,Bangladesh Women in South Africa ODI Series,ODI,Salma Khatun,0,Bangladesh,South Africa,2013-09-24,,6
037f2b86,682979,17,1,18,2,0,0,0,0,0,10,0,11,2,0,1,1,16,female,Women's World T20,T20,Salma Khatun,0,Bangladesh,West Indies,2014-03-26,,6
037f2b86,682995,19,1,18,0,1,0,0,0,0,6,0,12,1,0,1,0,18,female,Women's World T20,T20,Salma Khatun,bowled,Bangladesh,India,2014-03-30,,6
037f2b86,683003,22,1,18,4,0,0,0,0,0,9,0,14,1,1,0,0,15,female,Women's World T20,T20,Salma Khatun,0,Bangladesh,Sri Lanka,2014-04-01,,6
037f2b86,718467,7,1,6,1,0,0,0,0,0,2,0,8,2,0,2,1,16,female,Women's World T20,T20,Salma Khatun,0,Bangladesh,Ireland,2014-04-03,,6
037f2b86,778011,14,1,21,0,0,0,0,0,0,10,0,12,1,1,0,1,11,female,Asian Games Women's Cricket Competition,IT20,Salma Khatun,caught,Bangladesh,Sri Lanka,2014-09-25,,6
037f2b86,778015,1,1,2,0,0,1,0,0,0,1,0,23,1,0,1,0,14,female,Asian Games Women's Cricket Competition,IT20,Salma Khatun,bowled,Bangladesh,Pakistan,2014-09-26,,6
037f2b86,923321,5,1,10,0,0,0,0,0,0,5,0,29,0,0,0,0,4,female,Bangladesh Women in Pakistan T20I Series,T20,Salma Khatun,caught and bowled,Bangladesh,Pakistan,2015-09-30,,6
037f2b86,923323,10,1,18,1,0,1,0,0,0,11,0,21,1,0,0,1,11,female,Bangladesh Women in Pakistan T20I Series,T20,Salma Khatun,0,Bangladesh,Pakistan,2015-10-01,,6
037f2b86,923327,7,1,38,1,0,0,1,0,0,34,0,17,0,0,0,1,17,female,Bangladesh Women in Pakistan ODI Series,ODI,Salma Khatun,0,Bangladesh,Pakistan,2015-10-06,,6
037f2b86,940409,0,0,0,0,0,1,0,0,0,0,0,18,2,0,1,0,13,female,Zimbabwe Women tour of Bangladesh,IT20,Salma Khatun,0,Bangladesh,Zimbabwe,2015-11-17,,6
037f2b86,940413,0,0,0,0,0,0,0,0,0,0,0,9,0,0,0,1,16,female,Zimbabwe Women tour of Bangladesh,IT20,Salma Khatun,0,Bangladesh,Zimbabwe,2015-11-19,,6
037f2b86,881723,0,0,0,0,0,0,0,0,0,0,0,6,0,0,0,1,10,female,ICC Women's World Twenty20 Qualifier,IT20,Salma Khatun,0,Bangladesh,Thailand,2015-11-28,,6
037f2b86,881741,0,1,10,0,0,2,0,0,0,10,0,9,0,0,0,1,13,female,ICC Women's World Twenty20 Qualifier,IT20,Salma Khatun,caught,Bangladesh,Papua New Guinea,2015-12-01,,6
037f2b86,881755,0,0,0,0,0,0,0,0,0,0,0,29,1,0,0,0,6,female,ICC Women's World Twenty20 Qualifier,T20,Salma Khatun,0,Bangladesh,Ireland,2015-12-05,,6
037f2b86,951375,0,0,0,0,0,0,0,0,0,0,0,26,0,0,0,0,6,female,Women's World T20,T20,Salma Khatun,0,Bangladesh,India,2016-03-15,,6
037f2b86,951381,32,0,31,4,0,0,0,0,0,12,0,28,1,0,0,0,10,female,Women's World T20,T20,Salma Khatun,0,Bangladesh,England,2016-03-17,,6
037f2b86,951389,8,0,9,1,0,0,0,0,0,4,0,23,0,0,0,0,12,female,Women's World T20,T20,Salma Khatun,0,Bangladesh,West Indies,2016-03-20,,6
037f2b86,951403,10,1,15,2,0,0,0,0,0,11,0,15,1,0,1,0,6,female,Women's World T20,T20,Salma Khatun,0,Bangladesh,Pakistan,2016-03-24,,6
037f2b86,1041523,30,1,64,2,0,0,0,0,0,44,0,27,0,0,0,1,33,female,South Africa Women in Bangladesh ODI Series,ODI,Salma Khatun,bowled,Bangladesh,South Africa,2017-01-18,,6
037f2b86,1041525,3,1,20,0,0,0,0,0,0,17,0,19,1,0,0,0,6,female,South Africa Women in Bangladesh ODI Series,ODI,Salma Khatun,bowled,Bangladesh,South Africa,2017-01-20,,6
037f2b86,1073404,32,0,31,4,0,1,0,0,0,13,0,14,2,1,1,1,28,female,ICC Women's World Cup Qualifier,ODM,Salma Khatun,0,Bangladesh,Papua New Guinea,2017-02-07,,6
037f2b86,1073408,4,1,12,0,0,0,0,0,0,8,0,37,2,1,1,0,32,female,ICC Women's World Cup Qualifier,ODI,Salma Khatun,caught,Bangladesh,Pakistan,2017-02-08,,6
037f2b86,1073410,0,0,0,0,0,0,0,0,0,0,0,27,3,2,1,3,52,female,ICC Women's World Cup Qualifier,ODM,Salma Khatun,0,Bangladesh,Scotland,2017-02-10,,6
037f2b86,1073413,16,1,58,1,0,0,0,0,0,46,0,14,1,0,0,0,14,female,ICC Women's World Cup Qualifier,ODI,Salma Khatun,0,Bangladesh,South Africa,2017-02-11,,6
037f2b86,1073423,0,0,0,0,0,0,0,0,0,0,0,29,1,1,0,1,44,female,ICC Women's World Cup Qualifier,ODI,Salma Khatun,0,Bangladesh,Ireland,2017-02-15,,6
037f2b86,1073425,14,1,15,2,0,0,0,0,0,9,0,29,0,0,0,0,14,female,ICC Women's World Cup Qualifier,ODI,Salma Khatun,0,Bangladesh,India,2017-02-17,,6
037f2b86,1073428,7,0,20,0,0,0,0,0,0,13,0,22,3,2,1,3,48,female,ICC Women's World Cup Qualifier,ODI,Salma Khatun,0,Bangladesh,Sri Lanka,2017-02-19,,6
037f2b86,1144435,2,0,7,0,0,0,0,0,0,5,0,52,1,1,0,0,43,female,Bangladesh Women tour of South Africa,ODI,Salma Khatun,0,Bangladesh,South Africa,2018-05-04,,6
037f2b86,1144436,5,1,13,1,0,0,0,0,0,11,0,19,1,0,0,0,18,female,Bangladesh Women tour of South Africa,ODI,Salma Khatun,0,Bangladesh,South Africa,2018-05-06,,6
037f2b86,1144438,4,1,16,0,0,1,0,0,0,12,0,21,0,0,0,0,7,female,Bangladesh Women tour of South Africa,ODI,Salma Khatun,caught,Bangladesh,South Africa,2018-05-11,,6
037f2b86,1144441,0,0,0,0,0,0,0,0,0,0,0,23,0,0,0,0,1,female,Bangladesh Women tour of South Africa,T20,Salma Khatun,0,Bangladesh,South Africa,2018-05-19,,6
037f2b86,1144442,0,0,0,0,0,0,0,0,0,0,0,18,1,0,1,0,4,female,Bangladesh Women tour of South Africa,T20,Salma Khatun,0,Bangladesh,South Africa,2018-05-20,,6
037f2b86,1148051,0,0,0,0,0,0,0,0,0,0,0,26,1,0,0,0,12,female,Women's Twenty20 Asia Cup,T20,Salma Khatun,0,Bangladesh,Pakistan,2018-06-04,,6
037f2b86,1148056,0,0,0,0,0,0,0,0,0,0,0,21,1,0,1,0,6,female,Women's Twenty20 Asia Cup,T20,Salma Khatun,0,Bangladesh,India,2018-06-06,,6
037f2b86,1148057,0,0,0,0,0,0,0,0,0,0,0,7,2,0,1,0,19,female,Women's Twenty20 Asia Cup,T20,Salma Khatun,0,Bangladesh,Thailand,2018-06-07,,6
037f2b86,1148062,0,0,0,0,0,0,0,0,0,0,0,9,1,0,0,0,22,female,Women's Twenty20 Asia Cup,T20,Salma Khatun,0,Bangladesh,Malaysia,2018-06-09,,6
037f2b86,1148063,0,0,0,0,0,0,0,0,0,0,0,24,1,1,0,0,14,female,Women's Twenty20 Asia Cup,T20,Salma Khatun,0,Bangladesh,India,2018-06-10,,6
037f2b86,1145894,0,0,0,0,0,0,0,0,0,0,0,22,1,1,0,0,12,female,Bangladesh Women tour of Ireland,T20,Salma Khatun,0,Bangladesh,Ireland,2018-06-28,,6
037f2b86,1145895,0,0,0,0,0,0,0,0,0,0,0,21,0,0,0,0,9,female,Bangladesh Women tour of Ireland,T20,Salma Khatun,0,Bangladesh,Ireland,2018-06-29,,6
037f2b86,1145896,0,0,0,0,0,0,0,0,0,0,0,26,0,0,0,0,10,female,Bangladesh Women tour of Ireland,T20,Salma Khatun,0,Bangladesh,Ireland,2018-07-01,,6
037f2b86,1147720,0,0,0,0,0,0,0,0,0,0,0,12,1,0,1,0,15,female,ICC Women's T20 Qualifier,T20,Salma Khatun,0,Bangladesh,Papua New Guinea,2018-07-07,,6
037f2b86,1147723,0,0,0,0,0,0,0,0,0,0,0,2,1,0,0,1,12,female,ICC Women's T20 Qualifier,T20,Salma Khatun,0,Bangladesh,Netherlands,2018-07-08,,6
037f2b86,1147727,0,0,0,0,0,1,0,0,0,0,0,5,0,0,0,0,7,female,ICC Women's T20 Qualifier,T20,Salma Khatun,0,Bangladesh,United Arab Emirates,2018-07-10,,6
037f2b86,1147731,0,0,0,0,0,0,0,0,0,0,0,17,1,0,0,0,14,female,ICC Women's T20 Qualifier,T20,Salma Khatun,0,Bangladesh,Scotland,2018-07-12,,6
037f2b86,1147736,7,1,6,1,0,0,0,0,0,2,0,25,0,0,0,0,10,female,ICC Women's T20 Qualifier,T20,Salma Khatun,run out,Bangladesh,Ireland,2018-07-14,,6
037f2b86,1150535,5,1,10,0,0,0,0,0,0,5,0,21,1,0,1,0,11,female,ICC Women's T20 World Cup,T20,Salma Khatun,bowled,Bangladesh,West Indies,2018-11-09,,6
037f2b86,1150539,3,0,4,0,0,0,0,0,0,1,0,17,2,0,1,0,8,female,ICC Women's T20 World Cup,T20,Salma Khatun,0,Bangladesh,England,2018-11-12,,6
037f2b86,1150543,6,1,12,0,0,1,0,0,0,6,0,12,0,0,0,0,16,female,ICC Women's T20 World Cup,T20,Salma Khatun,0,Bangladesh,Sri Lanka,2018-11-14,,6
037f2b86,1150552,7,0,4,1,0,0,0,0,0,0,0,21,2,2,0,1,15,female,ICC Women's T20 World Cup,T20,Salma Khatun,0,Bangladesh,South Africa,2018-11-18,,6
037f2b86,1197054,0,0,0,0,0,0,0,0,0,0,0,6,0,0,0,0,13,female,ICC Women's T20 World Cup Qualifier,T20,Salma Khatun,0,Bangladesh,United States of America,2019-09-01,,6
037f2b86,1197047,0,1,1,0,0,0,0,0,0,1,0,21,0,0,0,0,4,female,ICC Women's T20 World Cup Qualifier,T20,Salma Khatun,lbw,Bangladesh,Papua New Guinea,2019-09-02,,6
037f2b86,1197057,0,0,0,0,0,1,0,0,0,0,0,0,0,0,0,0,0,female,ICC Women's T20 World Cup Qualifier,T20,Salma Khatun,0,Bangladesh,Scotland,2019-09-03,,6
037f2b86,1197059,0,0,0,0,0,0,0,0,0,0,0,10,1,0,0,0,14,female,ICC Women's T20 World Cup Qualifier,T20,Salma Khatun,0,Bangladesh,Ireland,2019-09-05,,6
037f2b86,1197065,0,0,0,0,0,0,0,0,0,0,0,4,0,0,0,2,22,female,ICC Women's T20 World Cup Qualifier,T20,Salma Khatun,0,Bangladesh,Thailand,2019-09-07,,6
037f2b86,1204726,4,0,5,0,0,0,0,0,0,1,0,39,0,0,0,0,6,female,Bangladesh Women tour of Pakistan,T20,Salma Khatun,0,Bangladesh,Pakistan,2019-10-26,,6
037f2b86,1208806,0,0,0,0,0,1,0,0,0,0,0,11,1,1,0,0,17,female,South Asian Games Women's Cricket Competition,T20,Salma Khatun,0,Bangladesh,Nepal,2019-12-04,,6
037f2b86,1208808,0,0,0,0,0,0,0,0,0,0,0,3,3,1,1,1,17,female,South Asian Games Women's Cricket Competition,T20,Salma Khatun,0,Bangladesh,Maldives,2019-12-05,,6
037f2b86,1173053,2,0,5,0,0,0,0,0,0,3,0,25,1,0,0,0,12,female,ICC Women's T20 World Cup,T20,Salma Khatun,0,Bangladesh,India,2020-02-24,,6
037f2b86,1173057,0,1,1,0,0,0,0,0,0,1,0,40,1,0,0,0,7,female,ICC Women's T20 World Cup,T20,Salma Khatun,run out,Bangladesh,Australia,2020-02-27,,6
037f2b86,1173060,4,1,7,0,0,0,0,0,0,3,0,7,3,0,2,0,7,female,ICC Women's T20 World Cup,T20,Salma Khatun,bowled,Bangladesh,New Zealand,2020-02-29,,6
037f2b86,1173064,2,1,2,0,0,0,0,0,0,0,0,17,0,0,0,1,11,female,ICC Women's T20 World Cup,T20,Salma Khatun,0,Bangladesh,Sri Lanka,2020-03-02,,6
037f2b86,1235587,0,0,0,0,0,0,0,0,0,0,0,4,0,0,0,0,10,female,Women's T20 Challenge,T20,Salma Khatun,0,Trailblazers,Velocity,2020-11-05,,6
037f2b86,1235588,0,0,0,0,0,0,0,1,0,0,0,25,1,0,0,0,9,female,Women's T20 Challenge,T20,Salma Khatun,0,Trailblazers,Supernovas,2020-11-07,,6
037f2b86,1235589,0,0,0,0,0,0,0,1,0,0,0,18,3,1,0,0,8,female,Women's T20 Challenge,T20,Salma Khatun,0,Trailblazers,Supernovas,2020-11-09,,6
037f2b86,1286901,18,0,13,2,0,0,0,0,0,2,0,33,1,0,1,2,43,female,ICC Women's Cricket World Cup Qualifier,ODI,Salma Khatun,0,Bangladesh,Pakistan,2021-11-21,,6
037f2b86,1286908,0,0,0,0,0,0,0,0,0,0,0,10,2,0,1,5,54,female,ICC Women's Cricket World Cup Qualifier,ODM,Salma Khatun,0,Bangladesh,United States of America,2021-11-23,,6
037f2b86,1286910,3,0,2,0,0,0,0,0,0,0,0,23,0,0,0,2,44,female,ICC Women's Cricket World Cup Qualifier,ODM,Salma Khatun,0,Bangladesh,Thailand,2021-11-25,,6
037f2b86,1296027,0,0,0,0,0,0,0,0,0,0,0,7,1,1,0,1,17,female,Commonwealth Games Women's Cricket Competition Qualifiers,T20,Salma Khatun,0,Bangladesh,Malaysia,2022-01-18,,6
037f2b86,1296029,33,0,33,3,0,0,0,0,0,10,0,15,1,0,0,0,12,female,Bangladesh Women tour of Malaysia,T20,Salma Khatun,0,Bangladesh,Kenya,2022-01-19,,6
037f2b86,1296034,0,0,0,0,0,0,0,0,0,0,0,9,2,0,1,0,12,female,Bangladesh Women tour of Malaysia,T20,Salma Khatun,0,Bangladesh,Scotland,2022-01-23,,6
037f2b86,1296036,0,0,0,0,0,0,0,0,0,0,0,15,1,0,1,0,15,female,Commonwealth Games Women's Cricket Competition Qualifiers,T20,Salma Khatun,0,Bangladesh,Sri Lanka,2022-01-24,,6
037f2b86,1243909,2,1,7,0,0,0,0,0,0,5,0,46,1,0,0,0,28,female,ICC Women's World Cup,ODI,Salma Khatun,caught,Bangladesh,South Africa,2022-03-05,,6
037f2b86,1243912,9,1,10,0,0,0,0,0,0,6,0,34,1,1,0,0,7,female,ICC Women's World Cup,ODI,Salma Khatun,run out,Bangladesh,New Zealand,2022-03-07,,6
037f2b86,1243920,11,0,10,0,0,0,0,0,0,1,0,29,1,0,1,0,29,female,ICC Women's World Cup,ODI,Salma Khatun,0,Bangladesh,Pakistan,2022-03-14,,6
037f2b86,1243924,23,1,43,2,0,0,0,0,0,28,0,23,2,0,0,3,45,female,ICC Women's World Cup,ODI,Salma Khatun,0,Bangladesh,West Indies,2022-03-18,,6
037f2b86,1243929,32,1,35,4,0,0,0,0,0,21,0,25,0,0,0,1,33,female,ICC Women's World Cup,ODI,Salma Khatun,caught,Bangladesh,India,2022-03-22,,6
037f2b86,1243932,15,0,25,1,0,0,0,0,0,14,0,23,3,1,0,0,37,female,ICC Women's World Cup,ODI,Salma Khatun,0,Bangladesh,Australia,2022-03-25,,6
037f2b86,1243934,2,1,4,0,0,1,0,0,0,2,0,46,1,0,0,0,32,female,ICC Women's World Cup,ODI,Salma Khatun,caught,Bangladesh,England,2022-03-27,,6
037f2b86,1314903,0,1,7,0,0,0,0,0,0,7,0,30,2,0,1,0,7,female,Women's T20 Challenge,T20,Salma Khatun,0,Trailblazers,Supernovas,2022-05-23,,6
037f2b86,1314905,0,0,0,0,0,0,0,0,0,0,0,22,1,1,0,0,3,female,Women's T20 Challenge,T20,Salma Khatun,0,Trailblazers,Velocity,2022-05-26,,6
037f2b86,1331385,0,0,0,0,0,1,1,1,0,0,0,19,2,1,0,0,14,female,ICC Women's T20 World Cup Qualifier,T20,Salma Khatun,0,Bangladesh,Ireland,2022-09-18,,6
037f2b86,1331389,0,0,0,0,0,0,0,0,0,0,0,16,1,1,0,0,17,female,ICC Women's T20 World Cup Qualifier,T20,Salma Khatun,0,Bangladesh,Scotland,2022-09-19,,6
037f2b86,1331392,0,0,0,0,0,0,0,0,0,0,0,12,1,1,0,0,12,female,ICC Women's T20 World Cup Qualifier,T20,Salma Khatun,0,Bangladesh,United States of America,2022-09-21,,6
037f2b86,1331398,0,0,0,0,0,0,0,0,0,0,0,18,3,2,0,0,14,female,ICC Women's T20 World Cup Qualifier,T20,Salma Khatun,0,Bangladesh,Thailand,2022-09-23,,6
037f2b86,1331401,4,1,5,0,0,0,0,0,0,1,0,21,0,0,0,0,9,female,ICC Women's T20 World Cup Qualifier,T20,Salma Khatun,0,Bangladesh,Ireland,2022-09-25,,6
037f2b86,1335785,0,0,0,0,0,1,0,0,0,0,0,18,1,0,0,0,15,female,Women's Asia Cup,T20,Salma Khatun,0,Bangladesh,Thailand,2022-10-01,,6
037f2b86,1335789,24,1,29,2,0,0,0,0,0,14,0,27,1,0,0,0,13,female,Women's Asia Cup,T20,Salma Khatun,run out,Bangladesh,Pakistan,2022-10-03,,6
037f2b86,1335795,0,0,0,0,0,1,0,0,0,0,0,4,1,0,1,0,13,female,Women's Asia Cup,T20,Salma Khatun,0,Bangladesh,Malaysia,2022-10-06,,6
037f2b86,1335799,5,0,5,0,0,0,0,0,0,2,0,16,1,0,0,0,8,female,Women's Asia Cup,T20,Salma Khatun,0,Bangladesh,India,2022-10-08,,6
037f2b86,1335802,2,0,2,0,0,0,0,0,0,0,0,9,0,0,0,0,12,female,Women's Asia Cup,T20,Salma Khatun,0,Bangladesh,Sri Lanka,2022-10-10,,6
037f2b86,1344619,2,1,5,0,0,1,0,0,0,4,0,29,0,0,0,0,4,female,Bangladesh Women tour of New Zealand,T20,Salma Khatun,0,Bangladesh,New Zealand,2022-12-02,,6
037f2b86,1344620,0,0,0,0,0,0,0,0,0,0,0,20,0,0,0,0,8,female,Bangladesh Women tour of New Zealand,T20,Salma Khatun,0,Bangladesh,New Zealand,2022-12-04,,6
037f2b86,1344621,23,0,31,0,0,0,0,0,0,11,0,35,1,1,0,0,10,female,Bangladesh Women tour of New Zealand,T20,Salma Khatun,0,Bangladesh,New Zealand,2022-12-07,,6
037f2b86,1322342,0,0,0,0,0,0,0,0,0,0,0,0,0,0,0,0,0,female,Bangladesh Women tour of New Zealand,ODI,Salma Khatun,0,Bangladesh,New Zealand,2022-12-14,,6
037f2b86,1322343,0,0,0,0,0,0,0,0,0,0,0,27,1,0,0,0,12,female,Bangladesh Women tour of New Zealand,ODI,Salma Khatun,0,Bangladesh,New Zealand,2022-12-17,,6
037f2b86,1338044,9,0,7,0,0,0,0,0,0,1,0,32,0,0,0,0,8,female,ICC Women's T20 World Cup,T20,Salma Khatun,0,Bangladesh,Sri Lanka,2023-02-12,,6
037f2b86,1338047,0,0,0,0,0,0,0,0,0,0,0,19,0,0,0,0,6,female,ICC Women's T20 World Cup,T20,Salma Khatun,0,Bangladesh,Australia,2023-02-14,,6
037f2b86,1338051,1,0,1,0,0,0,0,0,0,0,0,38,0,0,0,0,4,female,ICC Women's T20 World Cup,T20,Salma Khatun,0,Bangladesh,New Zealand,2023-02-17,,6
037f2b86,1382163,0,0,0,0,0,0,0,0,0,0,0,32,0,0,0,0,7,female,India Women tour of Bangladesh,T20,Salma Khatun,0,Bangladesh,India,2023-07-09,,6
