player_id,match_id,runs_scored,player_out,balls_faced,fours_scored,sixes_scored,catches_taken,run_out_direct,run_out_throw,stumpings_done,dot_balls_as_batsman,order_seenballs_bowled,runs_conceded,wickets_taken,bowled_done,lbw_done,maidens,dot_balls_as_bowler,gender,series_name,match_type,name,out_kind,player_team,opposition_team,start_date,end_date,balls_per_over
a6412417,1296029,0,0,0,0,0,0,0,0,0,0,0,5,1,1,0,0,10,female,Bangladesh Women tour of Malaysia,T20,Sanjida Akter Meghla,0,Bangladesh,Kenya,2022-01-19,,6
a6412417,1296034,0,0,0,0,0,1,0,0,0,0,0,11,2,1,0,1,11,female,Bangladesh Women tour of Malaysia,T20,Sanjida Akter Meghla,0,Bangladesh,Scotland,2022-01-23,,6
a6412417,1296036,0,0,0,0,0,0,0,0,0,0,0,17,0,0,0,0,7,female,Commonwealth Games Women's Cricket Competition Qualifiers,T20,Sanjida Akter Meghla,0,Bangladesh,Sri Lanka,2022-01-24,,6
a6412417,1331385,0,0,0,0,0,0,0,0,0,0,0,26,2,2,0,0,9,female,ICC Women's T20 World Cup Qualifier,T20,Sanjida Akter Meghla,0,Bangladesh,Ireland,2022-09-18,,6
a6412417,1331389,0,0,0,0,0,0,0,0,0,0,0,18,1,1,0,1,14,female,ICC Women's T20 World Cup Qualifier,T20,Sanjida Akter Meghla,0,Bangladesh,Scotland,2022-09-19,,6
a6412417,1331392,0,0,0,0,0,0,0,0,0,0,0,18,0,0,0,0,11,female,ICC Women's T20 World Cup Qualifier,T20,Sanjida Akter Meghla,0,Bangladesh,United States of America,2022-09-21,,6
a6412417,1331398,0,0,0,0,0,0,0,0,0,0,0,7,3,1,1,1,17,female,ICC Women's T20 World Cup Qualifier,T20,Sanjida Akter Meghla,0,Bangladesh,Thailand,2022-09-23,,6
a6412417,1331401,0,0,0,0,0,0,0,0,0,0,0,16,2,2,0,0,14,female,ICC Women's T20 World Cup Qualifier,T20,Sanjida Akter Meghla,0,Bangladesh,Ireland,2022-09-25,,6
a6412417,1335785,0,0,0,0,0,1,0,0,0,0,0,11,2,2,0,0,14,female,Women's Asia Cup,T20,Sanjida Akter Meghla,0,Bangladesh,Thailand,2022-10-01,,6
a6412417,1335789,0,0,0,0,0,0,0,0,0,0,0,13,0,0,0,0,14,female,Women's Asia Cup,T20,Sanjida Akter Meghla,0,Bangladesh,Pakistan,2022-10-03,,6
a6412417,1335795,0,0,0,0,0,0,0,0,0,0,0,4,2,1,0,0,8,female,Women's Asia Cup,T20,Sanjida Akter Meghla,0,Bangladesh,Malaysia,2022-10-06,,6
a6412417,1335799,0,0,0,0,0,1,0,0,0,0,0,20,0,0,0,0,8,female,Women's Asia Cup,T20,Sanjida Akter Meghla,0,Bangladesh,India,2022-10-08,,6
a6412417,1335802,0,0,0,0,0,0,0,0,0,0,0,13,1,0,0,0,12,female,Women's Asia Cup,T20,Sanjida Akter Meghla,0,Bangladesh,Sri Lanka,2022-10-10,,6
a6412417,1344619,1,0,2,0,0,0,0,0,0,1,0,25,0,0,0,0,4,female,Bangladesh Women tour of New Zealand,T20,Sanjida Akter Meghla,0,Bangladesh,New Zealand,2022-12-02,,6
a6412417,1371606,0,0,0,0,0,0,0,0,0,0,0,22,0,0,0,0,13,female,Bangladesh Women tour of Sri Lanka,T20,Sanjida Akter Meghla,0,Bangladesh,Sri Lanka,2023-05-12,,6
a6412417,1399061,0,0,0,0,0,0,0,1,0,0,0,11,1,0,0,0,15,female,Asian Games Women's Cricket Competition,T20,Sanjida Akter Meghla,0,Bangladesh,Pakistan,2023-09-25,,6
a6412417,1405123,1,1,6,0,0,1,0,0,0,5,0,34,1,1,0,0,7,female,Pakistan Women tour of Bangladesh,T20,Sanjida Akter Meghla,0,Bangladesh,Pakistan,2023-10-29,,6
