player_id,match_id,runs_scored,player_out,balls_faced,fours_scored,sixes_scored,catches_taken,run_out_direct,run_out_throw,stumpings_done,dot_balls_as_batsman,order_seenballs_bowled,runs_conceded,wickets_taken,bowled_done,lbw_done,maidens,dot_balls_as_bowler,gender,series_name,match_type,name,out_kind,player_team,opposition_team,start_date,end_date,balls_per_over
2cccba8f,65239,25,1,24,2,0,1,0,0,0,11,0,26,2,0,0,0,44,male,ICC World Cup,ODI,Sanwar Hossain,0,Bangladesh,Canada,2003-02-11,,6
2cccba8f,65249,2,0,8,0,0,2,0,0,0,7,0,0,0,0,0,0,0,male,ICC World Cup,ODI,Sanwar Hossain,0,Bangladesh,West Indies,2003-02-18,,6
2cccba8f,65254,11,1,14,1,0,0,0,0,0,7,0,0,0,0,0,0,0,male,ICC World Cup,ODI,Sanwar Hossain,0,Bangladesh,South Africa,2003-02-22,,6
2cccba8f,65261,5,1,12,0,0,0,0,0,0,9,0,19,0,0,0,0,1,male,ICC World Cup,ODI,Sanwar Hossain,bowled,Bangladesh,New Zealand,2003-02-26,,6
2cccba8f,65267,16,1,28,1,0,0,0,0,0,15,0,49,3,1,1,0,30,male,ICC World Cup,ODI,Sanwar Hossain,0,Bangladesh,Kenya,2003-03-01,,6
2cccba8f,64830,7,1,14,1,0,0,0,0,0,11,0,0,0,0,0,0,0,male,Bangladesh tour of Australia,ODI,Sanwar Hossain,caught,Bangladesh,Australia,2003-08-02,,6
2cccba8f,64831,3,1,12,0,0,1,0,0,0,9,0,17,0,0,0,0,6,male,Bangladesh tour of Australia,ODI,Sanwar Hossain,caught,Bangladesh,Australia,2003-08-03,,6
2cccba8f,64832,27,1,53,1,0,0,0,1,0,32,0,12,0,0,0,0,5,male,Bangladesh tour of Australia,ODI,Sanwar Hossain,caught and bowled,Bangladesh,Australia,2003-08-06,,6
2cccba8f,64833,19,1,38,3,0,0,0,0,0,29,0,34,0,0,0,0,14,male,Bangladesh tour of Pakistan,ODI,Sanwar Hossain,caught,Bangladesh,Pakistan,2003-09-09,,6
