player_id,match_id,runs_scored,player_out,balls_faced,fours_scored,sixes_scored,catches_taken,run_out_direct,run_out_throw,stumpings_done,dot_balls_as_batsman,order_seenballs_bowled,runs_conceded,wickets_taken,bowled_done,lbw_done,maidens,dot_balls_as_bowler,gender,series_name,match_type,name,out_kind,player_team,opposition_team,start_date,end_date,balls_per_over
4e017436,1041523,1,1,13,0,0,0,0,0,0,12,0,0,0,0,0,0,0,female,South Africa Women in Bangladesh ODI Series,ODI,Sharmin Sultana,caught,Bangladesh,South Africa,2017-01-18,,6
4e017436,1041525,13,1,30,2,0,0,0,0,0,24,0,0,0,0,0,0,0,female,South Africa Women in Bangladesh ODI Series,ODI,Sharmin Sultana,caught,Bangladesh,South Africa,2017-01-20,,6
4e017436,1073404,0,1,7,0,0,1,0,0,0,7,0,0,0,0,0,0,0,female,ICC Women's World Cup Qualifier,ODM,Sharmin Sultana,0,Bangladesh,Papua New Guinea,2017-02-07,,6
4e017436,1073408,9,1,21,1,0,1,0,0,0,16,0,0,0,0,0,0,0,female,ICC Women's World Cup Qualifier,ODI,Sharmin Sultana,run out,Bangladesh,Pakistan,2017-02-08,,6
4e017436,1073410,15,1,23,2,0,0,0,0,0,17,0,0,0,0,0,0,0,female,ICC Women's World Cup Qualifier,ODM,Sharmin Sultana,0,Bangladesh,Scotland,2017-02-10,,6
4e017436,1073413,0,1,3,0,0,0,0,0,0,3,0,0,0,0,0,0,0,female,ICC Women's World Cup Qualifier,ODI,Sharmin Sultana,0,Bangladesh,South Africa,2017-02-11,,6
4e017436,1073423,22,1,50,2,0,0,0,0,0,37,0,0,0,0,0,0,0,female,ICC Women's World Cup Qualifier,ODI,Sharmin Sultana,caught,Bangladesh,Ireland,2017-02-15,,6
4e017436,1073425,7,1,22,1,0,0,0,0,0,18,0,0,0,0,0,0,0,female,ICC Women's World Cup Qualifier,ODI,Sharmin Sultana,0,Bangladesh,India,2017-02-17,,6
4e017436,1073428,0,1,1,0,0,0,0,0,0,1,0,0,0,0,0,0,0,female,ICC Women's World Cup Qualifier,ODI,Sharmin Sultana,lbw,Bangladesh,Sri Lanka,2017-02-19,,6
4e017436,1144435,0,1,6,0,0,0,0,0,0,6,0,0,0,0,0,0,0,female,Bangladesh Women tour of South Africa,ODI,Sharmin Sultana,caught,Bangladesh,South Africa,2018-05-04,,6
4e017436,1144437,3,1,9,0,0,0,0,0,0,7,0,0,0,0,0,0,0,female,Bangladesh Women tour of South Africa,ODI,Sharmin Sultana,caught,Bangladesh,South Africa,2018-05-09,,6
4e017436,1144438,11,1,34,0,0,1,0,0,0,23,0,0,0,0,0,0,0,female,Bangladesh Women tour of South Africa,ODI,Sharmin Sultana,caught,Bangladesh,South Africa,2018-05-11,,6
4e017436,1144439,1,1,9,0,0,0,0,0,0,8,0,0,0,0,0,0,0,female,Bangladesh Women tour of South Africa,ODI,Sharmin Sultana,0,Bangladesh,South Africa,2018-05-14,,6
