player_id,match_id,runs_scored,player_out,balls_faced,fours_scored,sixes_scored,catches_taken,run_out_direct,run_out_throw,stumpings_done,dot_balls_as_batsman,order_seenballs_bowled,runs_conceded,wickets_taken,bowled_done,lbw_done,maidens,dot_balls_as_bowler,gender,series_name,match_type,name,out_kind,player_team,opposition_team,start_date,end_date,balls_per_over
00eefafc,683003,3,1,6,0,0,0,1,0,0,3,0,12,0,0,0,0,5,female,Women's World T20,T20,Shohely Akhter,0,Bangladesh,Sri Lanka,2014-04-01,,6
00eefafc,1331385,0,0,0,0,0,0,0,0,0,0,0,10,0,0,0,0,1,female,ICC Women's T20 World Cup Qualifier,T20,Shohely Akhter,0,Bangladesh,Ireland,2022-09-18,,6
00eefafc,1331389,0,0,0,0,0,0,0,0,0,0,0,7,4,3,0,1,18,female,ICC Women's T20 World Cup Qualifier,T20,Shohely Akhter,0,Bangladesh,Scotland,2022-09-19,,6
00eefafc,1331392,0,0,0,0,0,0,0,1,0,0,0,16,0,0,0,0,6,female,ICC Women's T20 World Cup Qualifier,T20,Shohely Akhter,0,Bangladesh,United States of America,2022-09-21,,6
00eefafc,1331398,0,0,0,0,0,0,0,0,0,0,0,17,0,0,0,0,5,female,ICC Women's T20 World Cup Qualifier,T20,Shohely Akhter,0,Bangladesh,Thailand,2022-09-23,,6
00eefafc,1331401,0,0,0,0,0,0,0,0,0,0,0,20,2,1,0,0,10,female,ICC Women's T20 World Cup Qualifier,T20,Shohely Akhter,0,Bangladesh,Ireland,2022-09-25,,6
00eefafc,1335785,0,0,0,0,0,0,0,0,0,0,0,18,2,0,1,0,5,female,Women's Asia Cup,T20,Shohely Akhter,0,Bangladesh,Thailand,2022-10-01,,6
00eefafc,1335789,3,0,3,0,0,0,0,0,0,1,0,0,0,0,0,0,0,female,Women's Asia Cup,T20,Shohely Akhter,0,Bangladesh,Pakistan,2022-10-03,,6
00eefafc,1335802,0,0,0,0,0,0,0,0,0,0,0,13,0,0,0,0,8,female,Women's Asia Cup,T20,Shohely Akhter,0,Bangladesh,Sri Lanka,2022-10-10,,6
