player_id,match_id,runs_scored,player_out,balls_faced,fours_scored,sixes_scored,catches_taken,run_out_direct,run_out_throw,stumpings_done,dot_balls_as_batsman,order_seenballs_bowled,runs_conceded,wickets_taken,bowled_done,lbw_done,maidens,dot_balls_as_bowler,gender,series_name,match_type,name,out_kind,player_team,opposition_team,start_date,end_date,balls_per_over
36d2face,1405122,1,0,1,0,0,0,0,0,0,0,0,15,0,0,0,0,11,female,Pakistan Women tour of Bangladesh,T20,Shorifa Khatun,0,Bangladesh,Pakistan,2023-10-27,,6
36d2face,1405123,18,1,13,3,0,0,0,0,0,4,0,24,0,0,0,0,8,female,Pakistan Women tour of Bangladesh,T20,Shorifa Khatun,0,Bangladesh,Pakistan,2023-10-29,,6
36d2face,1398254,0,0,0,0,0,0,0,0,0,0,0,19,0,0,0,0,9,female,Bangladesh Women tour of South Africa,T20,Shorifa Khatun,0,Bangladesh,South Africa,2023-12-03,,6
36d2face,1398255,0,0,0,0,0,0,0,0,0,0,0,0,0,0,0,0,0,female,Bangladesh Women tour of South Africa,T20,Shorifa Khatun,0,Bangladesh,South Africa,2023-12-06,,6
36d2face,1398256,1,0,1,0,0,0,0,0,0,0,0,10,1,0,1,0,5,female,Bangladesh Women tour of South Africa,T20,Shorifa Khatun,0,Bangladesh,South Africa,2023-12-08,,6
36d2face,1425064,0,0,0,0,0,0,0,0,0,0,0,11,0,0,0,0,1,female,Australia Women tour of Bangladesh,T20,Shorifa Khatun,0,Bangladesh,Australia,2024-03-31,,6
36d2face,1425065,3,1,4,0,0,0,0,0,0,2,0,19,0,0,0,0,1,female,Australia Women tour of Bangladesh,T20,Shorifa Khatun,bowled,Bangladesh,Australia,2024-04-02,,6
36d2face,1425066,0,1,3,0,0,0,0,0,0,3,0,31,0,0,0,0,8,female,Australia Women tour of Bangladesh,T20,Shorifa Khatun,lbw,Bangladesh,Australia,2024-04-04,,6
36d2face,1429395,0,1,2,0,0,0,0,0,0,2,0,19,0,0,0,0,5,female,India Women tour of Bangladesh,T20,Shorifa Khatun,bowled,Bangladesh,India,2024-05-02,,6
36d2face,1429396,11,0,11,2,0,0,0,0,0,7,0,29,1,0,0,0,9,female,India Women tour of Bangladesh,T20,Shorifa Khatun,0,Bangladesh,India,2024-05-06,,6
36d2face,1429397,28,0,21,3,0,0,0,0,0,7,0,20,0,0,0,0,8,female,India Women tour of Bangladesh,T20,Shorifa Khatun,0,Bangladesh,India,2024-05-09,,6
36d2face,1426759,5,1,14,0,0,0,0,0,0,9,0,17,0,0,0,0,5,female,Women's Asia Cup,T20,Shorifa Khatun,0,Bangladesh,Sri Lanka,2024-07-20,,6
