player_id,match_id,runs_scored,player_out,balls_faced,fours_scored,sixes_scored,catches_taken,run_out_direct,run_out_throw,stumpings_done,dot_balls_as_batsman,order_seenballs_bowled,runs_conceded,wickets_taken,bowled_done,lbw_done,maidens,dot_balls_as_bowler,gender,series_name,match_type,name,out_kind,player_team,opposition_team,start_date,end_date,balls_per_over
bb01f9e0,522248,32,1,36,3,0,0,0,0,0,15,0,0,0,0,0,0,0,male,Bangladesh in Zimbabwe ODI Series,ODI,Shuvagata Hom,run out,Bangladesh,Zimbabwe,2011-08-16,,6
bb01f9e0,522249,35,0,42,6,0,0,0,0,0,25,0,9,0,0,0,0,7,male,Bangladesh in Zimbabwe ODI Series,ODI,Shuvagata Hom,0,Bangladesh,Zimbabwe,2011-08-19,,6
bb01f9e0,522250,3,1,10,0,0,0,0,0,0,7,0,0,0,0,0,0,0,male,Bangladesh in Zimbabwe ODI Series,ODI,Shuvagata Hom,caught,Bangladesh,Zimbabwe,2011-08-21,,6
bb01f9e0,531985,0,0,0,0,0,0,0,0,0,0,0,0,0,0,0,0,0,male,West Indies in Bangladesh ODI Series,ODI,Shuvagata Hom,0,Bangladesh,West Indies,2011-10-18,,6
bb01f9e0,551053,0,0,0,0,0,1,0,0,0,0,0,11,0,0,0,0,2,male,Bangladesh Premier League,T20,Shuvagata Hom,0,Sylhet Royals,Duronto Rajshahi,2012-02-14,,6
bb01f9e0,551059,8,1,7,0,1,1,0,0,0,4,0,8,0,0,0,0,4,male,Bangladesh Premier League,T20,Shuvagata Hom,caught,Sylhet Royals,Khulna Royal Bengals,2012-02-18,,6
bb01f9e0,551062,4,1,5,0,0,0,0,0,0,2,0,0,0,0,0,0,0,male,Bangladesh Premier League,T20,Shuvagata Hom,bowled,Sylhet Royals,Barisal Burners,2012-02-19,,6
bb01f9e0,551068,0,0,0,0,0,0,1,0,0,0,0,0,0,0,0,0,0,male,Bangladesh Premier League,T20,Shuvagata Hom,0,Sylhet Royals,Duronto Rajshahi,2012-02-24,,6
bb01f9e0,551070,0,0,0,0,0,1,0,0,0,0,0,0,0,0,0,0,0,male,Bangladesh Premier League,T20,Shuvagata Hom,0,Sylhet Royals,Chittagong Kings,2012-02-25,,6
bb01f9e0,599866,13,1,11,1,1,1,0,0,0,6,0,12,0,0,0,0,1,male,Bangladesh Premier League,T20,Shuvagata Hom,caught,Barisal Burners,Sylhet Royals,2013-01-18,,6
bb01f9e0,599869,0,0,0,0,0,0,1,0,0,0,0,0,0,0,0,0,0,male,Bangladesh Premier League,T20,Shuvagata Hom,0,Barisal Burners,Khulna Royal Bengals,2013-01-20,,6
bb01f9e0,599873,0,1,1,0,0,2,0,0,0,1,0,16,0,0,0,0,1,male,Bangladesh Premier League,T20,Shuvagata Hom,0,Barisal Burners,Rangpur Riders,2013-01-23,,6
bb01f9e0,599875,6,1,11,0,0,0,0,0,0,5,0,0,0,0,0,0,0,male,Bangladesh Premier League,T20,Shuvagata Hom,0,Barisal Burners,Chittagong Kings,2013-01-24,,6
bb01f9e0,599887,0,0,0,0,0,0,0,0,0,0,0,0,0,0,0,0,0,male,Bangladesh Premier League,T20,Shuvagata Hom,0,Barisal Burners,Duronto Rajshahi,2013-02-02,,6
bb01f9e0,599890,0,0,0,0,0,0,0,0,0,0,0,27,0,0,0,0,5,male,Bangladesh Premier League,T20,Shuvagata Hom,0,Barisal Burners,Khulna Royal Bengals,2013-02-04,,6
bb01f9e0,599898,8,1,6,1,0,0,0,0,0,2,0,5,1,0,0,0,2,male,Bangladesh Premier League,T20,Shuvagata Hom,bowled,Barisal Burners,Dhaka Gladiators,2013-02-09,,6
bb01f9e0,599902,2,1,2,0,0,1,0,0,0,1,0,0,0,0,0,0,0,male,Bangladesh Premier League,T20,Shuvagata Hom,0,Barisal Burners,Dhaka Gladiators,2013-02-12,,6
bb01f9e0,599904,2,1,4,0,0,0,0,0,0,2,0,0,0,0,0,0,0,male,Bangladesh Premier League,T20,Shuvagata Hom,0,Barisal Burners,Sylhet Royals,2013-02-13,,6
bb01f9e0,730295,16,2,29,3,0,1,0,0,0,22,0,105,1,0,1,6,159,male,Bangladesh in West Indies Test Series,Test,Shuvagata Hom,lbw,Bangladesh,West Indies,2014-09-05,2014-09-06,6
bb01f9e0,778039,0,0,0,0,0,0,0,0,0,0,0,0,0,0,0,0,0,male,Asian Games Men's Cricket Competition,IT20,Shuvagata Hom,0,Bangladesh,Sri Lanka,2014-10-02,,6
bb01f9e0,778041,1,1,2,0,0,0,0,0,0,1,0,13,0,0,0,0,0,male,Asian Games Men's Cricket Competition,IT20,Shuvagata Hom,0,Bangladesh,Hong Kong,2014-10-03,,6
bb01f9e0,760781,14,2,34,2,0,1,0,0,0,28,0,0,0,0,0,0,0,male,Zimbabwe in Bangladesh Test Series,Test,Shuvagata Hom,caught,Bangladesh,Zimbabwe,2014-10-25,2014-10-26,6
bb01f9e0,760783,65,2,140,6,0,1,0,0,0,101,0,36,0,0,0,2,49,male,Zimbabwe in Bangladesh Test Series,Test,Shuvagata Hom,0,Bangladesh,Zimbabwe,2014-11-03,2014-11-04,6
bb01f9e0,760785,38,1,72,3,0,0,0,0,0,45,0,77,2,0,0,1,62,male,Zimbabwe in Bangladesh Test Series,Test,Shuvagata Hom,0,Bangladesh,Zimbabwe,2014-11-12,2014-11-13,6
bb01f9e0,858493,32,0,36,3,0,0,0,0,0,17,0,125,2,1,0,1,130,male,Pakistan in Bangladesh Test Series,Test,Shuvagata Hom,0,Bangladesh,Pakistan,2015-04-28,2015-04-29,6
bb01f9e0,858495,39,2,56,6,0,2,0,0,0,38,0,96,3,1,0,0,47,male,Pakistan in Bangladesh Test Series,Test,Shuvagata Hom,0,Bangladesh,Pakistan,2015-05-06,2015-05-07,6
bb01f9e0,870729,9,1,25,1,0,0,0,0,0,19,0,53,0,0,0,0,51,male,,Test,Shuvagata Hom,0,Bangladesh,India,2015-06-10,2015-06-11,6
bb01f9e0,935285,4,1,3,1,0,0,0,0,0,2,0,10,0,0,0,0,3,male,Bangladesh Premier League,T20,Shuvagata Hom,0,Comilla Victorians,Dhaka Dynamites,2015-11-22,,6
bb01f9e0,935291,30,1,16,4,2,0,0,0,0,8,0,0,0,0,0,0,0,male,Bangladesh Premier League,T20,Shuvagata Hom,caught,Comilla Victorians,Chittagong Vikings,2015-11-24,,6
bb01f9e0,935297,12,0,13,1,0,1,0,0,0,6,0,0,0,0,0,0,0,male,Bangladesh Premier League,T20,Shuvagata Hom,0,Comilla Victorians,Barisal Bulls,2015-11-25,,6
bb01f9e0,935303,0,0,0,0,0,0,0,0,0,0,0,0,0,0,0,0,0,male,Bangladesh Premier League,T20,Shuvagata Hom,0,Comilla Victorians,Rangpur Riders,2015-11-27,,6
bb01f9e0,935309,0,1,2,0,0,1,0,0,0,2,0,0,0,0,0,0,0,male,Bangladesh Premier League,T20,Shuvagata Hom,0,Comilla Victorians,Sylhet Super Stars,2015-11-30,,6
bb01f9e0,935315,21,1,11,3,0,1,0,0,0,2,0,24,1,1,0,0,10,male,Bangladesh Premier League,T20,Shuvagata Hom,0,Comilla Victorians,Dhaka Dynamites,2015-12-02,,6
bb01f9e0,935327,0,0,0,0,0,0,0,0,0,0,0,18,0,0,0,0,7,male,Bangladesh Premier League,T20,Shuvagata Hom,0,Comilla Victorians,Barisal Bulls,2015-12-07,,6
bb01f9e0,935333,12,1,13,0,1,1,0,0,0,6,0,0,0,0,0,0,0,male,Bangladesh Premier League,T20,Shuvagata Hom,bowled,Comilla Victorians,Rangpur Riders,2015-12-08,,6
bb01f9e0,935339,0,0,0,0,0,1,0,0,0,0,0,8,2,0,0,1,13,male,Bangladesh Premier League,T20,Shuvagata Hom,0,Comilla Victorians,Sylhet Super Stars,2015-12-10,,6
bb01f9e0,935343,12,1,5,1,1,2,0,0,0,1,0,23,0,0,0,0,7,male,Bangladesh Premier League,T20,Shuvagata Hom,0,Comilla Victorians,Rangpur Riders,2015-12-12,,6
bb01f9e0,935349,1,1,1,0,0,0,0,0,0,0,0,0,0,0,0,0,0,male,Bangladesh Premier League,T20,Shuvagata Hom,0,Comilla Victorians,Barisal Bulls,2015-12-15,,6
bb01f9e0,958415,6,1,7,0,0,0,0,0,0,2,0,0,0,0,0,0,0,male,Walton T20 Cricket Series,T20,Shuvagata Hom,bowled,Bangladesh,Zimbabwe,2016-01-15,,6
bb01f9e0,958417,0,0,0,0,0,0,0,0,0,0,0,18,1,0,1,0,7,male,Walton T20 Cricket Series,T20,Shuvagata Hom,0,Bangladesh,Zimbabwe,2016-01-17,,6
bb01f9e0,951347,13,1,10,1,1,0,0,0,0,5,0,14,0,0,0,0,2,male,World T20,T20,Shuvagata Hom,lbw,Bangladesh,Australia,2016-03-21,,6
bb01f9e0,951353,0,1,1,0,0,0,0,0,0,1,0,24,1,1,0,0,11,male,World T20,T20,Shuvagata Hom,0,Bangladesh,India,2016-03-23,,6
bb01f9e0,951359,16,0,17,2,0,1,0,0,0,7,0,16,0,0,0,0,5,male,World T20,T20,Shuvagata Hom,0,Bangladesh,New Zealand,2016-03-26,,6
bb01f9e0,1029827,31,1,46,5,0,3,0,0,0,33,0,41,0,0,0,0,44,male,England in Bangladesh Test Series,Test,Shuvagata Hom,0,Bangladesh,England,2016-10-28,2016-10-29,6
bb01f9e0,1063055,3,0,4,0,0,0,0,0,0,1,0,10,0,0,0,0,0,male,Bangladesh Premier League,T20,Shuvagata Hom,0,Khulna Titans,Rajshahi Kings,2016-11-09,,6
bb01f9e0,1063048,12,1,8,2,0,0,0,0,0,4,0,10,0,0,0,0,7,male,Bangladesh Premier League,T20,Shuvagata Hom,bowled,Khulna Titans,Rangpur Riders,2016-11-10,,6
bb01f9e0,1063059,3,1,4,0,0,1,0,0,0,2,0,2,0,0,0,0,6,male,Bangladesh Premier League,T20,Shuvagata Hom,caught,Khulna Titans,Chittagong Vikings,2016-11-12,,6
bb01f9e0,1063062,16,1,18,1,0,0,0,0,0,9,0,20,1,0,0,0,4,male,Bangladesh Premier League,T20,Shuvagata Hom,caught,Khulna Titans,Comilla Victorians,2016-11-13,,6
bb01f9e0,1063067,24,1,21,4,0,1,0,0,0,9,0,15,0,0,0,0,1,male,Bangladesh Premier League,T20,Shuvagata Hom,bowled,Khulna Titans,Dhaka Dynamites,2016-11-19,,6
bb01f9e0,1063052,0,0,0,0,0,1,0,0,0,0,0,0,0,0,0,0,0,male,Bangladesh Premier League,T20,Shuvagata Hom,0,Khulna Titans,Barisal Bulls,2016-11-20,,6
bb01f9e0,1063074,40,1,34,5,1,0,0,0,0,15,0,0,0,0,0,0,0,male,Bangladesh Premier League,T20,Shuvagata Hom,bowled,Khulna Titans,Barisal Bulls,2016-11-25,,6
bb01f9e0,1063076,2,1,5,0,0,0,0,0,0,4,0,5,0,0,0,0,4,male,Bangladesh Premier League,T20,Shuvagata Hom,caught,Khulna Titans,Rajshahi Kings,2016-11-26,,6
bb01f9e0,1063080,2,1,5,0,0,0,1,0,0,3,0,7,1,0,0,0,4,male,Bangladesh Premier League,T20,Shuvagata Hom,caught,Khulna Titans,Chittagong Vikings,2016-11-29,,6
bb01f9e0,1063088,0,0,0,0,0,0,0,0,0,0,0,21,0,0,0,0,2,male,Bangladesh Premier League,T20,Shuvagata Hom,0,Khulna Titans,Dhaka Dynamites,2016-12-04,,6
bb01f9e0,1063090,8,1,6,1,0,1,0,0,0,2,0,8,0,0,0,0,3,male,Bangladesh Premier League,T20,Shuvagata Hom,bowled,Khulna Titans,Dhaka Dynamites,2016-12-06,,6
bb01f9e0,1063091,4,1,6,0,0,0,0,0,0,3,0,0,0,0,0,0,0,male,Bangladesh Premier League,T20,Shuvagata Hom,0,Khulna Titans,Rajshahi Kings,2016-12-07,,6
bb01f9e0,1121245,0,0,0,0,0,0,0,0,0,0,0,27,0,0,0,0,9,male,Bangladesh Premier League,T20,Shuvagata Hom,0,Sylhet Sixers,Dhaka Dynamites,2017-11-04,,6
bb01f9e0,1121247,7,1,8,0,0,1,0,0,0,3,0,0,0,0,0,0,0,male,Bangladesh Premier League,T20,Shuvagata Hom,0,Sylhet Sixers,Comilla Victorians,2017-11-05,,6
bb01f9e0,1121266,0,0,0,0,0,0,0,0,0,0,0,12,0,0,0,0,4,male,Bangladesh Premier League,T20,Shuvagata Hom,0,Sylhet Sixers,Rangpur Riders,2017-11-20,,6
bb01f9e0,1169380,38,0,15,5,2,0,0,0,0,3,0,16,1,0,0,1,11,male,Bangladesh Premier League,T20,Shuvagata Hom,0,Dhaka Dynamites,Rajshahi Kings,2019-01-05,,6
bb01f9e0,1169383,11,0,7,1,0,0,0,0,0,1,0,4,1,0,0,0,2,male,Bangladesh Premier League,T20,Shuvagata Hom,0,Dhaka Dynamites,Khulna Titans,2019-01-08,,6
bb01f9e0,1169387,3,1,10,0,0,0,0,0,0,8,0,27,1,0,0,0,3,male,Bangladesh Premier League,T20,Shuvagata Hom,lbw,Dhaka Dynamites,Rangpur Riders,2019-01-11,,6
bb01f9e0,1169390,0,1,1,0,0,1,0,0,0,1,0,29,2,0,1,0,7,male,Bangladesh Premier League,T20,Shuvagata Hom,0,Dhaka Dynamites,Sylhet Sixers,2019-01-12,,6
bb01f9e0,1169402,28,0,15,3,1,1,0,0,0,3,0,16,0,0,0,0,3,male,Bangladesh Premier League,T20,Shuvagata Hom,0,Dhaka Dynamites,Chittagong Vikings,2019-01-21,,6
bb01f9e0,1169404,3,1,7,0,0,2,0,0,0,4,0,14,0,0,0,0,2,male,Bangladesh Premier League,T20,Shuvagata Hom,caught,Dhaka Dynamites,Comilla Victorians,2019-01-22,,6
bb01f9e0,1169412,1,1,2,0,0,0,0,0,0,1,0,0,0,0,0,0,0,male,Bangladesh Premier League,T20,Shuvagata Hom,bowled,Dhaka Dynamites,Rangpur Riders,2019-01-28,,6
bb01f9e0,1169415,5,1,6,0,0,2,0,0,0,2,0,0,0,0,0,0,0,male,Bangladesh Premier League,T20,Shuvagata Hom,caught and bowled,Dhaka Dynamites,Chittagong Vikings,2019-01-30,,6
bb01f9e0,1169417,4,1,8,0,0,0,0,0,0,5,0,14,1,0,0,0,10,male,Bangladesh Premier League,T20,Shuvagata Hom,caught,Dhaka Dynamites,Comilla Victorians,2019-02-01,,6
bb01f9e0,1169421,0,0,0,0,0,2,0,0,0,0,0,13,0,0,0,0,4,male,Bangladesh Premier League,T20,Shuvagata Hom,0,Dhaka Dynamites,Chittagong Vikings,2019-02-04,,6
bb01f9e0,1169423,0,0,0,0,0,0,0,0,0,0,0,18,1,0,0,0,3,male,Bangladesh Premier League,T20,Shuvagata Hom,0,Dhaka Dynamites,Rangpur Riders,2019-02-06,,6
bb01f9e0,1169424,0,1,2,0,0,0,0,0,0,2,0,14,0,0,0,0,0,male,Bangladesh Premier League,T20,Shuvagata Hom,0,Dhaka Dynamites,Comilla Victorians,2019-02-08,,6
bb01f9e0,1208072,0,0,0,0,0,0,0,0,0,0,0,14,0,0,0,0,1,male,Bangladesh Premier League,T20,Shuvagata Hom,0,Dhaka Platoon,Cumilla Warriors,2019-12-13,,6
bb01f9e0,1296686,9,0,4,0,1,1,0,0,0,0,0,9,1,1,0,0,2,male,Bangladesh Premier League,T20,Shuvagata Hom,0,Minister Group Dhaka,Khulna Tigers,2022-01-21,,6
bb01f9e0,1296688,13,1,14,2,0,0,0,0,0,7,0,15,1,1,0,0,5,male,Bangladesh Premier League,T20,Shuvagata Hom,0,Minister Group Dhaka,Chattogram Challengers,2022-01-22,,6
bb01f9e0,1296689,29,1,28,2,0,0,0,0,0,9,0,20,1,0,0,0,13,male,Bangladesh Premier League,T20,Shuvagata Hom,caught,Minister Group Dhaka,Fortune Barishal,2022-01-24,,6
bb01f9e0,1296691,21,1,16,2,1,0,0,0,0,6,0,11,0,0,0,0,5,male,Bangladesh Premier League,T20,Shuvagata Hom,lbw,Minister Group Dhaka,Sylhet Sunrisers,2022-01-25,,6
bb01f9e0,1296694,0,0,0,0,0,0,0,0,0,0,0,11,0,0,0,0,0,male,Bangladesh Premier League,T20,Shuvagata Hom,0,Minister Group Dhaka,Sylhet Sunrisers,2022-01-28,,6
bb01f9e0,1296699,9,1,8,1,0,0,0,0,0,2,0,18,0,0,0,0,0,male,Bangladesh Premier League,T20,Shuvagata Hom,0,Minister Group Dhaka,Comilla Victorians,2022-02-01,,6
bb01f9e0,1296707,22,1,11,2,1,1,0,0,0,1,0,0,0,0,0,0,0,male,Bangladesh Premier League,T20,Shuvagata Hom,bowled,Minister Group Dhaka,Chattogram Challengers,2022-02-08,,6
bb01f9e0,1296709,18,0,9,0,2,1,0,0,0,2,0,0,0,0,0,0,0,male,Bangladesh Premier League,T20,Shuvagata Hom,0,Minister Group Dhaka,Khulna Tigers,2022-02-09,,6
bb01f9e0,1296712,21,1,28,2,1,0,0,0,0,18,0,0,0,0,0,0,0,male,Bangladesh Premier League,T20,Shuvagata Hom,0,Minister Group Dhaka,Fortune Barishal,2022-02-11,,6
bb01f9e0,1351052,1,1,7,0,0,0,0,0,0,6,0,13,0,0,0,0,5,male,Bangladesh Premier League,T20,Shuvagata Hom,caught,Chattogram Challengers,Sylhet Strikers,2023-01-06,,6
bb01f9e0,1351057,0,0,0,0,0,0,0,0,0,0,0,15,1,0,0,1,13,male,Bangladesh Premier League,T20,Shuvagata Hom,0,Chattogram Challengers,Khulna Tigers,2023-01-09,,6
bb01f9e0,1351060,10,0,7,0,1,0,0,0,0,2,0,0,0,0,0,0,0,male,Bangladesh Premier League,T20,Shuvagata Hom,0,Chattogram Challengers,Fortune Barishal,2023-01-13,,6
bb01f9e0,1351063,0,0,0,0,0,0,0,0,0,0,0,9,1,0,0,0,4,male,Bangladesh Premier League,T20,Shuvagata Hom,0,Chattogram Challengers,Dhaka Dominators,2023-01-14,,6
bb01f9e0,1351065,37,0,23,4,1,0,0,0,0,6,0,18,0,0,0,0,4,male,Bangladesh Premier League,T20,Shuvagata Hom,0,Chattogram Challengers,Comilla Victorians,2023-01-16,,6
bb01f9e0,1351070,1,1,4,0,0,0,0,0,0,3,0,17,1,0,0,0,8,male,Bangladesh Premier League,T20,Shuvagata Hom,0,Chattogram Challengers,Khulna Tigers,2023-01-20,,6
bb01f9e0,1351072,52,1,31,4,4,1,0,0,0,13,0,13,2,0,0,0,13,male,Bangladesh Premier League,T20,Shuvagata Hom,caught,Chattogram Challengers,Rangpur Riders,2023-01-23,,6
bb01f9e0,1351077,2,1,5,0,0,0,0,0,0,3,0,19,0,0,0,0,0,male,Bangladesh Premier League,T20,Shuvagata Hom,caught,Chattogram Challengers,Fortune Barishal,2023-01-27,,6
bb01f9e0,1351079,54,0,29,3,3,0,0,0,0,4,0,7,0,0,0,0,4,male,Bangladesh Premier League,T20,Shuvagata Hom,0,Chattogram Challengers,Sylhet Strikers,2023-01-28,,6
bb01f9e0,1351086,12,1,10,2,0,0,0,0,0,4,0,0,0,0,0,0,0,male,Bangladesh Premier League,T20,Shuvagata Hom,run out,Chattogram Challengers,Comilla Victorians,2023-02-04,,6
bb01f9e0,1351088,1,1,3,0,0,0,0,0,0,2,0,23,1,0,0,0,12,male,Bangladesh Premier League,T20,Shuvagata Hom,0,Chattogram Challengers,Dhaka Dominators,2023-02-07,,6
bb01f9e0,1412275,0,0,0,0,0,0,0,0,0,0,0,12,0,0,0,0,2,male,Bangladesh Premier League,T20,Shuvagata Hom,0,Chattogram Challengers,Sylhet Strikers,2024-01-19,,6
bb01f9e0,1412277,2,1,4,0,0,0,0,0,0,2,0,20,0,0,0,0,6,male,Bangladesh Premier League,T20,Shuvagata Hom,0,Chattogram Challengers,Khulna Tigers,2024-01-20,,6
bb01f9e0,1412278,7,0,11,1,0,1,0,0,0,7,0,20,1,0,0,0,14,male,Bangladesh Premier League,T20,Shuvagata Hom,0,Chattogram Challengers,Durdanto Dhaka,2024-01-22,,6
bb01f9e0,1412284,0,0,0,0,0,0,0,0,0,0,0,36,0,0,0,0,4,male,Bangladesh Premier League,T20,Shuvagata Hom,0,Chattogram Challengers,Fortune Barishal,2024-01-27,,6
bb01f9e0,1412286,0,0,0,0,0,0,0,0,0,0,0,19,0,0,0,0,3,male,Bangladesh Premier League,T20,Shuvagata Hom,0,Chattogram Challengers,Sylhet Strikers,2024-01-29,,6
bb01f9e0,1412291,7,1,13,0,0,0,0,0,0,6,0,0,0,0,0,0,0,male,Bangladesh Premier League,T20,Shuvagata Hom,0,Chattogram Challengers,Comilla Victorians,2024-02-02,,6
bb01f9e0,1412295,2,0,5,0,0,0,0,0,0,3,0,9,0,0,0,0,3,male,Bangladesh Premier League,T20,Shuvagata Hom,0,Chattogram Challengers,Fortune Barishal,2024-02-06,,6
bb01f9e0,1412300,31,1,14,3,2,0,0,0,0,3,0,10,0,0,0,0,2,male,Bangladesh Premier League,T20,Shuvagata Hom,run out,Chattogram Challengers,Rangpur Riders,2024-02-10,,6
bb01f9e0,1412302,19,1,13,3,0,0,0,0,0,3,0,0,0,0,0,0,0,male,Bangladesh Premier League,T20,Shuvagata Hom,0,Chattogram Challengers,Comilla Victorians,2024-02-13,,6
bb01f9e0,1412307,21,1,19,3,0,0,0,0,0,9,0,0,0,0,0,0,0,male,Bangladesh Premier League,T20,Shuvagata Hom,caught,Chattogram Challengers,Rangpur Riders,2024-02-16,,6
bb01f9e0,1412309,9,1,5,0,1,1,0,0,0,2,0,12,2,0,0,0,12,male,Bangladesh Premier League,T20,Shuvagata Hom,0,Chattogram Challengers,Durdanto Dhaka,2024-02-17,,6
bb01f9e0,1412312,7,0,3,1,0,0,0,0,0,0,0,25,2,0,0,0,12,male,Bangladesh Premier League,T20,Shuvagata Hom,0,Chattogram Challengers,Khulna Tigers,2024-02-20,,6
bb01f9e0,1412316,24,1,18,4,0,0,0,0,0,7,0,45,1,0,0,0,8,male,Bangladesh Premier League,T20,Shuvagata Hom,bowled,Chattogram Challengers,Fortune Barishal,2024-02-26,,6
