player_id,match_id,runs_scored,player_out,balls_faced,fours_scored,sixes_scored,catches_taken,run_out_direct,run_out_throw,stumpings_done,dot_balls_as_batsman,order_seenballs_bowled,runs_conceded,wickets_taken,bowled_done,lbw_done,maidens,dot_balls_as_bowler,gender,series_name,match_type,name,out_kind,player_team,opposition_team,start_date,end_date,balls_per_over
a84ccd7d,1208080,8,0,6,1,0,1,0,0,0,1,0,25,0,0,0,0,2,male,Bangladesh Premier League,T20,Sumon Khan,0,Cumilla Warriors,Chattogram Challengers,2019-12-20,,6
a84ccd7d,1208083,0,0,0,0,0,0,0,0,0,0,0,35,0,0,0,0,11,male,Bangladesh Premier League,T20,Sumon Khan,0,Cumilla Warriors,Dhaka Platoon,2019-12-23,,6
a84ccd7d,1208086,0,1,1,0,0,0,0,0,0,1,0,42,0,0,0,0,5,male,Bangladesh Premier League,T20,Sumon Khan,lbw,Cumilla Warriors,Rajshahi Royals,2019-12-24,,6
a84ccd7d,1208106,9,0,8,0,1,0,0,0,0,4,0,40,1,0,0,0,4,male,Bangladesh Premier League,T20,Sumon Khan,0,Cumilla Warriors,Khulna Tigers,2020-01-10,,6
a84ccd7d,1296702,0,0,0,0,0,0,0,0,0,0,0,7,0,0,0,0,2,male,Bangladesh Premier League,T20,Sumon Khan,0,Comilla Victorians,Chattogram Challengers,2022-02-03,,6
a84ccd7d,1296705,8,1,12,1,0,1,0,0,0,7,0,16,0,0,0,0,1,male,Bangladesh Premier League,T20,Sumon Khan,0,Comilla Victorians,Fortune Barishal,2022-02-07,,6
a84ccd7d,1399116,0,0,0,0,0,0,0,0,0,0,0,20,0,0,0,0,3,male,Asian Games Men's Cricket Competition,T20,Sumon Khan,0,Bangladesh,Malaysia,2023-10-04,,6
a84ccd7d,1412298,0,0,0,0,0,0,0,0,0,0,0,37,1,0,0,0,11,male,Bangladesh Premier League,T20,Sumon Khan,0,Khulna Tigers,Sylhet Strikers,2024-02-09,,6
