player_id,match_id,runs_scored,player_out,balls_faced,fours_scored,sixes_scored,catches_taken,run_out_direct,run_out_throw,stumpings_done,dot_balls_as_batsman,order_seenballs_bowled,runs_conceded,wickets_taken,bowled_done,lbw_done,maidens,dot_balls_as_bowler,gender,series_name,match_type,name,out_kind,player_team,opposition_team,start_date,end_date,balls_per_over
aa467af0,1121269,0,0,1,0,0,0,0,0,0,1,0,9,0,0,0,0,3,male,Bangladesh Premier League,T20,Tanvir Islam,0,Khulna Titans,Rangpur Riders,2017-11-24,,6
aa467af0,1121287,0,0,0,0,0,0,0,0,0,0,0,0,0,0,0,0,0,male,Bangladesh Premier League,T20,Tanvir Islam,0,Khulna Titans,Rangpur Riders,2017-12-08,,6
aa467af0,1208084,0,0,0,0,0,1,0,1,0,0,0,26,0,0,0,0,10,male,Bangladesh Premier League,T20,Tanvir Islam,0,Khulna Tigers,Rajshahi Royals,2019-12-23,,6
aa467af0,1208088,0,0,0,0,0,0,0,0,0,0,0,29,2,0,0,0,7,male,Bangladesh Premier League,T20,Tanvir Islam,0,Khulna Tigers,Rangpur Rangers,2019-12-27,,6
aa467af0,1208090,0,0,0,0,0,0,0,0,0,0,0,23,0,0,0,0,13,male,Bangladesh Premier League,T20,Tanvir Islam,0,Khulna Tigers,Sylhet Thunder,2019-12-28,,6
aa467af0,1208097,0,0,0,0,0,0,0,0,0,0,0,8,0,0,0,0,4,male,Bangladesh Premier League,T20,Tanvir Islam,0,Khulna Tigers,Dhaka Platoon,2020-01-03,,6
aa467af0,1208099,3,1,6,0,0,0,0,0,0,4,0,0,0,0,0,0,0,male,Bangladesh Premier League,T20,Tanvir Islam,bowled,Khulna Tigers,Chattogram Challengers,2020-01-04,,6
aa467af0,1208112,0,0,0,0,0,0,0,0,0,0,0,11,0,0,0,0,1,male,Bangladesh Premier League,T20,Tanvir Islam,0,Khulna Tigers,Rajshahi Royals,2020-01-17,,6
aa467af0,1296687,3,0,8,0,0,0,0,0,0,5,0,10,1,0,0,1,17,male,Bangladesh Premier League,T20,Tanvir Islam,0,Comilla Victorians,Sylhet Sunrisers,2022-01-22,,6
aa467af0,1296692,0,0,0,0,0,0,0,0,0,0,0,19,2,0,0,0,13,male,Bangladesh Premier League,T20,Tanvir Islam,0,Comilla Victorians,Fortune Barishal,2022-01-25,,6
aa467af0,1296697,0,0,0,0,0,0,0,0,0,0,0,33,2,2,0,0,10,male,Bangladesh Premier League,T20,Tanvir Islam,0,Comilla Victorians,Chattogram Challengers,2022-01-31,,6
aa467af0,1296699,10,0,7,0,1,0,0,0,0,2,0,36,2,1,0,0,6,male,Bangladesh Premier League,T20,Tanvir Islam,0,Comilla Victorians,Minister Group Dhaka,2022-02-01,,6
aa467af0,1296702,0,0,0,0,0,0,0,0,0,0,0,21,1,1,0,0,8,male,Bangladesh Premier League,T20,Tanvir Islam,0,Comilla Victorians,Chattogram Challengers,2022-02-03,,6
aa467af0,1296705,21,0,14,0,2,0,0,0,0,3,0,22,2,0,0,0,6,male,Bangladesh Premier League,T20,Tanvir Islam,0,Comilla Victorians,Fortune Barishal,2022-02-07,,6
aa467af0,1296710,0,0,0,0,0,0,0,0,0,0,0,39,1,0,0,0,10,male,Bangladesh Premier League,T20,Tanvir Islam,0,Comilla Victorians,Sylhet Sunrisers,2022-02-09,,6
aa467af0,1296711,0,0,0,0,0,0,0,0,0,0,0,21,1,0,0,0,4,male,Bangladesh Premier League,T20,Tanvir Islam,0,Comilla Victorians,Khulna Tigers,2022-02-11,,6
aa467af0,1296714,0,0,0,0,0,0,0,0,0,0,0,43,0,0,0,0,6,male,Bangladesh Premier League,T20,Tanvir Islam,0,Comilla Victorians,Khulna Tigers,2022-02-12,,6
aa467af0,1296716,0,0,0,0,0,0,0,0,0,0,0,33,1,0,1,0,11,male,Bangladesh Premier League,T20,Tanvir Islam,0,Comilla Victorians,Fortune Barishal,2022-02-14,,6
aa467af0,1296717,0,0,0,0,0,1,0,0,0,0,0,33,1,0,1,0,10,male,Bangladesh Premier League,T20,Tanvir Islam,0,Comilla Victorians,Chattogram Challengers,2022-02-16,,6
aa467af0,1296718,0,0,2,0,0,0,0,0,0,2,0,25,2,0,0,0,14,male,Bangladesh Premier League,T20,Tanvir Islam,0,Comilla Victorians,Fortune Barishal,2022-02-18,,6
aa467af0,1351062,0,0,0,0,0,0,0,0,0,0,0,33,4,0,1,0,9,male,Bangladesh Premier League,T20,Tanvir Islam,0,Comilla Victorians,Fortune Barishal,2023-01-14,,6
aa467af0,1351065,0,0,0,0,0,0,0,0,0,0,0,27,2,2,0,0,12,male,Bangladesh Premier League,T20,Tanvir Islam,0,Comilla Victorians,Chattogram Challengers,2023-01-16,,6
aa467af0,1351067,0,0,0,0,0,0,0,0,0,0,0,22,1,1,0,0,10,male,Bangladesh Premier League,T20,Tanvir Islam,0,Comilla Victorians,Sylhet Strikers,2023-01-17,,6
aa467af0,1351068,0,0,0,0,0,0,0,0,0,0,0,14,0,0,0,0,15,male,Bangladesh Premier League,T20,Tanvir Islam,0,Comilla Victorians,Dhaka Dominators,2023-01-19,,6
aa467af0,1351073,0,0,0,0,0,0,0,0,0,0,0,13,0,0,0,0,14,male,Bangladesh Premier League,T20,Tanvir Islam,0,Comilla Victorians,Dhaka Dominators,2023-01-23,,6
aa467af0,1351078,0,0,0,0,0,0,0,0,0,0,0,19,1,0,0,0,12,male,Bangladesh Premier League,T20,Tanvir Islam,0,Comilla Victorians,Khulna Tigers,2023-01-28,,6
aa467af0,1351083,0,0,0,0,0,0,0,0,0,0,0,44,0,0,0,0,8,male,Bangladesh Premier League,T20,Tanvir Islam,0,Comilla Victorians,Khulna Tigers,2023-01-31,,6
aa467af0,1351086,0,0,0,0,0,0,0,0,0,0,0,28,2,0,1,0,13,male,Bangladesh Premier League,T20,Tanvir Islam,0,Comilla Victorians,Chattogram Challengers,2023-02-04,,6
aa467af0,1351089,0,0,0,0,0,1,0,0,0,0,0,30,1,0,0,0,9,male,Bangladesh Premier League,T20,Tanvir Islam,0,Comilla Victorians,Fortune Barishal,2023-02-07,,6
aa467af0,1351092,0,0,0,0,0,1,0,0,0,0,0,26,2,0,1,0,12,male,Bangladesh Premier League,T20,Tanvir Islam,0,Comilla Victorians,Rangpur Riders,2023-02-10,,6
aa467af0,1351095,0,0,0,0,0,1,1,0,0,0,0,31,2,1,0,0,8,male,Bangladesh Premier League,T20,Tanvir Islam,0,Comilla Victorians,Sylhet Strikers,2023-02-12,,6
aa467af0,1351097,0,0,0,0,0,0,0,0,0,0,0,21,1,1,0,0,8,male,Bangladesh Premier League,T20,Tanvir Islam,0,Comilla Victorians,Sylhet Strikers,2023-02-16,,6
aa467af0,1351402,0,0,0,0,0,1,0,0,0,0,0,17,0,0,0,0,3,male,England tour of Bangladesh,T20,Tanvir Islam,0,Bangladesh,England,2023-03-14,,6
aa467af0,1388215,8,1,7,1,0,0,0,0,0,2,0,12,0,0,0,0,4,male,Bangladesh tour of New Zealand,T20,Tanvir Islam,caught,Bangladesh,New Zealand,2023-12-31,,6
aa467af0,1412274,0,0,0,0,0,0,0,0,0,0,0,31,2,0,0,0,8,male,Bangladesh Premier League,T20,Tanvir Islam,0,Comilla Victorians,Durdanto Dhaka,2024-01-19,,6
aa467af0,1412281,0,0,0,0,0,1,0,0,0,0,0,27,1,0,0,0,6,male,Bangladesh Premier League,T20,Tanvir Islam,0,Comilla Victorians,Fortune Barishal,2024-01-23,,6
aa467af0,1412283,3,0,5,0,0,0,0,0,0,3,0,9,1,0,0,0,6,male,Bangladesh Premier League,T20,Tanvir Islam,0,Comilla Victorians,Sylhet Strikers,2024-01-26,,6
aa467af0,1412288,0,0,0,0,0,0,0,0,0,0,0,19,0,0,0,0,7,male,Bangladesh Premier League,T20,Tanvir Islam,0,Comilla Victorians,Rangpur Riders,2024-01-30,,6
aa467af0,1412291,0,0,0,0,0,0,0,0,0,0,0,13,4,0,1,1,18,male,Bangladesh Premier League,T20,Tanvir Islam,0,Comilla Victorians,Chattogram Challengers,2024-02-02,,6
aa467af0,1412296,1,0,1,0,0,1,0,0,0,0,0,29,2,0,0,0,16,male,Bangladesh Premier League,T20,Tanvir Islam,0,Comilla Victorians,Khulna Tigers,2024-02-07,,6
aa467af0,1412299,0,0,0,0,0,0,0,0,0,0,0,14,0,0,0,0,4,male,Bangladesh Premier League,T20,Tanvir Islam,0,Comilla Victorians,Durdanto Dhaka,2024-02-09,,6
aa467af0,1412302,0,0,0,0,0,2,0,0,0,0,0,53,0,0,0,0,3,male,Bangladesh Premier League,T20,Tanvir Islam,0,Comilla Victorians,Chattogram Challengers,2024-02-13,,6
aa467af0,1412305,0,0,0,0,0,0,0,0,0,0,0,14,0,0,0,0,4,male,Bangladesh Premier League,T20,Tanvir Islam,0,Comilla Victorians,Khulna Tigers,2024-02-14,,6
aa467af0,1412313,0,0,0,0,0,1,0,0,0,0,0,12,1,0,0,0,4,male,Bangladesh Premier League,T20,Tanvir Islam,0,Comilla Victorians,Rangpur Riders,2024-02-20,,6
aa467af0,1412314,0,0,1,0,0,0,0,0,0,1,0,0,0,0,0,0,0,male,Bangladesh Premier League,T20,Tanvir Islam,0,Comilla Victorians,Fortune Barishal,2024-02-23,,6
aa467af0,1412317,0,0,0,0,0,0,0,0,0,0,0,30,1,0,0,0,10,male,Bangladesh Premier League,T20,Tanvir Islam,0,Comilla Victorians,Rangpur Riders,2024-02-26,,6
aa467af0,1412319,0,0,0,0,0,0,0,0,0,0,0,28,0,0,0,0,14,male,Bangladesh Premier League,T20,Tanvir Islam,0,Comilla Victorians,Fortune Barishal,2024-03-01,,6
aa467af0,1425128,0,0,0,0,0,0,0,0,0,0,0,26,1,0,0,0,12,male,Zimbabwe tour of Bangladesh,T20,Tanvir Islam,0,Bangladesh,Zimbabwe,2024-05-07,,6
aa467af0,1425129,3,0,5,0,0,0,0,0,0,3,0,14,0,0,0,0,4,male,Zimbabwe tour of Bangladesh,T20,Tanvir Islam,0,Bangladesh,Zimbabwe,2024-05-10,,6
