player_id,match_id,runs_scored,player_out,balls_faced,fours_scored,sixes_scored,catches_taken,run_out_direct,run_out_throw,stumpings_done,dot_balls_as_batsman,order_seenballs_bowled,runs_conceded,wickets_taken,bowled_done,lbw_done,maidens,dot_balls_as_bowler,gender,series_name,match_type,name,out_kind,player_team,opposition_team,start_date,end_date,balls_per_over
0b0cc297,1351074,0,0,0,0,0,0,0,0,0,0,0,40,2,0,0,0,8,male,Bangladesh Premier League,T20,Tanzim Hasan Sakib,0,Sylhet Strikers,Fortune Barishal,2023-01-24,,6
0b0cc297,1351076,41,1,39,5,2,0,0,0,0,23,0,5,0,0,0,0,2,male,Bangladesh Premier League,T20,Tanzim Hasan Sakib,bowled,Sylhet Strikers,Rangpur Riders,2023-01-27,,6
0b0cc297,1351079,0,0,0,0,0,0,1,0,0,0,0,52,0,0,0,0,3,male,Bangladesh Premier League,T20,Tanzim Hasan Sakib,0,Sylhet Strikers,Chattogram Challengers,2023-01-28,,6
0b0cc297,1351090,0,0,0,0,0,1,0,0,0,0,0,22,3,0,0,0,13,male,Bangladesh Premier League,T20,Tanzim Hasan Sakib,0,Sylhet Strikers,Khulna Tigers,2023-02-08,,6
0b0cc297,1351095,6,1,5,1,0,1,0,0,0,2,0,28,1,1,0,0,4,male,Bangladesh Premier League,T20,Tanzim Hasan Sakib,caught,Sylhet Strikers,Comilla Victorians,2023-02-12,,6
0b0cc297,1351096,0,0,0,0,0,0,0,0,0,0,0,19,2,0,1,0,12,male,Bangladesh Premier League,T20,Tanzim Hasan Sakib,0,Sylhet Strikers,Rangpur Riders,2023-02-14,,6
0b0cc297,1351097,0,0,0,0,0,0,0,0,0,0,0,51,0,0,0,0,5,male,Bangladesh Premier League,T20,Tanzim Hasan Sakib,0,Sylhet Strikers,Comilla Victorians,2023-02-16,,6
0b0cc297,1388412,14,0,8,1,1,0,0,0,0,2,0,32,2,1,0,1,38,male,Asia Cup,ODI,Tanzim Hasan Sakib,0,Bangladesh,India,2023-09-15,,6
0b0cc297,1395700,0,0,0,0,0,0,0,0,0,0,0,27,0,0,0,0,18,male,New Zealand tour of Bangladesh,ODI,Tanzim Hasan Sakib,0,Bangladesh,New Zealand,2023-09-21,,6
0b0cc297,1384429,5,0,6,1,0,0,0,0,0,4,0,81,3,1,0,0,29,male,ICC Cricket World Cup,ODI,Tanzim Hasan Sakib,0,Bangladesh,Sri Lanka,2023-11-06,,6
0b0cc297,1388211,13,1,11,0,1,0,0,0,0,4,0,51,0,0,0,0,12,male,Bangladesh tour of New Zealand,ODI,Tanzim Hasan Sakib,caught,Bangladesh,New Zealand,2023-12-20,,6
0b0cc297,1388212,0,0,0,0,0,0,0,0,0,0,0,14,3,0,0,2,35,male,Bangladesh tour of New Zealand,ODI,Tanzim Hasan Sakib,0,Bangladesh,New Zealand,2023-12-23,,6
0b0cc297,1388213,0,0,0,0,0,1,0,0,0,0,0,45,1,0,0,0,9,male,Bangladesh tour of New Zealand,T20,Tanzim Hasan Sakib,0,Bangladesh,New Zealand,2023-12-27,,6
0b0cc297,1388214,0,0,0,0,0,0,0,0,0,0,0,15,1,0,0,0,3,male,Bangladesh tour of New Zealand,T20,Tanzim Hasan Sakib,0,Bangladesh,New Zealand,2023-12-29,,6
0b0cc297,1412275,0,0,0,0,0,0,0,0,0,0,0,49,0,0,0,0,8,male,Bangladesh Premier League,T20,Tanzim Hasan Sakib,0,Sylhet Strikers,Chattogram Challengers,2024-01-19,,6
0b0cc297,1412283,4,1,7,0,0,0,0,0,0,4,0,29,1,0,0,0,12,male,Bangladesh Premier League,T20,Tanzim Hasan Sakib,caught,Sylhet Strikers,Comilla Victorians,2024-01-26,,6
0b0cc297,1412286,0,0,0,0,0,0,0,0,0,0,0,19,1,0,0,0,5,male,Bangladesh Premier League,T20,Tanzim Hasan Sakib,0,Sylhet Strikers,Chattogram Challengers,2024-01-29,,6
0b0cc297,1412297,0,0,0,0,0,0,0,0,0,0,0,21,0,0,0,0,7,male,Bangladesh Premier League,T20,Tanzim Hasan Sakib,0,Sylhet Strikers,Durdanto Dhaka,2024-02-07,,6
0b0cc297,1412298,0,0,0,0,0,1,0,0,0,0,0,26,0,0,0,0,9,male,Bangladesh Premier League,T20,Tanzim Hasan Sakib,0,Sylhet Strikers,Khulna Tigers,2024-02-09,,6
0b0cc297,1412308,9,0,4,1,0,1,0,0,0,0,0,49,3,2,0,0,10,male,Bangladesh Premier League,T20,Tanzim Hasan Sakib,0,Sylhet Strikers,Fortune Barishal,2024-02-17,,6
0b0cc297,1412310,0,0,0,0,0,0,0,0,0,0,0,33,3,1,0,0,7,male,Bangladesh Premier League,T20,Tanzim Hasan Sakib,0,Sylhet Strikers,Comilla Victorians,2024-02-19,,6
0b0cc297,1412315,0,0,0,0,0,0,0,0,0,0,0,36,2,0,0,0,9,male,Bangladesh Premier League,T20,Tanzim Hasan Sakib,0,Sylhet Strikers,Khulna Tigers,2024-02-23,,6
0b0cc297,1419827,0,0,0,0,0,1,0,0,0,0,0,45,3,0,0,0,29,male,Sri Lanka tour of Bangladesh,ODI,Tanzim Hasan Sakib,0,Bangladesh,Sri Lanka,2024-03-13,,6
0b0cc297,1419828,18,1,34,1,0,0,0,0,0,20,0,65,1,0,1,0,26,male,Sri Lanka tour of Bangladesh,ODI,Tanzim Hasan Sakib,caught,Bangladesh,Sri Lanka,2024-03-15,,6
0b0cc297,1425128,0,0,0,0,0,0,0,0,0,0,0,26,1,0,0,0,11,male,Zimbabwe tour of Bangladesh,T20,Tanzim Hasan Sakib,0,Bangladesh,Zimbabwe,2024-05-07,,6
0b0cc297,1425129,6,1,5,1,0,0,0,0,0,2,0,43,0,0,0,0,13,male,Zimbabwe tour of Bangladesh,T20,Tanzim Hasan Sakib,0,Bangladesh,Zimbabwe,2024-05-10,,6
0b0cc297,1425132,0,1,3,0,0,0,0,0,0,3,0,23,0,0,0,0,15,male,Bangladesh tour of United States of America,T20,Tanzim Hasan Sakib,lbw,Bangladesh,United States of America,2024-05-23,,6
0b0cc297,1425133,0,0,0,0,0,1,0,0,0,0,0,32,1,0,0,1,14,male,Bangladesh tour of United States of America,T20,Tanzim Hasan Sakib,0,Bangladesh,United States of America,2024-05-25,,6
0b0cc297,1415715,1,0,5,0,0,2,0,0,0,4,0,25,1,0,0,0,14,male,ICC Men's T20 World Cup,T20,Tanzim Hasan Sakib,0,Bangladesh,Sri Lanka,2024-06-07,,6
0b0cc297,1415721,0,0,0,0,0,0,0,0,0,0,0,19,3,1,1,0,19,male,ICC Men's T20 World Cup,T20,Tanzim Hasan Sakib,0,Bangladesh,South Africa,2024-06-10,,6
0b0cc297,1415727,0,0,0,0,0,1,0,0,0,0,0,23,1,0,0,0,9,male,ICC Men's T20 World Cup,T20,Tanzim Hasan Sakib,0,Bangladesh,Netherlands,2024-06-13,,6
0b0cc297,1415737,3,1,5,0,0,0,0,0,0,2,0,7,4,1,0,2,22,male,ICC Men's T20 World Cup,T20,Tanzim Hasan Sakib,0,Bangladesh,Nepal,2024-06-16,,6
0b0cc297,1415744,4,0,3,0,0,0,0,0,0,0,0,9,0,0,0,0,2,male,ICC Men's T20 World Cup,T20,Tanzim Hasan Sakib,0,Bangladesh,Australia,2024-06-20,,6
0b0cc297,1415747,1,0,1,0,0,1,0,0,0,0,0,32,2,1,0,0,12,male,ICC Men's T20 World Cup,T20,Tanzim Hasan Sakib,0,Bangladesh,India,2024-06-22,,6
0b0cc297,1415752,3,1,10,0,0,1,0,0,0,7,0,40,0,0,0,0,10,male,ICC Men's T20 World Cup,T20,Tanzim Hasan Sakib,0,Bangladesh,Afghanistan,2024-06-24,,6
0b0cc297,1439894,8,1,10,1,0,0,0,0,0,5,0,50,2,1,0,0,7,male,Bangladesh tour of India,T20,Tanzim Hasan Sakib,0,Bangladesh,India,2024-10-09,,6
0b0cc297,1439895,8,0,8,1,0,0,0,0,0,3,0,67,3,0,0,0,8,male,Bangladesh tour of India,T20,Tanzim Hasan Sakib,0,Bangladesh,India,2024-10-12,,6
