player_id,match_id,runs_scored,player_out,balls_faced,fours_scored,sixes_scored,catches_taken,run_out_direct,run_out_throw,stumpings_done,dot_balls_as_batsman,order_seenballs_bowled,runs_conceded,wickets_taken,bowled_done,lbw_done,maidens,dot_balls_as_bowler,gender,series_name,match_type,name,out_kind,player_team,opposition_team,start_date,end_date,balls_per_over
5791b840,935291,22,1,18,2,1,0,0,0,0,7,0,0,0,0,0,0,0,male,Bangladesh Premier League,T20,Yasir Ali Chowdhury,0,Chittagong Vikings,Comilla Victorians,2015-11-24,,6
5791b840,935301,14,1,10,3,0,0,0,0,0,5,0,0,0,0,0,0,0,male,Bangladesh Premier League,T20,Yasir Ali Chowdhury,caught,Chittagong Vikings,Dhaka Dynamites,2015-11-26,,6
5791b840,935317,0,0,0,0,0,0,0,0,0,0,0,0,0,0,0,0,0,male,Bangladesh Premier League,T20,Yasir Ali Chowdhury,0,Chittagong Vikings,Sylhet Super Stars,2015-12-02,,6
5791b840,935331,2,0,9,0,0,0,0,0,0,7,0,0,0,0,0,0,0,male,Bangladesh Premier League,T20,Yasir Ali Chowdhury,0,Chittagong Vikings,Dhaka Dynamites,2015-12-08,,6
5791b840,935337,11,1,11,0,1,0,0,0,0,5,0,0,0,0,0,0,0,male,Bangladesh Premier League,T20,Yasir Ali Chowdhury,caught,Chittagong Vikings,Barisal Bulls,2015-12-09,,6
5791b840,1169389,41,1,36,2,2,0,0,0,0,12,0,0,0,0,0,0,0,male,Bangladesh Premier League,T20,Yasir Ali Chowdhury,caught,Chittagong Vikings,Khulna Titans,2019-01-12,,6
5791b840,1169392,4,1,8,0,0,0,0,0,0,5,0,0,0,0,0,0,0,male,Bangladesh Premier League,T20,Yasir Ali Chowdhury,0,Chittagong Vikings,Comilla Victorians,2019-01-13,,6
5791b840,1169400,54,1,37,5,3,0,0,0,0,16,0,0,0,0,0,0,0,male,Bangladesh Premier League,T20,Yasir Ali Chowdhury,0,Chittagong Vikings,Khulna Titans,2019-01-19,,6
5791b840,1169402,15,1,18,0,1,1,0,0,0,10,0,0,0,0,0,0,0,male,Bangladesh Premier League,T20,Yasir Ali Chowdhury,caught,Chittagong Vikings,Dhaka Dynamites,2019-01-21,,6
5791b840,1169405,3,1,7,0,0,2,0,0,0,5,0,0,0,0,0,0,0,male,Bangladesh Premier League,T20,Yasir Ali Chowdhury,0,Chittagong Vikings,Rajshahi Kings,2019-01-23,,6
5791b840,1169408,78,1,49,6,3,0,0,0,0,10,0,0,0,0,0,0,0,male,Bangladesh Premier League,T20,Yasir Ali Chowdhury,caught,Chittagong Vikings,Rangpur Riders,2019-01-25,,6
5791b840,1169410,58,1,40,7,2,0,0,0,0,15,0,0,0,0,0,0,0,male,Bangladesh Premier League,T20,Yasir Ali Chowdhury,0,Chittagong Vikings,Rajshahi Kings,2019-01-26,,6
5791b840,1169413,0,1,3,0,0,0,0,0,0,3,0,0,0,0,0,0,0,male,Bangladesh Premier League,T20,Yasir Ali Chowdhury,caught,Chittagong Vikings,Comilla Victorians,2019-01-29,,6
5791b840,1169415,19,1,20,2,0,0,0,0,0,7,0,0,0,0,0,0,0,male,Bangladesh Premier League,T20,Yasir Ali Chowdhury,0,Chittagong Vikings,Dhaka Dynamites,2019-01-30,,6
5791b840,1169418,27,1,27,2,1,3,0,0,0,13,0,0,0,0,0,0,0,male,Bangladesh Premier League,T20,Yasir Ali Chowdhury,caught,Chittagong Vikings,Sylhet Sixers,2019-02-01,,6
5791b840,1169421,8,1,9,1,0,0,0,0,0,4,0,0,0,0,0,0,0,male,Bangladesh Premier League,T20,Yasir Ali Chowdhury,0,Chittagong Vikings,Dhaka Dynamites,2019-02-04,,6
5791b840,1208068,0,1,1,0,0,0,0,0,0,1,0,0,0,0,0,0,0,male,Bangladesh Premier League,T20,Yasir Ali Chowdhury,0,Cumilla Warriors,Rangpur Rangers,2019-12-11,,6
5791b840,1208072,3,1,6,0,0,0,0,0,0,3,0,0,0,0,0,0,0,male,Bangladesh Premier League,T20,Yasir Ali Chowdhury,0,Cumilla Warriors,Dhaka Platoon,2019-12-13,,6
5791b840,1208077,0,0,0,0,0,0,0,0,0,0,0,0,0,0,0,0,0,male,Bangladesh Premier League,T20,Yasir Ali Chowdhury,0,Cumilla Warriors,Rangpur Rangers,2019-12-18,,6
5791b840,1208080,21,1,17,2,1,0,0,0,0,7,0,0,0,0,0,0,0,male,Bangladesh Premier League,T20,Yasir Ali Chowdhury,0,Cumilla Warriors,Chattogram Challengers,2019-12-20,,6
5791b840,1208083,30,0,28,2,0,0,0,0,0,8,0,0,0,0,0,0,0,male,Bangladesh Premier League,T20,Yasir Ali Chowdhury,0,Cumilla Warriors,Dhaka Platoon,2019-12-23,,6
5791b840,1208086,0,1,3,0,0,0,0,0,0,3,0,0,0,0,0,0,0,male,Bangladesh Premier League,T20,Yasir Ali Chowdhury,0,Cumilla Warriors,Rajshahi Royals,2019-12-24,,6
5791b840,1208096,5,1,6,0,0,0,0,0,0,1,0,0,0,0,0,0,0,male,Bangladesh Premier League,T20,Yasir Ali Chowdhury,0,Cumilla Warriors,Sylhet Thunder,2020-01-02,,6
5791b840,1208101,0,0,1,0,0,2,0,0,0,1,0,0,0,0,0,0,0,male,Bangladesh Premier League,T20,Yasir Ali Chowdhury,0,Cumilla Warriors,Sylhet Thunder,2020-01-07,,6
5791b840,1208103,27,1,15,1,2,0,0,0,0,2,0,0,0,0,0,0,0,male,Bangladesh Premier League,T20,Yasir Ali Chowdhury,0,Cumilla Warriors,Khulna Tigers,2020-01-08,,6
5791b840,1208106,20,1,16,1,1,0,0,0,0,5,0,0,0,0,0,0,0,male,Bangladesh Premier League,T20,Yasir Ali Chowdhury,0,Cumilla Warriors,Khulna Tigers,2020-01-10,,6
5791b840,1277977,40,2,91,7,0,0,0,0,0,76,0,0,0,0,0,0,0,male,Pakistan tour of Bangladesh,Test,Yasir Ali Chowdhury,retired hurt,Bangladesh,Pakistan,2021-11-26,2021-11-27,6
5791b840,1288979,26,1,86,1,0,0,0,0,0,71,0,0,0,0,0,0,0,male,Bangladesh tour of New Zealand,Test,Yasir Ali Chowdhury,caught,Bangladesh,New Zealand,2022-01-01,2022-01-02,6
5791b840,1288980,57,2,104,7,0,1,0,0,0,80,0,0,0,0,0,0,0,male,Bangladesh tour of New Zealand,Test,Yasir Ali Chowdhury,0,Bangladesh,New Zealand,2022-01-09,2022-01-10,6
5791b840,1296686,13,1,15,1,0,0,0,0,0,5,0,0,0,0,0,0,0,male,Bangladesh Premier League,T20,Yasir Ali Chowdhury,0,Khulna Tigers,Minister Group Dhaka,2022-01-21,,6
5791b840,1296690,40,1,26,2,3,0,0,0,0,10,0,0,0,0,0,0,0,male,Bangladesh Premier League,T20,Yasir Ali Chowdhury,0,Khulna Tigers,Chattogram Challengers,2022-01-24,,6
5791b840,1296693,0,0,0,0,0,1,0,0,0,0,0,0,0,0,0,0,0,male,Bangladesh Premier League,T20,Yasir Ali Chowdhury,0,Khulna Tigers,Chattogram Challengers,2022-01-28,,6
5791b840,1296695,23,1,20,1,1,1,0,0,0,6,0,0,0,0,0,0,0,male,Bangladesh Premier League,T20,Yasir Ali Chowdhury,bowled,Khulna Tigers,Fortune Barishal,2022-01-29,,6
5791b840,1296698,57,0,34,4,3,2,0,0,0,9,0,8,0,0,0,0,1,male,Bangladesh Premier League,T20,Yasir Ali Chowdhury,0,Khulna Tigers,Fortune Barishal,2022-01-31,,6
5791b840,1296701,0,0,0,0,0,0,0,0,0,0,0,0,0,0,0,0,0,male,Bangladesh Premier League,T20,Yasir Ali Chowdhury,0,Khulna Tigers,Sylhet Sunrisers,2022-02-03,,6
5791b840,1296706,23,1,18,4,0,1,0,0,0,8,0,0,0,0,0,0,0,male,Bangladesh Premier League,T20,Yasir Ali Chowdhury,0,Khulna Tigers,Sylhet Sunrisers,2022-02-07,,6
5791b840,1296709,0,1,1,0,0,2,0,0,0,1,0,0,0,0,0,0,0,male,Bangladesh Premier League,T20,Yasir Ali Chowdhury,0,Khulna Tigers,Minister Group Dhaka,2022-02-09,,6
5791b840,1296711,18,1,19,0,1,2,0,0,0,8,0,0,0,0,0,0,0,male,Bangladesh Premier League,T20,Yasir Ali Chowdhury,0,Khulna Tigers,Comilla Victorians,2022-02-11,,6
5791b840,1296714,0,0,0,0,0,0,0,1,0,0,0,0,0,0,0,0,0,male,Bangladesh Premier League,T20,Yasir Ali Chowdhury,0,Khulna Tigers,Comilla Victorians,2022-02-12,,6
5791b840,1296715,45,1,24,2,4,0,0,0,0,7,0,0,0,0,0,0,0,male,Bangladesh Premier League,T20,Yasir Ali Chowdhury,caught,Khulna Tigers,Chattogram Challengers,2022-02-14,,6
5791b840,1299829,0,1,5,0,0,1,0,0,0,5,0,0,0,0,0,0,0,male,Afghanistan tour of Bangladesh,ODI,Yasir Ali Chowdhury,bowled,Bangladesh,Afghanistan,2022-02-23,,6
5791b840,1299830,0,0,0,0,0,0,0,0,0,0,0,0,0,0,0,0,0,male,Afghanistan tour of Bangladesh,ODI,Yasir Ali Chowdhury,0,Bangladesh,Afghanistan,2022-02-25,,6
5791b840,1299831,1,1,4,0,0,0,0,0,0,3,0,2,0,0,0,0,4,male,Afghanistan tour of Bangladesh,ODI,Yasir Ali Chowdhury,0,Bangladesh,Afghanistan,2022-02-28,,6
5791b840,1299832,8,0,7,1,0,2,0,0,0,2,0,0,0,0,0,0,0,male,Afghanistan tour of Bangladesh,T20,Yasir Ali Chowdhury,0,Bangladesh,Afghanistan,2022-03-03,,6
5791b840,1277097,50,1,45,4,2,1,0,0,0,19,0,0,0,0,0,0,0,male,Bangladesh tour of South Africa,ODI,Yasir Ali Chowdhury,caught and bowled,Bangladesh,South Africa,2022-03-18,,6
5791b840,1277098,2,1,14,0,0,0,0,0,0,12,0,0,0,0,0,0,0,male,Bangladesh tour of South Africa,ODI,Yasir Ali Chowdhury,0,Bangladesh,South Africa,2022-03-20,,6
5791b840,1277099,0,0,0,0,0,0,0,0,0,0,0,0,0,0,0,0,0,male,Bangladesh tour of South Africa,ODI,Yasir Ali Chowdhury,0,Bangladesh,South Africa,2022-03-23,,6
5791b840,1277100,27,1,44,3,0,2,0,0,0,30,0,0,0,0,0,0,0,male,Bangladesh tour of South Africa,Test,Yasir Ali Chowdhury,0,Bangladesh,South Africa,2022-03-31,2022-04-01,6
5791b840,1277101,46,2,92,7,0,1,0,0,0,71,0,0,0,0,0,0,0,male,Bangladesh tour of South Africa,Test,Yasir Ali Chowdhury,0,Bangladesh,South Africa,2022-04-08,2022-04-09,6
5791b840,1336031,4,1,8,0,0,0,0,0,0,4,0,0,0,0,0,0,0,male,Bangladesh tour of United Arab Emirates,T20,Yasir Ali Chowdhury,0,Bangladesh,United Arab Emirates,2022-09-25,,6
5791b840,1336032,21,0,13,1,1,0,0,0,0,1,0,0,0,0,0,0,0,male,Bangladesh tour of United Arab Emirates,T20,Yasir Ali Chowdhury,0,Bangladesh,United Arab Emirates,2022-09-27,,6
5791b840,1322334,42,0,21,5,2,1,0,0,0,7,0,0,0,0,0,0,0,male,New Zealand T20I Tri-Series,T20,Yasir Ali Chowdhury,0,Bangladesh,Pakistan,2022-10-07,,6
5791b840,1322336,7,1,10,1,0,0,0,0,0,6,0,0,0,0,0,0,0,male,New Zealand T20I Tri-Series,T20,Yasir Ali Chowdhury,caught,Bangladesh,New Zealand,2022-10-09,,6
5791b840,1322338,6,1,6,1,0,1,0,0,0,3,0,0,0,0,0,0,0,male,New Zealand T20I Tri-Series,T20,Yasir Ali Chowdhury,caught,Bangladesh,New Zealand,2022-10-12,,6
5791b840,1322339,1,1,2,0,0,0,0,0,0,1,0,0,0,0,0,0,0,male,New Zealand T20I Tri-Series,T20,Yasir Ali Chowdhury,0,Bangladesh,Pakistan,2022-10-13,,6
5791b840,1298151,3,1,5,0,0,1,0,0,0,2,0,0,0,0,0,0,0,male,ICC Men's T20 World Cup,T20,Yasir Ali Chowdhury,bowled,Bangladesh,Netherlands,2022-10-24,,6
5791b840,1298162,1,0,1,0,0,0,0,0,0,0,0,0,0,0,0,0,0,male,ICC Men's T20 World Cup,T20,Yasir Ali Chowdhury,0,Bangladesh,Zimbabwe,2022-10-30,,6
5791b840,1298169,1,1,3,0,0,2,0,0,0,2,0,0,0,0,0,0,0,male,ICC Men's T20 World Cup,T20,Yasir Ali Chowdhury,caught,Bangladesh,India,2022-11-02,,6
5791b840,1340847,25,1,30,2,1,0,0,0,0,18,0,0,0,0,0,0,0,male,India tour of Bangladesh,ODI,Yasir Ali Chowdhury,lbw,Bangladesh,India,2022-12-10,,6
5791b840,1340848,9,2,29,1,0,1,0,0,0,24,0,35,0,0,0,0,20,male,India tour of Bangladesh,Test,Yasir Ali Chowdhury,bowled,Bangladesh,India,2022-12-14,2022-12-15,6
5791b840,1351054,24,1,25,1,1,0,0,0,0,11,0,0,0,0,0,0,0,male,Bangladesh Premier League,T20,Yasir Ali Chowdhury,caught,Khulna Tigers,Dhaka Dominators,2023-01-07,,6
5791b840,1351057,1,1,2,0,0,0,0,0,0,1,0,0,0,0,0,0,0,male,Bangladesh Premier League,T20,Yasir Ali Chowdhury,0,Khulna Tigers,Chattogram Challengers,2023-01-09,,6
5791b840,1351061,25,1,23,0,2,0,0,0,0,9,0,0,0,0,0,0,0,male,Bangladesh Premier League,T20,Yasir Ali Chowdhury,0,Khulna Tigers,Rangpur Riders,2023-01-13,,6
5791b840,1351066,0,0,0,0,0,1,0,0,0,0,0,0,0,0,0,0,0,male,Bangladesh Premier League,T20,Yasir Ali Chowdhury,0,Khulna Tigers,Rangpur Riders,2023-01-17,,6
5791b840,1351070,36,0,17,2,4,1,0,0,0,7,0,0,0,0,0,0,0,male,Bangladesh Premier League,T20,Yasir Ali Chowdhury,0,Khulna Tigers,Chattogram Challengers,2023-01-20,,6
5791b840,1351075,21,1,24,2,1,1,0,0,0,14,0,0,0,0,0,0,0,male,Bangladesh Premier League,T20,Yasir Ali Chowdhury,lbw,Khulna Tigers,Dhaka Dominators,2023-01-24,,6
5791b840,1351078,30,0,20,3,1,0,0,0,0,6,0,0,0,0,0,0,0,male,Bangladesh Premier League,T20,Yasir Ali Chowdhury,0,Khulna Tigers,Comilla Victorians,2023-01-28,,6
5791b840,1351081,4,1,8,0,0,1,0,0,0,4,0,15,0,0,0,0,1,male,Bangladesh Premier League,T20,Yasir Ali Chowdhury,caught and bowled,Khulna Tigers,Sylhet Strikers,2023-01-30,,6
5791b840,1351083,0,0,0,0,0,0,0,0,0,0,0,0,0,0,0,0,0,male,Bangladesh Premier League,T20,Yasir Ali Chowdhury,0,Khulna Tigers,Comilla Victorians,2023-01-31,,6
5791b840,1351084,60,1,39,5,3,0,0,0,0,12,0,0,0,0,0,0,0,male,Bangladesh Premier League,T20,Yasir Ali Chowdhury,0,Khulna Tigers,Fortune Barishal,2023-02-03,,6
5791b840,1351090,12,1,15,2,0,0,0,0,0,10,0,0,0,0,0,0,0,male,Bangladesh Premier League,T20,Yasir Ali Chowdhury,bowled,Khulna Tigers,Sylhet Strikers,2023-02-08,,6
5791b840,1351093,13,0,14,0,0,0,0,0,0,3,0,0,0,0,0,0,0,male,Bangladesh Premier League,T20,Yasir Ali Chowdhury,0,Khulna Tigers,Fortune Barishal,2023-02-10,,6
5791b840,1355717,17,1,10,1,1,1,0,0,0,1,0,0,0,0,0,0,0,male,Ireland tour of Bangladesh,ODI,Yasir Ali Chowdhury,0,Bangladesh,Ireland,2023-03-18,,6
5791b840,1355718,7,1,7,1,0,0,0,0,0,3,0,0,0,0,0,0,0,male,Ireland tour of Bangladesh,ODI,Yasir Ali Chowdhury,caught,Bangladesh,Ireland,2023-03-20,,6
5791b840,1399119,34,1,17,3,2,0,0,0,0,5,0,0,0,0,0,0,0,male,Asian Games Men's Cricket Competition,T20,Yasir Ali Chowdhury,0,Bangladesh,Pakistan,2023-10-07,,6
5791b840,1412275,0,0,0,0,0,1,0,0,0,0,0,0,0,0,0,0,0,male,Bangladesh Premier League,T20,Yasir Ali Chowdhury,0,Sylhet Strikers,Chattogram Challengers,2024-01-19,,6
5791b840,1412283,1,1,9,0,0,0,0,0,0,8,0,0,0,0,0,0,0,male,Bangladesh Premier League,T20,Yasir Ali Chowdhury,stumped,Sylhet Strikers,Comilla Victorians,2024-01-26,,6
5791b840,1412310,2,1,5,0,0,1,0,0,0,3,0,0,0,0,0,0,0,male,Bangladesh Premier League,T20,Yasir Ali Chowdhury,0,Sylhet Strikers,Comilla Victorians,2024-02-19,,6
5791b840,1412315,46,1,44,4,2,1,0,0,0,21,0,0,0,0,0,0,0,male,Bangladesh Premier League,T20,Yasir Ali Chowdhury,caught,Sylhet Strikers,Khulna Tigers,2024-02-23,,6
