player_id,match_id,runs_scored,player_out,balls_faced,fours_scored,sixes_scored,catches_taken,run_out_direct,run_out_throw,stumpings_done,dot_balls_as_batsman,order_seenballs_bowled,runs_conceded,wickets_taken,bowled_done,lbw_done,maidens,dot_balls_as_bowler,gender,series_name,match_type,name,out_kind,player_team,opposition_team,start_date,end_date,balls_per_over
75a667c0,wi_201707,9,1,6,0,1,0,0,0,0,2,0,0,0,0,0,0,0,female,Women's T20 Blaze,T20,C Howell,bowled,Jamaica,Barbados,2019-03-29,,6
75a667c0,wi_211826,0,0,0,0,0,0,0,0,0,0,0,16,1,1,0,0,18,female,T20 Blaze,T20,C Howell,0,Jamaica,Trinidad and Tobago,2022-06-07,,6
75a667c0,wi_211829,0,1,4,0,0,0,0,0,0,4,0,10,1,0,0,0,16,female,T20 Blaze,T20,C Howell,caught,Jamaica,Windward Islands,2022-06-09,,6
75a667c0,wi_211831,0,0,0,0,0,0,0,0,0,0,0,20,2,0,1,0,15,female,T20 Blaze,T20,C Howell,0,Jamaica,Guyana,2022-06-11,,6
75a667c0,wi_211833,0,0,0,0,0,0,0,0,0,0,0,27,2,0,0,0,8,female,T20 Blaze,T20,C Howell,0,Jamaica,Barbados,2022-06-13,,6
75a667c0,wi_211836,0,0,0,0,0,1,0,0,0,0,0,15,1,1,0,0,18,female,T20 Blaze,T20,C Howell,0,Jamaica,Leeward Islands,2022-06-14,,6
75a667c0,wi_211977,0,1,2,0,0,1,0,0,0,2,0,20,0,0,0,0,17,female,CG United Women's Super50,ODM,C Howell,0,Jamaica,Barbados,2022-06-18,,6
75a667c0,wi_212062,0,0,0,0,0,0,0,0,0,0,0,0,0,0,0,0,0,female,CG United Women's Super50,ODM,C Howell,0,Jamaica,Guyana,2022-06-23,,6
75a667c0,wi_212064,0,0,0,0,0,0,0,0,0,0,0,18,1,1,0,0,23,female,CG United Women's Super50,ODM,C Howell,0,Jamaica,Barbados,2022-06-25,,6
