player_id,match_id,runs_scored,player_out,balls_faced,fours_scored,sixes_scored,catches_taken,run_out_direct,run_out_throw,stumpings_done,dot_balls_as_batsman,order_seenballs_bowled,runs_conceded,wickets_taken,bowled_done,lbw_done,maidens,dot_balls_as_bowler,gender,series_name,match_type,name,out_kind,player_team,opposition_team,start_date,end_date,balls_per_over
7bf610f3,wi_201707,2,1,12,0,0,0,0,0,0,10,0,0,0,0,0,0,0,female,Women's T20 Blaze,T20,JN Morgan,0,Jamaica,Barbados,2019-03-29,,6
7bf610f3,wi_211826,2,1,5,0,0,0,0,0,0,3,0,0,0,0,0,0,0,female,T20 Blaze,T20,JN Morgan,0,Jamaica,Trinidad and Tobago,2022-06-07,,6
7bf610f3,wi_211829,3,1,3,0,0,1,0,0,0,1,0,15,3,0,3,0,11,female,T20 Blaze,T20,JN Morgan,caught,Jamaica,Windward Islands,2022-06-09,,6
7bf610f3,wi_212062,8,0,5,2,0,0,0,0,0,3,0,0,0,0,0,0,0,female,CG United Women's Super50,ODM,JN Morgan,0,Jamaica,Guyana,2022-06-23,,6
7bf610f3,wi_212064,13,1,17,3,0,0,0,0,0,13,0,37,0,0,0,0,14,female,CG United Women's Super50,ODM,JN Morgan,caught,Jamaica,Barbados,2022-06-25,,6
