player_id,match_id,runs_scored,player_out,balls_faced,fours_scored,sixes_scored,catches_taken,run_out_direct,run_out_throw,stumpings_done,dot_balls_as_batsman,order_seenballs_bowled,runs_conceded,wickets_taken,bowled_done,lbw_done,maidens,dot_balls_as_bowler,gender,series_name,match_type,name,out_kind,player_team,opposition_team,start_date,end_date,balls_per_over
4083414c,wi_211833,0,0,1,0,0,0,0,0,0,1,0,0,0,0,0,0,0,female,T20 Blaze,T20,K Ferron,0,Jamaica,Barbados,2022-06-13,,6
4083414c,wi_211836,0,0,0,0,0,0,0,0,0,0,0,0,0,0,0,0,0,female,T20 Blaze,T20,K Ferron,0,Jamaica,Leeward Islands,2022-06-14,,6
4083414c,wi_211977,4,0,6,1,0,1,1,0,0,5,0,0,0,0,0,0,0,female,CG United Women's Super50,ODM,K Ferron,0,Jamaica,Barbados,2022-06-18,,6
4083414c,wi_211973,1,1,9,0,0,0,0,0,0,8,0,0,0,0,0,0,0,female,CG United Women's Super50,ODM,K Ferron,caught,Jamaica,Windward Islands,2022-06-20,,6
4083414c,wi_212062,6,1,14,0,0,1,0,0,0,10,0,0,0,0,0,0,0,female,CG United Women's Super50,ODM,K Ferron,caught,Jamaica,Guyana,2022-06-23,,6
4083414c,wi_212064,11,1,38,1,0,0,0,0,0,30,0,0,0,0,0,0,0,female,CG United Women's Super50,ODM,K Ferron,lbw,Jamaica,Barbados,2022-06-25,,6
