player_id,match_id,runs_scored,player_out,balls_faced,fours_scored,sixes_scored,catches_taken,run_out_direct,run_out_throw,stumpings_done,dot_balls_as_batsman,order_seenballs_bowled,runs_conceded,wickets_taken,bowled_done,lbw_done,maidens,dot_balls_as_bowler,gender,series_name,match_type,name,out_kind,player_team,opposition_team,start_date,end_date,balls_per_over
406de451,wi_201707,28,0,34,1,0,0,0,0,0,12,0,0,0,0,0,0,0,female,Women's T20 Blaze,T20,RS Williams,0,Jamaica,Barbados,2019-03-29,,6
406de451,1267328,14,1,18,0,1,1,0,0,0,9,0,0,0,0,0,0,0,female,Pakistan Women tour of West Indies,ODI,RS Williams,0,West Indies,Pakistan,2021-07-15,,6
406de451,1267329,5,1,6,0,0,1,0,0,1,2,0,0,0,0,0,0,0,female,Pakistan Women tour of West Indies,ODI,RS Williams,0,West Indies,Pakistan,2021-07-18,,6
406de451,1273420,37,1,80,3,0,0,0,0,0,54,0,0,0,0,0,0,0,female,South Africa Women tour of West Indies,ODI,RS Williams,caught,West Indies,South Africa,2021-09-13,,6
406de451,1273421,42,1,92,4,0,0,0,0,0,63,0,0,0,0,0,0,0,female,South Africa Women tour of West Indies,ODI,RS Williams,0,West Indies,South Africa,2021-09-16,,6
406de451,1273422,78,0,140,5,0,1,0,0,0,89,0,0,0,0,0,0,0,female,South Africa Women tour of West Indies,ODI,RS Williams,0,West Indies,South Africa,2021-09-19,,6
406de451,1288209,15,1,42,3,0,0,0,0,0,36,0,0,0,0,0,0,0,female,West Indies Women tour of Pakistan,ODI,RS Williams,0,West Indies,Pakistan,2021-11-08,,6
406de451,1288210,14,1,40,1,0,0,0,0,0,31,0,0,0,0,0,0,0,female,West Indies Women tour of Pakistan,ODI,RS Williams,caught,West Indies,Pakistan,2021-11-11,,6
406de451,1288211,6,1,6,1,0,0,0,0,0,3,0,0,0,0,0,0,0,female,West Indies Women tour of Pakistan,ODI,RS Williams,caught,West Indies,Pakistan,2021-11-14,,6
406de451,1277092,1,1,11,0,0,0,0,0,0,10,0,0,0,0,0,0,0,female,West Indies Women tour of South Africa,ODI,RS Williams,lbw,West Indies,South Africa,2022-01-28,,6
406de451,1277093,1,1,5,0,0,1,0,0,0,4,0,0,0,0,0,0,0,female,West Indies Women tour of South Africa,ODI,RS Williams,caught,West Indies,South Africa,2022-01-31,,6
406de451,1277094,1,1,7,0,0,0,0,0,0,6,0,0,0,0,0,0,0,female,West Indies Women tour of South Africa,ODI,RS Williams,0,West Indies,South Africa,2022-02-03,,6
406de451,1277095,6,1,15,1,0,0,0,0,0,12,0,0,0,0,0,0,0,female,West Indies Women tour of South Africa,ODI,RS Williams,0,West Indies,South Africa,2022-02-06,,6
406de451,1243924,4,1,17,0,0,0,0,0,0,15,0,0,0,0,0,0,0,female,ICC Women's World Cup,ODI,RS Williams,caught,West Indies,Bangladesh,2022-03-18,,6
406de451,1243930,0,0,0,0,0,0,0,0,0,0,0,0,0,0,0,0,0,female,ICC Women's World Cup,ODI,RS Williams,0,West Indies,South Africa,2022-03-24,,6
406de451,1243936,0,1,10,0,0,0,0,0,0,10,0,0,0,0,0,0,0,female,ICC Women's World Cup,ODI,RS Williams,caught,West Indies,Australia,2022-03-30,,6
406de451,wi_211826,10,1,10,1,0,1,0,0,0,6,0,0,0,0,0,0,0,female,T20 Blaze,T20,RS Williams,0,Jamaica,Trinidad and Tobago,2022-06-07,,6
406de451,wi_211829,25,1,43,1,0,0,0,0,0,24,0,0,0,0,0,0,0,female,T20 Blaze,T20,RS Williams,caught,Jamaica,Windward Islands,2022-06-09,,6
406de451,wi_211831,41,0,54,6,0,0,0,0,0,33,0,0,0,0,0,0,0,female,T20 Blaze,T20,RS Williams,0,Jamaica,Guyana,2022-06-11,,6
406de451,wi_211833,0,1,1,0,0,0,0,0,0,1,0,0,0,0,0,0,0,female,T20 Blaze,T20,RS Williams,0,Jamaica,Barbados,2022-06-13,,6
406de451,wi_211836,6,1,11,1,0,0,0,0,0,8,0,0,0,0,0,0,0,female,T20 Blaze,T20,RS Williams,0,Jamaica,Leeward Islands,2022-06-14,,6
406de451,wi_211977,29,1,46,5,0,0,0,0,0,34,0,0,0,0,0,0,0,female,CG United Women's Super50,ODM,RS Williams,0,Jamaica,Barbados,2022-06-18,,6
406de451,wi_211973,43,0,74,5,0,0,0,0,0,48,0,0,0,0,0,0,0,female,CG United Women's Super50,ODM,RS Williams,0,Jamaica,Windward Islands,2022-06-20,,6
406de451,wi_212062,12,1,11,2,0,0,0,0,0,7,0,0,0,0,0,0,0,female,CG United Women's Super50,ODM,RS Williams,0,Jamaica,Guyana,2022-06-23,,6
406de451,wi_212064,1,1,8,0,0,0,0,0,0,7,0,0,0,0,0,0,0,female,CG United Women's Super50,ODM,RS Williams,lbw,Jamaica,Barbados,2022-06-25,,6
406de451,1323179,7,0,10,1,0,0,0,0,0,7,0,0,0,0,0,0,0,female,Women's Caribbean Premier League,T20,RS Williams,0,Guyana Amazon Warriors,Trinbago Knight Riders,2022-09-01,,6
406de451,1323180,16,1,28,1,0,0,0,0,0,16,0,0,0,0,0,0,0,female,Women's Caribbean Premier League,T20,RS Williams,bowled,Guyana Amazon Warriors,Barbados Royals,2022-09-03,,6
406de451,1334412,19,1,29,4,0,0,0,0,0,22,0,0,0,0,0,0,0,female,New Zealand Women tour of West Indies,ODI,RS Williams,caught,West Indies,New Zealand,2022-09-19,,6
406de451,1334413,13,1,34,2,0,1,0,0,0,27,0,0,0,0,0,0,0,female,New Zealand Women tour of West Indies,ODI,RS Williams,caught,West Indies,New Zealand,2022-09-22,,6
406de451,1334414,14,1,28,1,0,0,0,0,0,20,0,0,0,0,0,0,0,female,New Zealand Women tour of West Indies,ODI,RS Williams,run out,West Indies,New Zealand,2022-09-25,,6
406de451,1334415,15,1,18,2,0,1,0,0,0,9,0,0,0,0,0,0,0,female,New Zealand Women tour of West Indies,T20,RS Williams,0,West Indies,New Zealand,2022-09-28,,6
406de451,1334416,0,0,0,0,0,1,0,0,0,0,0,0,0,0,0,0,0,female,New Zealand Women tour of West Indies,T20,RS Williams,0,West Indies,New Zealand,2022-10-01,,6
406de451,1334417,1,1,9,0,0,1,0,0,0,8,0,0,0,0,0,0,0,female,New Zealand Women tour of West Indies,T20,RS Williams,caught,West Indies,New Zealand,2022-10-02,,6
406de451,1334418,16,1,15,2,0,0,0,0,0,7,0,0,0,0,0,0,0,female,New Zealand Women tour of West Indies,T20,RS Williams,0,West Indies,New Zealand,2022-10-05,,6
406de451,1334419,4,1,9,0,0,0,1,0,0,5,0,0,0,0,0,0,0,female,New Zealand Women tour of West Indies,T20,RS Williams,lbw,West Indies,New Zealand,2022-10-06,,6
406de451,1343931,34,0,54,3,0,1,0,0,0,36,0,0,0,0,0,0,0,female,England Women tour of West Indies,ODI,RS Williams,0,West Indies,England,2022-12-04,,6
406de451,1343932,54,0,88,4,1,0,0,0,0,59,0,0,0,0,0,0,0,female,England Women tour of West Indies,ODI,RS Williams,0,West Indies,England,2022-12-06,,6
406de451,1343933,0,1,3,0,0,0,0,0,0,3,0,0,0,0,0,0,0,female,England Women tour of West Indies,ODI,RS Williams,0,West Indies,England,2022-12-09,,6
406de451,1343934,23,1,26,2,0,0,0,0,0,12,0,0,0,0,0,0,0,female,England Women tour of West Indies,T20,RS Williams,run out,West Indies,England,2022-12-11,,6
406de451,1343935,8,1,8,1,0,0,0,0,0,4,0,18,1,0,0,0,4,female,England Women tour of West Indies,T20,RS Williams,0,West Indies,England,2022-12-14,,6
406de451,1343936,38,1,29,5,0,0,0,0,0,8,0,0,0,0,0,0,0,female,England Women tour of West Indies,T20,RS Williams,lbw,West Indies,England,2022-12-17,,6
406de451,1343937,0,1,2,0,0,1,0,0,0,2,0,0,0,0,0,0,0,female,England Women tour of West Indies,T20,RS Williams,bowled,West Indies,England,2022-12-18,,6
406de451,1343938,0,1,3,0,0,0,0,0,0,3,0,0,0,0,0,0,0,female,England Women tour of West Indies,T20,RS Williams,0,West Indies,England,2022-12-22,,6
406de451,1344512,3,0,7,0,0,1,0,0,0,4,0,0,0,0,0,0,0,female,South Africa Women's T20I Tri-Series,T20,RS Williams,0,West Indies,South Africa,2023-01-21,,6
406de451,1344513,8,1,15,1,0,1,0,0,0,11,0,0,0,0,0,0,0,female,South Africa Women's T20I Tri-Series,T20,RS Williams,0,West Indies,India,2023-01-23,,6
406de451,1344514,1,1,5,0,0,0,0,0,0,4,0,0,0,0,0,0,0,female,South Africa Women's T20I Tri-Series,T20,RS Williams,caught,West Indies,South Africa,2023-01-25,,6
406de451,1344516,8,1,13,1,0,0,0,0,0,9,0,0,0,0,0,0,0,female,South Africa Women's T20I Tri-Series,T20,RS Williams,bowled,West Indies,India,2023-01-30,,6
406de451,1338041,0,0,0,0,0,0,0,0,1,0,0,0,0,0,0,0,0,female,ICC Women's T20 World Cup,T20,RS Williams,0,West Indies,England,2023-02-11,,6
406de451,1338048,2,0,2,0,0,0,0,0,1,0,0,0,0,0,0,0,0,female,ICC Women's T20 World Cup,T20,RS Williams,0,West Indies,India,2023-02-15,,6
406de451,1338052,17,1,20,3,0,0,1,0,0,13,0,0,0,0,0,0,0,female,ICC Women's T20 World Cup,T20,RS Williams,run out,West Indies,Ireland,2023-02-17,,6
406de451,1338055,30,1,34,2,0,1,0,0,0,13,0,0,0,0,0,0,0,female,ICC Women's T20 World Cup,T20,RS Williams,0,West Indies,Pakistan,2023-02-19,,6
406de451,1378191,3,1,5,0,0,0,0,0,0,3,0,0,0,0,0,0,0,female,Ireland Women tour of West Indies,ODI,RS Williams,lbw,West Indies,Ireland,2023-06-26,,6
406de451,1378192,0,0,0,0,0,0,0,0,0,0,0,0,0,0,0,0,0,female,Ireland Women tour of West Indies,ODI,RS Williams,0,West Indies,Ireland,2023-06-28,,6
406de451,1378193,17,1,42,0,0,0,0,0,0,29,0,0,0,0,0,0,0,female,Ireland Women tour of West Indies,ODI,RS Williams,stumped,West Indies,Ireland,2023-07-01,,6
406de451,1378194,2,0,2,0,0,1,0,0,0,0,0,0,0,0,0,0,0,female,Ireland Women tour of West Indies,T20,RS Williams,0,West Indies,Ireland,2023-07-04,,6
406de451,1378195,16,1,21,2,0,0,0,0,0,12,0,0,0,0,0,0,0,female,Ireland Women tour of West Indies,T20,RS Williams,stumped,West Indies,Ireland,2023-07-06,,6
406de451,1380589,23,1,23,2,0,1,0,0,0,8,0,0,0,0,0,0,0,female,Women's Caribbean Premier League,T20,RS Williams,0,Barbados Royals,Guyana Amazon Warriors,2023-08-31,,6
406de451,1380590,2,1,9,0,0,1,0,0,0,7,0,0,0,0,0,0,0,female,Women's Caribbean Premier League,T20,RS Williams,0,Barbados Royals,Trinbago Knight Riders,2023-09-02,,6
406de451,1380591,6,1,5,1,0,0,0,0,0,3,0,0,0,0,0,0,0,female,Women's Caribbean Premier League,T20,RS Williams,0,Barbados Royals,Guyana Amazon Warriors,2023-09-03,,6
406de451,1380593,0,0,0,0,0,0,0,0,0,0,0,0,0,0,0,0,0,female,Women's Caribbean Premier League,T20,RS Williams,0,Barbados Royals,Trinbago Knight Riders,2023-09-06,,6
406de451,1380595,36,1,23,6,1,1,0,0,3,10,0,0,0,0,0,0,0,female,Women's Caribbean Premier League,T20,RS Williams,bowled,Barbados Royals,Guyana Amazon Warriors,2023-09-10,,6
406de451,1375863,0,0,0,0,0,0,0,0,0,0,0,0,0,0,0,0,0,female,West Indies Women tour of Australia,T20,RS Williams,0,West Indies,Australia,2023-10-01,,6
406de451,1375864,0,0,0,0,0,0,0,0,0,0,0,0,0,0,0,0,0,female,West Indies Women tour of Australia,T20,RS Williams,0,West Indies,Australia,2023-10-02,,6
406de451,1375865,1,1,3,0,0,1,0,2,0,2,0,0,0,0,0,0,0,female,West Indies Women tour of Australia,T20,RS Williams,caught,West Indies,Australia,2023-10-05,,6
406de451,1375866,0,1,7,0,0,1,0,0,0,7,0,0,0,0,0,0,0,female,West Indies Women tour of Australia,ODI,RS Williams,0,West Indies,Australia,2023-10-08,,6
406de451,1375867,23,1,35,3,0,0,0,0,0,24,0,0,0,0,0,0,0,female,West Indies Women tour of Australia,ODI,RS Williams,caught,West Indies,Australia,2023-10-12,,6
406de451,1375868,25,1,73,3,0,0,0,0,0,59,0,0,0,0,0,0,0,female,West Indies Women tour of Australia,ODI,RS Williams,0,West Indies,Australia,2023-10-14,,6
406de451,1426081,1,1,7,0,0,3,0,1,0,6,0,0,0,0,0,0,0,female,West Indies Women tour of Pakistan,ODI,RS Williams,0,West Indies,Pakistan,2024-04-18,,6
406de451,1426082,7,1,24,0,0,0,0,1,0,17,0,0,0,0,0,0,0,female,West Indies Women tour of Pakistan,ODI,RS Williams,0,West Indies,Pakistan,2024-04-21,,6
406de451,1426083,9,1,9,1,0,0,0,0,1,3,0,0,0,0,0,0,0,female,West Indies Women tour of Pakistan,ODI,RS Williams,caught and bowled,West Indies,Pakistan,2024-04-23,,6
406de451,1426086,1,1,11,0,0,1,0,0,0,10,0,0,0,0,0,0,0,female,West Indies Women tour of Pakistan,T20,RS Williams,bowled,West Indies,Pakistan,2024-04-30,,6
406de451,1426088,16,1,11,3,0,1,0,0,0,4,0,0,0,0,0,0,0,female,West Indies Women tour of Pakistan,T20,RS Williams,0,West Indies,Pakistan,2024-05-03,,6
406de451,1436886,6,1,7,1,0,0,0,0,1,4,0,0,0,0,0,0,0,female,West Indies Women tour of Sri Lanka,ODI,RS Williams,0,West Indies,Sri Lanka,2024-06-15,,6
406de451,1436887,24,1,62,4,0,0,0,0,0,51,0,0,0,0,0,0,0,female,West Indies Women tour of Sri Lanka,ODI,RS Williams,bowled,West Indies,Sri Lanka,2024-06-18,,6
406de451,1436888,1,1,15,0,0,0,0,0,0,14,0,0,0,0,0,0,0,female,West Indies Women tour of Sri Lanka,ODI,RS Williams,0,West Indies,Sri Lanka,2024-06-21,,6
406de451,1443199,2,1,6,0,0,0,0,0,0,4,0,0,0,0,0,0,0,female,Women's Caribbean Premier League,T20,RS Williams,lbw,Barbados Royals,Guyana Amazon Warriors,2024-08-21,,6
406de451,1443200,0,0,0,0,0,0,0,0,0,0,0,0,0,0,0,0,0,female,Women's Caribbean Premier League,T20,RS Williams,0,Barbados Royals,Trinbago Knight Riders,2024-08-22,,6
406de451,1443203,4,0,4,0,0,1,0,0,2,0,0,0,0,0,0,0,0,female,Women's Caribbean Premier League,T20,RS Williams,0,Barbados Royals,Guyana Amazon Warriors,2024-08-26,,6
406de451,1443204,12,1,18,1,0,0,1,1,0,9,0,0,0,0,0,0,0,female,Women's Caribbean Premier League,T20,RS Williams,caught,Barbados Royals,Trinbago Knight Riders,2024-08-27,,6
406de451,1443205,0,1,1,0,0,0,0,0,0,1,0,0,0,0,0,0,0,female,Women's Caribbean Premier League,T20,RS Williams,0,Barbados Royals,Trinbago Knight Riders,2024-08-29,,6
