player_id,match_id,runs_scored,player_out,balls_faced,fours_scored,sixes_scored,catches_taken,run_out_direct,run_out_throw,stumpings_done,dot_balls_as_batsman,order_seenballs_bowled,runs_conceded,wickets_taken,bowled_done,lbw_done,maidens,dot_balls_as_bowler,gender,series_name,match_type,name,out_kind,player_team,opposition_team,start_date,end_date,balls_per_over
2c41bdab,wi_201707,6,1,5,1,0,0,0,0,0,3,0,9,0,0,0,0,12,female,Women's T20 Blaze,T20,VN Watts,bowled,Jamaica,Barbados,2019-03-29,,6
2c41bdab,wi_211826,0,0,0,0,0,0,0,0,0,0,0,7,1,0,0,1,9,female,T20 Blaze,T20,VN Watts,0,Jamaica,Trinidad and Tobago,2022-06-07,,6
2c41bdab,wi_211829,0,1,1,0,0,0,0,0,0,1,0,5,2,2,0,1,16,female,T20 Blaze,T20,VN Watts,bowled,Jamaica,Windward Islands,2022-06-09,,6
2c41bdab,wi_211831,0,0,0,0,0,0,0,0,0,0,0,13,0,0,0,1,15,female,T20 Blaze,T20,VN Watts,0,Jamaica,Guyana,2022-06-11,,6
2c41bdab,wi_211833,0,0,0,0,0,0,0,0,0,0,0,10,1,1,0,1,17,female,T20 Blaze,T20,VN Watts,0,Jamaica,Barbados,2022-06-13,,6
2c41bdab,wi_211836,0,0,0,0,0,0,0,0,0,0,0,6,0,0,0,1,19,female,T20 Blaze,T20,VN Watts,0,Jamaica,Leeward Islands,2022-06-14,,6
2c41bdab,wi_211977,1,1,5,0,0,0,0,0,0,4,0,24,2,1,0,1,35,female,CG United Women's Super50,ODM,VN Watts,0,Jamaica,Barbados,2022-06-18,,6
2c41bdab,wi_211973,0,0,0,0,0,1,0,0,0,0,0,10,2,1,0,2,41,female,CG United Women's Super50,ODM,VN Watts,0,Jamaica,Windward Islands,2022-06-20,,6
2c41bdab,wi_212062,0,0,0,0,0,0,0,0,0,0,0,5,5,0,4,2,31,female,CG United Women's Super50,ODM,VN Watts,0,Jamaica,Guyana,2022-06-23,,6
2c41bdab,wi_212064,1,0,2,0,0,0,0,0,0,1,0,20,0,0,0,0,16,female,CG United Women's Super50,ODM,VN Watts,0,Jamaica,Barbados,2022-06-25,,6
2c41bdab,1380593,0,0,0,0,0,0,0,0,0,0,0,17,0,0,0,0,6,female,Women's Caribbean Premier League,T20,VN Watts,0,Barbados Royals,Trinbago Knight Riders,2023-09-06,,6
